Id,change_type
0,3
1,3
2,3
3,3
4,3
5,3
6,3
7,3
8,3
9,3
10,3
11,3
12,3
13,3
14,3
15,3
16,3
17,3
18,3
19,3
20,3
21,3
22,3
23,3
24,3
25,3
26,3
27,3
28,3
29,3
30,3
31,3
32,3
33,3
34,3
35,3
36,3
37,3
38,3
39,3
40,3
41,3
42,3
43,3
44,3
45,3
46,3
47,3
48,3
49,3
50,3
51,3
52,3
53,3
54,3
55,3
56,3
57,3
58,3
59,3
60,3
61,3
62,3
63,3
64,3
65,3
66,3
67,3
68,3
69,3
70,3
71,3
72,3
73,3
74,3
75,3
76,3
77,3
78,3
79,3
80,3
81,3
82,3
83,3
84,3
85,3
86,3
87,3
88,3
89,3
90,3
91,3
92,3
93,3
94,3
95,3
96,3
97,3
98,3
99,3
100,3
101,3
102,3
103,3
104,3
105,3
106,3
107,3
108,3
109,3
110,3
111,3
112,3
113,3
114,3
115,3
116,3
117,3
118,3
119,3
120,3
121,3
122,3
123,3
124,3
125,3
126,3
127,3
128,3
129,3
130,3
131,3
132,3
133,3
134,3
135,3
136,3
137,3
138,3
139,3
140,3
141,3
142,3
143,3
144,3
145,3
146,3
147,3
148,3
149,3
150,3
151,3
152,3
153,3
154,3
155,3
156,3
157,3
158,3
159,3
160,3
161,3
162,3
163,3
164,3
165,3
166,3
167,3
168,3
169,3
170,3
171,3
172,3
173,3
174,3
175,3
176,3
177,3
178,3
179,3
180,3
181,3
182,3
183,3
184,3
185,3
186,3
187,3
188,3
189,3
190,3
191,3
192,3
193,3
194,3
195,3
196,3
197,3
198,3
199,3
200,3
201,3
202,3
203,3
204,3
205,3
206,3
207,3
208,3
209,3
210,3
211,3
212,3
213,3
214,3
215,3
216,3
217,3
218,3
219,3
220,3
221,3
222,3
223,3
224,3
225,3
226,3
227,3
228,3
229,3
230,3
231,3
232,3
233,3
234,3
235,3
236,3
237,3
238,3
239,3
240,3
241,3
242,3
243,3
244,3
245,3
246,3
247,3
248,3
249,3
250,3
251,3
252,3
253,3
254,3
255,3
256,3
257,3
258,3
259,3
260,3
261,3
262,3
263,3
264,3
265,3
266,3
267,3
268,3
269,3
270,3
271,3
272,3
273,3
274,3
275,3
276,3
277,3
278,3
279,3
280,3
281,3
282,3
283,3
284,3
285,3
286,3
287,3
288,3
289,3
290,3
291,3
292,3
293,3
294,3
295,3
296,3
297,3
298,3
299,3
300,3
301,3
302,3
303,3
304,3
305,3
306,3
307,3
308,3
309,3
310,3
311,3
312,3
313,3
314,3
315,3
316,3
317,3
318,3
319,3
320,3
321,3
322,3
323,3
324,3
325,3
326,3
327,3
328,3
329,3
330,3
331,3
332,3
333,3
334,3
335,3
336,3
337,3
338,3
339,3
340,3
341,3
342,3
343,3
344,3
345,3
346,3
347,3
348,3
349,3
350,3
351,3
352,3
353,3
354,3
355,3
356,3
357,3
358,3
359,3
360,3
361,3
362,3
363,3
364,3
365,3
366,3
367,3
368,3
369,3
370,3
371,3
372,3
373,3
374,3
375,3
376,3
377,3
378,3
379,3
380,3
381,3
382,3
383,3
384,3
385,3
386,3
387,3
388,3
389,3
390,3
391,3
392,3
393,3
394,3
395,3
396,3
397,3
398,3
399,3
400,3
401,3
402,3
403,3
404,3
405,3
406,3
407,3
408,3
409,3
410,3
411,3
412,3
413,3
414,3
415,3
416,3
417,3
418,3
419,3
420,3
421,3
422,3
423,3
424,3
425,3
426,3
427,3
428,3
429,3
430,3
431,3
432,3
433,3
434,3
435,3
436,3
437,3
438,3
439,3
440,3
441,3
442,3
443,3
444,3
445,3
446,3
447,3
448,3
449,3
450,3
451,3
452,3
453,3
454,3
455,3
456,3
457,3
458,3
459,3
460,3
461,3
462,3
463,3
464,3
465,3
466,3
467,3
468,3
469,3
470,3
471,3
472,3
473,3
474,3
475,3
476,3
477,3
478,3
479,3
480,3
481,3
482,3
483,3
484,3
485,3
486,3
487,3
488,3
489,3
490,3
491,3
492,3
493,3
494,3
495,3
496,3
497,3
498,3
499,3
500,3
501,3
502,3
503,3
504,3
505,3
506,3
507,3
508,3
509,3
510,3
511,3
512,3
513,3
514,3
515,3
516,3
517,3
518,3
519,3
520,3
521,3
522,3
523,3
524,3
525,3
526,3
527,3
528,3
529,3
530,3
531,3
532,3
533,3
534,3
535,3
536,3
537,3
538,3
539,3
540,3
541,3
542,3
543,3
544,3
545,3
546,3
547,3
548,3
549,3
550,3
551,3
552,3
553,3
554,3
555,3
556,3
557,3
558,3
559,3
560,3
561,3
562,3
563,3
564,3
565,3
566,3
567,3
568,3
569,3
570,3
571,3
572,3
573,3
574,3
575,3
576,3
577,3
578,3
579,3
580,3
581,3
582,3
583,3
584,3
585,3
586,3
587,3
588,3
589,3
590,3
591,3
592,3
593,3
594,3
595,3
596,3
597,3
598,3
599,3
600,3
601,3
602,3
603,3
604,3
605,3
606,3
607,3
608,3
609,3
610,3
611,3
612,3
613,3
614,3
615,3
616,3
617,3
618,3
619,3
620,3
621,3
622,3
623,3
624,3
625,3
626,3
627,3
628,3
629,3
630,3
631,3
632,3
633,3
634,3
635,3
636,3
637,3
638,3
639,3
640,3
641,3
642,3
643,3
644,3
645,3
646,3
647,3
648,3
649,3
650,3
651,3
652,3
653,3
654,3
655,3
656,3
657,3
658,3
659,3
660,3
661,3
662,3
663,3
664,3
665,3
666,3
667,3
668,3
669,3
670,3
671,3
672,3
673,3
674,3
675,3
676,3
677,3
678,3
679,3
680,3
681,3
682,3
683,3
684,3
685,3
686,3
687,3
688,3
689,3
690,3
691,3
692,3
693,3
694,3
695,3
696,3
697,3
698,3
699,3
700,3
701,3
702,3
703,3
704,3
705,3
706,3
707,3
708,3
709,3
710,3
711,3
712,3
713,3
714,3
715,3
716,3
717,3
718,3
719,3
720,3
721,3
722,3
723,3
724,3
725,3
726,3
727,3
728,3
729,3
730,3
731,3
732,3
733,3
734,3
735,3
736,3
737,3
738,3
739,3
740,3
741,3
742,3
743,3
744,3
745,3
746,3
747,3
748,3
749,3
750,3
751,3
752,3
753,3
754,3
755,3
756,3
757,3
758,3
759,3
760,3
761,3
762,3
763,3
764,3
765,3
766,3
767,3
768,3
769,3
770,3
771,3
772,3
773,3
774,3
775,3
776,3
777,3
778,3
779,3
780,3
781,3
782,3
783,3
784,3
785,3
786,3
787,3
788,3
789,3
790,3
791,3
792,3
793,3
794,3
795,3
796,3
797,3
798,3
799,3
800,3
801,3
802,3
803,3
804,3
805,3
806,3
807,3
808,3
809,3
810,3
811,3
812,3
813,3
814,3
815,3
816,3
817,3
818,3
819,3
820,3
821,3
822,3
823,3
824,3
825,3
826,3
827,3
828,3
829,3
830,3
831,3
832,3
833,3
834,3
835,3
836,3
837,3
838,3
839,3
840,3
841,3
842,3
843,3
844,3
845,3
846,3
847,3
848,3
849,3
850,3
851,3
852,3
853,3
854,3
855,3
856,3
857,3
858,3
859,3
860,3
861,3
862,3
863,3
864,3
865,3
866,3
867,3
868,3
869,3
870,3
871,3
872,3
873,3
874,3
875,3
876,3
877,3
878,3
879,3
880,3
881,3
882,3
883,3
884,3
885,3
886,3
887,3
888,3
889,3
890,3
891,3
892,3
893,3
894,3
895,3
896,3
897,3
898,3
899,3
900,3
901,3
902,3
903,3
904,3
905,3
906,3
907,3
908,3
909,3
910,3
911,3
912,3
913,3
914,3
915,3
916,3
917,3
918,3
919,3
920,3
921,3
922,3
923,3
924,3
925,3
926,3
927,3
928,3
929,3
930,3
931,3
932,3
933,3
934,3
935,3
936,3
937,3
938,3
939,3
940,3
941,3
942,3
943,3
944,3
945,3
946,3
947,3
948,3
949,3
950,3
951,3
952,3
953,3
954,3
955,3
956,3
957,3
958,3
959,3
960,3
961,3
962,3
963,3
964,3
965,3
966,3
967,3
968,3
969,3
970,3
971,3
972,3
973,3
974,3
975,3
976,3
977,3
978,3
979,3
980,3
981,3
982,3
983,3
984,3
985,3
986,3
987,3
988,3
989,3
990,3
991,3
992,3
993,3
994,3
995,3
996,3
997,3
998,3
999,3
1000,3
1001,3
1002,3
1003,3
1004,3
1005,3
1006,3
1007,3
1008,3
1009,3
1010,3
1011,3
1012,3
1013,3
1014,3
1015,3
1016,3
1017,3
1018,3
1019,3
1020,3
1021,3
1022,3
1023,3
1024,3
1025,3
1026,3
1027,3
1028,3
1029,3
1030,3
1031,3
1032,3
1033,3
1034,3
1035,3
1036,3
1037,3
1038,3
1039,3
1040,3
1041,3
1042,3
1043,3
1044,3
1045,3
1046,3
1047,3
1048,3
1049,3
1050,3
1051,3
1052,3
1053,3
1054,3
1055,3
1056,3
1057,3
1058,3
1059,3
1060,3
1061,3
1062,3
1063,3
1064,3
1065,3
1066,3
1067,3
1068,3
1069,3
1070,3
1071,3
1072,3
1073,3
1074,3
1075,3
1076,3
1077,3
1078,3
1079,3
1080,3
1081,3
1082,3
1083,3
1084,3
1085,3
1086,3
1087,3
1088,3
1089,3
1090,3
1091,3
1092,3
1093,3
1094,3
1095,3
1096,3
1097,3
1098,3
1099,3
1100,3
1101,3
1102,3
1103,3
1104,3
1105,3
1106,3
1107,3
1108,3
1109,3
1110,3
1111,3
1112,3
1113,3
1114,3
1115,3
1116,3
1117,3
1118,3
1119,3
1120,3
1121,3
1122,3
1123,3
1124,3
1125,3
1126,3
1127,3
1128,3
1129,3
1130,3
1131,3
1132,3
1133,3
1134,3
1135,3
1136,3
1137,3
1138,3
1139,3
1140,3
1141,3
1142,3
1143,3
1144,3
1145,3
1146,3
1147,3
1148,3
1149,3
1150,3
1151,3
1152,3
1153,3
1154,3
1155,3
1156,3
1157,3
1158,3
1159,3
1160,3
1161,3
1162,3
1163,3
1164,3
1165,3
1166,3
1167,3
1168,3
1169,3
1170,3
1171,3
1172,3
1173,3
1174,3
1175,3
1176,3
1177,3
1178,3
1179,3
1180,3
1181,3
1182,3
1183,3
1184,3
1185,3
1186,3
1187,3
1188,3
1189,3
1190,3
1191,3
1192,3
1193,3
1194,3
1195,3
1196,3
1197,3
1198,3
1199,3
1200,3
1201,3
1202,3
1203,3
1204,3
1205,3
1206,3
1207,3
1208,3
1209,3
1210,3
1211,3
1212,3
1213,3
1214,3
1215,3
1216,3
1217,3
1218,3
1219,3
1220,3
1221,3
1222,3
1223,3
1224,3
1225,3
1226,3
1227,3
1228,3
1229,3
1230,3
1231,3
1232,3
1233,3
1234,3
1235,3
1236,3
1237,3
1238,3
1239,3
1240,3
1241,3
1242,3
1243,3
1244,3
1245,3
1246,3
1247,3
1248,3
1249,3
1250,3
1251,3
1252,3
1253,3
1254,3
1255,3
1256,3
1257,3
1258,3
1259,3
1260,3
1261,3
1262,3
1263,3
1264,3
1265,3
1266,3
1267,3
1268,3
1269,3
1270,3
1271,3
1272,3
1273,3
1274,3
1275,3
1276,3
1277,3
1278,3
1279,3
1280,3
1281,3
1282,3
1283,3
1284,3
1285,3
1286,3
1287,3
1288,3
1289,3
1290,3
1291,3
1292,3
1293,3
1294,3
1295,3
1296,3
1297,3
1298,3
1299,3
1300,3
1301,3
1302,3
1303,3
1304,3
1305,3
1306,3
1307,3
1308,3
1309,3
1310,3
1311,3
1312,3
1313,3
1314,3
1315,3
1316,3
1317,3
1318,3
1319,3
1320,3
1321,3
1322,3
1323,3
1324,3
1325,3
1326,3
1327,3
1328,3
1329,3
1330,3
1331,3
1332,3
1333,3
1334,3
1335,3
1336,3
1337,3
1338,3
1339,3
1340,3
1341,3
1342,3
1343,3
1344,3
1345,3
1346,3
1347,3
1348,3
1349,3
1350,3
1351,3
1352,3
1353,3
1354,3
1355,3
1356,3
1357,3
1358,3
1359,3
1360,3
1361,3
1362,3
1363,3
1364,3
1365,3
1366,3
1367,3
1368,3
1369,3
1370,3
1371,3
1372,3
1373,3
1374,3
1375,3
1376,3
1377,3
1378,3
1379,3
1380,3
1381,3
1382,3
1383,3
1384,3
1385,3
1386,3
1387,3
1388,3
1389,3
1390,3
1391,3
1392,3
1393,3
1394,3
1395,3
1396,3
1397,3
1398,3
1399,3
1400,3
1401,3
1402,3
1403,3
1404,3
1405,3
1406,3
1407,3
1408,3
1409,3
1410,3
1411,3
1412,3
1413,3
1414,3
1415,3
1416,3
1417,3
1418,3
1419,3
1420,3
1421,3
1422,3
1423,3
1424,3
1425,3
1426,3
1427,3
1428,3
1429,3
1430,3
1431,3
1432,3
1433,3
1434,3
1435,3
1436,3
1437,3
1438,3
1439,3
1440,3
1441,3
1442,3
1443,3
1444,3
1445,3
1446,3
1447,3
1448,3
1449,3
1450,3
1451,3
1452,3
1453,3
1454,3
1455,3
1456,3
1457,3
1458,3
1459,3
1460,3
1461,3
1462,3
1463,3
1464,3
1465,3
1466,3
1467,3
1468,3
1469,3
1470,3
1471,3
1472,3
1473,3
1474,3
1475,3
1476,3
1477,3
1478,3
1479,3
1480,3
1481,3
1482,3
1483,3
1484,3
1485,3
1486,3
1487,3
1488,3
1489,3
1490,3
1491,3
1492,3
1493,3
1494,3
1495,3
1496,3
1497,3
1498,3
1499,3
1500,3
1501,3
1502,3
1503,3
1504,3
1505,3
1506,3
1507,3
1508,3
1509,3
1510,3
1511,3
1512,3
1513,3
1514,3
1515,3
1516,3
1517,3
1518,3
1519,3
1520,3
1521,3
1522,3
1523,3
1524,3
1525,3
1526,3
1527,3
1528,3
1529,3
1530,3
1531,3
1532,3
1533,3
1534,3
1535,3
1536,3
1537,3
1538,3
1539,3
1540,3
1541,3
1542,3
1543,3
1544,3
1545,3
1546,3
1547,3
1548,3
1549,3
1550,3
1551,3
1552,3
1553,3
1554,3
1555,3
1556,3
1557,3
1558,3
1559,3
1560,3
1561,3
1562,3
1563,3
1564,3
1565,3
1566,3
1567,3
1568,3
1569,3
1570,3
1571,3
1572,3
1573,3
1574,3
1575,3
1576,3
1577,3
1578,3
1579,3
1580,3
1581,3
1582,3
1583,3
1584,3
1585,3
1586,3
1587,3
1588,3
1589,3
1590,3
1591,3
1592,3
1593,3
1594,3
1595,3
1596,3
1597,3
1598,3
1599,3
1600,3
1601,3
1602,3
1603,3
1604,3
1605,3
1606,3
1607,3
1608,3
1609,3
1610,3
1611,3
1612,3
1613,3
1614,3
1615,3
1616,3
1617,3
1618,3
1619,3
1620,3
1621,3
1622,3
1623,3
1624,3
1625,3
1626,3
1627,3
1628,3
1629,3
1630,3
1631,3
1632,3
1633,3
1634,3
1635,3
1636,3
1637,3
1638,3
1639,3
1640,3
1641,3
1642,3
1643,3
1644,3
1645,3
1646,3
1647,3
1648,3
1649,3
1650,3
1651,3
1652,3
1653,3
1654,3
1655,3
1656,3
1657,3
1658,3
1659,3
1660,3
1661,3
1662,3
1663,3
1664,3
1665,3
1666,3
1667,3
1668,3
1669,3
1670,3
1671,3
1672,3
1673,3
1674,3
1675,3
1676,3
1677,3
1678,3
1679,3
1680,3
1681,3
1682,3
1683,3
1684,3
1685,3
1686,3
1687,3
1688,3
1689,3
1690,3
1691,3
1692,3
1693,3
1694,3
1695,3
1696,3
1697,3
1698,3
1699,3
1700,3
1701,3
1702,3
1703,3
1704,3
1705,3
1706,3
1707,2
1708,3
1709,3
1710,3
1711,2
1712,2
1713,3
1714,3
1715,3
1716,3
1717,3
1718,3
1719,3
1720,3
1721,3
1722,3
1723,3
1724,3
1725,3
1726,3
1727,3
1728,3
1729,3
1730,3
1731,3
1732,3
1733,3
1734,3
1735,3
1736,3
1737,3
1738,3
1739,3
1740,3
1741,3
1742,3
1743,3
1744,3
1745,3
1746,3
1747,3
1748,3
1749,3
1750,3
1751,3
1752,2
1753,3
1754,3
1755,3
1756,3
1757,3
1758,3
1759,3
1760,3
1761,3
1762,3
1763,3
1764,3
1765,3
1766,3
1767,3
1768,3
1769,3
1770,3
1771,3
1772,3
1773,3
1774,3
1775,3
1776,3
1777,3
1778,3
1779,3
1780,3
1781,3
1782,3
1783,3
1784,3
1785,2
1786,3
1787,3
1788,3
1789,3
1790,3
1791,3
1792,3
1793,3
1794,3
1795,3
1796,3
1797,3
1798,3
1799,3
1800,3
1801,3
1802,3
1803,3
1804,3
1805,3
1806,3
1807,3
1808,3
1809,3
1810,3
1811,3
1812,3
1813,3
1814,3
1815,3
1816,3
1817,3
1818,3
1819,3
1820,3
1821,3
1822,3
1823,2
1824,2
1825,3
1826,3
1827,3
1828,3
1829,3
1830,3
1831,3
1832,3
1833,3
1834,3
1835,3
1836,3
1837,2
1838,3
1839,3
1840,3
1841,3
1842,3
1843,3
1844,3
1845,3
1846,2
1847,3
1848,3
1849,3
1850,3
1851,3
1852,3
1853,3
1854,3
1855,3
1856,3
1857,3
1858,3
1859,3
1860,3
1861,3
1862,3
1863,3
1864,3
1865,3
1866,3
1867,3
1868,3
1869,3
1870,3
1871,3
1872,3
1873,3
1874,3
1875,3
1876,3
1877,3
1878,3
1879,3
1880,3
1881,3
1882,3
1883,3
1884,3
1885,3
1886,3
1887,3
1888,3
1889,3
1890,3
1891,3
1892,3
1893,3
1894,3
1895,3
1896,3
1897,3
1898,3
1899,3
1900,3
1901,3
1902,3
1903,3
1904,3
1905,3
1906,3
1907,3
1908,3
1909,3
1910,3
1911,3
1912,3
1913,3
1914,3
1915,3
1916,3
1917,3
1918,3
1919,3
1920,3
1921,3
1922,3
1923,3
1924,3
1925,3
1926,3
1927,3
1928,3
1929,3
1930,3
1931,3
1932,3
1933,2
1934,3
1935,3
1936,3
1937,3
1938,3
1939,3
1940,3
1941,3
1942,2
1943,2
1944,3
1945,3
1946,3
1947,2
1948,3
1949,3
1950,3
1951,2
1952,3
1953,3
1954,3
1955,3
1956,3
1957,3
1958,3
1959,3
1960,3
1961,3
1962,3
1963,3
1964,3
1965,3
1966,3
1967,3
1968,3
1969,3
1970,3
1971,3
1972,3
1973,3
1974,2
1975,2
1976,3
1977,3
1978,3
1979,3
1980,3
1981,3
1982,3
1983,3
1984,3
1985,3
1986,3
1987,3
1988,3
1989,3
1990,3
1991,3
1992,3
1993,3
1994,2
1995,3
1996,3
1997,3
1998,3
1999,3
2000,3
2001,3
2002,3
2003,3
2004,3
2005,3
2006,3
2007,3
2008,3
2009,2
2010,3
2011,3
2012,3
2013,3
2014,3
2015,3
2016,3
2017,3
2018,3
2019,3
2020,3
2021,3
2022,3
2023,3
2024,3
2025,3
2026,3
2027,3
2028,3
2029,3
2030,3
2031,3
2032,3
2033,3
2034,3
2035,2
2036,3
2037,3
2038,3
2039,3
2040,3
2041,3
2042,3
2043,2
2044,3
2045,3
2046,3
2047,3
2048,3
2049,3
2050,3
2051,3
2052,3
2053,3
2054,3
2055,3
2056,3
2057,3
2058,3
2059,3
2060,3
2061,3
2062,3
2063,3
2064,3
2065,3
2066,3
2067,3
2068,3
2069,3
2070,3
2071,3
2072,3
2073,3
2074,3
2075,3
2076,3
2077,3
2078,3
2079,3
2080,3
2081,3
2082,3
2083,3
2084,3
2085,3
2086,3
2087,3
2088,3
2089,2
2090,3
2091,3
2092,3
2093,3
2094,3
2095,3
2096,3
2097,3
2098,3
2099,3
2100,3
2101,3
2102,3
2103,3
2104,3
2105,3
2106,3
2107,3
2108,3
2109,3
2110,3
2111,3
2112,3
2113,3
2114,3
2115,3
2116,3
2117,3
2118,3
2119,3
2120,3
2121,3
2122,3
2123,3
2124,3
2125,3
2126,3
2127,3
2128,3
2129,3
2130,3
2131,3
2132,3
2133,3
2134,3
2135,3
2136,3
2137,2
2138,3
2139,3
2140,3
2141,3
2142,3
2143,3
2144,3
2145,3
2146,3
2147,2
2148,3
2149,3
2150,3
2151,3
2152,2
2153,3
2154,3
2155,3
2156,3
2157,3
2158,3
2159,3
2160,2
2161,2
2162,2
2163,3
2164,3
2165,3
2166,3
2167,3
2168,3
2169,3
2170,3
2171,3
2172,3
2173,3
2174,3
2175,3
2176,3
2177,3
2178,3
2179,3
2180,3
2181,3
2182,3
2183,3
2184,3
2185,3
2186,2
2187,2
2188,3
2189,3
2190,2
2191,2
2192,2
2193,2
2194,3
2195,3
2196,3
2197,3
2198,3
2199,3
2200,3
2201,3
2202,3
2203,3
2204,3
2205,3
2206,3
2207,3
2208,3
2209,3
2210,2
2211,2
2212,3
2213,3
2214,3
2215,3
2216,3
2217,3
2218,3
2219,3
2220,3
2221,3
2222,3
2223,3
2224,3
2225,2
2226,2
2227,3
2228,3
2229,2
2230,2
2231,3
2232,3
2233,3
2234,2
2235,3
2236,2
2237,3
2238,3
2239,3
2240,3
2241,3
2242,3
2243,3
2244,3
2245,3
2246,3
2247,3
2248,3
2249,3
2250,3
2251,3
2252,2
2253,3
2254,3
2255,3
2256,3
2257,3
2258,3
2259,3
2260,3
2261,2
2262,2
2263,2
2264,2
2265,3
2266,3
2267,2
2268,3
2269,3
2270,2
2271,3
2272,2
2273,2
2274,2
2275,2
2276,3
2277,3
2278,2
2279,3
2280,3
2281,2
2282,3
2283,3
2284,3
2285,3
2286,3
2287,3
2288,3
2289,3
2290,3
2291,3
2292,2
2293,2
2294,3
2295,2
2296,3
2297,3
2298,2
2299,2
2300,3
2301,3
2302,3
2303,3
2304,3
2305,3
2306,2
2307,2
2308,3
2309,2
2310,3
2311,3
2312,3
2313,2
2314,3
2315,3
2316,3
2317,3
2318,3
2319,3
2320,3
2321,3
2322,3
2323,2
2324,3
2325,3
2326,2
2327,3
2328,3
2329,3
2330,2
2331,3
2332,2
2333,2
2334,2
2335,3
2336,3
2337,3
2338,3
2339,3
2340,3
2341,3
2342,3
2343,3
2344,3
2345,3
2346,3
2347,3
2348,3
2349,3
2350,3
2351,3
2352,3
2353,3
2354,3
2355,3
2356,3
2357,3
2358,3
2359,3
2360,3
2361,3
2362,3
2363,3
2364,3
2365,3
2366,3
2367,3
2368,3
2369,3
2370,3
2371,3
2372,3
2373,3
2374,3
2375,3
2376,3
2377,3
2378,3
2379,3
2380,3
2381,3
2382,3
2383,3
2384,3
2385,3
2386,3
2387,3
2388,3
2389,3
2390,3
2391,3
2392,3
2393,3
2394,3
2395,3
2396,3
2397,3
2398,3
2399,3
2400,3
2401,3
2402,3
2403,2
2404,3
2405,3
2406,3
2407,3
2408,3
2409,3
2410,3
2411,3
2412,3
2413,3
2414,3
2415,3
2416,3
2417,3
2418,3
2419,3
2420,2
2421,3
2422,3
2423,3
2424,3
2425,2
2426,3
2427,3
2428,3
2429,3
2430,3
2431,3
2432,3
2433,3
2434,3
2435,3
2436,3
2437,3
2438,3
2439,3
2440,2
2441,3
2442,3
2443,3
2444,3
2445,3
2446,3
2447,3
2448,3
2449,3
2450,3
2451,3
2452,3
2453,3
2454,3
2455,3
2456,3
2457,2
2458,3
2459,3
2460,3
2461,3
2462,3
2463,3
2464,3
2465,3
2466,3
2467,3
2468,3
2469,3
2470,3
2471,3
2472,3
2473,3
2474,3
2475,3
2476,3
2477,3
2478,3
2479,3
2480,3
2481,3
2482,3
2483,3
2484,3
2485,3
2486,3
2487,3
2488,3
2489,3
2490,3
2491,3
2492,3
2493,3
2494,3
2495,3
2496,3
2497,3
2498,3
2499,3
2500,3
2501,3
2502,3
2503,3
2504,3
2505,3
2506,3
2507,3
2508,3
2509,3
2510,3
2511,3
2512,3
2513,3
2514,3
2515,3
2516,3
2517,3
2518,3
2519,3
2520,3
2521,3
2522,3
2523,3
2524,3
2525,3
2526,3
2527,3
2528,3
2529,3
2530,3
2531,3
2532,3
2533,2
2534,3
2535,3
2536,3
2537,3
2538,3
2539,3
2540,3
2541,3
2542,3
2543,3
2544,3
2545,3
2546,3
2547,3
2548,3
2549,3
2550,3
2551,3
2552,3
2553,3
2554,3
2555,3
2556,2
2557,3
2558,3
2559,3
2560,3
2561,3
2562,3
2563,3
2564,3
2565,3
2566,3
2567,3
2568,3
2569,3
2570,3
2571,3
2572,3
2573,3
2574,3
2575,3
2576,3
2577,3
2578,3
2579,3
2580,3
2581,2
2582,3
2583,3
2584,3
2585,3
2586,3
2587,3
2588,3
2589,3
2590,3
2591,3
2592,3
2593,3
2594,3
2595,2
2596,3
2597,3
2598,3
2599,3
2600,3
2601,3
2602,3
2603,3
2604,3
2605,3
2606,3
2607,3
2608,3
2609,3
2610,3
2611,3
2612,3
2613,3
2614,3
2615,3
2616,3
2617,3
2618,3
2619,3
2620,2
2621,3
2622,3
2623,2
2624,3
2625,3
2626,3
2627,3
2628,3
2629,3
2630,3
2631,3
2632,3
2633,3
2634,3
2635,3
2636,3
2637,3
2638,3
2639,3
2640,3
2641,3
2642,3
2643,3
2644,3
2645,3
2646,3
2647,3
2648,3
2649,3
2650,3
2651,3
2652,3
2653,3
2654,3
2655,3
2656,3
2657,3
2658,3
2659,3
2660,3
2661,3
2662,3
2663,3
2664,3
2665,3
2666,3
2667,3
2668,3
2669,3
2670,3
2671,3
2672,2
2673,3
2674,3
2675,3
2676,3
2677,3
2678,3
2679,3
2680,3
2681,3
2682,3
2683,3
2684,3
2685,3
2686,3
2687,3
2688,3
2689,3
2690,3
2691,3
2692,2
2693,2
2694,3
2695,3
2696,3
2697,2
2698,3
2699,3
2700,3
2701,3
2702,3
2703,3
2704,3
2705,3
2706,3
2707,3
2708,3
2709,3
2710,3
2711,3
2712,3
2713,3
2714,2
2715,2
2716,3
2717,3
2718,3
2719,3
2720,3
2721,3
2722,3
2723,3
2724,3
2725,3
2726,3
2727,3
2728,3
2729,3
2730,3
2731,3
2732,3
2733,3
2734,3
2735,3
2736,3
2737,3
2738,3
2739,3
2740,3
2741,3
2742,3
2743,3
2744,3
2745,3
2746,3
2747,3
2748,3
2749,3
2750,3
2751,3
2752,3
2753,3
2754,3
2755,3
2756,3
2757,3
2758,3
2759,3
2760,3
2761,3
2762,3
2763,3
2764,3
2765,3
2766,3
2767,3
2768,3
2769,3
2770,3
2771,3
2772,3
2773,3
2774,3
2775,3
2776,3
2777,3
2778,3
2779,3
2780,3
2781,3
2782,3
2783,3
2784,3
2785,3
2786,3
2787,3
2788,3
2789,3
2790,3
2791,3
2792,3
2793,3
2794,3
2795,3
2796,3
2797,3
2798,3
2799,3
2800,3
2801,3
2802,3
2803,3
2804,3
2805,3
2806,3
2807,3
2808,3
2809,3
2810,3
2811,3
2812,3
2813,3
2814,3
2815,3
2816,3
2817,3
2818,3
2819,3
2820,3
2821,3
2822,3
2823,3
2824,3
2825,3
2826,3
2827,3
2828,3
2829,3
2830,3
2831,3
2832,3
2833,3
2834,3
2835,3
2836,3
2837,3
2838,3
2839,3
2840,3
2841,3
2842,3
2843,3
2844,3
2845,3
2846,3
2847,3
2848,3
2849,3
2850,3
2851,3
2852,3
2853,3
2854,3
2855,3
2856,3
2857,3
2858,3
2859,3
2860,3
2861,3
2862,3
2863,3
2864,3
2865,3
2866,3
2867,3
2868,3
2869,3
2870,3
2871,3
2872,3
2873,3
2874,3
2875,3
2876,3
2877,3
2878,3
2879,3
2880,3
2881,3
2882,3
2883,3
2884,3
2885,3
2886,3
2887,3
2888,3
2889,3
2890,3
2891,3
2892,3
2893,3
2894,3
2895,3
2896,3
2897,3
2898,3
2899,3
2900,3
2901,3
2902,3
2903,3
2904,3
2905,3
2906,3
2907,3
2908,3
2909,3
2910,3
2911,3
2912,3
2913,3
2914,3
2915,3
2916,3
2917,3
2918,3
2919,3
2920,3
2921,3
2922,3
2923,3
2924,3
2925,3
2926,3
2927,3
2928,3
2929,3
2930,3
2931,3
2932,3
2933,3
2934,3
2935,3
2936,3
2937,3
2938,3
2939,3
2940,3
2941,3
2942,3
2943,3
2944,3
2945,3
2946,3
2947,3
2948,3
2949,3
2950,3
2951,3
2952,3
2953,3
2954,3
2955,3
2956,3
2957,3
2958,3
2959,3
2960,3
2961,3
2962,3
2963,3
2964,3
2965,3
2966,3
2967,3
2968,3
2969,3
2970,3
2971,3
2972,3
2973,3
2974,3
2975,3
2976,3
2977,3
2978,3
2979,3
2980,3
2981,3
2982,3
2983,3
2984,3
2985,3
2986,3
2987,3
2988,3
2989,3
2990,3
2991,3
2992,3
2993,3
2994,3
2995,3
2996,3
2997,3
2998,3
2999,3
3000,3
3001,3
3002,3
3003,3
3004,3
3005,3
3006,3
3007,3
3008,3
3009,3
3010,3
3011,3
3012,3
3013,3
3014,3
3015,3
3016,3
3017,3
3018,3
3019,3
3020,3
3021,3
3022,3
3023,3
3024,3
3025,3
3026,3
3027,3
3028,3
3029,3
3030,3
3031,3
3032,3
3033,3
3034,3
3035,3
3036,3
3037,3
3038,3
3039,3
3040,3
3041,3
3042,3
3043,3
3044,3
3045,3
3046,3
3047,3
3048,3
3049,3
3050,3
3051,3
3052,3
3053,3
3054,3
3055,3
3056,3
3057,3
3058,3
3059,3
3060,3
3061,3
3062,3
3063,3
3064,3
3065,3
3066,3
3067,3
3068,3
3069,3
3070,3
3071,3
3072,3
3073,3
3074,3
3075,3
3076,3
3077,3
3078,3
3079,3
3080,3
3081,3
3082,3
3083,3
3084,3
3085,3
3086,3
3087,3
3088,3
3089,3
3090,3
3091,3
3092,3
3093,3
3094,3
3095,3
3096,3
3097,3
3098,3
3099,3
3100,3
3101,3
3102,3
3103,3
3104,3
3105,3
3106,3
3107,3
3108,3
3109,3
3110,3
3111,3
3112,3
3113,3
3114,3
3115,3
3116,3
3117,3
3118,3
3119,3
3120,3
3121,3
3122,3
3123,3
3124,3
3125,3
3126,3
3127,3
3128,3
3129,3
3130,3
3131,3
3132,3
3133,3
3134,3
3135,3
3136,3
3137,3
3138,3
3139,3
3140,3
3141,3
3142,3
3143,3
3144,3
3145,3
3146,3
3147,3
3148,3
3149,3
3150,3
3151,3
3152,3
3153,3
3154,3
3155,3
3156,3
3157,3
3158,3
3159,3
3160,3
3161,3
3162,3
3163,3
3164,3
3165,3
3166,3
3167,3
3168,3
3169,3
3170,3
3171,3
3172,3
3173,3
3174,3
3175,3
3176,3
3177,3
3178,3
3179,3
3180,3
3181,3
3182,3
3183,3
3184,3
3185,3
3186,3
3187,3
3188,3
3189,3
3190,3
3191,3
3192,3
3193,3
3194,3
3195,3
3196,3
3197,3
3198,3
3199,3
3200,3
3201,3
3202,3
3203,3
3204,3
3205,3
3206,3
3207,3
3208,3
3209,3
3210,3
3211,3
3212,3
3213,3
3214,3
3215,3
3216,3
3217,3
3218,3
3219,3
3220,3
3221,3
3222,3
3223,3
3224,3
3225,3
3226,3
3227,3
3228,3
3229,3
3230,3
3231,3
3232,3
3233,3
3234,3
3235,3
3236,3
3237,3
3238,3
3239,3
3240,3
3241,3
3242,3
3243,3
3244,3
3245,3
3246,3
3247,3
3248,3
3249,3
3250,3
3251,3
3252,3
3253,3
3254,3
3255,3
3256,3
3257,3
3258,3
3259,3
3260,3
3261,3
3262,3
3263,3
3264,3
3265,3
3266,3
3267,3
3268,3
3269,3
3270,3
3271,3
3272,3
3273,3
3274,3
3275,3
3276,3
3277,3
3278,3
3279,3
3280,3
3281,3
3282,3
3283,3
3284,3
3285,3
3286,3
3287,3
3288,3
3289,3
3290,3
3291,3
3292,3
3293,3
3294,3
3295,3
3296,3
3297,3
3298,3
3299,3
3300,3
3301,3
3302,3
3303,3
3304,3
3305,3
3306,3
3307,3
3308,3
3309,3
3310,3
3311,3
3312,3
3313,3
3314,3
3315,3
3316,3
3317,3
3318,3
3319,3
3320,3
3321,3
3322,3
3323,3
3324,3
3325,3
3326,3
3327,3
3328,3
3329,3
3330,3
3331,3
3332,3
3333,3
3334,3
3335,3
3336,3
3337,3
3338,3
3339,3
3340,3
3341,3
3342,3
3343,3
3344,3
3345,3
3346,3
3347,3
3348,3
3349,3
3350,3
3351,3
3352,3
3353,3
3354,3
3355,3
3356,3
3357,3
3358,3
3359,3
3360,3
3361,3
3362,3
3363,3
3364,3
3365,3
3366,3
3367,3
3368,3
3369,3
3370,3
3371,3
3372,3
3373,3
3374,3
3375,3
3376,3
3377,3
3378,3
3379,3
3380,3
3381,3
3382,3
3383,3
3384,3
3385,3
3386,3
3387,3
3388,3
3389,3
3390,3
3391,3
3392,3
3393,3
3394,3
3395,3
3396,3
3397,3
3398,3
3399,3
3400,3
3401,3
3402,3
3403,3
3404,3
3405,3
3406,3
3407,3
3408,3
3409,3
3410,3
3411,3
3412,3
3413,3
3414,3
3415,3
3416,3
3417,3
3418,3
3419,3
3420,3
3421,3
3422,3
3423,3
3424,3
3425,3
3426,3
3427,3
3428,3
3429,3
3430,3
3431,3
3432,3
3433,3
3434,3
3435,3
3436,3
3437,3
3438,3
3439,3
3440,3
3441,3
3442,3
3443,3
3444,3
3445,3
3446,3
3447,3
3448,3
3449,3
3450,3
3451,3
3452,3
3453,3
3454,3
3455,3
3456,3
3457,3
3458,3
3459,3
3460,3
3461,3
3462,3
3463,3
3464,3
3465,3
3466,3
3467,3
3468,3
3469,3
3470,3
3471,3
3472,3
3473,3
3474,3
3475,3
3476,3
3477,3
3478,3
3479,3
3480,3
3481,3
3482,3
3483,3
3484,3
3485,3
3486,3
3487,3
3488,3
3489,3
3490,3
3491,3
3492,3
3493,3
3494,3
3495,3
3496,3
3497,3
3498,3
3499,3
3500,3
3501,3
3502,3
3503,3
3504,3
3505,3
3506,3
3507,3
3508,3
3509,3
3510,3
3511,3
3512,3
3513,3
3514,3
3515,3
3516,3
3517,3
3518,3
3519,3
3520,3
3521,3
3522,3
3523,3
3524,3
3525,3
3526,3
3527,3
3528,3
3529,3
3530,3
3531,3
3532,3
3533,3
3534,3
3535,3
3536,3
3537,3
3538,3
3539,3
3540,3
3541,3
3542,3
3543,3
3544,3
3545,3
3546,3
3547,3
3548,3
3549,3
3550,3
3551,3
3552,3
3553,3
3554,3
3555,3
3556,3
3557,3
3558,3
3559,3
3560,3
3561,3
3562,3
3563,3
3564,3
3565,3
3566,3
3567,3
3568,3
3569,3
3570,3
3571,3
3572,3
3573,3
3574,3
3575,3
3576,3
3577,3
3578,3
3579,3
3580,3
3581,3
3582,3
3583,3
3584,3
3585,3
3586,3
3587,3
3588,3
3589,3
3590,3
3591,3
3592,3
3593,3
3594,3
3595,3
3596,3
3597,3
3598,3
3599,3
3600,3
3601,3
3602,3
3603,3
3604,3
3605,3
3606,3
3607,3
3608,3
3609,3
3610,3
3611,3
3612,3
3613,3
3614,3
3615,3
3616,3
3617,3
3618,3
3619,3
3620,3
3621,3
3622,3
3623,3
3624,3
3625,3
3626,3
3627,3
3628,3
3629,3
3630,3
3631,3
3632,3
3633,3
3634,3
3635,3
3636,3
3637,3
3638,3
3639,3
3640,3
3641,3
3642,3
3643,3
3644,3
3645,3
3646,3
3647,3
3648,3
3649,3
3650,3
3651,3
3652,3
3653,3
3654,3
3655,3
3656,3
3657,3
3658,3
3659,3
3660,3
3661,3
3662,3
3663,3
3664,3
3665,3
3666,3
3667,3
3668,3
3669,3
3670,3
3671,3
3672,3
3673,3
3674,3
3675,3
3676,3
3677,3
3678,3
3679,3
3680,3
3681,3
3682,3
3683,3
3684,3
3685,3
3686,3
3687,3
3688,3
3689,3
3690,3
3691,3
3692,3
3693,3
3694,3
3695,3
3696,3
3697,3
3698,3
3699,3
3700,3
3701,3
3702,3
3703,3
3704,3
3705,3
3706,3
3707,3
3708,3
3709,3
3710,3
3711,3
3712,3
3713,3
3714,3
3715,3
3716,3
3717,3
3718,3
3719,3
3720,3
3721,3
3722,3
3723,3
3724,3
3725,3
3726,3
3727,3
3728,3
3729,3
3730,3
3731,3
3732,3
3733,3
3734,3
3735,3
3736,3
3737,3
3738,3
3739,3
3740,3
3741,3
3742,3
3743,3
3744,3
3745,3
3746,3
3747,3
3748,3
3749,3
3750,3
3751,3
3752,3
3753,3
3754,3
3755,3
3756,3
3757,3
3758,3
3759,3
3760,3
3761,3
3762,3
3763,3
3764,3
3765,3
3766,3
3767,3
3768,3
3769,3
3770,3
3771,3
3772,3
3773,3
3774,3
3775,3
3776,3
3777,3
3778,3
3779,3
3780,3
3781,3
3782,3
3783,3
3784,3
3785,3
3786,3
3787,3
3788,3
3789,3
3790,3
3791,3
3792,3
3793,3
3794,3
3795,3
3796,3
3797,3
3798,3
3799,3
3800,3
3801,3
3802,3
3803,3
3804,3
3805,3
3806,3
3807,3
3808,3
3809,3
3810,3
3811,3
3812,3
3813,3
3814,3
3815,3
3816,3
3817,3
3818,3
3819,3
3820,3
3821,3
3822,3
3823,3
3824,3
3825,3
3826,3
3827,3
3828,3
3829,3
3830,3
3831,3
3832,3
3833,3
3834,3
3835,3
3836,3
3837,3
3838,3
3839,3
3840,3
3841,3
3842,3
3843,3
3844,3
3845,3
3846,3
3847,3
3848,3
3849,3
3850,3
3851,3
3852,3
3853,3
3854,3
3855,3
3856,3
3857,3
3858,3
3859,3
3860,3
3861,3
3862,3
3863,3
3864,3
3865,3
3866,3
3867,3
3868,3
3869,3
3870,3
3871,3
3872,3
3873,3
3874,3
3875,3
3876,3
3877,3
3878,3
3879,3
3880,3
3881,3
3882,3
3883,3
3884,3
3885,3
3886,3
3887,3
3888,3
3889,3
3890,3
3891,3
3892,3
3893,3
3894,3
3895,3
3896,3
3897,3
3898,3
3899,3
3900,3
3901,3
3902,3
3903,3
3904,3
3905,3
3906,3
3907,3
3908,3
3909,3
3910,3
3911,3
3912,3
3913,3
3914,3
3915,3
3916,3
3917,3
3918,3
3919,3
3920,3
3921,3
3922,3
3923,3
3924,3
3925,3
3926,3
3927,3
3928,3
3929,3
3930,3
3931,3
3932,3
3933,3
3934,3
3935,3
3936,3
3937,3
3938,3
3939,3
3940,3
3941,3
3942,3
3943,3
3944,3
3945,3
3946,3
3947,3
3948,3
3949,3
3950,3
3951,3
3952,3
3953,3
3954,3
3955,3
3956,3
3957,3
3958,3
3959,3
3960,3
3961,3
3962,3
3963,3
3964,3
3965,3
3966,3
3967,3
3968,3
3969,3
3970,3
3971,3
3972,3
3973,3
3974,3
3975,3
3976,3
3977,3
3978,3
3979,3
3980,3
3981,3
3982,3
3983,3
3984,3
3985,3
3986,3
3987,3
3988,3
3989,3
3990,3
3991,3
3992,3
3993,3
3994,3
3995,3
3996,3
3997,3
3998,3
3999,3
4000,3
4001,3
4002,3
4003,3
4004,3
4005,3
4006,3
4007,3
4008,3
4009,3
4010,3
4011,3
4012,3
4013,3
4014,3
4015,3
4016,3
4017,3
4018,3
4019,3
4020,3
4021,3
4022,3
4023,3
4024,3
4025,3
4026,3
4027,3
4028,3
4029,3
4030,3
4031,3
4032,3
4033,3
4034,3
4035,3
4036,3
4037,3
4038,3
4039,3
4040,3
4041,3
4042,3
4043,3
4044,3
4045,3
4046,3
4047,3
4048,3
4049,3
4050,3
4051,3
4052,3
4053,3
4054,3
4055,3
4056,3
4057,3
4058,3
4059,3
4060,3
4061,3
4062,3
4063,3
4064,3
4065,3
4066,3
4067,3
4068,3
4069,3
4070,3
4071,3
4072,3
4073,3
4074,3
4075,3
4076,3
4077,3
4078,3
4079,3
4080,3
4081,3
4082,3
4083,3
4084,3
4085,3
4086,3
4087,3
4088,3
4089,3
4090,3
4091,3
4092,3
4093,3
4094,3
4095,3
4096,3
4097,3
4098,3
4099,3
4100,3
4101,3
4102,3
4103,3
4104,3
4105,3
4106,3
4107,3
4108,3
4109,3
4110,3
4111,3
4112,3
4113,3
4114,3
4115,3
4116,3
4117,3
4118,3
4119,3
4120,3
4121,3
4122,3
4123,3
4124,3
4125,3
4126,3
4127,3
4128,3
4129,3
4130,3
4131,3
4132,3
4133,3
4134,3
4135,3
4136,3
4137,3
4138,3
4139,3
4140,3
4141,3
4142,3
4143,3
4144,3
4145,3
4146,3
4147,3
4148,3
4149,3
4150,3
4151,3
4152,3
4153,3
4154,3
4155,3
4156,3
4157,3
4158,3
4159,3
4160,3
4161,3
4162,3
4163,3
4164,3
4165,3
4166,3
4167,3
4168,3
4169,3
4170,3
4171,3
4172,3
4173,3
4174,3
4175,3
4176,3
4177,3
4178,3
4179,3
4180,3
4181,3
4182,3
4183,3
4184,3
4185,3
4186,3
4187,3
4188,3
4189,3
4190,3
4191,3
4192,3
4193,3
4194,3
4195,3
4196,3
4197,3
4198,3
4199,3
4200,3
4201,3
4202,3
4203,3
4204,3
4205,3
4206,3
4207,3
4208,3
4209,3
4210,3
4211,3
4212,3
4213,3
4214,3
4215,3
4216,3
4217,3
4218,3
4219,3
4220,3
4221,3
4222,3
4223,3
4224,3
4225,3
4226,3
4227,3
4228,3
4229,3
4230,3
4231,3
4232,3
4233,3
4234,3
4235,3
4236,3
4237,3
4238,3
4239,3
4240,3
4241,3
4242,3
4243,3
4244,3
4245,3
4246,3
4247,3
4248,3
4249,3
4250,3
4251,3
4252,3
4253,3
4254,3
4255,3
4256,3
4257,3
4258,3
4259,3
4260,3
4261,3
4262,3
4263,3
4264,3
4265,3
4266,3
4267,3
4268,3
4269,3
4270,3
4271,3
4272,3
4273,3
4274,3
4275,3
4276,3
4277,3
4278,3
4279,3
4280,3
4281,3
4282,3
4283,3
4284,3
4285,3
4286,3
4287,3
4288,3
4289,3
4290,3
4291,3
4292,3
4293,3
4294,3
4295,3
4296,3
4297,3
4298,3
4299,3
4300,3
4301,3
4302,3
4303,3
4304,3
4305,3
4306,3
4307,3
4308,3
4309,3
4310,3
4311,3
4312,3
4313,3
4314,3
4315,3
4316,3
4317,3
4318,3
4319,3
4320,3
4321,3
4322,3
4323,3
4324,3
4325,3
4326,3
4327,3
4328,3
4329,3
4330,3
4331,3
4332,3
4333,3
4334,3
4335,3
4336,3
4337,3
4338,3
4339,3
4340,3
4341,3
4342,3
4343,3
4344,3
4345,3
4346,3
4347,3
4348,3
4349,3
4350,3
4351,3
4352,3
4353,3
4354,3
4355,3
4356,3
4357,3
4358,3
4359,3
4360,3
4361,3
4362,3
4363,3
4364,3
4365,3
4366,3
4367,3
4368,3
4369,3
4370,3
4371,3
4372,3
4373,3
4374,3
4375,3
4376,3
4377,3
4378,3
4379,3
4380,3
4381,3
4382,3
4383,3
4384,3
4385,3
4386,3
4387,3
4388,3
4389,3
4390,3
4391,3
4392,3
4393,3
4394,3
4395,3
4396,3
4397,3
4398,3
4399,3
4400,3
4401,3
4402,3
4403,3
4404,3
4405,3
4406,3
4407,3
4408,3
4409,3
4410,3
4411,3
4412,3
4413,3
4414,3
4415,3
4416,3
4417,3
4418,3
4419,3
4420,3
4421,3
4422,3
4423,3
4424,3
4425,3
4426,3
4427,3
4428,3
4429,3
4430,3
4431,3
4432,3
4433,3
4434,3
4435,3
4436,3
4437,3
4438,3
4439,3
4440,3
4441,3
4442,3
4443,3
4444,3
4445,3
4446,3
4447,3
4448,3
4449,3
4450,3
4451,3
4452,3
4453,3
4454,3
4455,3
4456,3
4457,3
4458,3
4459,3
4460,3
4461,3
4462,3
4463,3
4464,3
4465,3
4466,3
4467,3
4468,3
4469,3
4470,3
4471,3
4472,3
4473,3
4474,3
4475,3
4476,3
4477,3
4478,3
4479,3
4480,3
4481,3
4482,3
4483,3
4484,3
4485,3
4486,3
4487,3
4488,3
4489,3
4490,3
4491,3
4492,3
4493,3
4494,3
4495,3
4496,3
4497,3
4498,3
4499,3
4500,3
4501,3
4502,3
4503,3
4504,3
4505,3
4506,3
4507,3
4508,3
4509,3
4510,3
4511,3
4512,3
4513,3
4514,3
4515,3
4516,3
4517,3
4518,3
4519,3
4520,3
4521,3
4522,3
4523,3
4524,3
4525,3
4526,3
4527,3
4528,3
4529,3
4530,3
4531,3
4532,3
4533,3
4534,3
4535,3
4536,3
4537,3
4538,3
4539,3
4540,3
4541,3
4542,3
4543,3
4544,3
4545,3
4546,3
4547,3
4548,3
4549,3
4550,3
4551,3
4552,3
4553,3
4554,3
4555,3
4556,3
4557,3
4558,3
4559,3
4560,3
4561,3
4562,3
4563,3
4564,3
4565,3
4566,3
4567,3
4568,3
4569,3
4570,3
4571,3
4572,3
4573,3
4574,3
4575,3
4576,3
4577,3
4578,3
4579,3
4580,3
4581,3
4582,3
4583,3
4584,3
4585,3
4586,3
4587,3
4588,3
4589,3
4590,3
4591,3
4592,3
4593,3
4594,3
4595,3
4596,3
4597,3
4598,3
4599,3
4600,3
4601,3
4602,3
4603,3
4604,3
4605,3
4606,3
4607,3
4608,3
4609,3
4610,3
4611,3
4612,3
4613,3
4614,3
4615,3
4616,3
4617,3
4618,3
4619,3
4620,3
4621,3
4622,3
4623,3
4624,3
4625,3
4626,3
4627,3
4628,3
4629,3
4630,3
4631,3
4632,3
4633,3
4634,3
4635,3
4636,3
4637,3
4638,3
4639,3
4640,3
4641,3
4642,3
4643,3
4644,3
4645,3
4646,3
4647,3
4648,3
4649,3
4650,3
4651,3
4652,3
4653,3
4654,3
4655,3
4656,3
4657,3
4658,3
4659,3
4660,3
4661,3
4662,3
4663,3
4664,3
4665,3
4666,3
4667,3
4668,3
4669,3
4670,3
4671,3
4672,3
4673,3
4674,3
4675,3
4676,3
4677,3
4678,3
4679,3
4680,3
4681,3
4682,3
4683,3
4684,3
4685,3
4686,3
4687,3
4688,3
4689,3
4690,3
4691,3
4692,3
4693,3
4694,3
4695,3
4696,3
4697,3
4698,3
4699,3
4700,3
4701,3
4702,3
4703,3
4704,3
4705,3
4706,3
4707,3
4708,3
4709,3
4710,3
4711,3
4712,3
4713,3
4714,3
4715,3
4716,3
4717,3
4718,3
4719,3
4720,3
4721,3
4722,3
4723,3
4724,3
4725,3
4726,3
4727,3
4728,3
4729,3
4730,3
4731,3
4732,3
4733,3
4734,3
4735,3
4736,3
4737,3
4738,3
4739,3
4740,3
4741,3
4742,3
4743,3
4744,3
4745,3
4746,3
4747,3
4748,3
4749,3
4750,3
4751,3
4752,3
4753,3
4754,3
4755,3
4756,3
4757,3
4758,3
4759,3
4760,3
4761,3
4762,3
4763,3
4764,3
4765,3
4766,3
4767,3
4768,3
4769,3
4770,3
4771,3
4772,3
4773,3
4774,3
4775,3
4776,3
4777,3
4778,3
4779,3
4780,3
4781,3
4782,3
4783,3
4784,3
4785,3
4786,3
4787,3
4788,3
4789,3
4790,3
4791,3
4792,3
4793,3
4794,3
4795,3
4796,3
4797,3
4798,3
4799,3
4800,3
4801,3
4802,3
4803,3
4804,3
4805,3
4806,3
4807,3
4808,3
4809,3
4810,3
4811,3
4812,3
4813,3
4814,3
4815,3
4816,3
4817,3
4818,3
4819,3
4820,3
4821,3
4822,3
4823,3
4824,3
4825,3
4826,3
4827,3
4828,3
4829,3
4830,3
4831,3
4832,3
4833,3
4834,3
4835,3
4836,3
4837,3
4838,3
4839,3
4840,3
4841,3
4842,3
4843,3
4844,3
4845,3
4846,3
4847,3
4848,3
4849,3
4850,3
4851,3
4852,3
4853,3
4854,3
4855,3
4856,3
4857,3
4858,3
4859,3
4860,3
4861,3
4862,3
4863,3
4864,3
4865,3
4866,3
4867,3
4868,3
4869,3
4870,3
4871,3
4872,3
4873,3
4874,3
4875,3
4876,3
4877,3
4878,3
4879,3
4880,3
4881,3
4882,3
4883,3
4884,3
4885,3
4886,3
4887,3
4888,3
4889,3
4890,3
4891,3
4892,3
4893,3
4894,3
4895,3
4896,3
4897,3
4898,3
4899,3
4900,3
4901,3
4902,3
4903,3
4904,3
4905,3
4906,3
4907,3
4908,3
4909,3
4910,3
4911,3
4912,3
4913,3
4914,3
4915,3
4916,3
4917,3
4918,3
4919,3
4920,3
4921,3
4922,3
4923,3
4924,3
4925,3
4926,3
4927,3
4928,3
4929,3
4930,3
4931,3
4932,3
4933,3
4934,3
4935,3
4936,3
4937,3
4938,3
4939,3
4940,3
4941,3
4942,3
4943,3
4944,3
4945,3
4946,3
4947,3
4948,3
4949,3
4950,3
4951,3
4952,3
4953,3
4954,3
4955,3
4956,3
4957,3
4958,3
4959,3
4960,3
4961,3
4962,3
4963,3
4964,3
4965,3
4966,3
4967,3
4968,3
4969,3
4970,3
4971,3
4972,3
4973,3
4974,3
4975,3
4976,3
4977,3
4978,3
4979,3
4980,3
4981,3
4982,3
4983,3
4984,3
4985,3
4986,3
4987,3
4988,3
4989,3
4990,3
4991,3
4992,3
4993,3
4994,3
4995,3
4996,3
4997,3
4998,3
4999,3
5000,3
5001,3
5002,3
5003,3
5004,3
5005,3
5006,3
5007,3
5008,3
5009,3
5010,3
5011,3
5012,3
5013,3
5014,3
5015,3
5016,3
5017,3
5018,3
5019,3
5020,3
5021,3
5022,3
5023,3
5024,3
5025,3
5026,3
5027,3
5028,3
5029,3
5030,3
5031,3
5032,3
5033,3
5034,3
5035,3
5036,3
5037,3
5038,3
5039,3
5040,3
5041,3
5042,3
5043,3
5044,3
5045,3
5046,3
5047,3
5048,3
5049,3
5050,3
5051,3
5052,3
5053,3
5054,3
5055,3
5056,3
5057,3
5058,3
5059,3
5060,3
5061,3
5062,3
5063,3
5064,3
5065,3
5066,3
5067,3
5068,3
5069,3
5070,3
5071,3
5072,3
5073,3
5074,3
5075,3
5076,3
5077,3
5078,3
5079,3
5080,3
5081,3
5082,3
5083,3
5084,3
5085,3
5086,3
5087,3
5088,3
5089,3
5090,3
5091,3
5092,3
5093,3
5094,3
5095,3
5096,3
5097,3
5098,3
5099,3
5100,3
5101,3
5102,3
5103,3
5104,3
5105,3
5106,3
5107,3
5108,3
5109,3
5110,3
5111,3
5112,3
5113,3
5114,3
5115,3
5116,3
5117,3
5118,3
5119,3
5120,3
5121,3
5122,3
5123,3
5124,3
5125,3
5126,3
5127,3
5128,3
5129,3
5130,3
5131,3
5132,3
5133,3
5134,3
5135,3
5136,3
5137,3
5138,3
5139,3
5140,3
5141,3
5142,3
5143,3
5144,3
5145,3
5146,3
5147,3
5148,3
5149,3
5150,3
5151,3
5152,3
5153,3
5154,3
5155,3
5156,3
5157,3
5158,3
5159,3
5160,3
5161,3
5162,3
5163,3
5164,3
5165,3
5166,3
5167,3
5168,3
5169,3
5170,3
5171,3
5172,3
5173,3
5174,3
5175,3
5176,3
5177,3
5178,3
5179,3
5180,3
5181,3
5182,3
5183,3
5184,3
5185,3
5186,3
5187,3
5188,3
5189,3
5190,3
5191,3
5192,3
5193,3
5194,3
5195,3
5196,3
5197,3
5198,3
5199,3
5200,3
5201,3
5202,3
5203,3
5204,3
5205,3
5206,3
5207,3
5208,3
5209,3
5210,3
5211,3
5212,3
5213,3
5214,3
5215,3
5216,3
5217,3
5218,3
5219,3
5220,3
5221,3
5222,3
5223,3
5224,3
5225,3
5226,3
5227,3
5228,3
5229,3
5230,3
5231,3
5232,3
5233,3
5234,3
5235,3
5236,3
5237,3
5238,3
5239,3
5240,3
5241,3
5242,3
5243,3
5244,3
5245,3
5246,3
5247,3
5248,3
5249,3
5250,3
5251,3
5252,3
5253,3
5254,3
5255,3
5256,3
5257,3
5258,3
5259,3
5260,3
5261,3
5262,3
5263,3
5264,3
5265,3
5266,3
5267,3
5268,3
5269,3
5270,3
5271,3
5272,3
5273,3
5274,3
5275,3
5276,3
5277,3
5278,3
5279,3
5280,3
5281,3
5282,3
5283,3
5284,3
5285,3
5286,3
5287,3
5288,3
5289,3
5290,3
5291,3
5292,3
5293,3
5294,3
5295,3
5296,3
5297,3
5298,3
5299,3
5300,3
5301,3
5302,3
5303,3
5304,3
5305,3
5306,3
5307,3
5308,3
5309,3
5310,3
5311,3
5312,3
5313,3
5314,3
5315,3
5316,3
5317,3
5318,3
5319,3
5320,3
5321,3
5322,3
5323,3
5324,3
5325,3
5326,3
5327,3
5328,3
5329,3
5330,3
5331,3
5332,3
5333,3
5334,3
5335,3
5336,3
5337,3
5338,3
5339,3
5340,3
5341,3
5342,3
5343,3
5344,3
5345,3
5346,3
5347,3
5348,3
5349,3
5350,3
5351,3
5352,3
5353,3
5354,3
5355,3
5356,3
5357,3
5358,3
5359,3
5360,3
5361,3
5362,3
5363,3
5364,3
5365,3
5366,3
5367,3
5368,3
5369,3
5370,3
5371,3
5372,3
5373,3
5374,3
5375,3
5376,3
5377,3
5378,3
5379,3
5380,3
5381,3
5382,3
5383,3
5384,3
5385,3
5386,3
5387,3
5388,3
5389,3
5390,3
5391,3
5392,3
5393,3
5394,3
5395,3
5396,3
5397,3
5398,3
5399,3
5400,3
5401,3
5402,3
5403,3
5404,3
5405,3
5406,3
5407,3
5408,3
5409,3
5410,3
5411,3
5412,3
5413,3
5414,3
5415,3
5416,3
5417,3
5418,3
5419,3
5420,3
5421,3
5422,3
5423,3
5424,3
5425,3
5426,3
5427,3
5428,3
5429,3
5430,3
5431,3
5432,3
5433,3
5434,3
5435,3
5436,3
5437,3
5438,3
5439,3
5440,3
5441,3
5442,3
5443,3
5444,3
5445,3
5446,3
5447,3
5448,3
5449,3
5450,3
5451,3
5452,3
5453,3
5454,3
5455,3
5456,3
5457,3
5458,3
5459,3
5460,3
5461,3
5462,3
5463,3
5464,3
5465,3
5466,3
5467,3
5468,3
5469,3
5470,3
5471,3
5472,3
5473,3
5474,3
5475,3
5476,3
5477,3
5478,3
5479,3
5480,3
5481,3
5482,3
5483,3
5484,3
5485,3
5486,3
5487,3
5488,3
5489,3
5490,3
5491,3
5492,3
5493,3
5494,3
5495,3
5496,3
5497,3
5498,3
5499,3
5500,3
5501,3
5502,3
5503,3
5504,3
5505,3
5506,3
5507,3
5508,3
5509,3
5510,3
5511,3
5512,3
5513,3
5514,3
5515,3
5516,3
5517,3
5518,3
5519,3
5520,3
5521,3
5522,3
5523,3
5524,3
5525,3
5526,3
5527,3
5528,3
5529,3
5530,3
5531,3
5532,3
5533,3
5534,3
5535,3
5536,3
5537,3
5538,3
5539,3
5540,3
5541,3
5542,3
5543,3
5544,3
5545,3
5546,3
5547,3
5548,3
5549,3
5550,3
5551,3
5552,3
5553,3
5554,3
5555,3
5556,3
5557,3
5558,3
5559,3
5560,3
5561,3
5562,3
5563,3
5564,3
5565,3
5566,3
5567,3
5568,3
5569,3
5570,3
5571,3
5572,3
5573,3
5574,3
5575,3
5576,3
5577,3
5578,3
5579,3
5580,3
5581,3
5582,3
5583,3
5584,3
5585,3
5586,3
5587,3
5588,3
5589,3
5590,3
5591,3
5592,3
5593,3
5594,3
5595,3
5596,3
5597,3
5598,3
5599,3
5600,3
5601,3
5602,3
5603,3
5604,3
5605,3
5606,3
5607,3
5608,3
5609,3
5610,3
5611,3
5612,3
5613,3
5614,3
5615,3
5616,3
5617,3
5618,3
5619,3
5620,3
5621,3
5622,3
5623,3
5624,3
5625,3
5626,3
5627,3
5628,3
5629,3
5630,3
5631,3
5632,3
5633,3
5634,3
5635,3
5636,3
5637,3
5638,3
5639,3
5640,3
5641,3
5642,3
5643,3
5644,3
5645,3
5646,3
5647,3
5648,3
5649,3
5650,3
5651,3
5652,3
5653,3
5654,3
5655,3
5656,3
5657,3
5658,3
5659,3
5660,3
5661,3
5662,3
5663,3
5664,3
5665,3
5666,3
5667,3
5668,3
5669,3
5670,3
5671,3
5672,3
5673,3
5674,3
5675,3
5676,3
5677,3
5678,3
5679,3
5680,3
5681,3
5682,3
5683,3
5684,3
5685,3
5686,3
5687,3
5688,3
5689,3
5690,3
5691,3
5692,3
5693,3
5694,3
5695,3
5696,3
5697,3
5698,3
5699,3
5700,3
5701,3
5702,3
5703,3
5704,3
5705,3
5706,3
5707,3
5708,3
5709,3
5710,3
5711,3
5712,3
5713,3
5714,3
5715,3
5716,3
5717,3
5718,3
5719,3
5720,3
5721,3
5722,3
5723,3
5724,3
5725,3
5726,3
5727,3
5728,3
5729,3
5730,3
5731,3
5732,3
5733,3
5734,3
5735,3
5736,3
5737,3
5738,3
5739,3
5740,3
5741,3
5742,3
5743,3
5744,3
5745,3
5746,3
5747,3
5748,3
5749,3
5750,3
5751,3
5752,3
5753,3
5754,3
5755,3
5756,3
5757,3
5758,3
5759,3
5760,3
5761,3
5762,3
5763,3
5764,3
5765,3
5766,3
5767,3
5768,3
5769,3
5770,3
5771,3
5772,3
5773,3
5774,3
5775,3
5776,3
5777,3
5778,3
5779,3
5780,3
5781,3
5782,3
5783,3
5784,3
5785,3
5786,3
5787,3
5788,3
5789,3
5790,3
5791,3
5792,3
5793,3
5794,3
5795,3
5796,3
5797,3
5798,3
5799,3
5800,3
5801,3
5802,3
5803,3
5804,3
5805,3
5806,3
5807,3
5808,3
5809,3
5810,3
5811,3
5812,3
5813,3
5814,3
5815,3
5816,3
5817,3
5818,3
5819,3
5820,3
5821,3
5822,3
5823,3
5824,3
5825,3
5826,3
5827,3
5828,3
5829,3
5830,3
5831,3
5832,3
5833,3
5834,3
5835,3
5836,3
5837,3
5838,3
5839,3
5840,3
5841,3
5842,3
5843,3
5844,3
5845,3
5846,3
5847,3
5848,3
5849,3
5850,3
5851,3
5852,3
5853,3
5854,3
5855,3
5856,3
5857,3
5858,3
5859,3
5860,3
5861,3
5862,3
5863,3
5864,3
5865,3
5866,3
5867,3
5868,3
5869,3
5870,3
5871,3
5872,3
5873,3
5874,3
5875,3
5876,3
5877,3
5878,3
5879,3
5880,3
5881,3
5882,3
5883,3
5884,3
5885,3
5886,3
5887,3
5888,3
5889,3
5890,3
5891,3
5892,3
5893,3
5894,3
5895,3
5896,3
5897,3
5898,3
5899,3
5900,3
5901,3
5902,3
5903,3
5904,3
5905,3
5906,3
5907,3
5908,3
5909,3
5910,3
5911,3
5912,3
5913,3
5914,3
5915,3
5916,3
5917,3
5918,3
5919,3
5920,3
5921,3
5922,3
5923,3
5924,3
5925,3
5926,3
5927,3
5928,3
5929,3
5930,3
5931,3
5932,3
5933,3
5934,3
5935,3
5936,3
5937,3
5938,3
5939,3
5940,3
5941,3
5942,3
5943,3
5944,3
5945,3
5946,3
5947,3
5948,3
5949,3
5950,3
5951,3
5952,3
5953,3
5954,3
5955,3
5956,3
5957,3
5958,3
5959,3
5960,3
5961,3
5962,3
5963,3
5964,3
5965,3
5966,3
5967,3
5968,3
5969,3
5970,3
5971,3
5972,3
5973,3
5974,3
5975,3
5976,3
5977,3
5978,3
5979,3
5980,3
5981,3
5982,3
5983,3
5984,3
5985,3
5986,3
5987,3
5988,3
5989,3
5990,3
5991,3
5992,3
5993,3
5994,3
5995,3
5996,3
5997,3
5998,3
5999,3
6000,3
6001,3
6002,3
6003,3
6004,3
6005,3
6006,3
6007,3
6008,3
6009,3
6010,3
6011,3
6012,3
6013,3
6014,3
6015,3
6016,3
6017,3
6018,3
6019,3
6020,3
6021,3
6022,3
6023,3
6024,3
6025,3
6026,3
6027,3
6028,3
6029,3
6030,3
6031,3
6032,3
6033,3
6034,3
6035,3
6036,3
6037,3
6038,3
6039,3
6040,3
6041,3
6042,3
6043,3
6044,3
6045,3
6046,3
6047,3
6048,3
6049,3
6050,3
6051,3
6052,3
6053,3
6054,3
6055,3
6056,3
6057,3
6058,3
6059,3
6060,3
6061,3
6062,3
6063,3
6064,3
6065,3
6066,3
6067,3
6068,3
6069,3
6070,3
6071,3
6072,3
6073,3
6074,3
6075,3
6076,3
6077,3
6078,3
6079,3
6080,3
6081,3
6082,3
6083,3
6084,3
6085,3
6086,3
6087,3
6088,3
6089,3
6090,3
6091,3
6092,3
6093,3
6094,3
6095,3
6096,3
6097,3
6098,3
6099,3
6100,3
6101,3
6102,3
6103,3
6104,3
6105,3
6106,3
6107,3
6108,3
6109,3
6110,3
6111,3
6112,3
6113,3
6114,3
6115,3
6116,3
6117,3
6118,3
6119,3
6120,3
6121,3
6122,3
6123,3
6124,3
6125,3
6126,3
6127,3
6128,3
6129,3
6130,3
6131,3
6132,3
6133,3
6134,3
6135,3
6136,3
6137,3
6138,3
6139,3
6140,3
6141,3
6142,3
6143,3
6144,3
6145,3
6146,3
6147,3
6148,3
6149,3
6150,3
6151,3
6152,3
6153,3
6154,3
6155,3
6156,3
6157,3
6158,3
6159,3
6160,3
6161,3
6162,3
6163,3
6164,3
6165,3
6166,3
6167,3
6168,3
6169,3
6170,3
6171,3
6172,3
6173,3
6174,3
6175,3
6176,3
6177,3
6178,3
6179,3
6180,3
6181,3
6182,3
6183,3
6184,3
6185,3
6186,3
6187,3
6188,3
6189,3
6190,3
6191,3
6192,3
6193,3
6194,3
6195,3
6196,3
6197,3
6198,3
6199,3
6200,3
6201,3
6202,3
6203,3
6204,3
6205,3
6206,3
6207,3
6208,3
6209,3
6210,3
6211,3
6212,3
6213,3
6214,3
6215,3
6216,3
6217,3
6218,3
6219,3
6220,3
6221,3
6222,3
6223,3
6224,3
6225,3
6226,3
6227,3
6228,3
6229,3
6230,3
6231,3
6232,3
6233,3
6234,3
6235,3
6236,3
6237,3
6238,3
6239,3
6240,3
6241,3
6242,3
6243,3
6244,3
6245,3
6246,3
6247,3
6248,3
6249,3
6250,3
6251,3
6252,3
6253,3
6254,3
6255,3
6256,3
6257,3
6258,3
6259,3
6260,3
6261,3
6262,3
6263,3
6264,3
6265,3
6266,3
6267,3
6268,3
6269,3
6270,3
6271,3
6272,3
6273,3
6274,3
6275,3
6276,3
6277,3
6278,3
6279,3
6280,3
6281,3
6282,3
6283,3
6284,3
6285,3
6286,3
6287,3
6288,3
6289,3
6290,3
6291,3
6292,3
6293,3
6294,3
6295,3
6296,3
6297,3
6298,3
6299,3
6300,3
6301,3
6302,3
6303,3
6304,3
6305,3
6306,3
6307,3
6308,3
6309,3
6310,3
6311,3
6312,3
6313,3
6314,3
6315,3
6316,3
6317,3
6318,3
6319,3
6320,3
6321,3
6322,3
6323,3
6324,3
6325,3
6326,3
6327,3
6328,3
6329,3
6330,3
6331,3
6332,3
6333,3
6334,3
6335,3
6336,3
6337,3
6338,3
6339,3
6340,3
6341,3
6342,3
6343,3
6344,3
6345,3
6346,3
6347,3
6348,3
6349,3
6350,3
6351,3
6352,3
6353,3
6354,3
6355,3
6356,3
6357,3
6358,3
6359,3
6360,3
6361,3
6362,3
6363,3
6364,3
6365,3
6366,3
6367,3
6368,3
6369,3
6370,3
6371,3
6372,3
6373,3
6374,3
6375,3
6376,3
6377,3
6378,3
6379,3
6380,3
6381,3
6382,3
6383,3
6384,3
6385,3
6386,3
6387,3
6388,3
6389,3
6390,3
6391,3
6392,3
6393,3
6394,3
6395,3
6396,3
6397,3
6398,3
6399,3
6400,3
6401,3
6402,3
6403,3
6404,3
6405,3
6406,3
6407,3
6408,3
6409,3
6410,3
6411,3
6412,3
6413,3
6414,3
6415,3
6416,3
6417,3
6418,3
6419,3
6420,3
6421,3
6422,3
6423,3
6424,3
6425,3
6426,3
6427,3
6428,3
6429,3
6430,3
6431,3
6432,3
6433,3
6434,3
6435,3
6436,3
6437,3
6438,3
6439,3
6440,3
6441,3
6442,3
6443,3
6444,3
6445,3
6446,3
6447,3
6448,3
6449,3
6450,3
6451,3
6452,3
6453,3
6454,3
6455,3
6456,3
6457,3
6458,3
6459,3
6460,3
6461,3
6462,3
6463,3
6464,3
6465,3
6466,3
6467,3
6468,3
6469,3
6470,3
6471,3
6472,3
6473,3
6474,3
6475,3
6476,3
6477,3
6478,3
6479,3
6480,3
6481,3
6482,3
6483,3
6484,3
6485,3
6486,3
6487,3
6488,3
6489,3
6490,3
6491,3
6492,3
6493,3
6494,3
6495,3
6496,3
6497,3
6498,3
6499,3
6500,3
6501,3
6502,3
6503,3
6504,3
6505,3
6506,3
6507,3
6508,3
6509,3
6510,3
6511,3
6512,3
6513,3
6514,3
6515,3
6516,3
6517,3
6518,3
6519,3
6520,3
6521,3
6522,3
6523,3
6524,3
6525,3
6526,3
6527,3
6528,3
6529,3
6530,3
6531,3
6532,3
6533,3
6534,3
6535,3
6536,3
6537,3
6538,3
6539,3
6540,3
6541,3
6542,3
6543,3
6544,3
6545,3
6546,3
6547,3
6548,3
6549,3
6550,3
6551,3
6552,3
6553,3
6554,3
6555,3
6556,3
6557,3
6558,3
6559,3
6560,3
6561,3
6562,3
6563,3
6564,3
6565,3
6566,3
6567,3
6568,3
6569,3
6570,3
6571,3
6572,3
6573,3
6574,3
6575,3
6576,3
6577,3
6578,3
6579,3
6580,3
6581,3
6582,3
6583,3
6584,3
6585,3
6586,3
6587,3
6588,3
6589,3
6590,3
6591,3
6592,3
6593,3
6594,3
6595,3
6596,3
6597,3
6598,3
6599,3
6600,3
6601,3
6602,3
6603,3
6604,3
6605,3
6606,3
6607,3
6608,3
6609,3
6610,3
6611,3
6612,3
6613,3
6614,3
6615,3
6616,3
6617,3
6618,3
6619,3
6620,3
6621,3
6622,3
6623,3
6624,3
6625,3
6626,3
6627,3
6628,3
6629,3
6630,3
6631,3
6632,3
6633,3
6634,3
6635,3
6636,3
6637,3
6638,3
6639,3
6640,3
6641,3
6642,3
6643,3
6644,3
6645,3
6646,3
6647,3
6648,3
6649,3
6650,3
6651,3
6652,3
6653,3
6654,3
6655,3
6656,3
6657,3
6658,3
6659,3
6660,3
6661,3
6662,3
6663,3
6664,3
6665,3
6666,3
6667,3
6668,3
6669,3
6670,3
6671,3
6672,3
6673,3
6674,3
6675,3
6676,3
6677,3
6678,3
6679,3
6680,3
6681,3
6682,3
6683,3
6684,3
6685,3
6686,3
6687,3
6688,3
6689,3
6690,3
6691,3
6692,3
6693,3
6694,3
6695,3
6696,3
6697,3
6698,3
6699,3
6700,3
6701,3
6702,3
6703,3
6704,3
6705,3
6706,3
6707,3
6708,3
6709,3
6710,3
6711,3
6712,3
6713,3
6714,3
6715,3
6716,3
6717,3
6718,3
6719,3
6720,3
6721,3
6722,3
6723,3
6724,3
6725,3
6726,3
6727,3
6728,3
6729,3
6730,3
6731,3
6732,3
6733,3
6734,3
6735,3
6736,3
6737,3
6738,3
6739,3
6740,3
6741,3
6742,3
6743,3
6744,3
6745,3
6746,3
6747,3
6748,3
6749,3
6750,3
6751,3
6752,3
6753,3
6754,3
6755,3
6756,3
6757,3
6758,3
6759,3
6760,3
6761,3
6762,3
6763,3
6764,3
6765,3
6766,3
6767,3
6768,3
6769,3
6770,3
6771,3
6772,3
6773,3
6774,3
6775,3
6776,3
6777,3
6778,3
6779,3
6780,3
6781,3
6782,3
6783,3
6784,3
6785,3
6786,3
6787,3
6788,3
6789,3
6790,3
6791,3
6792,3
6793,3
6794,3
6795,3
6796,3
6797,3
6798,3
6799,3
6800,3
6801,3
6802,3
6803,3
6804,3
6805,3
6806,3
6807,3
6808,3
6809,3
6810,3
6811,3
6812,3
6813,3
6814,3
6815,3
6816,3
6817,3
6818,3
6819,3
6820,3
6821,3
6822,3
6823,3
6824,3
6825,3
6826,3
6827,3
6828,3
6829,3
6830,3
6831,3
6832,3
6833,3
6834,3
6835,3
6836,3
6837,3
6838,3
6839,3
6840,3
6841,3
6842,3
6843,3
6844,3
6845,3
6846,3
6847,3
6848,3
6849,3
6850,3
6851,3
6852,3
6853,3
6854,3
6855,3
6856,3
6857,3
6858,3
6859,3
6860,3
6861,3
6862,3
6863,3
6864,3
6865,3
6866,3
6867,3
6868,3
6869,3
6870,3
6871,3
6872,3
6873,3
6874,3
6875,3
6876,3
6877,3
6878,3
6879,3
6880,3
6881,3
6882,3
6883,3
6884,3
6885,3
6886,3
6887,3
6888,3
6889,3
6890,3
6891,3
6892,3
6893,3
6894,3
6895,3
6896,3
6897,3
6898,3
6899,3
6900,3
6901,3
6902,3
6903,3
6904,3
6905,3
6906,3
6907,3
6908,3
6909,3
6910,3
6911,3
6912,3
6913,3
6914,3
6915,3
6916,3
6917,3
6918,3
6919,3
6920,3
6921,3
6922,3
6923,3
6924,3
6925,3
6926,3
6927,3
6928,3
6929,3
6930,3
6931,3
6932,3
6933,3
6934,3
6935,3
6936,3
6937,3
6938,3
6939,3
6940,3
6941,3
6942,3
6943,3
6944,3
6945,3
6946,3
6947,3
6948,3
6949,3
6950,3
6951,3
6952,3
6953,3
6954,3
6955,3
6956,3
6957,3
6958,3
6959,3
6960,3
6961,3
6962,3
6963,3
6964,3
6965,3
6966,3
6967,3
6968,3
6969,3
6970,3
6971,3
6972,3
6973,3
6974,3
6975,3
6976,3
6977,3
6978,3
6979,3
6980,3
6981,3
6982,3
6983,3
6984,3
6985,3
6986,3
6987,3
6988,3
6989,3
6990,3
6991,3
6992,3
6993,3
6994,3
6995,3
6996,3
6997,3
6998,3
6999,3
7000,3
7001,3
7002,3
7003,3
7004,3
7005,3
7006,3
7007,3
7008,3
7009,3
7010,3
7011,3
7012,3
7013,3
7014,3
7015,3
7016,3
7017,3
7018,3
7019,3
7020,3
7021,3
7022,3
7023,3
7024,3
7025,3
7026,3
7027,3
7028,3
7029,3
7030,3
7031,3
7032,3
7033,3
7034,3
7035,3
7036,3
7037,3
7038,3
7039,3
7040,3
7041,3
7042,3
7043,3
7044,3
7045,3
7046,3
7047,3
7048,3
7049,3
7050,3
7051,3
7052,3
7053,3
7054,3
7055,3
7056,3
7057,3
7058,3
7059,3
7060,3
7061,3
7062,3
7063,3
7064,3
7065,3
7066,3
7067,3
7068,3
7069,3
7070,3
7071,3
7072,3
7073,3
7074,3
7075,3
7076,3
7077,3
7078,3
7079,3
7080,3
7081,3
7082,3
7083,3
7084,3
7085,3
7086,3
7087,3
7088,3
7089,3
7090,3
7091,3
7092,3
7093,3
7094,3
7095,3
7096,3
7097,3
7098,3
7099,3
7100,3
7101,3
7102,3
7103,3
7104,3
7105,3
7106,3
7107,3
7108,3
7109,3
7110,3
7111,3
7112,3
7113,3
7114,3
7115,3
7116,3
7117,3
7118,3
7119,3
7120,3
7121,3
7122,3
7123,3
7124,3
7125,3
7126,3
7127,3
7128,3
7129,3
7130,3
7131,3
7132,3
7133,3
7134,3
7135,3
7136,3
7137,3
7138,3
7139,3
7140,3
7141,3
7142,3
7143,3
7144,3
7145,3
7146,3
7147,3
7148,3
7149,3
7150,3
7151,3
7152,3
7153,3
7154,3
7155,3
7156,3
7157,3
7158,3
7159,3
7160,3
7161,3
7162,3
7163,3
7164,3
7165,3
7166,3
7167,3
7168,3
7169,3
7170,3
7171,3
7172,3
7173,3
7174,3
7175,3
7176,3
7177,3
7178,3
7179,3
7180,3
7181,3
7182,3
7183,3
7184,3
7185,3
7186,3
7187,3
7188,3
7189,3
7190,3
7191,3
7192,3
7193,3
7194,3
7195,3
7196,3
7197,3
7198,3
7199,3
7200,3
7201,3
7202,3
7203,3
7204,3
7205,3
7206,3
7207,3
7208,3
7209,3
7210,3
7211,3
7212,3
7213,3
7214,3
7215,3
7216,3
7217,3
7218,3
7219,3
7220,3
7221,3
7222,3
7223,3
7224,3
7225,3
7226,3
7227,3
7228,3
7229,3
7230,3
7231,3
7232,3
7233,3
7234,3
7235,3
7236,3
7237,3
7238,3
7239,3
7240,3
7241,3
7242,3
7243,3
7244,3
7245,3
7246,3
7247,3
7248,3
7249,3
7250,3
7251,3
7252,3
7253,3
7254,3
7255,3
7256,3
7257,3
7258,3
7259,3
7260,3
7261,3
7262,3
7263,3
7264,3
7265,3
7266,3
7267,3
7268,3
7269,3
7270,3
7271,3
7272,3
7273,3
7274,3
7275,3
7276,3
7277,3
7278,3
7279,3
7280,3
7281,3
7282,3
7283,3
7284,3
7285,3
7286,3
7287,3
7288,3
7289,3
7290,3
7291,3
7292,3
7293,3
7294,3
7295,3
7296,3
7297,3
7298,3
7299,3
7300,3
7301,3
7302,3
7303,3
7304,3
7305,3
7306,3
7307,3
7308,3
7309,3
7310,3
7311,3
7312,3
7313,3
7314,3
7315,3
7316,3
7317,3
7318,3
7319,3
7320,3
7321,3
7322,3
7323,3
7324,3
7325,3
7326,3
7327,3
7328,3
7329,3
7330,3
7331,3
7332,3
7333,3
7334,3
7335,3
7336,3
7337,3
7338,3
7339,3
7340,3
7341,3
7342,3
7343,3
7344,3
7345,3
7346,3
7347,3
7348,3
7349,3
7350,3
7351,3
7352,3
7353,3
7354,3
7355,3
7356,3
7357,3
7358,3
7359,3
7360,3
7361,3
7362,3
7363,3
7364,3
7365,3
7366,3
7367,3
7368,3
7369,3
7370,3
7371,3
7372,3
7373,3
7374,3
7375,3
7376,3
7377,3
7378,3
7379,3
7380,3
7381,3
7382,3
7383,3
7384,3
7385,3
7386,3
7387,3
7388,3
7389,3
7390,3
7391,3
7392,3
7393,3
7394,3
7395,3
7396,3
7397,3
7398,3
7399,3
7400,3
7401,3
7402,3
7403,3
7404,3
7405,3
7406,3
7407,3
7408,3
7409,3
7410,3
7411,3
7412,3
7413,3
7414,3
7415,3
7416,3
7417,3
7418,3
7419,3
7420,3
7421,3
7422,3
7423,3
7424,3
7425,3
7426,3
7427,3
7428,3
7429,3
7430,3
7431,3
7432,3
7433,3
7434,3
7435,3
7436,3
7437,3
7438,3
7439,3
7440,3
7441,3
7442,3
7443,3
7444,3
7445,3
7446,3
7447,3
7448,3
7449,3
7450,3
7451,3
7452,3
7453,3
7454,3
7455,3
7456,3
7457,3
7458,3
7459,3
7460,3
7461,3
7462,3
7463,3
7464,3
7465,3
7466,3
7467,3
7468,3
7469,3
7470,3
7471,3
7472,3
7473,3
7474,3
7475,3
7476,3
7477,3
7478,3
7479,3
7480,3
7481,3
7482,3
7483,3
7484,3
7485,3
7486,3
7487,3
7488,3
7489,3
7490,3
7491,3
7492,3
7493,3
7494,3
7495,3
7496,3
7497,3
7498,3
7499,3
7500,3
7501,3
7502,3
7503,3
7504,3
7505,3
7506,3
7507,3
7508,3
7509,3
7510,3
7511,3
7512,3
7513,3
7514,3
7515,3
7516,3
7517,3
7518,3
7519,3
7520,3
7521,3
7522,3
7523,3
7524,3
7525,3
7526,3
7527,3
7528,3
7529,3
7530,3
7531,3
7532,3
7533,3
7534,3
7535,3
7536,3
7537,3
7538,3
7539,3
7540,3
7541,3
7542,3
7543,3
7544,3
7545,3
7546,3
7547,3
7548,3
7549,3
7550,3
7551,3
7552,3
7553,3
7554,3
7555,3
7556,3
7557,3
7558,3
7559,3
7560,3
7561,3
7562,3
7563,3
7564,3
7565,3
7566,3
7567,3
7568,3
7569,3
7570,3
7571,3
7572,3
7573,3
7574,3
7575,3
7576,3
7577,3
7578,3
7579,3
7580,3
7581,3
7582,3
7583,3
7584,3
7585,3
7586,3
7587,3
7588,3
7589,3
7590,3
7591,3
7592,3
7593,3
7594,3
7595,3
7596,3
7597,3
7598,3
7599,3
7600,3
7601,3
7602,3
7603,3
7604,3
7605,3
7606,3
7607,3
7608,3
7609,3
7610,3
7611,3
7612,3
7613,3
7614,3
7615,3
7616,3
7617,3
7618,3
7619,3
7620,3
7621,3
7622,3
7623,3
7624,3
7625,3
7626,3
7627,3
7628,3
7629,3
7630,3
7631,3
7632,3
7633,3
7634,3
7635,3
7636,3
7637,3
7638,3
7639,3
7640,3
7641,3
7642,3
7643,3
7644,3
7645,3
7646,3
7647,3
7648,3
7649,3
7650,3
7651,3
7652,3
7653,3
7654,3
7655,3
7656,3
7657,3
7658,3
7659,3
7660,3
7661,3
7662,3
7663,3
7664,3
7665,3
7666,3
7667,3
7668,3
7669,2
7670,2
7671,2
7672,2
7673,2
7674,2
7675,2
7676,2
7677,2
7678,2
7679,2
7680,2
7681,2
7682,2
7683,3
7684,2
7685,2
7686,2
7687,2
7688,2
7689,2
7690,2
7691,3
7692,2
7693,2
7694,2
7695,2
7696,2
7697,3
7698,2
7699,2
7700,2
7701,2
7702,2
7703,2
7704,2
7705,2
7706,2
7707,2
7708,2
7709,2
7710,2
7711,2
7712,3
7713,2
7714,2
7715,2
7716,3
7717,2
7718,2
7719,2
7720,3
7721,2
7722,3
7723,2
7724,2
7725,2
7726,3
7727,2
7728,2
7729,2
7730,2
7731,2
7732,2
7733,2
7734,2
7735,2
7736,3
7737,2
7738,2
7739,3
7740,2
7741,3
7742,2
7743,3
7744,2
7745,2
7746,2
7747,2
7748,2
7749,2
7750,2
7751,2
7752,2
7753,2
7754,2
7755,3
7756,3
7757,2
7758,2
7759,3
7760,3
7761,3
7762,3
7763,3
7764,3
7765,3
7766,2
7767,2
7768,2
7769,2
7770,2
7771,2
7772,2
7773,2
7774,2
7775,2
7776,2
7777,2
7778,2
7779,3
7780,2
7781,2
7782,2
7783,2
7784,2
7785,2
7786,2
7787,2
7788,2
7789,2
7790,2
7791,2
7792,2
7793,2
7794,2
7795,2
7796,2
7797,2
7798,3
7799,2
7800,2
7801,2
7802,2
7803,2
7804,2
7805,2
7806,2
7807,2
7808,2
7809,2
7810,3
7811,2
7812,2
7813,3
7814,3
7815,3
7816,2
7817,2
7818,2
7819,3
7820,3
7821,3
7822,3
7823,2
7824,2
7825,2
7826,3
7827,3
7828,2
7829,3
7830,3
7831,2
7832,3
7833,2
7834,3
7835,3
7836,2
7837,2
7838,2
7839,3
7840,2
7841,3
7842,3
7843,3
7844,3
7845,3
7846,3
7847,2
7848,2
7849,2
7850,2
7851,3
7852,3
7853,3
7854,3
7855,3
7856,3
7857,3
7858,3
7859,3
7860,2
7861,3
7862,3
7863,3
7864,2
7865,2
7866,2
7867,2
7868,2
7869,2
7870,2
7871,2
7872,2
7873,2
7874,2
7875,2
7876,2
7877,2
7878,2
7879,2
7880,2
7881,2
7882,2
7883,2
7884,2
7885,2
7886,2
7887,2
7888,2
7889,2
7890,2
7891,2
7892,2
7893,2
7894,2
7895,2
7896,2
7897,2
7898,2
7899,2
7900,2
7901,2
7902,2
7903,2
7904,2
7905,2
7906,2
7907,2
7908,2
7909,2
7910,2
7911,2
7912,2
7913,2
7914,2
7915,3
7916,3
7917,3
7918,3
7919,3
7920,3
7921,3
7922,3
7923,3
7924,3
7925,3
7926,3
7927,3
7928,3
7929,3
7930,3
7931,3
7932,3
7933,3
7934,3
7935,3
7936,3
7937,3
7938,3
7939,3
7940,3
7941,3
7942,3
7943,3
7944,3
7945,3
7946,3
7947,3
7948,2
7949,2
7950,2
7951,3
7952,3
7953,2
7954,2
7955,2
7956,2
7957,2
7958,2
7959,3
7960,2
7961,2
7962,2
7963,2
7964,2
7965,3
7966,2
7967,2
7968,2
7969,2
7970,2
7971,2
7972,2
7973,3
7974,3
7975,2
7976,3
7977,2
7978,2
7979,3
7980,3
7981,3
7982,2
7983,2
7984,2
7985,2
7986,2
7987,3
7988,2
7989,2
7990,3
7991,2
7992,2
7993,3
7994,3
7995,2
7996,3
7997,3
7998,3
7999,3
8000,3
8001,2
8002,2
8003,2
8004,2
8005,2
8006,2
8007,2
8008,2
8009,2
8010,2
8011,2
8012,3
8013,3
8014,2
8015,3
8016,3
8017,2
8018,2
8019,2
8020,2
8021,2
8022,2
8023,2
8024,2
8025,3
8026,2
8027,2
8028,2
8029,2
8030,3
8031,3
8032,2
8033,2
8034,3
8035,3
8036,3
8037,2
8038,2
8039,3
8040,2
8041,3
8042,3
8043,2
8044,2
8045,2
8046,2
8047,2
8048,3
8049,3
8050,2
8051,2
8052,2
8053,3
8054,2
8055,3
8056,3
8057,2
8058,2
8059,2
8060,2
8061,2
8062,2
8063,3
8064,2
8065,2
8066,2
8067,2
8068,2
8069,2
8070,2
8071,2
8072,2
8073,2
8074,2
8075,2
8076,3
8077,3
8078,3
8079,3
8080,3
8081,2
8082,2
8083,3
8084,3
8085,2
8086,2
8087,2
8088,2
8089,2
8090,2
8091,2
8092,2
8093,2
8094,3
8095,3
8096,2
8097,2
8098,2
8099,3
8100,3
8101,3
8102,3
8103,2
8104,2
8105,2
8106,2
8107,2
8108,2
8109,2
8110,2
8111,2
8112,2
8113,3
8114,3
8115,2
8116,3
8117,2
8118,3
8119,3
8120,3
8121,3
8122,3
8123,3
8124,3
8125,3
8126,3
8127,2
8128,2
8129,3
8130,2
8131,3
8132,2
8133,3
8134,2
8135,2
8136,2
8137,2
8138,3
8139,2
8140,2
8141,2
8142,2
8143,2
8144,2
8145,2
8146,2
8147,2
8148,2
8149,2
8150,2
8151,2
8152,2
8153,2
8154,3
8155,2
8156,3
8157,2
8158,2
8159,2
8160,2
8161,2
8162,3
8163,3
8164,3
8165,3
8166,3
8167,2
8168,3
8169,3
8170,2
8171,2
8172,3
8173,2
8174,2
8175,2
8176,2
8177,2
8178,2
8179,2
8180,2
8181,2
8182,2
8183,2
8184,3
8185,2
8186,3
8187,2
8188,2
8189,2
8190,2
8191,2
8192,2
8193,2
8194,3
8195,3
8196,3
8197,3
8198,3
8199,3
8200,3
8201,3
8202,2
8203,2
8204,2
8205,2
8206,2
8207,2
8208,3
8209,2
8210,2
8211,3
8212,2
8213,2
8214,2
8215,2
8216,2
8217,2
8218,2
8219,2
8220,2
8221,2
8222,2
8223,2
8224,2
8225,2
8226,2
8227,2
8228,2
8229,2
8230,2
8231,2
8232,2
8233,2
8234,2
8235,2
8236,2
8237,2
8238,2
8239,2
8240,3
8241,3
8242,2
8243,3
8244,3
8245,3
8246,3
8247,3
8248,3
8249,3
8250,2
8251,3
8252,3
8253,2
8254,3
8255,2
8256,2
8257,2
8258,2
8259,3
8260,3
8261,2
8262,2
8263,3
8264,3
8265,3
8266,2
8267,3
8268,2
8269,2
8270,2
8271,2
8272,3
8273,3
8274,2
8275,2
8276,2
8277,2
8278,2
8279,2
8280,2
8281,2
8282,3
8283,2
8284,3
8285,2
8286,3
8287,3
8288,3
8289,3
8290,2
8291,3
8292,3
8293,3
8294,3
8295,3
8296,3
8297,3
8298,3
8299,3
8300,3
8301,2
8302,3
8303,3
8304,3
8305,3
8306,3
8307,3
8308,2
8309,2
8310,2
8311,2
8312,2
8313,3
8314,3
8315,3
8316,2
8317,2
8318,3
8319,2
8320,2
8321,3
8322,3
8323,3
8324,2
8325,2
8326,2
8327,2
8328,2
8329,2
8330,2
8331,2
8332,3
8333,2
8334,2
8335,2
8336,2
8337,3
8338,3
8339,2
8340,3
8341,2
8342,2
8343,2
8344,2
8345,3
8346,2
8347,2
8348,2
8349,2
8350,3
8351,3
8352,2
8353,2
8354,2
8355,2
8356,2
8357,2
8358,2
8359,2
8360,2
8361,2
8362,3
8363,3
8364,2
8365,2
8366,2
8367,2
8368,2
8369,2
8370,2
8371,2
8372,2
8373,2
8374,2
8375,2
8376,2
8377,2
8378,2
8379,2
8380,2
8381,2
8382,2
8383,2
8384,2
8385,2
8386,2
8387,2
8388,2
8389,2
8390,3
8391,2
8392,3
8393,2
8394,2
8395,2
8396,2
8397,2
8398,2
8399,2
8400,2
8401,2
8402,2
8403,2
8404,2
8405,2
8406,2
8407,2
8408,2
8409,2
8410,3
8411,2
8412,2
8413,3
8414,3
8415,2
8416,2
8417,2
8418,3
8419,3
8420,3
8421,2
8422,2
8423,2
8424,3
8425,3
8426,3
8427,3
8428,2
8429,2
8430,2
8431,3
8432,2
8433,2
8434,2
8435,2
8436,2
8437,2
8438,2
8439,2
8440,2
8441,2
8442,2
8443,2
8444,2
8445,2
8446,2
8447,2
8448,2
8449,2
8450,3
8451,3
8452,3
8453,3
8454,3
8455,3
8456,3
8457,3
8458,2
8459,3
8460,3
8461,3
8462,3
8463,2
8464,3
8465,2
8466,3
8467,3
8468,3
8469,3
8470,2
8471,2
8472,2
8473,2
8474,2
8475,2
8476,2
8477,3
8478,2
8479,2
8480,2
8481,2
8482,2
8483,2
8484,2
8485,3
8486,3
8487,3
8488,3
8489,2
8490,2
8491,3
8492,2
8493,2
8494,2
8495,3
8496,3
8497,2
8498,3
8499,2
8500,3
8501,3
8502,2
8503,2
8504,2
8505,2
8506,2
8507,3
8508,2
8509,2
8510,3
8511,2
8512,3
8513,2
8514,3
8515,2
8516,2
8517,2
8518,2
8519,2
8520,2
8521,2
8522,2
8523,2
8524,2
8525,2
8526,2
8527,2
8528,2
8529,3
8530,2
8531,2
8532,2
8533,2
8534,2
8535,2
8536,2
8537,2
8538,2
8539,3
8540,2
8541,2
8542,2
8543,2
8544,2
8545,3
8546,3
8547,2
8548,3
8549,2
8550,2
8551,2
8552,2
8553,2
8554,3
8555,3
8556,2
8557,2
8558,2
8559,2
8560,2
8561,2
8562,2
8563,2
8564,2
8565,2
8566,2
8567,2
8568,2
8569,2
8570,2
8571,2
8572,2
8573,2
8574,2
8575,2
8576,3
8577,2
8578,2
8579,2
8580,2
8581,2
8582,2
8583,2
8584,2
8585,2
8586,2
8587,2
8588,2
8589,2
8590,2
8591,2
8592,2
8593,2
8594,2
8595,2
8596,2
8597,3
8598,2
8599,2
8600,2
8601,3
8602,3
8603,3
8604,3
8605,3
8606,3
8607,2
8608,3
8609,3
8610,3
8611,3
8612,3
8613,3
8614,2
8615,2
8616,2
8617,3
8618,3
8619,3
8620,3
8621,2
8622,3
8623,2
8624,2
8625,2
8626,3
8627,3
8628,3
8629,3
8630,2
8631,3
8632,3
8633,3
8634,3
8635,3
8636,3
8637,3
8638,3
8639,3
8640,3
8641,3
8642,3
8643,3
8644,2
8645,2
8646,3
8647,2
8648,2
8649,3
8650,2
8651,3
8652,2
8653,2
8654,2
8655,3
8656,3
8657,2
8658,2
8659,2
8660,3
8661,3
8662,2
8663,2
8664,2
8665,2
8666,3
8667,2
8668,3
8669,3
8670,2
8671,3
8672,3
8673,3
8674,2
8675,2
8676,3
8677,3
8678,3
8679,3
8680,2
8681,2
8682,3
8683,2
8684,2
8685,3
8686,3
8687,2
8688,2
8689,2
8690,2
8691,2
8692,2
8693,2
8694,2
8695,2
8696,2
8697,2
8698,3
8699,3
8700,3
8701,3
8702,3
8703,3
8704,3
8705,3
8706,3
8707,3
8708,2
8709,3
8710,3
8711,3
8712,3
8713,3
8714,2
8715,3
8716,3
8717,2
8718,3
8719,2
8720,2
8721,2
8722,3
8723,2
8724,3
8725,3
8726,3
8727,3
8728,3
8729,2
8730,3
8731,3
8732,2
8733,3
8734,3
8735,2
8736,2
8737,2
8738,3
8739,3
8740,3
8741,3
8742,3
8743,3
8744,2
8745,2
8746,3
8747,2
8748,3
8749,2
8750,3
8751,2
8752,3
8753,3
8754,3
8755,3
8756,3
8757,3
8758,3
8759,2
8760,3
8761,2
8762,3
8763,3
8764,2
8765,3
8766,2
8767,2
8768,2
8769,2
8770,3
8771,3
8772,2
8773,2
8774,2
8775,2
8776,2
8777,3
8778,3
8779,2
8780,2
8781,2
8782,3
8783,3
8784,3
8785,3
8786,3
8787,3
8788,2
8789,2
8790,3
8791,3
8792,3
8793,3
8794,3
8795,2
8796,3
8797,3
8798,3
8799,3
8800,3
8801,3
8802,3
8803,3
8804,3
8805,3
8806,3
8807,2
8808,3
8809,3
8810,2
8811,2
8812,2
8813,2
8814,2
8815,2
8816,2
8817,2
8818,2
8819,2
8820,2
8821,2
8822,3
8823,3
8824,3
8825,3
8826,3
8827,3
8828,3
8829,2
8830,2
8831,3
8832,3
8833,3
8834,2
8835,2
8836,2
8837,2
8838,2
8839,2
8840,2
8841,2
8842,3
8843,2
8844,2
8845,2
8846,2
8847,2
8848,2
8849,2
8850,2
8851,2
8852,2
8853,2
8854,2
8855,2
8856,2
8857,2
8858,2
8859,2
8860,2
8861,2
8862,2
8863,2
8864,2
8865,2
8866,2
8867,2
8868,2
8869,2
8870,2
8871,2
8872,2
8873,2
8874,2
8875,2
8876,2
8877,2
8878,2
8879,2
8880,2
8881,2
8882,2
8883,3
8884,2
8885,3
8886,2
8887,3
8888,3
8889,2
8890,2
8891,2
8892,2
8893,2
8894,2
8895,2
8896,3
8897,2
8898,2
8899,2
8900,2
8901,2
8902,2
8903,2
8904,2
8905,2
8906,3
8907,3
8908,3
8909,3
8910,3
8911,3
8912,3
8913,3
8914,2
8915,3
8916,3
8917,3
8918,3
8919,3
8920,3
8921,2
8922,2
8923,2
8924,3
8925,2
8926,3
8927,3
8928,3
8929,2
8930,3
8931,3
8932,3
8933,3
8934,3
8935,3
8936,3
8937,3
8938,2
8939,2
8940,2
8941,2
8942,2
8943,2
8944,2
8945,2
8946,2
8947,2
8948,2
8949,2
8950,2
8951,2
8952,2
8953,2
8954,2
8955,2
8956,2
8957,2
8958,2
8959,2
8960,2
8961,2
8962,2
8963,2
8964,2
8965,2
8966,2
8967,2
8968,2
8969,2
8970,2
8971,3
8972,2
8973,2
8974,2
8975,2
8976,2
8977,2
8978,2
8979,2
8980,2
8981,2
8982,2
8983,2
8984,3
8985,2
8986,2
8987,3
8988,2
8989,3
8990,3
8991,3
8992,2
8993,3
8994,2
8995,2
8996,3
8997,2
8998,3
8999,2
9000,2
9001,2
9002,2
9003,2
9004,2
9005,2
9006,2
9007,2
9008,2
9009,2
9010,2
9011,2
9012,2
9013,2
9014,2
9015,2
9016,2
9017,2
9018,2
9019,3
9020,2
9021,2
9022,2
9023,2
9024,2
9025,2
9026,2
9027,3
9028,2
9029,2
9030,2
9031,2
9032,2
9033,2
9034,2
9035,2
9036,2
9037,2
9038,3
9039,2
9040,2
9041,2
9042,3
9043,3
9044,3
9045,3
9046,3
9047,3
9048,2
9049,3
9050,3
9051,3
9052,3
9053,3
9054,3
9055,3
9056,3
9057,3
9058,3
9059,3
9060,3
9061,2
9062,2
9063,3
9064,3
9065,2
9066,3
9067,2
9068,3
9069,3
9070,3
9071,2
9072,2
9073,2
9074,2
9075,2
9076,2
9077,2
9078,2
9079,2
9080,2
9081,2
9082,2
9083,2
9084,2
9085,2
9086,2
9087,2
9088,2
9089,2
9090,2
9091,2
9092,2
9093,2
9094,2
9095,2
9096,3
9097,3
9098,3
9099,3
9100,3
9101,3
9102,3
9103,2
9104,3
9105,3
9106,3
9107,3
9108,3
9109,3
9110,3
9111,3
9112,3
9113,3
9114,3
9115,3
9116,3
9117,2
9118,2
9119,3
9120,2
9121,2
9122,2
9123,2
9124,2
9125,3
9126,2
9127,3
9128,3
9129,3
9130,3
9131,3
9132,2
9133,2
9134,3
9135,3
9136,3
9137,3
9138,3
9139,3
9140,3
9141,3
9142,2
9143,3
9144,3
9145,2
9146,2
9147,2
9148,2
9149,2
9150,2
9151,2
9152,2
9153,2
9154,2
9155,2
9156,2
9157,2
9158,2
9159,3
9160,2
9161,2
9162,3
9163,3
9164,3
9165,3
9166,3
9167,3
9168,3
9169,2
9170,3
9171,2
9172,2
9173,3
9174,2
9175,3
9176,2
9177,2
9178,2
9179,2
9180,2
9181,3
9182,2
9183,2
9184,2
9185,2
9186,3
9187,3
9188,3
9189,3
9190,2
9191,2
9192,2
9193,2
9194,2
9195,2
9196,3
9197,2
9198,2
9199,3
9200,2
9201,3
9202,2
9203,2
9204,2
9205,2
9206,2
9207,2
9208,2
9209,2
9210,2
9211,2
9212,2
9213,2
9214,3
9215,2
9216,2
9217,3
9218,3
9219,2
9220,3
9221,2
9222,3
9223,2
9224,2
9225,2
9226,2
9227,3
9228,2
9229,2
9230,2
9231,2
9232,2
9233,2
9234,2
9235,2
9236,2
9237,3
9238,3
9239,3
9240,2
9241,2
9242,2
9243,2
9244,3
9245,3
9246,2
9247,3
9248,2
9249,2
9250,2
9251,2
9252,2
9253,2
9254,2
9255,2
9256,2
9257,2
9258,3
9259,3
9260,2
9261,2
9262,3
9263,3
9264,2
9265,2
9266,2
9267,2
9268,2
9269,3
9270,3
9271,3
9272,3
9273,2
9274,2
9275,2
9276,3
9277,3
9278,3
9279,3
9280,3
9281,3
9282,3
9283,3
9284,3
9285,3
9286,3
9287,2
9288,2
9289,2
9290,2
9291,3
9292,3
9293,2
9294,2
9295,3
9296,3
9297,3
9298,3
9299,3
9300,3
9301,3
9302,3
9303,3
9304,2
9305,3
9306,3
9307,3
9308,3
9309,3
9310,3
9311,3
9312,3
9313,3
9314,3
9315,2
9316,3
9317,3
9318,3
9319,3
9320,3
9321,3
9322,3
9323,3
9324,3
9325,3
9326,3
9327,2
9328,2
9329,2
9330,2
9331,3
9332,3
9333,3
9334,2
9335,2
9336,2
9337,3
9338,3
9339,2
9340,2
9341,3
9342,2
9343,3
9344,3
9345,2
9346,3
9347,2
9348,3
9349,3
9350,3
9351,3
9352,3
9353,3
9354,3
9355,2
9356,3
9357,3
9358,3
9359,2
9360,3
9361,2
9362,3
9363,2
9364,2
9365,3
9366,3
9367,2
9368,3
9369,2
9370,2
9371,3
9372,2
9373,2
9374,2
9375,2
9376,2
9377,2
9378,3
9379,3
9380,2
9381,3
9382,3
9383,3
9384,2
9385,2
9386,2
9387,2
9388,2
9389,3
9390,3
9391,3
9392,3
9393,3
9394,3
9395,3
9396,3
9397,3
9398,3
9399,3
9400,3
9401,2
9402,2
9403,3
9404,2
9405,2
9406,3
9407,2
9408,2
9409,2
9410,3
9411,3
9412,3
9413,2
9414,3
9415,3
9416,3
9417,2
9418,2
9419,2
9420,3
9421,3
9422,2
9423,2
9424,2
9425,2
9426,2
9427,2
9428,2
9429,2
9430,2
9431,3
9432,3
9433,3
9434,3
9435,2
9436,2
9437,3
9438,2
9439,3
9440,2
9441,2
9442,2
9443,2
9444,3
9445,3
9446,3
9447,2
9448,2
9449,2
9450,2
9451,2
9452,3
9453,2
9454,3
9455,3
9456,3
9457,3
9458,3
9459,3
9460,3
9461,3
9462,3
9463,2
9464,3
9465,3
9466,2
9467,3
9468,3
9469,3
9470,3
9471,3
9472,3
9473,2
9474,3
9475,3
9476,2
9477,3
9478,3
9479,3
9480,3
9481,3
9482,3
9483,3
9484,3
9485,3
9486,2
9487,3
9488,2
9489,2
9490,3
9491,2
9492,2
9493,2
9494,3
9495,2
9496,2
9497,2
9498,3
9499,3
9500,3
9501,3
9502,3
9503,2
9504,3
9505,2
9506,3
9507,3
9508,2
9509,3
9510,3
9511,2
9512,2
9513,2
9514,3
9515,2
9516,2
9517,2
9518,2
9519,3
9520,3
9521,3
9522,2
9523,3
9524,3
9525,2
9526,2
9527,2
9528,2
9529,2
9530,2
9531,2
9532,2
9533,2
9534,2
9535,2
9536,2
9537,3
9538,3
9539,3
9540,2
9541,3
9542,2
9543,3
9544,3
9545,3
9546,3
9547,3
9548,3
9549,2
9550,3
9551,2
9552,2
9553,2
9554,2
9555,2
9556,2
9557,3
9558,3
9559,2
9560,3
9561,2
9562,2
9563,3
9564,2
9565,2
9566,3
9567,3
9568,2
9569,2
9570,2
9571,2
9572,2
9573,2
9574,2
9575,2
9576,2
9577,3
9578,3
9579,2
9580,2
9581,2
9582,3
9583,2
9584,2
9585,3
9586,2
9587,3
9588,2
9589,3
9590,2
9591,2
9592,3
9593,2
9594,2
9595,2
9596,2
9597,2
9598,2
9599,3
9600,3
9601,3
9602,2
9603,2
9604,2
9605,2
9606,2
9607,2
9608,2
9609,3
9610,3
9611,3
9612,3
9613,3
9614,3
9615,3
9616,3
9617,2
9618,2
9619,2
9620,2
9621,2
9622,3
9623,2
9624,2
9625,3
9626,3
9627,3
9628,3
9629,2
9630,2
9631,2
9632,2
9633,2
9634,2
9635,2
9636,2
9637,2
9638,2
9639,2
9640,2
9641,2
9642,2
9643,2
9644,2
9645,2
9646,2
9647,3
9648,2
9649,2
9650,2
9651,2
9652,2
9653,2
9654,2
9655,2
9656,2
9657,3
9658,3
9659,2
9660,2
9661,2
9662,2
9663,3
9664,3
9665,2
9666,3
9667,3
9668,2
9669,3
9670,3
9671,2
9672,2
9673,3
9674,2
9675,2
9676,2
9677,2
9678,2
9679,2
9680,2
9681,2
9682,2
9683,2
9684,2
9685,2
9686,2
9687,2
9688,2
9689,2
9690,2
9691,2
9692,2
9693,2
9694,2
9695,2
9696,2
9697,3
9698,3
9699,2
9700,2
9701,2
9702,2
9703,2
9704,3
9705,2
9706,2
9707,2
9708,2
9709,3
9710,3
9711,2
9712,2
9713,2
9714,2
9715,2
9716,2
9717,3
9718,3
9719,2
9720,3
9721,2
9722,3
9723,3
9724,3
9725,3
9726,3
9727,2
9728,2
9729,3
9730,3
9731,3
9732,3
9733,3
9734,3
9735,3
9736,3
9737,2
9738,2
9739,3
9740,3
9741,3
9742,3
9743,2
9744,2
9745,2
9746,2
9747,3
9748,3
9749,2
9750,2
9751,3
9752,3
9753,2
9754,3
9755,3
9756,3
9757,2
9758,2
9759,2
9760,2
9761,2
9762,2
9763,2
9764,2
9765,2
9766,3
9767,3
9768,3
9769,2
9770,3
9771,3
9772,2
9773,3
9774,2
9775,2
9776,2
9777,3
9778,3
9779,2
9780,2
9781,3
9782,2
9783,2
9784,2
9785,2
9786,2
9787,2
9788,2
9789,2
9790,2
9791,3
9792,2
9793,2
9794,2
9795,2
9796,2
9797,2
9798,2
9799,3
9800,2
9801,2
9802,3
9803,2
9804,2
9805,2
9806,3
9807,3
9808,3
9809,2
9810,2
9811,3
9812,2
9813,2
9814,3
9815,2
9816,3
9817,3
9818,3
9819,3
9820,2
9821,3
9822,3
9823,2
9824,2
9825,2
9826,2
9827,2
9828,2
9829,3
9830,2
9831,2
9832,2
9833,2
9834,2
9835,2
9836,2
9837,3
9838,3
9839,2
9840,3
9841,3
9842,3
9843,2
9844,2
9845,2
9846,2
9847,2
9848,2
9849,2
9850,2
9851,2
9852,2
9853,2
9854,3
9855,2
9856,2
9857,3
9858,3
9859,3
9860,3
9861,3
9862,3
9863,2
9864,3
9865,3
9866,2
9867,2
9868,3
9869,3
9870,3
9871,3
9872,3
9873,3
9874,3
9875,2
9876,2
9877,2
9878,2
9879,2
9880,2
9881,2
9882,2
9883,2
9884,2
9885,2
9886,2
9887,2
9888,2
9889,2
9890,2
9891,2
9892,2
9893,2
9894,2
9895,3
9896,2
9897,2
9898,2
9899,2
9900,2
9901,2
9902,3
9903,3
9904,2
9905,2
9906,2
9907,2
9908,2
9909,2
9910,2
9911,2
9912,2
9913,2
9914,2
9915,2
9916,2
9917,2
9918,2
9919,2
9920,2
9921,2
9922,2
9923,2
9924,2
9925,2
9926,2
9927,2
9928,2
9929,2
9930,2
9931,2
9932,3
9933,3
9934,2
9935,2
9936,2
9937,2
9938,2
9939,2
9940,2
9941,2
9942,2
9943,2
9944,2
9945,2
9946,2
9947,2
9948,2
9949,2
9950,2
9951,2
9952,2
9953,2
9954,2
9955,2
9956,2
9957,2
9958,2
9959,2
9960,2
9961,2
9962,2
9963,2
9964,2
9965,2
9966,2
9967,2
9968,2
9969,2
9970,2
9971,2
9972,2
9973,2
9974,2
9975,2
9976,2
9977,2
9978,2
9979,2
9980,2
9981,2
9982,2
9983,3
9984,3
9985,3
9986,2
9987,3
9988,2
9989,2
9990,2
9991,2
9992,3
9993,2
9994,2
9995,2
9996,2
9997,2
9998,2
9999,2
10000,2
10001,2
10002,2
10003,2
10004,2
10005,2
10006,2
10007,2
10008,2
10009,2
10010,2
10011,2
10012,2
10013,2
10014,2
10015,2
10016,2
10017,3
10018,3
10019,2
10020,2
10021,2
10022,2
10023,2
10024,2
10025,3
10026,2
10027,2
10028,2
10029,2
10030,2
10031,2
10032,2
10033,2
10034,2
10035,2
10036,2
10037,2
10038,2
10039,2
10040,2
10041,2
10042,2
10043,2
10044,2
10045,2
10046,2
10047,2
10048,2
10049,2
10050,2
10051,2
10052,2
10053,2
10054,2
10055,2
10056,2
10057,2
10058,2
10059,2
10060,2
10061,2
10062,2
10063,2
10064,2
10065,2
10066,2
10067,2
10068,2
10069,3
10070,2
10071,2
10072,2
10073,2
10074,2
10075,2
10076,2
10077,2
10078,3
10079,3
10080,3
10081,2
10082,3
10083,3
10084,3
10085,2
10086,3
10087,3
10088,3
10089,3
10090,3
10091,2
10092,3
10093,2
10094,2
10095,2
10096,2
10097,3
10098,3
10099,2
10100,3
10101,3
10102,2
10103,3
10104,3
10105,2
10106,2
10107,2
10108,2
10109,2
10110,2
10111,2
10112,3
10113,3
10114,2
10115,2
10116,2
10117,2
10118,2
10119,2
10120,2
10121,3
10122,2
10123,2
10124,2
10125,2
10126,2
10127,2
10128,2
10129,3
10130,2
10131,2
10132,2
10133,2
10134,2
10135,2
10136,2
10137,2
10138,2
10139,2
10140,2
10141,2
10142,2
10143,3
10144,2
10145,3
10146,2
10147,3
10148,3
10149,3
10150,3
10151,3
10152,2
10153,2
10154,2
10155,3
10156,3
10157,2
10158,2
10159,2
10160,2
10161,2
10162,2
10163,2
10164,2
10165,2
10166,2
10167,3
10168,2
10169,2
10170,2
10171,2
10172,2
10173,3
10174,3
10175,2
10176,2
10177,2
10178,2
10179,3
10180,2
10181,2
10182,2
10183,2
10184,2
10185,2
10186,2
10187,2
10188,2
10189,3
10190,2
10191,2
10192,2
10193,2
10194,2
10195,2
10196,2
10197,2
10198,3
10199,2
10200,2
10201,2
10202,2
10203,2
10204,2
10205,2
10206,2
10207,2
10208,2
10209,2
10210,2
10211,2
10212,2
10213,2
10214,2
10215,2
10216,2
10217,2
10218,2
10219,2
10220,2
10221,3
10222,3
10223,2
10224,2
10225,2
10226,3
10227,2
10228,2
10229,3
10230,3
10231,2
10232,3
10233,2
10234,2
10235,2
10236,2
10237,2
10238,2
10239,2
10240,2
10241,2
10242,2
10243,3
10244,2
10245,2
10246,3
10247,2
10248,2
10249,2
10250,2
10251,2
10252,2
10253,2
10254,2
10255,2
10256,2
10257,2
10258,2
10259,2
10260,2
10261,2
10262,2
10263,2
10264,2
10265,2
10266,2
10267,2
10268,2
10269,2
10270,2
10271,2
10272,3
10273,2
10274,2
10275,2
10276,2
10277,2
10278,2
10279,2
10280,2
10281,2
10282,2
10283,2
10284,2
10285,2
10286,2
10287,2
10288,2
10289,2
10290,2
10291,2
10292,2
10293,2
10294,2
10295,2
10296,2
10297,2
10298,2
10299,2
10300,2
10301,2
10302,2
10303,2
10304,2
10305,2
10306,2
10307,2
10308,2
10309,2
10310,2
10311,2
10312,2
10313,2
10314,2
10315,2
10316,2
10317,2
10318,2
10319,2
10320,2
10321,2
10322,2
10323,2
10324,2
10325,2
10326,2
10327,2
10328,3
10329,2
10330,3
10331,2
10332,3
10333,2
10334,2
10335,2
10336,2
10337,3
10338,3
10339,3
10340,2
10341,2
10342,3
10343,3
10344,3
10345,2
10346,2
10347,2
10348,2
10349,2
10350,2
10351,2
10352,2
10353,2
10354,3
10355,2
10356,2
10357,2
10358,2
10359,2
10360,3
10361,3
10362,3
10363,2
10364,3
10365,2
10366,2
10367,3
10368,2
10369,2
10370,2
10371,2
10372,2
10373,2
10374,2
10375,2
10376,2
10377,2
10378,2
10379,2
10380,2
10381,2
10382,2
10383,2
10384,2
10385,2
10386,2
10387,2
10388,2
10389,2
10390,3
10391,2
10392,3
10393,2
10394,2
10395,2
10396,2
10397,2
10398,2
10399,2
10400,3
10401,2
10402,2
10403,2
10404,2
10405,3
10406,2
10407,2
10408,2
10409,2
10410,2
10411,2
10412,2
10413,3
10414,2
10415,2
10416,2
10417,2
10418,2
10419,2
10420,2
10421,2
10422,2
10423,3
10424,2
10425,2
10426,2
10427,2
10428,2
10429,2
10430,3
10431,2
10432,3
10433,2
10434,2
10435,2
10436,2
10437,2
10438,2
10439,2
10440,2
10441,2
10442,2
10443,2
10444,2
10445,2
10446,2
10447,2
10448,2
10449,2
10450,2
10451,3
10452,2
10453,2
10454,2
10455,2
10456,2
10457,2
10458,2
10459,2
10460,2
10461,2
10462,2
10463,2
10464,3
10465,3
10466,2
10467,2
10468,2
10469,2
10470,2
10471,2
10472,2
10473,2
10474,2
10475,2
10476,2
10477,2
10478,2
10479,2
10480,2
10481,2
10482,2
10483,3
10484,2
10485,2
10486,2
10487,2
10488,2
10489,2
10490,2
10491,2
10492,2
10493,2
10494,3
10495,2
10496,2
10497,2
10498,2
10499,3
10500,2
10501,2
10502,2
10503,2
10504,2
10505,2
10506,2
10507,2
10508,2
10509,2
10510,2
10511,2
10512,2
10513,2
10514,2
10515,3
10516,2
10517,2
10518,2
10519,2
10520,3
10521,2
10522,2
10523,2
10524,2
10525,2
10526,2
10527,2
10528,2
10529,2
10530,2
10531,2
10532,2
10533,2
10534,2
10535,2
10536,2
10537,2
10538,2
10539,3
10540,2
10541,2
10542,2
10543,3
10544,3
10545,2
10546,2
10547,2
10548,2
10549,2
10550,2
10551,3
10552,2
10553,3
10554,2
10555,2
10556,2
10557,2
10558,2
10559,2
10560,2
10561,2
10562,2
10563,2
10564,2
10565,2
10566,2
10567,2
10568,2
10569,2
10570,3
10571,2
10572,2
10573,2
10574,2
10575,2
10576,2
10577,2
10578,3
10579,2
10580,2
10581,2
10582,2
10583,2
10584,2
10585,2
10586,2
10587,2
10588,2
10589,2
10590,2
10591,2
10592,2
10593,3
10594,2
10595,2
10596,3
10597,2
10598,2
10599,3
10600,2
10601,2
10602,2
10603,2
10604,3
10605,2
10606,2
10607,2
10608,2
10609,2
10610,2
10611,2
10612,2
10613,2
10614,2
10615,2
10616,2
10617,2
10618,2
10619,2
10620,2
10621,2
10622,2
10623,2
10624,2
10625,2
10626,2
10627,2
10628,2
10629,2
10630,2
10631,2
10632,2
10633,2
10634,2
10635,2
10636,2
10637,2
10638,2
10639,2
10640,2
10641,3
10642,3
10643,2
10644,2
10645,2
10646,2
10647,2
10648,2
10649,2
10650,2
10651,2
10652,2
10653,2
10654,2
10655,2
10656,3
10657,2
10658,2
10659,2
10660,3
10661,2
10662,2
10663,2
10664,2
10665,2
10666,2
10667,2
10668,2
10669,2
10670,2
10671,2
10672,2
10673,2
10674,2
10675,2
10676,2
10677,2
10678,2
10679,2
10680,2
10681,2
10682,2
10683,2
10684,2
10685,2
10686,2
10687,2
10688,2
10689,2
10690,2
10691,2
10692,2
10693,2
10694,2
10695,2
10696,2
10697,2
10698,2
10699,2
10700,2
10701,2
10702,2
10703,2
10704,2
10705,2
10706,2
10707,2
10708,2
10709,2
10710,2
10711,2
10712,2
10713,2
10714,2
10715,2
10716,2
10717,2
10718,3
10719,2
10720,2
10721,3
10722,2
10723,2
10724,2
10725,2
10726,2
10727,2
10728,2
10729,2
10730,2
10731,2
10732,2
10733,2
10734,2
10735,2
10736,2
10737,2
10738,3
10739,2
10740,2
10741,2
10742,2
10743,2
10744,2
10745,2
10746,2
10747,2
10748,2
10749,2
10750,2
10751,2
10752,2
10753,2
10754,3
10755,2
10756,2
10757,2
10758,2
10759,2
10760,3
10761,3
10762,2
10763,3
10764,2
10765,2
10766,2
10767,2
10768,2
10769,2
10770,3
10771,2
10772,2
10773,2
10774,2
10775,3
10776,3
10777,3
10778,2
10779,2
10780,3
10781,3
10782,2
10783,2
10784,2
10785,2
10786,2
10787,2
10788,2
10789,2
10790,2
10791,2
10792,2
10793,2
10794,2
10795,2
10796,2
10797,2
10798,2
10799,2
10800,2
10801,2
10802,2
10803,2
10804,2
10805,2
10806,2
10807,2
10808,2
10809,2
10810,2
10811,2
10812,2
10813,2
10814,2
10815,2
10816,3
10817,2
10818,2
10819,2
10820,2
10821,2
10822,2
10823,2
10824,2
10825,2
10826,2
10827,2
10828,2
10829,3
10830,2
10831,2
10832,2
10833,2
10834,2
10835,2
10836,2
10837,2
10838,2
10839,2
10840,2
10841,2
10842,2
10843,2
10844,2
10845,2
10846,2
10847,2
10848,2
10849,2
10850,2
10851,2
10852,2
10853,2
10854,2
10855,2
10856,2
10857,3
10858,2
10859,2
10860,2
10861,3
10862,2
10863,2
10864,2
10865,2
10866,2
10867,2
10868,2
10869,2
10870,2
10871,2
10872,2
10873,2
10874,2
10875,2
10876,2
10877,2
10878,2
10879,2
10880,2
10881,2
10882,2
10883,2
10884,2
10885,2
10886,2
10887,2
10888,2
10889,2
10890,2
10891,2
10892,2
10893,2
10894,2
10895,2
10896,2
10897,2
10898,2
10899,2
10900,2
10901,3
10902,2
10903,2
10904,2
10905,2
10906,2
10907,2
10908,2
10909,2
10910,2
10911,2
10912,2
10913,3
10914,2
10915,2
10916,2
10917,2
10918,2
10919,3
10920,2
10921,2
10922,2
10923,3
10924,2
10925,2
10926,2
10927,2
10928,3
10929,2
10930,2
10931,3
10932,3
10933,3
10934,2
10935,2
10936,2
10937,2
10938,2
10939,3
10940,2
10941,2
10942,2
10943,2
10944,2
10945,2
10946,2
10947,2
10948,2
10949,2
10950,2
10951,2
10952,2
10953,2
10954,2
10955,2
10956,2
10957,2
10958,2
10959,2
10960,3
10961,2
10962,2
10963,3
10964,3
10965,3
10966,2
10967,3
10968,2
10969,2
10970,2
10971,2
10972,2
10973,2
10974,3
10975,2
10976,2
10977,3
10978,2
10979,2
10980,3
10981,2
10982,3
10983,2
10984,2
10985,2
10986,2
10987,2
10988,2
10989,2
10990,2
10991,2
10992,2
10993,2
10994,2
10995,2
10996,2
10997,2
10998,2
10999,2
11000,2
11001,2
11002,2
11003,2
11004,2
11005,2
11006,2
11007,2
11008,2
11009,2
11010,2
11011,2
11012,2
11013,2
11014,2
11015,2
11016,2
11017,2
11018,2
11019,2
11020,3
11021,2
11022,2
11023,3
11024,2
11025,2
11026,2
11027,2
11028,3
11029,2
11030,2
11031,2
11032,2
11033,2
11034,2
11035,2
11036,2
11037,2
11038,2
11039,3
11040,2
11041,2
11042,2
11043,2
11044,2
11045,2
11046,2
11047,3
11048,2
11049,2
11050,2
11051,2
11052,2
11053,2
11054,2
11055,2
11056,2
11057,2
11058,2
11059,2
11060,2
11061,2
11062,3
11063,2
11064,2
11065,2
11066,3
11067,2
11068,3
11069,3
11070,3
11071,2
11072,2
11073,3
11074,3
11075,2
11076,2
11077,2
11078,2
11079,2
11080,2
11081,2
11082,3
11083,2
11084,2
11085,2
11086,3
11087,2
11088,2
11089,2
11090,3
11091,2
11092,3
11093,3
11094,2
11095,2
11096,3
11097,2
11098,2
11099,2
11100,2
11101,2
11102,2
11103,2
11104,2
11105,3
11106,2
11107,2
11108,2
11109,2
11110,2
11111,2
11112,3
11113,2
11114,2
11115,2
11116,2
11117,2
11118,2
11119,2
11120,3
11121,2
11122,2
11123,3
11124,3
11125,3
11126,2
11127,3
11128,3
11129,3
11130,3
11131,3
11132,3
11133,2
11134,2
11135,2
11136,2
11137,2
11138,2
11139,3
11140,2
11141,3
11142,3
11143,2
11144,2
11145,2
11146,2
11147,2
11148,2
11149,2
11150,2
11151,2
11152,2
11153,2
11154,2
11155,2
11156,2
11157,2
11158,2
11159,2
11160,2
11161,3
11162,2
11163,2
11164,2
11165,2
11166,2
11167,3
11168,3
11169,2
11170,2
11171,2
11172,2
11173,2
11174,2
11175,2
11176,2
11177,2
11178,3
11179,3
11180,2
11181,2
11182,2
11183,2
11184,2
11185,2
11186,2
11187,2
11188,3
11189,2
11190,2
11191,2
11192,3
11193,2
11194,2
11195,2
11196,2
11197,2
11198,2
11199,2
11200,2
11201,3
11202,2
11203,2
11204,2
11205,2
11206,3
11207,3
11208,2
11209,2
11210,3
11211,3
11212,3
11213,3
11214,2
11215,2
11216,2
11217,2
11218,2
11219,2
11220,2
11221,2
11222,2
11223,2
11224,3
11225,2
11226,2
11227,2
11228,2
11229,2
11230,2
11231,2
11232,2
11233,3
11234,2
11235,2
11236,3
11237,2
11238,2
11239,3
11240,2
11241,2
11242,3
11243,2
11244,2
11245,2
11246,3
11247,3
11248,2
11249,3
11250,2
11251,2
11252,2
11253,3
11254,2
11255,2
11256,3
11257,3
11258,2
11259,2
11260,2
11261,2
11262,3
11263,2
11264,2
11265,2
11266,2
11267,2
11268,2
11269,2
11270,2
11271,3
11272,2
11273,2
11274,2
11275,3
11276,2
11277,2
11278,3
11279,2
11280,2
11281,2
11282,2
11283,3
11284,2
11285,3
11286,2
11287,2
11288,2
11289,3
11290,2
11291,2
11292,2
11293,2
11294,2
11295,3
11296,3
11297,2
11298,2
11299,3
11300,3
11301,2
11302,2
11303,3
11304,2
11305,2
11306,3
11307,3
11308,2
11309,2
11310,3
11311,3
11312,2
11313,2
11314,3
11315,3
11316,3
11317,3
11318,3
11319,3
11320,2
11321,3
11322,2
11323,2
11324,2
11325,3
11326,2
11327,2
11328,2
11329,2
11330,2
11331,3
11332,3
11333,3
11334,3
11335,3
11336,3
11337,2
11338,2
11339,2
11340,2
11341,2
11342,2
11343,2
11344,2
11345,2
11346,2
11347,2
11348,3
11349,3
11350,3
11351,3
11352,2
11353,2
11354,3
11355,3
11356,2
11357,2
11358,2
11359,2
11360,2
11361,2
11362,2
11363,3
11364,2
11365,2
11366,3
11367,2
11368,3
11369,3
11370,3
11371,3
11372,2
11373,3
11374,2
11375,2
11376,2
11377,2
11378,3
11379,3
11380,2
11381,2
11382,3
11383,2
11384,3
11385,2
11386,2
11387,3
11388,2
11389,2
11390,2
11391,3
11392,2
11393,3
11394,3
11395,3
11396,2
11397,2
11398,2
11399,2
11400,3
11401,3
11402,2
11403,3
11404,2
11405,2
11406,3
11407,3
11408,2
11409,2
11410,2
11411,2
11412,2
11413,2
11414,2
11415,2
11416,2
11417,2
11418,2
11419,2
11420,2
11421,2
11422,2
11423,2
11424,3
11425,3
11426,2
11427,2
11428,2
11429,2
11430,2
11431,2
11432,3
11433,2
11434,2
11435,3
11436,3
11437,2
11438,3
11439,3
11440,3
11441,3
11442,2
11443,3
11444,2
11445,3
11446,3
11447,3
11448,3
11449,3
11450,3
11451,3
11452,2
11453,2
11454,2
11455,2
11456,3
11457,2
11458,2
11459,2
11460,2
11461,2
11462,3
11463,2
11464,2
11465,2
11466,3
11467,2
11468,2
11469,2
11470,3
11471,2
11472,2
11473,2
11474,2
11475,2
11476,2
11477,2
11478,2
11479,2
11480,2
11481,2
11482,2
11483,2
11484,2
11485,2
11486,2
11487,2
11488,2
11489,3
11490,2
11491,2
11492,2
11493,2
11494,3
11495,2
11496,2
11497,2
11498,2
11499,3
11500,3
11501,2
11502,2
11503,3
11504,2
11505,2
11506,3
11507,2
11508,3
11509,2
11510,2
11511,2
11512,2
11513,3
11514,3
11515,3
11516,3
11517,3
11518,2
11519,3
11520,2
11521,2
11522,3
11523,2
11524,2
11525,2
11526,2
11527,2
11528,2
11529,2
11530,2
11531,2
11532,2
11533,2
11534,2
11535,2
11536,3
11537,2
11538,3
11539,2
11540,3
11541,2
11542,3
11543,3
11544,3
11545,2
11546,3
11547,2
11548,2
11549,3
11550,2
11551,2
11552,3
11553,3
11554,3
11555,2
11556,3
11557,3
11558,3
11559,3
11560,3
11561,3
11562,2
11563,2
11564,2
11565,2
11566,2
11567,2
11568,2
11569,2
11570,2
11571,2
11572,2
11573,2
11574,2
11575,2
11576,2
11577,2
11578,2
11579,3
11580,2
11581,2
11582,2
11583,2
11584,2
11585,3
11586,2
11587,2
11588,3
11589,2
11590,2
11591,2
11592,3
11593,2
11594,2
11595,2
11596,3
11597,3
11598,2
11599,2
11600,3
11601,2
11602,2
11603,2
11604,2
11605,2
11606,2
11607,2
11608,2
11609,2
11610,2
11611,2
11612,2
11613,2
11614,2
11615,2
11616,2
11617,2
11618,2
11619,2
11620,2
11621,2
11622,2
11623,2
11624,2
11625,2
11626,2
11627,2
11628,2
11629,2
11630,2
11631,2
11632,2
11633,3
11634,2
11635,2
11636,2
11637,2
11638,2
11639,2
11640,3
11641,2
11642,2
11643,3
11644,2
11645,2
11646,3
11647,2
11648,3
11649,3
11650,2
11651,2
11652,2
11653,2
11654,2
11655,2
11656,2
11657,2
11658,2
11659,2
11660,2
11661,2
11662,2
11663,2
11664,2
11665,2
11666,2
11667,2
11668,2
11669,2
11670,2
11671,2
11672,2
11673,2
11674,2
11675,2
11676,2
11677,2
11678,2
11679,2
11680,2
11681,2
11682,2
11683,2
11684,2
11685,2
11686,2
11687,2
11688,2
11689,2
11690,2
11691,2
11692,2
11693,3
11694,2
11695,2
11696,2
11697,2
11698,2
11699,2
11700,2
11701,2
11702,2
11703,2
11704,2
11705,2
11706,2
11707,2
11708,2
11709,2
11710,2
11711,2
11712,2
11713,2
11714,2
11715,2
11716,2
11717,3
11718,3
11719,3
11720,2
11721,2
11722,2
11723,3
11724,2
11725,3
11726,2
11727,2
11728,3
11729,3
11730,3
11731,2
11732,2
11733,2
11734,2
11735,3
11736,3
11737,2
11738,2
11739,2
11740,2
11741,2
11742,2
11743,2
11744,2
11745,2
11746,2
11747,2
11748,3
11749,2
11750,2
11751,2
11752,2
11753,2
11754,2
11755,2
11756,2
11757,2
11758,2
11759,2
11760,2
11761,2
11762,2
11763,3
11764,2
11765,2
11766,2
11767,2
11768,2
11769,2
11770,2
11771,3
11772,3
11773,3
11774,3
11775,2
11776,3
11777,3
11778,3
11779,3
11780,3
11781,3
11782,3
11783,2
11784,2
11785,2
11786,3
11787,3
11788,2
11789,3
11790,2
11791,2
11792,3
11793,3
11794,3
11795,2
11796,2
11797,2
11798,2
11799,2
11800,2
11801,3
11802,2
11803,3
11804,3
11805,3
11806,2
11807,2
11808,3
11809,3
11810,2
11811,2
11812,2
11813,2
11814,3
11815,2
11816,2
11817,2
11818,2
11819,2
11820,3
11821,2
11822,2
11823,2
11824,3
11825,2
11826,3
11827,2
11828,2
11829,2
11830,2
11831,3
11832,3
11833,3
11834,2
11835,2
11836,3
11837,2
11838,3
11839,2
11840,2
11841,3
11842,2
11843,2
11844,3
11845,3
11846,2
11847,2
11848,2
11849,3
11850,2
11851,3
11852,2
11853,2
11854,2
11855,3
11856,2
11857,2
11858,3
11859,2
11860,3
11861,2
11862,2
11863,2
11864,3
11865,2
11866,2
11867,2
11868,3
11869,2
11870,2
11871,3
11872,2
11873,3
11874,3
11875,3
11876,2
11877,2
11878,2
11879,2
11880,2
11881,2
11882,2
11883,3
11884,2
11885,2
11886,2
11887,2
11888,2
11889,2
11890,2
11891,2
11892,2
11893,2
11894,2
11895,2
11896,2
11897,2
11898,2
11899,2
11900,2
11901,2
11902,2
11903,3
11904,2
11905,2
11906,2
11907,3
11908,2
11909,2
11910,2
11911,3
11912,3
11913,3
11914,3
11915,3
11916,3
11917,2
11918,2
11919,3
11920,3
11921,2
11922,3
11923,2
11924,2
11925,2
11926,2
11927,2
11928,2
11929,2
11930,2
11931,2
11932,2
11933,2
11934,2
11935,2
11936,2
11937,3
11938,2
11939,2
11940,2
11941,2
11942,2
11943,2
11944,2
11945,2
11946,2
11947,2
11948,2
11949,2
11950,2
11951,2
11952,2
11953,2
11954,3
11955,3
11956,2
11957,2
11958,3
11959,3
11960,3
11961,2
11962,3
11963,3
11964,2
11965,2
11966,2
11967,2
11968,2
11969,3
11970,2
11971,2
11972,2
11973,3
11974,2
11975,2
11976,2
11977,2
11978,2
11979,2
11980,3
11981,2
11982,2
11983,3
11984,2
11985,2
11986,2
11987,2
11988,2
11989,2
11990,2
11991,2
11992,2
11993,2
11994,3
11995,3
11996,2
11997,2
11998,3
11999,2
12000,2
12001,3
12002,2
12003,2
12004,2
12005,2
12006,2
12007,2
12008,2
12009,3
12010,2
12011,3
12012,2
12013,2
12014,2
12015,3
12016,3
12017,2
12018,2
12019,3
12020,3
12021,3
12022,3
12023,2
12024,3
12025,3
12026,3
12027,2
12028,2
12029,2
12030,2
12031,2
12032,2
12033,2
12034,2
12035,2
12036,2
12037,2
12038,3
12039,3
12040,2
12041,3
12042,3
12043,3
12044,3
12045,3
12046,3
12047,3
12048,3
12049,3
12050,3
12051,3
12052,3
12053,3
12054,3
12055,3
12056,3
12057,3
12058,3
12059,3
12060,3
12061,3
12062,3
12063,3
12064,3
12065,3
12066,3
12067,3
12068,3
12069,3
12070,3
12071,3
12072,3
12073,3
12074,3
12075,3
12076,3
12077,3
12078,3
12079,3
12080,3
12081,3
12082,3
12083,3
12084,3
12085,3
12086,3
12087,3
12088,3
12089,3
12090,3
12091,3
12092,3
12093,3
12094,3
12095,3
12096,3
12097,3
12098,3
12099,3
12100,3
12101,3
12102,3
12103,3
12104,3
12105,3
12106,3
12107,3
12108,3
12109,3
12110,3
12111,3
12112,3
12113,3
12114,3
12115,3
12116,3
12117,3
12118,3
12119,3
12120,3
12121,3
12122,3
12123,3
12124,3
12125,3
12126,3
12127,3
12128,3
12129,3
12130,3
12131,3
12132,3
12133,3
12134,3
12135,3
12136,3
12137,3
12138,3
12139,3
12140,3
12141,3
12142,3
12143,3
12144,3
12145,3
12146,3
12147,3
12148,3
12149,3
12150,3
12151,3
12152,3
12153,3
12154,3
12155,3
12156,3
12157,3
12158,3
12159,3
12160,3
12161,3
12162,3
12163,3
12164,3
12165,3
12166,3
12167,3
12168,3
12169,3
12170,3
12171,3
12172,3
12173,3
12174,3
12175,3
12176,3
12177,3
12178,3
12179,3
12180,3
12181,3
12182,3
12183,3
12184,3
12185,3
12186,3
12187,3
12188,3
12189,3
12190,3
12191,3
12192,3
12193,3
12194,3
12195,3
12196,3
12197,3
12198,3
12199,3
12200,3
12201,3
12202,3
12203,3
12204,3
12205,3
12206,3
12207,3
12208,3
12209,3
12210,3
12211,3
12212,3
12213,3
12214,3
12215,3
12216,3
12217,3
12218,3
12219,3
12220,3
12221,3
12222,3
12223,3
12224,3
12225,3
12226,3
12227,3
12228,3
12229,3
12230,3
12231,3
12232,3
12233,3
12234,3
12235,3
12236,3
12237,3
12238,3
12239,3
12240,3
12241,3
12242,3
12243,3
12244,3
12245,3
12246,3
12247,3
12248,3
12249,3
12250,3
12251,3
12252,3
12253,3
12254,3
12255,3
12256,3
12257,3
12258,3
12259,3
12260,3
12261,3
12262,3
12263,3
12264,3
12265,3
12266,3
12267,3
12268,3
12269,3
12270,3
12271,3
12272,3
12273,3
12274,3
12275,3
12276,3
12277,3
12278,3
12279,3
12280,3
12281,3
12282,3
12283,3
12284,3
12285,3
12286,3
12287,3
12288,3
12289,3
12290,3
12291,3
12292,3
12293,3
12294,3
12295,3
12296,3
12297,3
12298,3
12299,3
12300,3
12301,3
12302,3
12303,3
12304,3
12305,3
12306,3
12307,3
12308,3
12309,3
12310,3
12311,3
12312,3
12313,3
12314,3
12315,3
12316,3
12317,3
12318,3
12319,3
12320,3
12321,3
12322,3
12323,3
12324,3
12325,3
12326,3
12327,3
12328,3
12329,3
12330,3
12331,3
12332,3
12333,3
12334,3
12335,3
12336,3
12337,3
12338,3
12339,3
12340,3
12341,3
12342,3
12343,3
12344,3
12345,3
12346,3
12347,3
12348,3
12349,2
12350,3
12351,3
12352,3
12353,3
12354,3
12355,3
12356,3
12357,3
12358,3
12359,3
12360,3
12361,3
12362,3
12363,2
12364,3
12365,3
12366,3
12367,3
12368,3
12369,3
12370,3
12371,3
12372,3
12373,3
12374,3
12375,3
12376,3
12377,3
12378,3
12379,3
12380,3
12381,3
12382,3
12383,3
12384,3
12385,3
12386,3
12387,3
12388,3
12389,3
12390,3
12391,3
12392,3
12393,3
12394,3
12395,3
12396,3
12397,3
12398,3
12399,3
12400,3
12401,3
12402,3
12403,3
12404,3
12405,3
12406,3
12407,3
12408,3
12409,3
12410,3
12411,3
12412,3
12413,3
12414,3
12415,3
12416,3
12417,3
12418,3
12419,3
12420,3
12421,3
12422,3
12423,3
12424,3
12425,3
12426,3
12427,3
12428,3
12429,3
12430,3
12431,3
12432,3
12433,3
12434,3
12435,3
12436,3
12437,3
12438,3
12439,3
12440,3
12441,3
12442,3
12443,3
12444,3
12445,3
12446,3
12447,3
12448,3
12449,3
12450,3
12451,3
12452,3
12453,3
12454,3
12455,3
12456,3
12457,3
12458,3
12459,3
12460,3
12461,3
12462,3
12463,3
12464,3
12465,3
12466,3
12467,3
12468,3
12469,3
12470,3
12471,3
12472,3
12473,3
12474,3
12475,3
12476,3
12477,2
12478,3
12479,3
12480,3
12481,3
12482,3
12483,3
12484,3
12485,3
12486,3
12487,3
12488,3
12489,3
12490,3
12491,3
12492,3
12493,3
12494,3
12495,3
12496,3
12497,3
12498,3
12499,3
12500,3
12501,3
12502,3
12503,3
12504,3
12505,3
12506,3
12507,3
12508,3
12509,3
12510,3
12511,3
12512,3
12513,2
12514,3
12515,3
12516,3
12517,3
12518,3
12519,3
12520,3
12521,2
12522,3
12523,3
12524,3
12525,3
12526,3
12527,3
12528,3
12529,3
12530,3
12531,3
12532,3
12533,3
12534,2
12535,2
12536,3
12537,3
12538,3
12539,3
12540,3
12541,3
12542,3
12543,3
12544,3
12545,3
12546,3
12547,3
12548,3
12549,3
12550,3
12551,3
12552,3
12553,3
12554,2
12555,2
12556,3
12557,3
12558,3
12559,3
12560,3
12561,3
12562,2
12563,3
12564,3
12565,3
12566,3
12567,3
12568,3
12569,3
12570,3
12571,3
12572,3
12573,3
12574,3
12575,3
12576,3
12577,3
12578,2
12579,3
12580,3
12581,3
12582,3
12583,3
12584,3
12585,3
12586,3
12587,3
12588,2
12589,3
12590,3
12591,2
12592,3
12593,3
12594,3
12595,3
12596,2
12597,2
12598,3
12599,3
12600,3
12601,3
12602,3
12603,3
12604,3
12605,2
12606,3
12607,3
12608,3
12609,2
12610,2
12611,3
12612,2
12613,3
12614,2
12615,2
12616,2
12617,2
12618,2
12619,2
12620,2
12621,2
12622,3
12623,3
12624,3
12625,3
12626,3
12627,3
12628,3
12629,2
12630,2
12631,2
12632,3
12633,3
12634,3
12635,3
12636,3
12637,3
12638,3
12639,3
12640,3
12641,3
12642,3
12643,3
12644,3
12645,3
12646,3
12647,3
12648,3
12649,3
12650,3
12651,3
12652,3
12653,3
12654,3
12655,3
12656,3
12657,3
12658,3
12659,3
12660,2
12661,3
12662,3
12663,3
12664,3
12665,3
12666,3
12667,3
12668,3
12669,2
12670,3
12671,3
12672,3
12673,3
12674,2
12675,3
12676,3
12677,2
12678,3
12679,3
12680,2
12681,3
12682,3
12683,3
12684,2
12685,3
12686,3
12687,3
12688,3
12689,2
12690,2
12691,2
12692,3
12693,3
12694,2
12695,3
12696,3
12697,3
12698,3
12699,2
12700,2
12701,3
12702,3
12703,3
12704,2
12705,2
12706,2
12707,2
12708,3
12709,3
12710,3
12711,3
12712,3
12713,3
12714,3
12715,3
12716,3
12717,3
12718,2
12719,3
12720,2
12721,2
12722,2
12723,2
12724,3
12725,3
12726,3
12727,2
12728,3
12729,3
12730,2
12731,2
12732,2
12733,2
12734,2
12735,2
12736,2
12737,3
12738,2
12739,3
12740,2
12741,2
12742,2
12743,2
12744,2
12745,2
12746,2
12747,2
12748,2
12749,3
12750,3
12751,2
12752,3
12753,2
12754,3
12755,3
12756,3
12757,2
12758,2
12759,2
12760,3
12761,3
12762,3
12763,3
12764,3
12765,3
12766,3
12767,2
12768,2
12769,2
12770,2
12771,2
12772,2
12773,2
12774,2
12775,2
12776,2
12777,3
12778,2
12779,2
12780,2
12781,2
12782,2
12783,2
12784,2
12785,2
12786,3
12787,3
12788,3
12789,3
12790,3
12791,3
12792,3
12793,3
12794,3
12795,3
12796,3
12797,3
12798,2
12799,3
12800,3
12801,3
12802,3
12803,3
12804,3
12805,3
12806,3
12807,3
12808,3
12809,3
12810,2
12811,3
12812,2
12813,3
12814,3
12815,3
12816,3
12817,3
12818,3
12819,2
12820,3
12821,2
12822,3
12823,2
12824,2
12825,2
12826,2
12827,2
12828,2
12829,2
12830,2
12831,2
12832,2
12833,2
12834,3
12835,2
12836,3
12837,2
12838,2
12839,3
12840,2
12841,2
12842,3
12843,2
12844,2
12845,3
12846,3
12847,2
12848,2
12849,2
12850,3
12851,2
12852,2
12853,2
12854,2
12855,2
12856,2
12857,3
12858,3
12859,3
12860,2
12861,3
12862,2
12863,2
12864,2
12865,2
12866,3
12867,3
12868,3
12869,2
12870,2
12871,2
12872,3
12873,3
12874,2
12875,2
12876,2
12877,2
12878,3
12879,2
12880,3
12881,3
12882,2
12883,2
12884,3
12885,3
12886,3
12887,3
12888,2
12889,3
12890,2
12891,2
12892,2
12893,3
12894,2
12895,2
12896,3
12897,2
12898,2
12899,3
12900,3
12901,2
12902,3
12903,2
12904,2
12905,3
12906,2
12907,2
12908,3
12909,2
12910,2
12911,3
12912,3
12913,2
12914,2
12915,2
12916,2
12917,3
12918,2
12919,2
12920,2
12921,2
12922,2
12923,3
12924,3
12925,3
12926,2
12927,2
12928,2
12929,3
12930,3
12931,2
12932,2
12933,3
12934,2
12935,2
12936,3
12937,2
12938,3
12939,3
12940,3
12941,3
12942,3
12943,3
12944,2
12945,2
12946,3
12947,2
12948,2
12949,2
12950,3
12951,3
12952,2
12953,3
12954,3
12955,2
12956,3
12957,3
12958,3
12959,3
12960,3
12961,3
12962,3
12963,3
12964,3
12965,3
12966,3
12967,2
12968,3
12969,3
12970,3
12971,3
12972,3
12973,3
12974,3
12975,3
12976,2
12977,3
12978,2
12979,2
12980,2
12981,3
12982,2
12983,3
12984,3
12985,3
12986,2
12987,2
12988,2
12989,2
12990,3
12991,3
12992,3
12993,2
12994,3
12995,2
12996,3
12997,3
12998,3
12999,3
13000,3
13001,2
13002,3
13003,3
13004,3
13005,2
13006,3
13007,3
13008,2
13009,3
13010,2
13011,3
13012,2
13013,2
13014,3
13015,2
13016,3
13017,2
13018,3
13019,3
13020,3
13021,2
13022,3
13023,2
13024,2
13025,2
13026,2
13027,3
13028,3
13029,3
13030,2
13031,3
13032,3
13033,3
13034,3
13035,3
13036,3
13037,3
13038,3
13039,3
13040,3
13041,3
13042,3
13043,3
13044,3
13045,2
13046,2
13047,2
13048,2
13049,3
13050,3
13051,3
13052,3
13053,2
13054,2
13055,3
13056,3
13057,3
13058,3
13059,3
13060,3
13061,3
13062,3
13063,3
13064,3
13065,3
13066,3
13067,3
13068,3
13069,3
13070,3
13071,3
13072,3
13073,2
13074,3
13075,3
13076,3
13077,3
13078,3
13079,3
13080,3
13081,2
13082,3
13083,3
13084,3
13085,2
13086,3
13087,2
13088,3
13089,3
13090,3
13091,3
13092,2
13093,2
13094,2
13095,2
13096,2
13097,2
13098,2
13099,2
13100,2
13101,3
13102,3
13103,2
13104,2
13105,2
13106,2
13107,2
13108,2
13109,2
13110,2
13111,3
13112,3
13113,3
13114,2
13115,3
13116,2
13117,3
13118,3
13119,3
13120,3
13121,3
13122,3
13123,3
13124,3
13125,3
13126,3
13127,3
13128,3
13129,2
13130,3
13131,2
13132,2
13133,2
13134,2
13135,3
13136,3
13137,2
13138,2
13139,3
13140,2
13141,2
13142,2
13143,3
13144,3
13145,3
13146,3
13147,3
13148,3
13149,3
13150,3
13151,2
13152,3
13153,3
13154,3
13155,3
13156,3
13157,3
13158,3
13159,3
13160,3
13161,3
13162,2
13163,3
13164,3
13165,2
13166,2
13167,3
13168,3
13169,3
13170,3
13171,3
13172,3
13173,3
13174,3
13175,3
13176,3
13177,3
13178,3
13179,3
13180,3
13181,3
13182,3
13183,2
13184,3
13185,2
13186,3
13187,3
13188,2
13189,2
13190,2
13191,2
13192,3
13193,3
13194,3
13195,3
13196,2
13197,3
13198,3
13199,3
13200,2
13201,2
13202,3
13203,3
13204,2
13205,3
13206,2
13207,2
13208,2
13209,3
13210,3
13211,3
13212,3
13213,3
13214,3
13215,3
13216,3
13217,3
13218,3
13219,3
13220,3
13221,3
13222,3
13223,3
13224,3
13225,3
13226,3
13227,2
13228,3
13229,2
13230,2
13231,3
13232,3
13233,2
13234,2
13235,2
13236,2
13237,3
13238,3
13239,3
13240,3
13241,2
13242,2
13243,2
13244,2
13245,2
13246,3
13247,3
13248,2
13249,2
13250,3
13251,2
13252,2
13253,3
13254,3
13255,3
13256,3
13257,3
13258,3
13259,3
13260,3
13261,3
13262,3
13263,3
13264,2
13265,2
13266,3
13267,3
13268,3
13269,3
13270,3
13271,3
13272,3
13273,3
13274,3
13275,3
13276,3
13277,3
13278,3
13279,3
13280,3
13281,3
13282,3
13283,3
13284,3
13285,3
13286,3
13287,3
13288,3
13289,3
13290,3
13291,3
13292,3
13293,3
13294,3
13295,3
13296,3
13297,3
13298,3
13299,3
13300,3
13301,3
13302,3
13303,3
13304,2
13305,2
13306,2
13307,3
13308,2
13309,2
13310,3
13311,3
13312,3
13313,2
13314,2
13315,3
13316,2
13317,3
13318,3
13319,3
13320,2
13321,2
13322,2
13323,3
13324,3
13325,2
13326,2
13327,2
13328,2
13329,3
13330,2
13331,2
13332,3
13333,3
13334,3
13335,3
13336,2
13337,3
13338,2
13339,2
13340,3
13341,3
13342,3
13343,3
13344,3
13345,3
13346,2
13347,2
13348,2
13349,2
13350,3
13351,2
13352,3
13353,2
13354,2
13355,2
13356,2
13357,2
13358,2
13359,2
13360,2
13361,2
13362,2
13363,2
13364,3
13365,2
13366,3
13367,3
13368,2
13369,2
13370,3
13371,2
13372,3
13373,3
13374,3
13375,3
13376,3
13377,3
13378,3
13379,3
13380,3
13381,3
13382,3
13383,3
13384,3
13385,3
13386,3
13387,3
13388,3
13389,3
13390,3
13391,2
13392,3
13393,3
13394,3
13395,3
13396,3
13397,3
13398,3
13399,2
13400,2
13401,2
13402,2
13403,2
13404,2
13405,2
13406,2
13407,3
13408,2
13409,2
13410,3
13411,3
13412,2
13413,2
13414,3
13415,2
13416,2
13417,2
13418,2
13419,3
13420,3
13421,3
13422,2
13423,3
13424,3
13425,3
13426,3
13427,2
13428,3
13429,3
13430,3
13431,3
13432,3
13433,3
13434,3
13435,3
13436,3
13437,3
13438,3
13439,3
13440,2
13441,2
13442,2
13443,3
13444,3
13445,2
13446,3
13447,3
13448,2
13449,3
13450,3
13451,2
13452,2
13453,3
13454,2
13455,2
13456,2
13457,2
13458,2
13459,2
13460,3
13461,3
13462,3
13463,2
13464,3
13465,3
13466,3
13467,3
13468,3
13469,3
13470,3
13471,3
13472,3
13473,3
13474,3
13475,3
13476,3
13477,3
13478,3
13479,3
13480,3
13481,2
13482,2
13483,2
13484,2
13485,2
13486,2
13487,2
13488,2
13489,2
13490,2
13491,2
13492,2
13493,2
13494,2
13495,2
13496,2
13497,2
13498,2
13499,3
13500,3
13501,3
13502,3
13503,3
13504,3
13505,3
13506,2
13507,2
13508,2
13509,2
13510,3
13511,2
13512,2
13513,2
13514,3
13515,2
13516,3
13517,3
13518,3
13519,3
13520,3
13521,2
13522,3
13523,3
13524,3
13525,3
13526,3
13527,3
13528,3
13529,3
13530,3
13531,3
13532,3
13533,3
13534,3
13535,3
13536,3
13537,3
13538,3
13539,2
13540,3
13541,3
13542,3
13543,3
13544,3
13545,3
13546,3
13547,2
13548,3
13549,3
13550,3
13551,3
13552,3
13553,3
13554,3
13555,3
13556,3
13557,3
13558,3
13559,3
13560,3
13561,3
13562,3
13563,3
13564,3
13565,3
13566,3
13567,3
13568,3
13569,3
13570,3
13571,2
13572,2
13573,2
13574,2
13575,2
13576,3
13577,2
13578,2
13579,3
13580,3
13581,2
13582,2
13583,2
13584,3
13585,2
13586,2
13587,3
13588,3
13589,3
13590,3
13591,3
13592,2
13593,2
13594,2
13595,2
13596,2
13597,3
13598,3
13599,3
13600,3
13601,2
13602,3
13603,3
13604,2
13605,3
13606,3
13607,3
13608,3
13609,3
13610,3
13611,3
13612,3
13613,3
13614,3
13615,3
13616,3
13617,3
13618,3
13619,3
13620,3
13621,3
13622,3
13623,3
13624,3
13625,3
13626,3
13627,3
13628,3
13629,3
13630,3
13631,3
13632,3
13633,3
13634,3
13635,3
13636,3
13637,3
13638,3
13639,3
13640,3
13641,3
13642,3
13643,3
13644,3
13645,3
13646,3
13647,3
13648,3
13649,3
13650,3
13651,3
13652,3
13653,3
13654,3
13655,3
13656,3
13657,3
13658,3
13659,3
13660,3
13661,3
13662,3
13663,3
13664,3
13665,3
13666,3
13667,3
13668,3
13669,3
13670,3
13671,3
13672,3
13673,3
13674,3
13675,3
13676,3
13677,3
13678,3
13679,2
13680,3
13681,3
13682,3
13683,3
13684,3
13685,3
13686,3
13687,3
13688,3
13689,3
13690,3
13691,3
13692,3
13693,3
13694,3
13695,2
13696,2
13697,3
13698,3
13699,3
13700,3
13701,3
13702,3
13703,3
13704,3
13705,3
13706,3
13707,3
13708,3
13709,3
13710,3
13711,3
13712,3
13713,3
13714,3
13715,3
13716,3
13717,3
13718,3
13719,3
13720,3
13721,3
13722,3
13723,3
13724,3
13725,3
13726,3
13727,3
13728,3
13729,3
13730,3
13731,3
13732,3
13733,3
13734,3
13735,3
13736,3
13737,3
13738,3
13739,3
13740,2
13741,3
13742,3
13743,3
13744,3
13745,3
13746,3
13747,3
13748,3
13749,3
13750,3
13751,3
13752,3
13753,3
13754,3
13755,3
13756,3
13757,2
13758,2
13759,3
13760,3
13761,3
13762,3
13763,3
13764,3
13765,3
13766,3
13767,3
13768,3
13769,3
13770,3
13771,3
13772,3
13773,3
13774,3
13775,2
13776,3
13777,3
13778,3
13779,3
13780,3
13781,3
13782,3
13783,3
13784,3
13785,3
13786,3
13787,3
13788,3
13789,3
13790,3
13791,3
13792,3
13793,3
13794,3
13795,3
13796,2
13797,2
13798,2
13799,3
13800,2
13801,3
13802,2
13803,3
13804,2
13805,2
13806,3
13807,3
13808,3
13809,3
13810,3
13811,3
13812,3
13813,3
13814,3
13815,3
13816,3
13817,3
13818,3
13819,3
13820,3
13821,3
13822,3
13823,3
13824,3
13825,3
13826,3
13827,3
13828,3
13829,3
13830,3
13831,3
13832,3
13833,3
13834,3
13835,3
13836,3
13837,3
13838,3
13839,3
13840,3
13841,3
13842,3
13843,3
13844,3
13845,3
13846,3
13847,3
13848,3
13849,3
13850,3
13851,3
13852,3
13853,3
13854,3
13855,3
13856,3
13857,3
13858,3
13859,3
13860,3
13861,2
13862,3
13863,2
13864,3
13865,3
13866,3
13867,3
13868,3
13869,3
13870,3
13871,3
13872,3
13873,3
13874,3
13875,3
13876,3
13877,2
13878,3
13879,3
13880,2
13881,2
13882,3
13883,2
13884,3
13885,2
13886,3
13887,2
13888,2
13889,2
13890,2
13891,2
13892,2
13893,2
13894,3
13895,3
13896,3
13897,2
13898,3
13899,3
13900,3
13901,3
13902,3
13903,3
13904,3
13905,2
13906,3
13907,3
13908,3
13909,3
13910,2
13911,2
13912,2
13913,3
13914,2
13915,3
13916,3
13917,2
13918,2
13919,2
13920,2
13921,3
13922,3
13923,3
13924,3
13925,3
13926,3
13927,2
13928,3
13929,3
13930,3
13931,2
13932,2
13933,3
13934,3
13935,3
13936,2
13937,3
13938,3
13939,3
13940,3
13941,3
13942,3
13943,3
13944,3
13945,3
13946,3
13947,3
13948,3
13949,3
13950,3
13951,3
13952,3
13953,3
13954,3
13955,3
13956,3
13957,3
13958,3
13959,3
13960,3
13961,2
13962,3
13963,3
13964,3
13965,3
13966,3
13967,3
13968,3
13969,3
13970,3
13971,3
13972,3
13973,3
13974,3
13975,2
13976,3
13977,3
13978,3
13979,3
13980,2
13981,3
13982,2
13983,2
13984,3
13985,2
13986,3
13987,3
13988,3
13989,3
13990,3
13991,3
13992,2
13993,3
13994,2
13995,2
13996,2
13997,2
13998,2
13999,2
14000,3
14001,3
14002,3
14003,3
14004,3
14005,3
14006,3
14007,3
14008,3
14009,3
14010,3
14011,3
14012,3
14013,3
14014,3
14015,3
14016,3
14017,3
14018,3
14019,3
14020,3
14021,3
14022,2
14023,3
14024,2
14025,2
14026,3
14027,3
14028,3
14029,3
14030,3
14031,3
14032,3
14033,3
14034,3
14035,3
14036,3
14037,3
14038,2
14039,2
14040,2
14041,2
14042,3
14043,2
14044,2
14045,3
14046,3
14047,3
14048,3
14049,3
14050,3
14051,3
14052,3
14053,3
14054,3
14055,3
14056,3
14057,3
14058,3
14059,3
14060,3
14061,3
14062,3
14063,2
14064,2
14065,2
14066,2
14067,3
14068,3
14069,3
14070,3
14071,3
14072,3
14073,2
14074,3
14075,3
14076,3
14077,3
14078,3
14079,3
14080,3
14081,3
14082,3
14083,3
14084,3
14085,3
14086,2
14087,2
14088,3
14089,3
14090,3
14091,3
14092,3
14093,3
14094,3
14095,3
14096,3
14097,3
14098,3
14099,3
14100,3
14101,3
14102,3
14103,3
14104,3
14105,3
14106,3
14107,3
14108,3
14109,3
14110,3
14111,3
14112,3
14113,3
14114,3
14115,3
14116,3
14117,3
14118,3
14119,3
14120,3
14121,3
14122,3
14123,3
14124,3
14125,3
14126,3
14127,2
14128,3
14129,3
14130,3
14131,3
14132,3
14133,3
14134,3
14135,3
14136,3
14137,2
14138,2
14139,3
14140,2
14141,3
14142,3
14143,3
14144,3
14145,3
14146,3
14147,3
14148,3
14149,3
14150,3
14151,3
14152,3
14153,3
14154,3
14155,3
14156,3
14157,3
14158,3
14159,3
14160,2
14161,3
14162,3
14163,2
14164,3
14165,2
14166,3
14167,3
14168,2
14169,3
14170,2
14171,3
14172,3
14173,3
14174,3
14175,3
14176,2
14177,3
14178,2
14179,3
14180,3
14181,3
14182,3
14183,3
14184,3
14185,3
14186,3
14187,3
14188,3
14189,3
14190,3
14191,3
14192,3
14193,3
14194,3
14195,3
14196,3
14197,3
14198,3
14199,3
14200,3
14201,3
14202,3
14203,3
14204,3
14205,3
14206,0
14207,3
14208,3
14209,3
14210,3
14211,3
14212,3
14213,3
14214,3
14215,3
14216,3
14217,3
14218,3
14219,3
14220,3
14221,3
14222,3
14223,3
14224,3
14225,3
14226,3
14227,3
14228,3
14229,3
14230,3
14231,3
14232,3
14233,3
14234,3
14235,3
14236,3
14237,3
14238,3
14239,3
14240,3
14241,3
14242,3
14243,3
14244,3
14245,3
14246,3
14247,3
14248,3
14249,3
14250,3
14251,3
14252,3
14253,3
14254,3
14255,3
14256,3
14257,3
14258,3
14259,3
14260,3
14261,3
14262,3
14263,3
14264,3
14265,3
14266,3
14267,3
14268,3
14269,3
14270,3
14271,3
14272,3
14273,3
14274,3
14275,3
14276,3
14277,3
14278,3
14279,3
14280,3
14281,3
14282,3
14283,3
14284,3
14285,3
14286,3
14287,3
14288,3
14289,3
14290,3
14291,3
14292,3
14293,3
14294,3
14295,3
14296,3
14297,3
14298,3
14299,3
14300,3
14301,3
14302,3
14303,3
14304,3
14305,3
14306,3
14307,0
14308,3
14309,3
14310,3
14311,3
14312,3
14313,3
14314,3
14315,3
14316,3
14317,3
14318,3
14319,3
14320,3
14321,3
14322,3
14323,3
14324,3
14325,3
14326,0
14327,3
14328,3
14329,3
14330,3
14331,3
14332,3
14333,3
14334,3
14335,3
14336,3
14337,3
14338,3
14339,3
14340,3
14341,3
14342,3
14343,3
14344,3
14345,3
14346,3
14347,3
14348,3
14349,3
14350,3
14351,3
14352,3
14353,3
14354,3
14355,3
14356,3
14357,3
14358,3
14359,3
14360,3
14361,3
14362,3
14363,3
14364,3
14365,3
14366,3
14367,3
14368,3
14369,3
14370,3
14371,3
14372,3
14373,3
14374,3
14375,3
14376,3
14377,3
14378,3
14379,3
14380,3
14381,3
14382,3
14383,3
14384,3
14385,3
14386,3
14387,3
14388,3
14389,3
14390,3
14391,3
14392,3
14393,3
14394,3
14395,3
14396,3
14397,3
14398,3
14399,3
14400,3
14401,3
14402,3
14403,3
14404,3
14405,3
14406,3
14407,3
14408,3
14409,3
14410,3
14411,3
14412,3
14413,3
14414,3
14415,3
14416,3
14417,3
14418,3
14419,3
14420,3
14421,3
14422,3
14423,3
14424,3
14425,3
14426,3
14427,3
14428,3
14429,3
14430,3
14431,3
14432,3
14433,3
14434,3
14435,3
14436,3
14437,3
14438,3
14439,3
14440,3
14441,3
14442,3
14443,3
14444,3
14445,3
14446,3
14447,3
14448,3
14449,3
14450,3
14451,3
14452,3
14453,3
14454,3
14455,3
14456,3
14457,3
14458,3
14459,3
14460,3
14461,3
14462,3
14463,3
14464,3
14465,3
14466,3
14467,3
14468,3
14469,3
14470,3
14471,3
14472,3
14473,3
14474,3
14475,3
14476,3
14477,3
14478,3
14479,3
14480,3
14481,3
14482,3
14483,3
14484,3
14485,3
14486,3
14487,3
14488,3
14489,3
14490,3
14491,3
14492,3
14493,3
14494,3
14495,3
14496,3
14497,3
14498,3
14499,3
14500,3
14501,3
14502,3
14503,3
14504,3
14505,3
14506,3
14507,3
14508,3
14509,3
14510,3
14511,3
14512,3
14513,3
14514,3
14515,3
14516,3
14517,3
14518,3
14519,3
14520,3
14521,3
14522,3
14523,3
14524,3
14525,3
14526,3
14527,3
14528,3
14529,3
14530,3
14531,3
14532,3
14533,3
14534,3
14535,3
14536,3
14537,3
14538,3
14539,3
14540,3
14541,3
14542,3
14543,2
14544,3
14545,3
14546,3
14547,3
14548,3
14549,3
14550,3
14551,3
14552,3
14553,3
14554,3
14555,3
14556,3
14557,3
14558,3
14559,3
14560,3
14561,3
14562,3
14563,3
14564,3
14565,3
14566,3
14567,3
14568,3
14569,3
14570,3
14571,3
14572,3
14573,3
14574,3
14575,3
14576,3
14577,3
14578,3
14579,3
14580,3
14581,3
14582,3
14583,3
14584,3
14585,3
14586,3
14587,3
14588,3
14589,3
14590,3
14591,3
14592,3
14593,3
14594,3
14595,3
14596,3
14597,3
14598,3
14599,3
14600,3
14601,3
14602,3
14603,3
14604,3
14605,3
14606,3
14607,3
14608,3
14609,3
14610,3
14611,3
14612,3
14613,3
14614,3
14615,3
14616,3
14617,3
14618,3
14619,3
14620,3
14621,3
14622,3
14623,3
14624,3
14625,3
14626,3
14627,3
14628,3
14629,3
14630,3
14631,3
14632,3
14633,3
14634,3
14635,3
14636,3
14637,3
14638,3
14639,3
14640,3
14641,3
14642,3
14643,3
14644,3
14645,3
14646,3
14647,3
14648,3
14649,3
14650,3
14651,3
14652,3
14653,3
14654,3
14655,3
14656,3
14657,3
14658,3
14659,3
14660,3
14661,3
14662,3
14663,3
14664,3
14665,3
14666,3
14667,3
14668,3
14669,3
14670,3
14671,3
14672,3
14673,3
14674,3
14675,3
14676,3
14677,3
14678,3
14679,3
14680,3
14681,3
14682,3
14683,3
14684,3
14685,3
14686,3
14687,3
14688,3
14689,3
14690,3
14691,3
14692,3
14693,3
14694,3
14695,3
14696,3
14697,3
14698,3
14699,3
14700,3
14701,3
14702,3
14703,3
14704,3
14705,3
14706,3
14707,3
14708,3
14709,3
14710,3
14711,3
14712,3
14713,0
14714,3
14715,3
14716,3
14717,3
14718,3
14719,3
14720,3
14721,3
14722,3
14723,3
14724,3
14725,3
14726,3
14727,3
14728,3
14729,3
14730,3
14731,3
14732,3
14733,3
14734,3
14735,3
14736,3
14737,3
14738,3
14739,3
14740,3
14741,3
14742,3
14743,3
14744,3
14745,3
14746,3
14747,3
14748,3
14749,3
14750,3
14751,3
14752,3
14753,3
14754,3
14755,3
14756,3
14757,3
14758,3
14759,3
14760,3
14761,3
14762,3
14763,3
14764,3
14765,3
14766,3
14767,3
14768,3
14769,3
14770,3
14771,3
14772,3
14773,3
14774,3
14775,3
14776,3
14777,3
14778,3
14779,3
14780,3
14781,3
14782,3
14783,3
14784,3
14785,3
14786,3
14787,3
14788,3
14789,3
14790,3
14791,3
14792,3
14793,3
14794,3
14795,3
14796,3
14797,3
14798,3
14799,3
14800,3
14801,3
14802,3
14803,3
14804,3
14805,3
14806,3
14807,3
14808,3
14809,3
14810,3
14811,3
14812,3
14813,3
14814,3
14815,3
14816,3
14817,3
14818,3
14819,3
14820,3
14821,3
14822,3
14823,3
14824,3
14825,3
14826,3
14827,3
14828,3
14829,3
14830,3
14831,3
14832,3
14833,3
14834,3
14835,3
14836,3
14837,3
14838,3
14839,3
14840,3
14841,3
14842,3
14843,3
14844,3
14845,3
14846,3
14847,3
14848,3
14849,3
14850,3
14851,3
14852,3
14853,3
14854,3
14855,3
14856,3
14857,3
14858,3
14859,3
14860,3
14861,3
14862,3
14863,3
14864,3
14865,3
14866,3
14867,3
14868,3
14869,3
14870,3
14871,3
14872,3
14873,3
14874,3
14875,3
14876,3
14877,3
14878,3
14879,3
14880,3
14881,3
14882,3
14883,3
14884,3
14885,3
14886,3
14887,3
14888,3
14889,3
14890,3
14891,3
14892,3
14893,3
14894,3
14895,3
14896,3
14897,3
14898,3
14899,3
14900,3
14901,3
14902,3
14903,3
14904,3
14905,3
14906,3
14907,3
14908,3
14909,3
14910,3
14911,3
14912,3
14913,3
14914,3
14915,3
14916,3
14917,3
14918,3
14919,3
14920,3
14921,3
14922,3
14923,3
14924,3
14925,3
14926,3
14927,3
14928,3
14929,3
14930,3
14931,3
14932,3
14933,3
14934,3
14935,3
14936,3
14937,3
14938,3
14939,3
14940,3
14941,3
14942,3
14943,3
14944,3
14945,3
14946,3
14947,3
14948,3
14949,3
14950,3
14951,3
14952,3
14953,3
14954,3
14955,3
14956,3
14957,3
14958,3
14959,3
14960,3
14961,3
14962,3
14963,3
14964,3
14965,3
14966,3
14967,3
14968,3
14969,3
14970,3
14971,3
14972,3
14973,2
14974,3
14975,3
14976,3
14977,3
14978,3
14979,3
14980,3
14981,3
14982,3
14983,3
14984,3
14985,3
14986,3
14987,3
14988,3
14989,3
14990,3
14991,3
14992,3
14993,3
14994,3
14995,3
14996,3
14997,3
14998,3
14999,3
15000,3
15001,3
15002,3
15003,3
15004,3
15005,3
15006,3
15007,3
15008,3
15009,3
15010,3
15011,3
15012,3
15013,3
15014,3
15015,3
15016,3
15017,3
15018,3
15019,3
15020,3
15021,3
15022,3
15023,3
15024,3
15025,3
15026,3
15027,3
15028,3
15029,3
15030,3
15031,3
15032,3
15033,3
15034,3
15035,3
15036,3
15037,3
15038,3
15039,3
15040,3
15041,3
15042,3
15043,3
15044,3
15045,3
15046,3
15047,3
15048,3
15049,3
15050,3
15051,3
15052,3
15053,3
15054,3
15055,3
15056,3
15057,3
15058,3
15059,3
15060,3
15061,3
15062,3
15063,3
15064,0
15065,3
15066,3
15067,3
15068,3
15069,3
15070,3
15071,3
15072,3
15073,3
15074,3
15075,3
15076,3
15077,3
15078,3
15079,3
15080,3
15081,3
15082,3
15083,3
15084,3
15085,3
15086,3
15087,3
15088,3
15089,3
15090,3
15091,3
15092,3
15093,3
15094,3
15095,3
15096,3
15097,3
15098,3
15099,3
15100,3
15101,3
15102,3
15103,3
15104,3
15105,3
15106,3
15107,3
15108,3
15109,3
15110,3
15111,3
15112,3
15113,3
15114,3
15115,3
15116,3
15117,3
15118,3
15119,3
15120,3
15121,3
15122,3
15123,3
15124,3
15125,3
15126,3
15127,3
15128,3
15129,3
15130,3
15131,3
15132,3
15133,3
15134,3
15135,3
15136,3
15137,3
15138,3
15139,3
15140,3
15141,3
15142,3
15143,3
15144,3
15145,2
15146,3
15147,3
15148,0
15149,3
15150,3
15151,3
15152,3
15153,3
15154,3
15155,3
15156,3
15157,3
15158,3
15159,3
15160,3
15161,3
15162,3
15163,3
15164,3
15165,3
15166,3
15167,3
15168,3
15169,3
15170,3
15171,3
15172,3
15173,3
15174,3
15175,3
15176,3
15177,3
15178,3
15179,3
15180,3
15181,3
15182,3
15183,3
15184,3
15185,3
15186,3
15187,3
15188,3
15189,3
15190,3
15191,3
15192,3
15193,3
15194,3
15195,3
15196,3
15197,3
15198,3
15199,3
15200,3
15201,3
15202,3
15203,3
15204,3
15205,3
15206,3
15207,3
15208,3
15209,3
15210,3
15211,3
15212,3
15213,3
15214,3
15215,3
15216,3
15217,3
15218,3
15219,3
15220,3
15221,3
15222,3
15223,3
15224,3
15225,3
15226,3
15227,3
15228,3
15229,3
15230,3
15231,3
15232,3
15233,3
15234,3
15235,3
15236,3
15237,3
15238,3
15239,3
15240,3
15241,3
15242,3
15243,3
15244,3
15245,3
15246,3
15247,3
15248,3
15249,3
15250,3
15251,3
15252,3
15253,3
15254,3
15255,3
15256,3
15257,3
15258,3
15259,3
15260,3
15261,3
15262,3
15263,3
15264,3
15265,3
15266,3
15267,3
15268,3
15269,3
15270,3
15271,3
15272,3
15273,3
15274,3
15275,3
15276,3
15277,3
15278,3
15279,3
15280,3
15281,3
15282,3
15283,3
15284,3
15285,3
15286,3
15287,3
15288,3
15289,3
15290,3
15291,3
15292,3
15293,3
15294,3
15295,3
15296,3
15297,3
15298,3
15299,3
15300,3
15301,3
15302,3
15303,3
15304,3
15305,3
15306,3
15307,3
15308,3
15309,3
15310,3
15311,3
15312,3
15313,3
15314,3
15315,3
15316,3
15317,3
15318,3
15319,3
15320,3
15321,3
15322,3
15323,3
15324,3
15325,3
15326,3
15327,3
15328,3
15329,3
15330,3
15331,3
15332,3
15333,3
15334,3
15335,3
15336,3
15337,3
15338,3
15339,3
15340,3
15341,3
15342,3
15343,3
15344,3
15345,3
15346,3
15347,3
15348,3
15349,3
15350,3
15351,3
15352,3
15353,3
15354,3
15355,3
15356,3
15357,3
15358,2
15359,2
15360,2
15361,3
15362,2
15363,2
15364,2
15365,2
15366,3
15367,3
15368,2
15369,2
15370,2
15371,2
15372,2
15373,2
15374,3
15375,2
15376,2
15377,2
15378,2
15379,2
15380,2
15381,2
15382,2
15383,2
15384,2
15385,2
15386,2
15387,2
15388,2
15389,2
15390,2
15391,2
15392,2
15393,2
15394,2
15395,2
15396,2
15397,2
15398,2
15399,2
15400,2
15401,2
15402,2
15403,2
15404,2
15405,2
15406,2
15407,2
15408,2
15409,2
15410,2
15411,2
15412,2
15413,2
15414,2
15415,2
15416,2
15417,2
15418,2
15419,2
15420,2
15421,2
15422,2
15423,2
15424,2
15425,2
15426,2
15427,2
15428,2
15429,2
15430,2
15431,2
15432,2
15433,2
15434,2
15435,2
15436,2
15437,2
15438,2
15439,2
15440,2
15441,2
15442,2
15443,2
15444,2
15445,2
15446,2
15447,2
15448,2
15449,2
15450,2
15451,2
15452,2
15453,2
15454,2
15455,2
15456,2
15457,2
15458,2
15459,2
15460,2
15461,2
15462,2
15463,2
15464,2
15465,2
15466,2
15467,2
15468,2
15469,2
15470,2
15471,2
15472,2
15473,2
15474,2
15475,2
15476,2
15477,2
15478,2
15479,2
15480,2
15481,2
15482,2
15483,2
15484,2
15485,2
15486,2
15487,2
15488,2
15489,2
15490,2
15491,2
15492,2
15493,2
15494,2
15495,2
15496,2
15497,2
15498,2
15499,2
15500,2
15501,2
15502,2
15503,2
15504,2
15505,2
15506,2
15507,2
15508,2
15509,2
15510,2
15511,2
15512,2
15513,2
15514,2
15515,2
15516,2
15517,2
15518,2
15519,2
15520,2
15521,2
15522,2
15523,2
15524,2
15525,2
15526,2
15527,2
15528,2
15529,2
15530,2
15531,2
15532,2
15533,2
15534,2
15535,2
15536,2
15537,2
15538,2
15539,2
15540,2
15541,2
15542,2
15543,2
15544,2
15545,2
15546,2
15547,2
15548,2
15549,2
15550,2
15551,2
15552,2
15553,2
15554,2
15555,2
15556,2
15557,2
15558,2
15559,2
15560,2
15561,2
15562,2
15563,2
15564,2
15565,2
15566,3
15567,2
15568,2
15569,2
15570,2
15571,2
15572,2
15573,2
15574,2
15575,2
15576,2
15577,2
15578,2
15579,2
15580,2
15581,2
15582,2
15583,2
15584,2
15585,2
15586,2
15587,2
15588,2
15589,2
15590,2
15591,2
15592,2
15593,2
15594,2
15595,2
15596,2
15597,2
15598,2
15599,2
15600,2
15601,2
15602,2
15603,2
15604,2
15605,2
15606,2
15607,2
15608,2
15609,2
15610,2
15611,2
15612,2
15613,2
15614,2
15615,2
15616,2
15617,2
15618,2
15619,2
15620,2
15621,2
15622,2
15623,2
15624,2
15625,2
15626,2
15627,2
15628,2
15629,2
15630,2
15631,2
15632,2
15633,2
15634,2
15635,2
15636,2
15637,2
15638,2
15639,2
15640,2
15641,2
15642,2
15643,2
15644,2
15645,2
15646,2
15647,2
15648,2
15649,2
15650,2
15651,2
15652,2
15653,2
15654,2
15655,2
15656,2
15657,2
15658,2
15659,2
15660,2
15661,2
15662,2
15663,2
15664,2
15665,2
15666,2
15667,2
15668,2
15669,2
15670,2
15671,2
15672,2
15673,2
15674,2
15675,2
15676,2
15677,2
15678,2
15679,2
15680,2
15681,2
15682,2
15683,2
15684,2
15685,2
15686,2
15687,2
15688,2
15689,2
15690,2
15691,2
15692,2
15693,2
15694,2
15695,2
15696,2
15697,2
15698,2
15699,2
15700,2
15701,2
15702,2
15703,2
15704,2
15705,2
15706,2
15707,2
15708,2
15709,2
15710,2
15711,2
15712,2
15713,2
15714,2
15715,2
15716,2
15717,2
15718,2
15719,2
15720,2
15721,2
15722,2
15723,2
15724,2
15725,2
15726,2
15727,2
15728,2
15729,2
15730,2
15731,2
15732,2
15733,2
15734,2
15735,2
15736,2
15737,2
15738,2
15739,3
15740,2
15741,2
15742,2
15743,2
15744,2
15745,2
15746,2
15747,2
15748,2
15749,2
15750,2
15751,2
15752,2
15753,2
15754,2
15755,2
15756,2
15757,2
15758,2
15759,2
15760,2
15761,2
15762,2
15763,2
15764,2
15765,2
15766,2
15767,2
15768,2
15769,2
15770,2
15771,2
15772,2
15773,3
15774,3
15775,2
15776,2
15777,2
15778,2
15779,2
15780,2
15781,2
15782,2
15783,2
15784,2
15785,2
15786,2
15787,2
15788,2
15789,2
15790,2
15791,2
15792,2
15793,2
15794,2
15795,2
15796,2
15797,2
15798,2
15799,2
15800,2
15801,2
15802,2
15803,2
15804,2
15805,2
15806,2
15807,2
15808,2
15809,2
15810,2
15811,2
15812,2
15813,2
15814,2
15815,2
15816,2
15817,2
15818,2
15819,2
15820,2
15821,2
15822,2
15823,2
15824,2
15825,2
15826,2
15827,2
15828,2
15829,2
15830,2
15831,2
15832,2
15833,2
15834,2
15835,2
15836,2
15837,2
15838,2
15839,2
15840,2
15841,2
15842,2
15843,2
15844,2
15845,2
15846,2
15847,2
15848,2
15849,2
15850,2
15851,2
15852,2
15853,2
15854,2
15855,2
15856,2
15857,2
15858,2
15859,2
15860,2
15861,2
15862,2
15863,2
15864,2
15865,2
15866,2
15867,2
15868,2
15869,2
15870,2
15871,2
15872,2
15873,2
15874,2
15875,2
15876,2
15877,2
15878,2
15879,2
15880,2
15881,2
15882,2
15883,2
15884,2
15885,2
15886,2
15887,2
15888,2
15889,2
15890,2
15891,2
15892,2
15893,2
15894,2
15895,2
15896,2
15897,2
15898,2
15899,2
15900,2
15901,2
15902,2
15903,2
15904,2
15905,2
15906,2
15907,2
15908,2
15909,2
15910,2
15911,2
15912,2
15913,2
15914,2
15915,2
15916,2
15917,2
15918,2
15919,2
15920,2
15921,2
15922,2
15923,2
15924,2
15925,2
15926,2
15927,2
15928,2
15929,2
15930,2
15931,2
15932,2
15933,2
15934,2
15935,2
15936,2
15937,2
15938,2
15939,2
15940,2
15941,2
15942,2
15943,2
15944,2
15945,2
15946,2
15947,2
15948,2
15949,2
15950,2
15951,2
15952,2
15953,2
15954,2
15955,2
15956,2
15957,2
15958,2
15959,2
15960,2
15961,2
15962,2
15963,2
15964,2
15965,2
15966,2
15967,2
15968,2
15969,2
15970,2
15971,2
15972,2
15973,2
15974,2
15975,2
15976,2
15977,2
15978,2
15979,2
15980,2
15981,2
15982,2
15983,2
15984,2
15985,2
15986,2
15987,2
15988,2
15989,2
15990,2
15991,2
15992,2
15993,2
15994,2
15995,2
15996,2
15997,2
15998,2
15999,2
16000,2
16001,2
16002,2
16003,2
16004,2
16005,2
16006,2
16007,2
16008,2
16009,2
16010,2
16011,2
16012,2
16013,2
16014,2
16015,2
16016,2
16017,2
16018,2
16019,2
16020,2
16021,2
16022,2
16023,2
16024,2
16025,2
16026,2
16027,2
16028,2
16029,2
16030,2
16031,2
16032,2
16033,2
16034,2
16035,2
16036,2
16037,2
16038,2
16039,2
16040,2
16041,2
16042,2
16043,2
16044,2
16045,2
16046,2
16047,2
16048,2
16049,2
16050,2
16051,2
16052,2
16053,2
16054,2
16055,2
16056,2
16057,2
16058,2
16059,2
16060,2
16061,2
16062,2
16063,2
16064,2
16065,2
16066,2
16067,2
16068,2
16069,2
16070,2
16071,2
16072,2
16073,2
16074,2
16075,2
16076,2
16077,2
16078,2
16079,2
16080,2
16081,2
16082,2
16083,2
16084,2
16085,2
16086,2
16087,2
16088,2
16089,2
16090,2
16091,2
16092,2
16093,2
16094,2
16095,2
16096,2
16097,2
16098,2
16099,2
16100,2
16101,2
16102,2
16103,2
16104,2
16105,2
16106,2
16107,2
16108,2
16109,2
16110,2
16111,2
16112,2
16113,2
16114,2
16115,2
16116,2
16117,2
16118,2
16119,2
16120,2
16121,2
16122,2
16123,2
16124,2
16125,2
16126,2
16127,2
16128,2
16129,2
16130,2
16131,2
16132,2
16133,2
16134,2
16135,2
16136,2
16137,2
16138,2
16139,2
16140,2
16141,2
16142,2
16143,2
16144,2
16145,2
16146,2
16147,2
16148,2
16149,2
16150,2
16151,2
16152,2
16153,2
16154,2
16155,2
16156,2
16157,2
16158,2
16159,2
16160,2
16161,2
16162,2
16163,2
16164,2
16165,2
16166,2
16167,2
16168,2
16169,2
16170,2
16171,2
16172,2
16173,2
16174,2
16175,2
16176,2
16177,2
16178,2
16179,2
16180,2
16181,2
16182,2
16183,2
16184,2
16185,2
16186,2
16187,2
16188,2
16189,2
16190,2
16191,2
16192,2
16193,2
16194,2
16195,2
16196,2
16197,2
16198,2
16199,2
16200,2
16201,2
16202,2
16203,2
16204,2
16205,2
16206,2
16207,2
16208,2
16209,2
16210,2
16211,3
16212,2
16213,2
16214,2
16215,2
16216,2
16217,2
16218,2
16219,2
16220,2
16221,2
16222,2
16223,2
16224,2
16225,2
16226,2
16227,2
16228,2
16229,2
16230,2
16231,2
16232,2
16233,2
16234,2
16235,2
16236,2
16237,2
16238,2
16239,2
16240,2
16241,2
16242,2
16243,2
16244,2
16245,2
16246,2
16247,2
16248,2
16249,2
16250,2
16251,2
16252,2
16253,2
16254,2
16255,2
16256,2
16257,2
16258,2
16259,2
16260,2
16261,2
16262,2
16263,2
16264,2
16265,2
16266,2
16267,2
16268,2
16269,2
16270,2
16271,2
16272,2
16273,2
16274,2
16275,2
16276,2
16277,2
16278,2
16279,2
16280,2
16281,2
16282,2
16283,2
16284,2
16285,2
16286,2
16287,2
16288,2
16289,2
16290,2
16291,2
16292,2
16293,2
16294,2
16295,2
16296,2
16297,2
16298,2
16299,2
16300,2
16301,2
16302,2
16303,2
16304,2
16305,2
16306,2
16307,2
16308,2
16309,2
16310,2
16311,2
16312,2
16313,2
16314,2
16315,2
16316,2
16317,2
16318,2
16319,2
16320,2
16321,2
16322,2
16323,2
16324,2
16325,2
16326,2
16327,2
16328,2
16329,2
16330,2
16331,2
16332,2
16333,2
16334,2
16335,2
16336,2
16337,2
16338,2
16339,2
16340,2
16341,2
16342,2
16343,2
16344,2
16345,2
16346,2
16347,2
16348,2
16349,2
16350,2
16351,2
16352,2
16353,2
16354,2
16355,2
16356,2
16357,2
16358,2
16359,2
16360,2
16361,2
16362,2
16363,2
16364,2
16365,2
16366,2
16367,2
16368,2
16369,2
16370,2
16371,2
16372,2
16373,2
16374,2
16375,2
16376,2
16377,2
16378,2
16379,2
16380,2
16381,2
16382,2
16383,2
16384,2
16385,2
16386,2
16387,2
16388,2
16389,2
16390,2
16391,2
16392,2
16393,2
16394,2
16395,2
16396,2
16397,2
16398,2
16399,2
16400,2
16401,2
16402,2
16403,2
16404,2
16405,2
16406,2
16407,2
16408,2
16409,2
16410,2
16411,2
16412,2
16413,2
16414,2
16415,2
16416,2
16417,2
16418,2
16419,2
16420,2
16421,2
16422,2
16423,2
16424,2
16425,2
16426,2
16427,2
16428,2
16429,2
16430,2
16431,2
16432,2
16433,2
16434,2
16435,2
16436,2
16437,2
16438,2
16439,2
16440,2
16441,2
16442,2
16443,2
16444,2
16445,2
16446,2
16447,2
16448,2
16449,2
16450,2
16451,2
16452,2
16453,2
16454,2
16455,2
16456,2
16457,2
16458,2
16459,2
16460,2
16461,2
16462,2
16463,2
16464,2
16465,2
16466,2
16467,2
16468,2
16469,2
16470,2
16471,2
16472,2
16473,2
16474,2
16475,2
16476,2
16477,2
16478,2
16479,2
16480,2
16481,2
16482,2
16483,2
16484,2
16485,2
16486,2
16487,2
16488,2
16489,2
16490,2
16491,2
16492,2
16493,2
16494,2
16495,2
16496,2
16497,2
16498,2
16499,2
16500,2
16501,2
16502,2
16503,2
16504,2
16505,2
16506,2
16507,2
16508,2
16509,2
16510,2
16511,2
16512,2
16513,2
16514,2
16515,2
16516,2
16517,2
16518,2
16519,2
16520,2
16521,2
16522,2
16523,2
16524,2
16525,2
16526,2
16527,2
16528,2
16529,2
16530,2
16531,2
16532,2
16533,2
16534,2
16535,2
16536,2
16537,2
16538,2
16539,2
16540,2
16541,2
16542,2
16543,2
16544,2
16545,2
16546,2
16547,2
16548,2
16549,2
16550,2
16551,2
16552,2
16553,2
16554,2
16555,2
16556,2
16557,2
16558,2
16559,2
16560,2
16561,2
16562,2
16563,2
16564,2
16565,2
16566,2
16567,2
16568,2
16569,2
16570,2
16571,2
16572,2
16573,2
16574,2
16575,2
16576,2
16577,2
16578,2
16579,2
16580,2
16581,2
16582,2
16583,2
16584,2
16585,2
16586,2
16587,2
16588,2
16589,2
16590,2
16591,2
16592,2
16593,2
16594,2
16595,2
16596,2
16597,2
16598,2
16599,2
16600,2
16601,2
16602,2
16603,2
16604,2
16605,2
16606,2
16607,2
16608,2
16609,2
16610,2
16611,2
16612,2
16613,2
16614,2
16615,2
16616,2
16617,2
16618,2
16619,2
16620,2
16621,2
16622,2
16623,2
16624,2
16625,2
16626,2
16627,2
16628,2
16629,2
16630,2
16631,2
16632,2
16633,2
16634,2
16635,2
16636,2
16637,2
16638,2
16639,2
16640,2
16641,2
16642,2
16643,2
16644,2
16645,2
16646,2
16647,2
16648,2
16649,2
16650,2
16651,2
16652,2
16653,2
16654,2
16655,2
16656,2
16657,2
16658,2
16659,2
16660,2
16661,2
16662,2
16663,2
16664,2
16665,2
16666,2
16667,2
16668,2
16669,2
16670,2
16671,2
16672,2
16673,2
16674,2
16675,2
16676,2
16677,2
16678,2
16679,2
16680,2
16681,2
16682,2
16683,2
16684,2
16685,2
16686,2
16687,2
16688,2
16689,2
16690,2
16691,2
16692,2
16693,2
16694,2
16695,2
16696,2
16697,2
16698,2
16699,2
16700,2
16701,2
16702,2
16703,2
16704,2
16705,2
16706,2
16707,2
16708,2
16709,2
16710,2
16711,2
16712,2
16713,2
16714,2
16715,2
16716,2
16717,2
16718,2
16719,2
16720,2
16721,2
16722,2
16723,2
16724,2
16725,2
16726,2
16727,2
16728,2
16729,2
16730,2
16731,2
16732,2
16733,2
16734,2
16735,2
16736,2
16737,2
16738,2
16739,2
16740,2
16741,2
16742,2
16743,2
16744,2
16745,2
16746,2
16747,2
16748,2
16749,2
16750,2
16751,2
16752,2
16753,2
16754,2
16755,2
16756,2
16757,2
16758,2
16759,2
16760,2
16761,2
16762,2
16763,2
16764,2
16765,2
16766,2
16767,2
16768,2
16769,2
16770,2
16771,2
16772,2
16773,2
16774,2
16775,2
16776,2
16777,2
16778,2
16779,2
16780,2
16781,2
16782,2
16783,2
16784,2
16785,2
16786,2
16787,2
16788,2
16789,2
16790,2
16791,2
16792,2
16793,2
16794,2
16795,2
16796,2
16797,2
16798,2
16799,2
16800,2
16801,2
16802,2
16803,2
16804,2
16805,2
16806,2
16807,2
16808,2
16809,2
16810,2
16811,2
16812,2
16813,2
16814,2
16815,2
16816,2
16817,2
16818,2
16819,2
16820,2
16821,2
16822,2
16823,2
16824,2
16825,2
16826,2
16827,2
16828,2
16829,2
16830,2
16831,2
16832,2
16833,2
16834,2
16835,2
16836,2
16837,2
16838,2
16839,2
16840,2
16841,2
16842,2
16843,2
16844,2
16845,2
16846,2
16847,2
16848,2
16849,2
16850,2
16851,2
16852,2
16853,2
16854,2
16855,2
16856,2
16857,2
16858,2
16859,2
16860,2
16861,2
16862,2
16863,2
16864,2
16865,2
16866,2
16867,2
16868,2
16869,2
16870,2
16871,2
16872,2
16873,2
16874,2
16875,2
16876,2
16877,2
16878,2
16879,2
16880,2
16881,2
16882,2
16883,2
16884,2
16885,2
16886,2
16887,2
16888,2
16889,2
16890,2
16891,2
16892,2
16893,2
16894,2
16895,2
16896,2
16897,2
16898,2
16899,2
16900,2
16901,2
16902,2
16903,2
16904,2
16905,2
16906,2
16907,2
16908,2
16909,2
16910,2
16911,2
16912,2
16913,2
16914,2
16915,2
16916,2
16917,2
16918,2
16919,2
16920,2
16921,2
16922,2
16923,2
16924,2
16925,2
16926,2
16927,2
16928,2
16929,2
16930,2
16931,2
16932,2
16933,2
16934,2
16935,2
16936,2
16937,2
16938,2
16939,2
16940,2
16941,2
16942,2
16943,2
16944,2
16945,2
16946,2
16947,2
16948,2
16949,2
16950,2
16951,2
16952,2
16953,2
16954,2
16955,2
16956,2
16957,2
16958,2
16959,2
16960,2
16961,2
16962,2
16963,2
16964,2
16965,2
16966,2
16967,2
16968,2
16969,2
16970,2
16971,2
16972,2
16973,2
16974,2
16975,2
16976,2
16977,2
16978,2
16979,2
16980,2
16981,2
16982,2
16983,2
16984,2
16985,2
16986,2
16987,2
16988,2
16989,2
16990,2
16991,2
16992,2
16993,2
16994,2
16995,2
16996,2
16997,2
16998,2
16999,2
17000,2
17001,2
17002,2
17003,2
17004,2
17005,2
17006,2
17007,2
17008,2
17009,2
17010,2
17011,2
17012,2
17013,2
17014,2
17015,2
17016,2
17017,2
17018,2
17019,2
17020,2
17021,2
17022,2
17023,2
17024,2
17025,2
17026,2
17027,2
17028,2
17029,2
17030,2
17031,2
17032,2
17033,2
17034,2
17035,2
17036,2
17037,2
17038,2
17039,2
17040,2
17041,2
17042,2
17043,2
17044,2
17045,2
17046,2
17047,2
17048,2
17049,2
17050,2
17051,2
17052,2
17053,2
17054,2
17055,2
17056,2
17057,2
17058,2
17059,2
17060,2
17061,2
17062,2
17063,2
17064,2
17065,2
17066,2
17067,2
17068,2
17069,2
17070,2
17071,2
17072,2
17073,2
17074,2
17075,2
17076,2
17077,2
17078,2
17079,2
17080,2
17081,2
17082,2
17083,2
17084,2
17085,2
17086,2
17087,2
17088,2
17089,2
17090,2
17091,2
17092,2
17093,3
17094,2
17095,2
17096,2
17097,2
17098,2
17099,2
17100,2
17101,2
17102,2
17103,2
17104,2
17105,2
17106,2
17107,2
17108,2
17109,2
17110,2
17111,2
17112,2
17113,2
17114,2
17115,2
17116,2
17117,2
17118,2
17119,2
17120,2
17121,2
17122,2
17123,2
17124,2
17125,2
17126,2
17127,2
17128,2
17129,2
17130,2
17131,2
17132,2
17133,2
17134,2
17135,2
17136,2
17137,2
17138,2
17139,2
17140,2
17141,2
17142,2
17143,2
17144,2
17145,2
17146,2
17147,2
17148,2
17149,2
17150,2
17151,2
17152,2
17153,2
17154,2
17155,2
17156,2
17157,2
17158,2
17159,2
17160,2
17161,2
17162,2
17163,2
17164,2
17165,2
17166,2
17167,2
17168,2
17169,2
17170,2
17171,2
17172,2
17173,2
17174,2
17175,2
17176,2
17177,2
17178,2
17179,2
17180,2
17181,2
17182,2
17183,2
17184,2
17185,2
17186,2
17187,2
17188,2
17189,2
17190,2
17191,2
17192,2
17193,2
17194,2
17195,2
17196,2
17197,2
17198,2
17199,2
17200,2
17201,2
17202,2
17203,2
17204,2
17205,2
17206,2
17207,2
17208,2
17209,2
17210,2
17211,2
17212,2
17213,2
17214,2
17215,2
17216,2
17217,2
17218,2
17219,2
17220,2
17221,2
17222,2
17223,2
17224,2
17225,2
17226,2
17227,2
17228,2
17229,2
17230,2
17231,2
17232,2
17233,2
17234,2
17235,2
17236,2
17237,2
17238,2
17239,2
17240,2
17241,2
17242,2
17243,2
17244,2
17245,2
17246,2
17247,2
17248,2
17249,2
17250,2
17251,2
17252,2
17253,2
17254,2
17255,2
17256,2
17257,2
17258,2
17259,2
17260,2
17261,2
17262,2
17263,2
17264,2
17265,2
17266,2
17267,2
17268,2
17269,2
17270,2
17271,2
17272,2
17273,2
17274,2
17275,2
17276,2
17277,2
17278,2
17279,2
17280,2
17281,2
17282,2
17283,2
17284,2
17285,2
17286,2
17287,2
17288,2
17289,2
17290,2
17291,2
17292,2
17293,2
17294,2
17295,2
17296,2
17297,2
17298,2
17299,2
17300,2
17301,2
17302,2
17303,2
17304,2
17305,2
17306,2
17307,2
17308,2
17309,2
17310,2
17311,2
17312,2
17313,2
17314,2
17315,2
17316,2
17317,2
17318,2
17319,2
17320,2
17321,2
17322,2
17323,2
17324,2
17325,2
17326,2
17327,2
17328,2
17329,2
17330,2
17331,2
17332,2
17333,2
17334,2
17335,2
17336,2
17337,2
17338,2
17339,2
17340,2
17341,2
17342,2
17343,2
17344,2
17345,2
17346,2
17347,2
17348,2
17349,2
17350,2
17351,2
17352,2
17353,2
17354,2
17355,2
17356,2
17357,2
17358,2
17359,2
17360,2
17361,2
17362,2
17363,2
17364,2
17365,2
17366,2
17367,2
17368,2
17369,2
17370,2
17371,2
17372,2
17373,3
17374,2
17375,2
17376,2
17377,2
17378,2
17379,2
17380,2
17381,2
17382,2
17383,2
17384,2
17385,2
17386,2
17387,2
17388,2
17389,2
17390,2
17391,2
17392,2
17393,2
17394,2
17395,2
17396,2
17397,2
17398,2
17399,2
17400,2
17401,2
17402,2
17403,2
17404,2
17405,2
17406,2
17407,2
17408,2
17409,2
17410,2
17411,2
17412,2
17413,2
17414,2
17415,2
17416,2
17417,2
17418,2
17419,2
17420,2
17421,2
17422,2
17423,2
17424,2
17425,2
17426,2
17427,2
17428,2
17429,2
17430,2
17431,2
17432,2
17433,2
17434,2
17435,2
17436,2
17437,2
17438,2
17439,2
17440,2
17441,2
17442,2
17443,2
17444,2
17445,2
17446,2
17447,2
17448,2
17449,2
17450,2
17451,2
17452,2
17453,2
17454,2
17455,2
17456,2
17457,2
17458,2
17459,2
17460,2
17461,2
17462,2
17463,3
17464,2
17465,2
17466,2
17467,2
17468,2
17469,2
17470,2
17471,2
17472,2
17473,2
17474,2
17475,2
17476,2
17477,2
17478,2
17479,2
17480,2
17481,2
17482,2
17483,2
17484,2
17485,2
17486,2
17487,2
17488,2
17489,2
17490,2
17491,2
17492,2
17493,2
17494,2
17495,2
17496,2
17497,2
17498,2
17499,2
17500,2
17501,2
17502,2
17503,2
17504,2
17505,2
17506,2
17507,2
17508,2
17509,2
17510,2
17511,2
17512,2
17513,2
17514,2
17515,2
17516,2
17517,2
17518,2
17519,2
17520,2
17521,3
17522,3
17523,2
17524,2
17525,2
17526,2
17527,2
17528,2
17529,2
17530,2
17531,2
17532,2
17533,2
17534,2
17535,2
17536,2
17537,2
17538,2
17539,2
17540,2
17541,2
17542,2
17543,2
17544,2
17545,2
17546,2
17547,2
17548,2
17549,2
17550,2
17551,2
17552,2
17553,3
17554,3
17555,3
17556,3
17557,3
17558,3
17559,3
17560,3
17561,3
17562,3
17563,3
17564,3
17565,3
17566,3
17567,3
17568,3
17569,3
17570,3
17571,3
17572,3
17573,3
17574,3
17575,3
17576,3
17577,3
17578,3
17579,3
17580,3
17581,3
17582,3
17583,3
17584,3
17585,3
17586,3
17587,3
17588,3
17589,3
17590,3
17591,3
17592,3
17593,3
17594,3
17595,3
17596,3
17597,3
17598,3
17599,3
17600,3
17601,3
17602,3
17603,3
17604,3
17605,3
17606,3
17607,3
17608,3
17609,3
17610,3
17611,3
17612,3
17613,3
17614,3
17615,3
17616,3
17617,3
17618,3
17619,3
17620,3
17621,3
17622,3
17623,3
17624,3
17625,3
17626,3
17627,3
17628,3
17629,3
17630,3
17631,3
17632,3
17633,3
17634,3
17635,3
17636,3
17637,3
17638,3
17639,3
17640,3
17641,3
17642,3
17643,3
17644,3
17645,3
17646,3
17647,3
17648,3
17649,3
17650,3
17651,3
17652,3
17653,3
17654,3
17655,3
17656,3
17657,3
17658,3
17659,3
17660,3
17661,3
17662,3
17663,3
17664,3
17665,3
17666,3
17667,3
17668,3
17669,3
17670,3
17671,3
17672,3
17673,3
17674,3
17675,3
17676,3
17677,3
17678,3
17679,3
17680,3
17681,3
17682,3
17683,3
17684,3
17685,3
17686,3
17687,3
17688,3
17689,3
17690,3
17691,3
17692,3
17693,3
17694,3
17695,3
17696,3
17697,3
17698,3
17699,3
17700,3
17701,3
17702,3
17703,3
17704,3
17705,3
17706,3
17707,3
17708,3
17709,3
17710,3
17711,3
17712,3
17713,3
17714,3
17715,3
17716,3
17717,3
17718,3
17719,3
17720,3
17721,3
17722,3
17723,3
17724,3
17725,3
17726,3
17727,3
17728,3
17729,3
17730,3
17731,3
17732,3
17733,3
17734,3
17735,3
17736,3
17737,3
17738,3
17739,3
17740,3
17741,3
17742,3
17743,3
17744,3
17745,3
17746,3
17747,3
17748,3
17749,3
17750,3
17751,3
17752,3
17753,3
17754,3
17755,3
17756,3
17757,3
17758,3
17759,3
17760,3
17761,3
17762,3
17763,3
17764,3
17765,3
17766,3
17767,3
17768,3
17769,3
17770,3
17771,3
17772,3
17773,3
17774,3
17775,3
17776,3
17777,3
17778,3
17779,3
17780,3
17781,3
17782,3
17783,3
17784,3
17785,3
17786,3
17787,3
17788,3
17789,3
17790,3
17791,3
17792,3
17793,3
17794,3
17795,3
17796,3
17797,3
17798,3
17799,3
17800,3
17801,3
17802,3
17803,3
17804,3
17805,3
17806,3
17807,3
17808,3
17809,3
17810,3
17811,3
17812,3
17813,3
17814,3
17815,3
17816,3
17817,3
17818,3
17819,3
17820,3
17821,3
17822,3
17823,3
17824,3
17825,3
17826,3
17827,3
17828,3
17829,3
17830,3
17831,3
17832,3
17833,3
17834,3
17835,3
17836,3
17837,3
17838,3
17839,3
17840,3
17841,3
17842,3
17843,3
17844,3
17845,3
17846,3
17847,3
17848,3
17849,3
17850,3
17851,3
17852,3
17853,3
17854,3
17855,3
17856,3
17857,3
17858,3
17859,3
17860,3
17861,3
17862,3
17863,3
17864,3
17865,3
17866,2
17867,2
17868,2
17869,3
17870,3
17871,2
17872,2
17873,2
17874,2
17875,2
17876,2
17877,2
17878,2
17879,3
17880,3
17881,3
17882,3
17883,2
17884,3
17885,2
17886,2
17887,3
17888,2
17889,2
17890,3
17891,3
17892,3
17893,3
17894,3
17895,3
17896,3
17897,2
17898,2
17899,2
17900,3
17901,2
17902,3
17903,3
17904,2
17905,2
17906,2
17907,3
17908,2
17909,3
17910,3
17911,3
17912,2
17913,3
17914,2
17915,2
17916,2
17917,3
17918,3
17919,2
17920,3
17921,2
17922,2
17923,3
17924,2
17925,3
17926,2
17927,2
17928,2
17929,2
17930,3
17931,3
17932,2
17933,2
17934,2
17935,2
17936,2
17937,2
17938,3
17939,2
17940,3
17941,2
17942,2
17943,3
17944,2
17945,3
17946,2
17947,3
17948,3
17949,3
17950,2
17951,3
17952,3
17953,2
17954,3
17955,3
17956,3
17957,3
17958,2
17959,3
17960,3
17961,3
17962,2
17963,2
17964,3
17965,3
17966,3
17967,2
17968,3
17969,3
17970,3
17971,3
17972,3
17973,3
17974,2
17975,2
17976,3
17977,2
17978,2
17979,3
17980,3
17981,3
17982,2
17983,3
17984,3
17985,2
17986,3
17987,3
17988,3
17989,3
17990,3
17991,3
17992,3
17993,3
17994,3
17995,3
17996,2
17997,2
17998,3
17999,3
18000,2
18001,3
18002,2
18003,3
18004,3
18005,2
18006,3
18007,3
18008,3
18009,3
18010,2
18011,2
18012,3
18013,3
18014,3
18015,2
18016,3
18017,3
18018,3
18019,2
18020,3
18021,3
18022,3
18023,3
18024,3
18025,2
18026,3
18027,3
18028,3
18029,3
18030,3
18031,3
18032,3
18033,3
18034,3
18035,2
18036,2
18037,3
18038,2
18039,3
18040,2
18041,3
18042,3
18043,3
18044,3
18045,3
18046,3
18047,3
18048,3
18049,3
18050,3
18051,3
18052,3
18053,2
18054,3
18055,3
18056,2
18057,3
18058,3
18059,3
18060,3
18061,3
18062,2
18063,2
18064,3
18065,3
18066,3
18067,2
18068,3
18069,3
18070,3
18071,3
18072,3
18073,3
18074,2
18075,2
18076,3
18077,2
18078,3
18079,3
18080,2
18081,2
18082,3
18083,3
18084,2
18085,2
18086,2
18087,3
18088,2
18089,3
18090,2
18091,2
18092,3
18093,3
18094,2
18095,3
18096,2
18097,3
18098,3
18099,2
18100,3
18101,2
18102,3
18103,2
18104,3
18105,3
18106,3
18107,3
18108,2
18109,2
18110,2
18111,2
18112,2
18113,3
18114,3
18115,3
18116,2
18117,2
18118,3
18119,3
18120,2
18121,3
18122,3
18123,2
18124,2
18125,2
18126,3
18127,2
18128,2
18129,2
18130,3
18131,3
18132,3
18133,3
18134,2
18135,3
18136,3
18137,3
18138,3
18139,2
18140,2
18141,3
18142,3
18143,3
18144,2
18145,3
18146,3
18147,2
18148,3
18149,3
18150,2
18151,2
18152,2
18153,2
18154,2
18155,3
18156,3
18157,2
18158,3
18159,2
18160,3
18161,3
18162,3
18163,3
18164,2
18165,3
18166,2
18167,2
18168,3
18169,2
18170,3
18171,2
18172,2
18173,3
18174,3
18175,3
18176,3
18177,2
18178,3
18179,2
18180,3
18181,3
18182,2
18183,3
18184,3
18185,2
18186,3
18187,3
18188,3
18189,2
18190,3
18191,2
18192,3
18193,2
18194,3
18195,2
18196,2
18197,2
18198,3
18199,3
18200,3
18201,2
18202,2
18203,3
18204,2
18205,3
18206,3
18207,3
18208,3
18209,2
18210,3
18211,2
18212,2
18213,3
18214,2
18215,2
18216,2
18217,3
18218,3
18219,3
18220,3
18221,2
18222,3
18223,3
18224,2
18225,3
18226,2
18227,3
18228,3
18229,3
18230,2
18231,3
18232,3
18233,3
18234,3
18235,2
18236,2
18237,2
18238,3
18239,3
18240,3
18241,3
18242,3
18243,3
18244,3
18245,3
18246,3
18247,2
18248,3
18249,2
18250,3
18251,3
18252,3
18253,3
18254,3
18255,3
18256,3
18257,2
18258,3
18259,3
18260,3
18261,3
18262,3
18263,2
18264,3
18265,3
18266,3
18267,3
18268,3
18269,3
18270,3
18271,3
18272,3
18273,3
18274,3
18275,3
18276,3
18277,3
18278,3
18279,3
18280,3
18281,3
18282,3
18283,3
18284,3
18285,3
18286,3
18287,3
18288,3
18289,3
18290,3
18291,3
18292,3
18293,3
18294,3
18295,3
18296,3
18297,3
18298,3
18299,3
18300,3
18301,3
18302,3
18303,3
18304,3
18305,3
18306,3
18307,3
18308,3
18309,3
18310,3
18311,3
18312,3
18313,3
18314,3
18315,3
18316,3
18317,3
18318,3
18319,3
18320,3
18321,3
18322,3
18323,3
18324,3
18325,3
18326,3
18327,3
18328,2
18329,3
18330,3
18331,3
18332,3
18333,3
18334,3
18335,3
18336,2
18337,3
18338,3
18339,3
18340,3
18341,3
18342,3
18343,3
18344,3
18345,3
18346,3
18347,3
18348,3
18349,3
18350,3
18351,2
18352,3
18353,2
18354,3
18355,3
18356,3
18357,3
18358,3
18359,3
18360,3
18361,3
18362,3
18363,3
18364,3
18365,3
18366,3
18367,3
18368,3
18369,3
18370,3
18371,3
18372,3
18373,3
18374,3
18375,3
18376,3
18377,3
18378,3
18379,3
18380,3
18381,3
18382,3
18383,3
18384,3
18385,3
18386,3
18387,3
18388,3
18389,3
18390,3
18391,3
18392,3
18393,3
18394,3
18395,3
18396,3
18397,3
18398,3
18399,3
18400,3
18401,3
18402,3
18403,3
18404,3
18405,3
18406,3
18407,3
18408,3
18409,3
18410,3
18411,3
18412,3
18413,3
18414,3
18415,3
18416,3
18417,3
18418,3
18419,3
18420,3
18421,3
18422,3
18423,3
18424,3
18425,3
18426,3
18427,3
18428,3
18429,3
18430,3
18431,3
18432,3
18433,3
18434,3
18435,3
18436,3
18437,3
18438,3
18439,3
18440,3
18441,3
18442,3
18443,3
18444,3
18445,3
18446,3
18447,3
18448,3
18449,3
18450,3
18451,3
18452,3
18453,3
18454,3
18455,3
18456,3
18457,3
18458,3
18459,3
18460,3
18461,3
18462,3
18463,3
18464,3
18465,3
18466,3
18467,3
18468,3
18469,3
18470,3
18471,3
18472,3
18473,3
18474,3
18475,3
18476,3
18477,3
18478,3
18479,3
18480,3
18481,3
18482,3
18483,3
18484,3
18485,3
18486,3
18487,3
18488,3
18489,3
18490,3
18491,3
18492,3
18493,3
18494,3
18495,3
18496,3
18497,3
18498,3
18499,3
18500,3
18501,3
18502,3
18503,3
18504,3
18505,3
18506,3
18507,3
18508,3
18509,3
18510,3
18511,3
18512,3
18513,3
18514,3
18515,3
18516,3
18517,3
18518,3
18519,3
18520,3
18521,3
18522,3
18523,3
18524,3
18525,3
18526,3
18527,3
18528,3
18529,3
18530,3
18531,3
18532,3
18533,3
18534,3
18535,3
18536,3
18537,3
18538,3
18539,3
18540,3
18541,3
18542,3
18543,3
18544,3
18545,3
18546,3
18547,3
18548,3
18549,3
18550,3
18551,3
18552,3
18553,3
18554,3
18555,3
18556,3
18557,3
18558,3
18559,3
18560,3
18561,3
18562,3
18563,3
18564,3
18565,3
18566,3
18567,3
18568,3
18569,3
18570,3
18571,3
18572,3
18573,3
18574,3
18575,3
18576,3
18577,3
18578,3
18579,3
18580,3
18581,3
18582,3
18583,3
18584,3
18585,3
18586,3
18587,3
18588,3
18589,3
18590,3
18591,3
18592,3
18593,3
18594,3
18595,3
18596,3
18597,3
18598,3
18599,3
18600,3
18601,3
18602,3
18603,3
18604,3
18605,3
18606,3
18607,3
18608,3
18609,3
18610,3
18611,3
18612,3
18613,3
18614,3
18615,3
18616,3
18617,2
18618,3
18619,3
18620,3
18621,2
18622,3
18623,3
18624,3
18625,3
18626,3
18627,3
18628,3
18629,3
18630,3
18631,2
18632,3
18633,3
18634,3
18635,3
18636,3
18637,3
18638,3
18639,3
18640,3
18641,3
18642,3
18643,3
18644,3
18645,3
18646,3
18647,3
18648,3
18649,3
18650,3
18651,3
18652,3
18653,3
18654,3
18655,3
18656,3
18657,3
18658,3
18659,3
18660,3
18661,3
18662,3
18663,3
18664,3
18665,3
18666,3
18667,3
18668,3
18669,3
18670,3
18671,3
18672,3
18673,3
18674,3
18675,3
18676,3
18677,3
18678,3
18679,2
18680,3
18681,3
18682,3
18683,3
18684,3
18685,3
18686,3
18687,3
18688,3
18689,3
18690,3
18691,3
18692,3
18693,3
18694,3
18695,3
18696,3
18697,3
18698,3
18699,3
18700,3
18701,3
18702,3
18703,3
18704,3
18705,3
18706,3
18707,3
18708,2
18709,2
18710,2
18711,3
18712,3
18713,2
18714,3
18715,3
18716,3
18717,2
18718,2
18719,2
18720,3
18721,3
18722,3
18723,3
18724,2
18725,2
18726,2
18727,3
18728,2
18729,3
18730,2
18731,2
18732,3
18733,3
18734,3
18735,3
18736,3
18737,3
18738,2
18739,3
18740,2
18741,2
18742,2
18743,2
18744,3
18745,3
18746,3
18747,3
18748,2
18749,3
18750,2
18751,3
18752,3
18753,3
18754,2
18755,3
18756,3
18757,3
18758,2
18759,3
18760,2
18761,2
18762,3
18763,3
18764,2
18765,2
18766,3
18767,3
18768,2
18769,3
18770,3
18771,3
18772,3
18773,3
18774,2
18775,3
18776,2
18777,3
18778,3
18779,2
18780,3
18781,2
18782,2
18783,3
18784,2
18785,3
18786,2
18787,2
18788,2
18789,2
18790,3
18791,2
18792,3
18793,3
18794,3
18795,3
18796,3
18797,2
18798,3
18799,3
18800,3
18801,3
18802,2
18803,3
18804,3
18805,2
18806,2
18807,2
18808,3
18809,2
18810,2
18811,3
18812,3
18813,3
18814,3
18815,2
18816,3
18817,3
18818,3
18819,2
18820,3
18821,3
18822,3
18823,3
18824,3
18825,3
18826,3
18827,2
18828,3
18829,3
18830,2
18831,2
18832,2
18833,2
18834,3
18835,3
18836,3
18837,3
18838,3
18839,3
18840,3
18841,3
18842,3
18843,3
18844,3
18845,3
18846,3
18847,3
18848,3
18849,3
18850,3
18851,3
18852,3
18853,3
18854,3
18855,3
18856,3
18857,3
18858,2
18859,3
18860,2
18861,3
18862,3
18863,3
18864,3
18865,3
18866,3
18867,3
18868,3
18869,2
18870,2
18871,3
18872,3
18873,3
18874,3
18875,3
18876,3
18877,3
18878,3
18879,3
18880,2
18881,3
18882,3
18883,3
18884,3
18885,3
18886,3
18887,3
18888,3
18889,3
18890,3
18891,3
18892,3
18893,3
18894,2
18895,3
18896,2
18897,2
18898,2
18899,2
18900,3
18901,2
18902,3
18903,2
18904,3
18905,3
18906,3
18907,3
18908,3
18909,3
18910,3
18911,3
18912,3
18913,2
18914,2
18915,3
18916,3
18917,3
18918,3
18919,3
18920,3
18921,3
18922,3
18923,3
18924,3
18925,2
18926,3
18927,3
18928,3
18929,3
18930,3
18931,3
18932,3
18933,3
18934,3
18935,3
18936,3
18937,3
18938,3
18939,3
18940,3
18941,2
18942,2
18943,3
18944,2
18945,2
18946,3
18947,3
18948,3
18949,3
18950,3
18951,3
18952,3
18953,3
18954,3
18955,3
18956,3
18957,3
18958,3
18959,3
18960,3
18961,3
18962,3
18963,3
18964,3
18965,3
18966,3
18967,3
18968,2
18969,3
18970,3
18971,2
18972,3
18973,3
18974,3
18975,3
18976,3
18977,3
18978,3
18979,2
18980,3
18981,2
18982,3
18983,3
18984,2
18985,3
18986,3
18987,3
18988,3
18989,3
18990,3
18991,3
18992,3
18993,3
18994,3
18995,3
18996,3
18997,3
18998,3
18999,3
19000,3
19001,3
19002,3
19003,3
19004,3
19005,3
19006,2
19007,3
19008,2
19009,2
19010,3
19011,3
19012,3
19013,2
19014,2
19015,2
19016,2
19017,3
19018,3
19019,3
19020,3
19021,2
19022,3
19023,3
19024,3
19025,3
19026,3
19027,2
19028,3
19029,3
19030,3
19031,3
19032,3
19033,2
19034,3
19035,3
19036,3
19037,3
19038,3
19039,3
19040,2
19041,3
19042,3
19043,3
19044,3
19045,2
19046,3
19047,3
19048,3
19049,3
19050,2
19051,3
19052,3
19053,3
19054,3
19055,3
19056,3
19057,2
19058,3
19059,3
19060,3
19061,3
19062,3
19063,3
19064,3
19065,3
19066,2
19067,3
19068,3
19069,2
19070,2
19071,2
19072,2
19073,2
19074,2
19075,3
19076,3
19077,3
19078,3
19079,3
19080,3
19081,2
19082,3
19083,3
19084,3
19085,3
19086,3
19087,2
19088,3
19089,3
19090,3
19091,3
19092,2
19093,3
19094,3
19095,3
19096,3
19097,3
19098,3
19099,3
19100,3
19101,2
19102,2
19103,3
19104,2
19105,3
19106,3
19107,3
19108,2
19109,3
19110,3
19111,3
19112,3
19113,2
19114,3
19115,3
19116,3
19117,3
19118,3
19119,2
19120,2
19121,3
19122,3
19123,3
19124,3
19125,3
19126,2
19127,3
19128,3
19129,3
19130,2
19131,3
19132,3
19133,3
19134,3
19135,3
19136,2
19137,3
19138,3
19139,3
19140,3
19141,3
19142,2
19143,3
19144,3
19145,3
19146,2
19147,3
19148,3
19149,3
19150,3
19151,2
19152,3
19153,3
19154,3
19155,2
19156,3
19157,3
19158,3
19159,3
19160,3
19161,3
19162,3
19163,3
19164,3
19165,3
19166,3
19167,3
19168,3
19169,3
19170,3
19171,3
19172,3
19173,3
19174,3
19175,2
19176,3
19177,3
19178,3
19179,2
19180,3
19181,3
19182,3
19183,3
19184,2
19185,2
19186,3
19187,3
19188,3
19189,3
19190,3
19191,3
19192,3
19193,2
19194,3
19195,3
19196,3
19197,3
19198,3
19199,3
19200,3
19201,3
19202,2
19203,2
19204,3
19205,3
19206,3
19207,3
19208,3
19209,3
19210,3
19211,3
19212,3
19213,3
19214,3
19215,3
19216,3
19217,3
19218,3
19219,3
19220,2
19221,3
19222,3
19223,3
19224,3
19225,3
19226,3
19227,3
19228,3
19229,3
19230,2
19231,3
19232,3
19233,3
19234,3
19235,3
19236,3
19237,3
19238,3
19239,3
19240,3
19241,3
19242,3
19243,3
19244,2
19245,3
19246,2
19247,3
19248,3
19249,3
19250,2
19251,3
19252,2
19253,3
19254,3
19255,3
19256,3
19257,3
19258,2
19259,3
19260,3
19261,2
19262,3
19263,3
19264,3
19265,3
19266,3
19267,3
19268,2
19269,3
19270,3
19271,3
19272,2
19273,3
19274,3
19275,2
19276,3
19277,3
19278,2
19279,3
19280,3
19281,3
19282,3
19283,2
19284,3
19285,3
19286,3
19287,3
19288,3
19289,2
19290,3
19291,3
19292,3
19293,3
19294,2
19295,3
19296,3
19297,3
19298,3
19299,3
19300,3
19301,3
19302,3
19303,3
19304,3
19305,3
19306,3
19307,3
19308,3
19309,3
19310,3
19311,3
19312,3
19313,3
19314,3
19315,3
19316,3
19317,3
19318,2
19319,2
19320,3
19321,3
19322,3
19323,3
19324,3
19325,3
19326,2
19327,3
19328,2
19329,2
19330,3
19331,3
19332,3
19333,3
19334,2
19335,3
19336,3
19337,3
19338,3
19339,2
19340,2
19341,3
19342,2
19343,3
19344,3
19345,3
19346,3
19347,3
19348,3
19349,2
19350,3
19351,2
19352,3
19353,3
19354,2
19355,3
19356,3
19357,3
19358,3
19359,3
19360,3
19361,3
19362,3
19363,3
19364,2
19365,3
19366,2
19367,2
19368,2
19369,3
19370,3
19371,3
19372,3
19373,3
19374,3
19375,3
19376,3
19377,3
19378,3
19379,3
19380,2
19381,3
19382,3
19383,3
19384,3
19385,3
19386,3
19387,2
19388,3
19389,2
19390,2
19391,3
19392,3
19393,2
19394,2
19395,2
19396,3
19397,3
19398,2
19399,2
19400,2
19401,2
19402,2
19403,3
19404,2
19405,2
19406,3
19407,2
19408,3
19409,3
19410,3
19411,3
19412,3
19413,3
19414,3
19415,3
19416,3
19417,3
19418,3
19419,3
19420,2
19421,3
19422,3
19423,3
19424,3
19425,3
19426,3
19427,2
19428,3
19429,3
19430,3
19431,3
19432,3
19433,3
19434,3
19435,3
19436,3
19437,3
19438,2
19439,3
19440,3
19441,3
19442,2
19443,3
19444,2
19445,3
19446,3
19447,2
19448,3
19449,3
19450,3
19451,3
19452,3
19453,3
19454,2
19455,2
19456,3
19457,3
19458,2
19459,3
19460,3
19461,3
19462,3
19463,3
19464,3
19465,3
19466,2
19467,2
19468,2
19469,2
19470,2
19471,3
19472,3
19473,3
19474,3
19475,2
19476,2
19477,2
19478,3
19479,3
19480,3
19481,3
19482,3
19483,3
19484,3
19485,3
19486,3
19487,3
19488,3
19489,3
19490,2
19491,2
19492,3
19493,3
19494,3
19495,3
19496,3
19497,3
19498,2
19499,2
19500,3
19501,2
19502,3
19503,3
19504,3
19505,2
19506,3
19507,3
19508,3
19509,3
19510,3
19511,3
19512,3
19513,3
19514,3
19515,2
19516,3
19517,3
19518,2
19519,3
19520,3
19521,3
19522,3
19523,3
19524,3
19525,3
19526,3
19527,3
19528,3
19529,2
19530,2
19531,2
19532,2
19533,2
19534,3
19535,3
19536,3
19537,3
19538,3
19539,2
19540,3
19541,3
19542,3
19543,3
19544,3
19545,3
19546,2
19547,2
19548,3
19549,3
19550,3
19551,2
19552,3
19553,3
19554,3
19555,3
19556,3
19557,3
19558,3
19559,3
19560,3
19561,3
19562,3
19563,3
19564,3
19565,3
19566,3
19567,3
19568,3
19569,3
19570,3
19571,3
19572,3
19573,3
19574,3
19575,3
19576,3
19577,3
19578,3
19579,3
19580,3
19581,3
19582,3
19583,3
19584,3
19585,3
19586,3
19587,3
19588,3
19589,3
19590,3
19591,3
19592,3
19593,3
19594,3
19595,3
19596,3
19597,3
19598,3
19599,3
19600,3
19601,3
19602,3
19603,3
19604,3
19605,3
19606,3
19607,3
19608,3
19609,3
19610,3
19611,3
19612,3
19613,3
19614,3
19615,3
19616,3
19617,3
19618,3
19619,3
19620,3
19621,3
19622,3
19623,3
19624,3
19625,3
19626,3
19627,3
19628,3
19629,3
19630,3
19631,3
19632,3
19633,3
19634,3
19635,3
19636,3
19637,3
19638,3
19639,3
19640,3
19641,3
19642,3
19643,3
19644,3
19645,3
19646,3
19647,3
19648,3
19649,3
19650,3
19651,3
19652,3
19653,3
19654,3
19655,3
19656,3
19657,3
19658,3
19659,3
19660,3
19661,3
19662,3
19663,3
19664,3
19665,3
19666,3
19667,3
19668,3
19669,3
19670,3
19671,3
19672,3
19673,3
19674,3
19675,3
19676,3
19677,3
19678,3
19679,3
19680,3
19681,3
19682,3
19683,3
19684,3
19685,3
19686,3
19687,3
19688,3
19689,3
19690,3
19691,3
19692,3
19693,3
19694,3
19695,3
19696,3
19697,3
19698,3
19699,3
19700,3
19701,3
19702,3
19703,3
19704,3
19705,3
19706,3
19707,3
19708,3
19709,3
19710,3
19711,3
19712,3
19713,3
19714,3
19715,3
19716,3
19717,3
19718,3
19719,3
19720,3
19721,3
19722,3
19723,3
19724,3
19725,3
19726,3
19727,3
19728,3
19729,3
19730,3
19731,3
19732,3
19733,3
19734,3
19735,3
19736,3
19737,3
19738,3
19739,3
19740,3
19741,3
19742,3
19743,3
19744,3
19745,3
19746,3
19747,3
19748,3
19749,3
19750,3
19751,3
19752,3
19753,3
19754,3
19755,3
19756,3
19757,3
19758,3
19759,3
19760,3
19761,3
19762,3
19763,3
19764,3
19765,3
19766,3
19767,3
19768,3
19769,3
19770,3
19771,3
19772,3
19773,3
19774,3
19775,3
19776,3
19777,3
19778,3
19779,3
19780,3
19781,3
19782,3
19783,3
19784,3
19785,3
19786,3
19787,3
19788,3
19789,3
19790,3
19791,3
19792,3
19793,3
19794,3
19795,3
19796,3
19797,3
19798,3
19799,3
19800,3
19801,3
19802,3
19803,3
19804,3
19805,3
19806,3
19807,3
19808,3
19809,3
19810,3
19811,3
19812,3
19813,3
19814,3
19815,3
19816,3
19817,3
19818,3
19819,3
19820,3
19821,3
19822,3
19823,3
19824,3
19825,3
19826,3
19827,3
19828,3
19829,3
19830,3
19831,3
19832,3
19833,3
19834,3
19835,3
19836,3
19837,3
19838,3
19839,3
19840,3
19841,3
19842,3
19843,3
19844,3
19845,3
19846,3
19847,3
19848,3
19849,3
19850,3
19851,3
19852,3
19853,3
19854,3
19855,3
19856,3
19857,3
19858,3
19859,3
19860,3
19861,3
19862,3
19863,3
19864,3
19865,3
19866,3
19867,3
19868,3
19869,3
19870,3
19871,3
19872,3
19873,3
19874,3
19875,3
19876,3
19877,3
19878,3
19879,3
19880,3
19881,3
19882,3
19883,3
19884,3
19885,3
19886,3
19887,3
19888,3
19889,3
19890,3
19891,3
19892,3
19893,3
19894,3
19895,3
19896,3
19897,3
19898,3
19899,3
19900,3
19901,3
19902,3
19903,3
19904,3
19905,3
19906,3
19907,3
19908,3
19909,3
19910,3
19911,3
19912,3
19913,3
19914,3
19915,3
19916,3
19917,3
19918,3
19919,3
19920,3
19921,3
19922,3
19923,3
19924,3
19925,3
19926,3
19927,3
19928,3
19929,3
19930,3
19931,3
19932,3
19933,3
19934,3
19935,3
19936,3
19937,3
19938,3
19939,3
19940,3
19941,3
19942,3
19943,3
19944,3
19945,3
19946,3
19947,3
19948,3
19949,3
19950,3
19951,3
19952,3
19953,3
19954,3
19955,3
19956,3
19957,3
19958,3
19959,3
19960,3
19961,3
19962,3
19963,3
19964,3
19965,3
19966,3
19967,3
19968,3
19969,3
19970,3
19971,3
19972,3
19973,3
19974,3
19975,3
19976,3
19977,3
19978,3
19979,3
19980,3
19981,3
19982,3
19983,3
19984,3
19985,3
19986,3
19987,3
19988,3
19989,3
19990,3
19991,3
19992,3
19993,3
19994,3
19995,3
19996,3
19997,3
19998,3
19999,3
20000,3
20001,3
20002,3
20003,3
20004,3
20005,3
20006,3
20007,3
20008,3
20009,3
20010,3
20011,3
20012,3
20013,3
20014,3
20015,3
20016,3
20017,3
20018,3
20019,3
20020,3
20021,3
20022,3
20023,3
20024,3
20025,3
20026,3
20027,3
20028,3
20029,3
20030,3
20031,3
20032,3
20033,3
20034,3
20035,3
20036,3
20037,3
20038,3
20039,3
20040,3
20041,3
20042,3
20043,3
20044,3
20045,3
20046,3
20047,3
20048,3
20049,3
20050,3
20051,3
20052,3
20053,3
20054,3
20055,3
20056,3
20057,3
20058,3
20059,3
20060,3
20061,3
20062,3
20063,3
20064,3
20065,3
20066,3
20067,3
20068,3
20069,3
20070,3
20071,3
20072,3
20073,3
20074,3
20075,3
20076,3
20077,3
20078,3
20079,3
20080,3
20081,3
20082,3
20083,3
20084,3
20085,3
20086,3
20087,3
20088,3
20089,3
20090,3
20091,3
20092,3
20093,3
20094,3
20095,3
20096,3
20097,3
20098,3
20099,3
20100,3
20101,3
20102,3
20103,3
20104,3
20105,3
20106,3
20107,3
20108,3
20109,3
20110,3
20111,3
20112,3
20113,3
20114,3
20115,3
20116,3
20117,3
20118,3
20119,3
20120,3
20121,3
20122,3
20123,3
20124,3
20125,3
20126,3
20127,3
20128,3
20129,3
20130,3
20131,3
20132,3
20133,3
20134,3
20135,3
20136,3
20137,3
20138,3
20139,3
20140,3
20141,3
20142,3
20143,3
20144,3
20145,3
20146,3
20147,3
20148,3
20149,3
20150,3
20151,3
20152,3
20153,3
20154,3
20155,3
20156,3
20157,3
20158,3
20159,3
20160,3
20161,3
20162,3
20163,3
20164,3
20165,3
20166,3
20167,3
20168,3
20169,3
20170,3
20171,3
20172,3
20173,3
20174,3
20175,3
20176,3
20177,3
20178,3
20179,3
20180,3
20181,3
20182,3
20183,3
20184,3
20185,3
20186,3
20187,3
20188,3
20189,3
20190,3
20191,3
20192,3
20193,3
20194,3
20195,3
20196,3
20197,3
20198,3
20199,3
20200,3
20201,3
20202,3
20203,3
20204,3
20205,3
20206,3
20207,3
20208,3
20209,3
20210,3
20211,3
20212,3
20213,3
20214,3
20215,3
20216,3
20217,3
20218,3
20219,3
20220,3
20221,3
20222,3
20223,3
20224,3
20225,3
20226,3
20227,3
20228,3
20229,3
20230,3
20231,3
20232,3
20233,3
20234,3
20235,3
20236,3
20237,3
20238,3
20239,3
20240,3
20241,3
20242,3
20243,3
20244,3
20245,3
20246,3
20247,3
20248,3
20249,3
20250,3
20251,3
20252,3
20253,3
20254,3
20255,3
20256,3
20257,3
20258,3
20259,3
20260,3
20261,3
20262,3
20263,3
20264,3
20265,3
20266,3
20267,3
20268,3
20269,3
20270,3
20271,3
20272,3
20273,3
20274,3
20275,3
20276,3
20277,3
20278,3
20279,3
20280,3
20281,3
20282,3
20283,3
20284,3
20285,3
20286,3
20287,3
20288,3
20289,3
20290,3
20291,3
20292,3
20293,3
20294,3
20295,3
20296,3
20297,3
20298,3
20299,3
20300,3
20301,3
20302,3
20303,3
20304,3
20305,3
20306,3
20307,3
20308,3
20309,3
20310,3
20311,3
20312,3
20313,3
20314,3
20315,3
20316,3
20317,3
20318,3
20319,3
20320,3
20321,3
20322,3
20323,3
20324,3
20325,3
20326,3
20327,3
20328,3
20329,3
20330,3
20331,3
20332,3
20333,3
20334,3
20335,3
20336,3
20337,3
20338,3
20339,3
20340,3
20341,3
20342,3
20343,3
20344,3
20345,3
20346,3
20347,3
20348,3
20349,3
20350,3
20351,3
20352,3
20353,3
20354,3
20355,3
20356,3
20357,3
20358,3
20359,3
20360,3
20361,3
20362,3
20363,3
20364,3
20365,3
20366,3
20367,3
20368,3
20369,3
20370,3
20371,3
20372,3
20373,3
20374,3
20375,3
20376,3
20377,3
20378,3
20379,3
20380,3
20381,3
20382,3
20383,3
20384,3
20385,3
20386,3
20387,3
20388,3
20389,3
20390,3
20391,3
20392,3
20393,3
20394,3
20395,3
20396,3
20397,3
20398,3
20399,3
20400,3
20401,3
20402,3
20403,3
20404,3
20405,3
20406,3
20407,3
20408,3
20409,3
20410,3
20411,3
20412,3
20413,3
20414,3
20415,3
20416,3
20417,3
20418,3
20419,3
20420,3
20421,3
20422,3
20423,3
20424,3
20425,3
20426,3
20427,3
20428,3
20429,3
20430,3
20431,3
20432,3
20433,3
20434,3
20435,3
20436,3
20437,3
20438,3
20439,3
20440,3
20441,3
20442,3
20443,3
20444,3
20445,3
20446,3
20447,3
20448,3
20449,3
20450,3
20451,3
20452,3
20453,3
20454,3
20455,3
20456,3
20457,3
20458,3
20459,3
20460,3
20461,3
20462,3
20463,3
20464,3
20465,3
20466,3
20467,3
20468,3
20469,3
20470,3
20471,3
20472,3
20473,3
20474,3
20475,3
20476,3
20477,3
20478,3
20479,3
20480,3
20481,3
20482,3
20483,3
20484,3
20485,3
20486,3
20487,3
20488,3
20489,3
20490,3
20491,3
20492,2
20493,3
20494,3
20495,0
20496,3
20497,3
20498,3
20499,3
20500,3
20501,3
20502,0
20503,0
20504,0
20505,3
20506,3
20507,3
20508,0
20509,0
20510,0
20511,3
20512,3
20513,0
20514,0
20515,2
20516,3
20517,0
20518,0
20519,2
20520,3
20521,3
20522,3
20523,3
20524,3
20525,3
20526,3
20527,3
20528,2
20529,0
20530,3
20531,3
20532,3
20533,3
20534,3
20535,3
20536,3
20537,3
20538,3
20539,3
20540,3
20541,3
20542,3
20543,3
20544,3
20545,3
20546,3
20547,3
20548,3
20549,3
20550,3
20551,3
20552,3
20553,3
20554,3
20555,3
20556,3
20557,3
20558,3
20559,3
20560,3
20561,3
20562,3
20563,3
20564,2
20565,2
20566,2
20567,2
20568,2
20569,2
20570,3
20571,3
20572,3
20573,2
20574,2
20575,2
20576,3
20577,3
20578,3
20579,3
20580,3
20581,2
20582,3
20583,2
20584,2
20585,2
20586,2
20587,2
20588,0
20589,0
20590,3
20591,3
20592,3
20593,3
20594,2
20595,3
20596,2
20597,3
20598,2
20599,2
20600,2
20601,2
20602,2
20603,3
20604,3
20605,3
20606,3
20607,3
20608,2
20609,0
20610,2
20611,2
20612,2
20613,3
20614,3
20615,3
20616,3
20617,3
20618,3
20619,3
20620,3
20621,3
20622,3
20623,3
20624,3
20625,3
20626,3
20627,3
20628,3
20629,3
20630,3
20631,3
20632,3
20633,3
20634,3
20635,3
20636,3
20637,3
20638,3
20639,3
20640,3
20641,3
20642,3
20643,3
20644,3
20645,3
20646,3
20647,3
20648,3
20649,3
20650,3
20651,3
20652,3
20653,3
20654,3
20655,3
20656,3
20657,3
20658,3
20659,3
20660,3
20661,3
20662,3
20663,3
20664,3
20665,3
20666,3
20667,3
20668,3
20669,3
20670,3
20671,3
20672,3
20673,3
20674,3
20675,2
20676,3
20677,3
20678,3
20679,3
20680,3
20681,3
20682,3
20683,3
20684,3
20685,3
20686,3
20687,3
20688,3
20689,3
20690,3
20691,3
20692,3
20693,2
20694,3
20695,3
20696,3
20697,3
20698,3
20699,3
20700,3
20701,3
20702,2
20703,0
20704,2
20705,3
20706,3
20707,3
20708,2
20709,3
20710,3
20711,3
20712,3
20713,3
20714,3
20715,3
20716,3
20717,3
20718,3
20719,3
20720,3
20721,3
20722,3
20723,3
20724,3
20725,3
20726,3
20727,2
20728,2
20729,2
20730,2
20731,2
20732,2
20733,2
20734,3
20735,3
20736,3
20737,3
20738,3
20739,3
20740,3
20741,3
20742,3
20743,3
20744,3
20745,2
20746,2
20747,3
20748,3
20749,3
20750,3
20751,3
20752,3
20753,2
20754,3
20755,3
20756,2
20757,3
20758,3
20759,3
20760,3
20761,3
20762,3
20763,3
20764,3
20765,2
20766,3
20767,3
20768,3
20769,3
20770,3
20771,3
20772,2
20773,2
20774,2
20775,3
20776,3
20777,3
20778,2
20779,3
20780,2
20781,2
20782,2
20783,2
20784,2
20785,2
20786,2
20787,3
20788,3
20789,3
20790,2
20791,2
20792,2
20793,2
20794,2
20795,2
20796,2
20797,2
20798,2
20799,2
20800,2
20801,3
20802,3
20803,3
20804,3
20805,3
20806,3
20807,3
20808,3
20809,3
20810,3
20811,3
20812,3
20813,3
20814,3
20815,3
20816,2
20817,3
20818,2
20819,3
20820,3
20821,3
20822,3
20823,3
20824,3
20825,3
20826,3
20827,3
20828,3
20829,3
20830,3
20831,3
20832,3
20833,3
20834,3
20835,3
20836,3
20837,3
20838,3
20839,3
20840,3
20841,3
20842,3
20843,3
20844,3
20845,3
20846,3
20847,3
20848,3
20849,3
20850,3
20851,2
20852,2
20853,3
20854,3
20855,3
20856,3
20857,3
20858,3
20859,3
20860,3
20861,0
20862,3
20863,2
20864,2
20865,3
20866,2
20867,2
20868,3
20869,3
20870,3
20871,3
20872,3
20873,3
20874,3
20875,3
20876,3
20877,3
20878,3
20879,3
20880,3
20881,3
20882,3
20883,3
20884,2
20885,3
20886,3
20887,3
20888,3
20889,3
20890,2
20891,2
20892,3
20893,3
20894,3
20895,3
20896,3
20897,3
20898,3
20899,3
20900,3
20901,3
20902,3
20903,3
20904,3
20905,3
20906,3
20907,3
20908,3
20909,3
20910,3
20911,3
20912,3
20913,3
20914,3
20915,3
20916,3
20917,3
20918,3
20919,3
20920,3
20921,3
20922,3
20923,3
20924,3
20925,3
20926,3
20927,3
20928,3
20929,3
20930,3
20931,3
20932,3
20933,3
20934,3
20935,3
20936,3
20937,3
20938,3
20939,3
20940,3
20941,3
20942,3
20943,3
20944,3
20945,3
20946,3
20947,3
20948,3
20949,3
20950,3
20951,3
20952,3
20953,3
20954,3
20955,3
20956,3
20957,3
20958,3
20959,3
20960,3
20961,3
20962,3
20963,3
20964,3
20965,3
20966,3
20967,3
20968,3
20969,3
20970,3
20971,3
20972,3
20973,3
20974,3
20975,3
20976,3
20977,3
20978,3
20979,3
20980,3
20981,3
20982,3
20983,3
20984,3
20985,3
20986,3
20987,3
20988,3
20989,3
20990,3
20991,3
20992,3
20993,3
20994,3
20995,3
20996,3
20997,3
20998,3
20999,3
21000,3
21001,3
21002,3
21003,3
21004,3
21005,3
21006,3
21007,3
21008,3
21009,3
21010,3
21011,3
21012,3
21013,3
21014,3
21015,3
21016,3
21017,3
21018,3
21019,3
21020,3
21021,3
21022,3
21023,3
21024,3
21025,3
21026,3
21027,3
21028,3
21029,3
21030,3
21031,3
21032,3
21033,3
21034,3
21035,3
21036,3
21037,3
21038,3
21039,3
21040,3
21041,3
21042,3
21043,3
21044,3
21045,3
21046,3
21047,3
21048,3
21049,3
21050,3
21051,3
21052,3
21053,3
21054,3
21055,3
21056,3
21057,3
21058,3
21059,3
21060,3
21061,3
21062,3
21063,3
21064,3
21065,3
21066,3
21067,3
21068,3
21069,3
21070,3
21071,3
21072,3
21073,3
21074,3
21075,3
21076,3
21077,3
21078,3
21079,3
21080,3
21081,3
21082,3
21083,3
21084,3
21085,3
21086,3
21087,3
21088,3
21089,3
21090,3
21091,3
21092,3
21093,3
21094,3
21095,3
21096,3
21097,3
21098,3
21099,3
21100,3
21101,3
21102,3
21103,3
21104,3
21105,3
21106,3
21107,3
21108,3
21109,2
21110,3
21111,3
21112,3
21113,3
21114,3
21115,3
21116,3
21117,3
21118,3
21119,3
21120,3
21121,3
21122,3
21123,3
21124,3
21125,3
21126,2
21127,3
21128,3
21129,3
21130,3
21131,3
21132,3
21133,3
21134,3
21135,3
21136,3
21137,3
21138,3
21139,3
21140,3
21141,3
21142,3
21143,3
21144,3
21145,3
21146,3
21147,3
21148,3
21149,3
21150,3
21151,3
21152,3
21153,3
21154,3
21155,3
21156,3
21157,3
21158,3
21159,3
21160,3
21161,3
21162,3
21163,3
21164,3
21165,3
21166,3
21167,3
21168,3
21169,3
21170,3
21171,3
21172,3
21173,3
21174,3
21175,3
21176,3
21177,3
21178,3
21179,3
21180,3
21181,3
21182,3
21183,3
21184,3
21185,2
21186,3
21187,3
21188,3
21189,2
21190,3
21191,3
21192,3
21193,3
21194,3
21195,3
21196,3
21197,3
21198,3
21199,3
21200,3
21201,3
21202,3
21203,2
21204,3
21205,3
21206,3
21207,3
21208,3
21209,3
21210,3
21211,3
21212,3
21213,3
21214,3
21215,3
21216,3
21217,2
21218,3
21219,3
21220,3
21221,3
21222,3
21223,3
21224,3
21225,3
21226,3
21227,3
21228,3
21229,3
21230,3
21231,3
21232,3
21233,3
21234,3
21235,3
21236,3
21237,3
21238,3
21239,3
21240,3
21241,2
21242,3
21243,3
21244,3
21245,3
21246,3
21247,3
21248,3
21249,3
21250,3
21251,3
21252,3
21253,3
21254,3
21255,3
21256,3
21257,3
21258,3
21259,2
21260,2
21261,3
21262,3
21263,3
21264,3
21265,3
21266,3
21267,3
21268,3
21269,3
21270,3
21271,3
21272,3
21273,3
21274,3
21275,3
21276,3
21277,3
21278,3
21279,3
21280,3
21281,3
21282,3
21283,3
21284,3
21285,3
21286,3
21287,3
21288,3
21289,3
21290,3
21291,3
21292,3
21293,2
21294,3
21295,2
21296,3
21297,2
21298,2
21299,3
21300,3
21301,3
21302,3
21303,3
21304,3
21305,3
21306,3
21307,3
21308,3
21309,3
21310,2
21311,3
21312,3
21313,3
21314,3
21315,3
21316,3
21317,3
21318,3
21319,3
21320,3
21321,3
21322,3
21323,3
21324,3
21325,3
21326,3
21327,3
21328,3
21329,3
21330,3
21331,3
21332,3
21333,3
21334,3
21335,3
21336,3
21337,2
21338,3
21339,3
21340,3
21341,3
21342,3
21343,2
21344,2
21345,3
21346,2
21347,3
21348,3
21349,3
21350,3
21351,3
21352,3
21353,3
21354,3
21355,3
21356,2
21357,3
21358,3
21359,3
21360,3
21361,3
21362,3
21363,3
21364,2
21365,2
21366,2
21367,3
21368,2
21369,2
21370,3
21371,3
21372,3
21373,3
21374,3
21375,2
21376,3
21377,3
21378,3
21379,3
21380,3
21381,3
21382,3
21383,3
21384,3
21385,3
21386,3
21387,3
21388,2
21389,3
21390,3
21391,3
21392,3
21393,2
21394,3
21395,3
21396,2
21397,3
21398,3
21399,3
21400,3
21401,2
21402,3
21403,3
21404,3
21405,3
21406,3
21407,3
21408,3
21409,3
21410,2
21411,2
21412,3
21413,3
21414,3
21415,3
21416,3
21417,3
21418,3
21419,3
21420,2
21421,2
21422,3
21423,3
21424,2
21425,2
21426,3
21427,3
21428,3
21429,3
21430,2
21431,2
21432,3
21433,3
21434,3
21435,3
21436,3
21437,3
21438,3
21439,3
21440,3
21441,3
21442,3
21443,3
21444,2
21445,3
21446,3
21447,2
21448,3
21449,3
21450,3
21451,3
21452,3
21453,3
21454,3
21455,3
21456,3
21457,3
21458,3
21459,3
21460,3
21461,3
21462,3
21463,3
21464,2
21465,2
21466,3
21467,3
21468,3
21469,3
21470,3
21471,3
21472,3
21473,3
21474,3
21475,2
21476,2
21477,3
21478,2
21479,3
21480,3
21481,3
21482,3
21483,3
21484,3
21485,3
21486,3
21487,3
21488,3
21489,3
21490,3
21491,3
21492,3
21493,3
21494,3
21495,3
21496,2
21497,3
21498,2
21499,3
21500,3
21501,3
21502,2
21503,3
21504,3
21505,3
21506,3
21507,3
21508,3
21509,3
21510,3
21511,3
21512,3
21513,3
21514,3
21515,3
21516,3
21517,3
21518,2
21519,3
21520,3
21521,3
21522,3
21523,3
21524,3
21525,2
21526,3
21527,3
21528,3
21529,3
21530,3
21531,3
21532,3
21533,3
21534,3
21535,3
21536,3
21537,3
21538,3
21539,3
21540,3
21541,3
21542,3
21543,3
21544,3
21545,3
21546,3
21547,3
21548,3
21549,3
21550,3
21551,2
21552,3
21553,3
21554,3
21555,3
21556,2
21557,3
21558,3
21559,3
21560,3
21561,2
21562,3
21563,3
21564,3
21565,3
21566,3
21567,3
21568,3
21569,3
21570,3
21571,3
21572,3
21573,3
21574,3
21575,3
21576,3
21577,3
21578,3
21579,3
21580,3
21581,3
21582,3
21583,3
21584,3
21585,3
21586,3
21587,3
21588,3
21589,3
21590,3
21591,3
21592,3
21593,3
21594,3
21595,3
21596,3
21597,3
21598,3
21599,3
21600,3
21601,3
21602,3
21603,3
21604,3
21605,3
21606,3
21607,3
21608,3
21609,3
21610,3
21611,3
21612,3
21613,3
21614,3
21615,3
21616,3
21617,2
21618,3
21619,2
21620,3
21621,3
21622,3
21623,3
21624,2
21625,3
21626,3
21627,2
21628,3
21629,3
21630,3
21631,3
21632,3
21633,3
21634,3
21635,3
21636,3
21637,3
21638,3
21639,3
21640,3
21641,3
21642,3
21643,3
21644,3
21645,3
21646,3
21647,3
21648,3
21649,3
21650,3
21651,3
21652,3
21653,3
21654,2
21655,2
21656,3
21657,3
21658,3
21659,2
21660,3
21661,2
21662,2
21663,3
21664,3
21665,3
21666,3
21667,2
21668,3
21669,3
21670,3
21671,3
21672,3
21673,2
21674,2
21675,2
21676,3
21677,3
21678,2
21679,3
21680,2
21681,2
21682,3
21683,3
21684,3
21685,3
21686,3
21687,3
21688,3
21689,3
21690,3
21691,3
21692,2
21693,2
21694,3
21695,2
21696,3
21697,3
21698,2
21699,3
21700,3
21701,3
21702,2
21703,2
21704,2
21705,3
21706,2
21707,2
21708,3
21709,3
21710,3
21711,3
21712,2
21713,2
21714,2
21715,3
21716,3
21717,3
21718,3
21719,3
21720,3
21721,3
21722,3
21723,3
21724,3
21725,3
21726,3
21727,3
21728,3
21729,3
21730,3
21731,3
21732,3
21733,3
21734,3
21735,3
21736,3
21737,3
21738,3
21739,3
21740,3
21741,3
21742,3
21743,3
21744,3
21745,3
21746,3
21747,3
21748,3
21749,3
21750,3
21751,3
21752,3
21753,3
21754,3
21755,3
21756,3
21757,3
21758,3
21759,3
21760,3
21761,3
21762,3
21763,3
21764,3
21765,3
21766,3
21767,3
21768,3
21769,3
21770,2
21771,3
21772,3
21773,3
21774,3
21775,3
21776,3
21777,3
21778,3
21779,3
21780,3
21781,2
21782,3
21783,3
21784,3
21785,3
21786,3
21787,3
21788,2
21789,2
21790,2
21791,3
21792,2
21793,2
21794,2
21795,3
21796,3
21797,2
21798,3
21799,3
21800,2
21801,3
21802,2
21803,3
21804,2
21805,2
21806,2
21807,3
21808,3
21809,2
21810,3
21811,3
21812,3
21813,3
21814,3
21815,3
21816,2
21817,3
21818,3
21819,3
21820,3
21821,3
21822,3
21823,3
21824,3
21825,3
21826,2
21827,3
21828,3
21829,3
21830,3
21831,3
21832,3
21833,3
21834,3
21835,3
21836,2
21837,3
21838,3
21839,3
21840,3
21841,3
21842,3
21843,3
21844,3
21845,3
21846,3
21847,3
21848,3
21849,3
21850,3
21851,3
21852,2
21853,2
21854,3
21855,3
21856,3
21857,2
21858,3
21859,3
21860,3
21861,3
21862,3
21863,3
21864,3
21865,3
21866,3
21867,3
21868,2
21869,3
21870,2
21871,2
21872,3
21873,3
21874,3
21875,3
21876,3
21877,3
21878,3
21879,2
21880,3
21881,3
21882,3
21883,2
21884,2
21885,3
21886,3
21887,3
21888,2
21889,3
21890,3
21891,3
21892,2
21893,3
21894,3
21895,3
21896,3
21897,3
21898,3
21899,3
21900,3
21901,3
21902,3
21903,3
21904,3
21905,3
21906,2
21907,3
21908,3
21909,3
21910,3
21911,3
21912,3
21913,3
21914,3
21915,3
21916,3
21917,3
21918,3
21919,2
21920,2
21921,3
21922,3
21923,3
21924,3
21925,3
21926,3
21927,3
21928,3
21929,3
21930,3
21931,3
21932,3
21933,3
21934,3
21935,3
21936,3
21937,3
21938,3
21939,3
21940,3
21941,3
21942,3
21943,3
21944,3
21945,3
21946,3
21947,3
21948,3
21949,2
21950,2
21951,2
21952,3
21953,3
21954,3
21955,3
21956,2
21957,3
21958,3
21959,3
21960,2
21961,3
21962,2
21963,3
21964,3
21965,3
21966,2
21967,3
21968,3
21969,3
21970,3
21971,3
21972,3
21973,3
21974,3
21975,3
21976,3
21977,3
21978,3
21979,3
21980,3
21981,3
21982,3
21983,3
21984,3
21985,3
21986,3
21987,3
21988,3
21989,3
21990,3
21991,3
21992,2
21993,2
21994,3
21995,3
21996,3
21997,3
21998,2
21999,2
22000,3
22001,3
22002,3
22003,3
22004,3
22005,3
22006,3
22007,3
22008,3
22009,3
22010,3
22011,3
22012,3
22013,3
22014,3
22015,3
22016,3
22017,3
22018,3
22019,2
22020,2
22021,3
22022,3
22023,3
22024,3
22025,3
22026,3
22027,3
22028,3
22029,3
22030,3
22031,3
22032,3
22033,3
22034,3
22035,3
22036,3
22037,3
22038,3
22039,3
22040,3
22041,3
22042,3
22043,3
22044,3
22045,3
22046,3
22047,3
22048,3
22049,3
22050,3
22051,3
22052,3
22053,3
22054,3
22055,3
22056,3
22057,3
22058,3
22059,3
22060,3
22061,3
22062,3
22063,3
22064,3
22065,3
22066,3
22067,3
22068,3
22069,3
22070,3
22071,3
22072,3
22073,3
22074,3
22075,2
22076,3
22077,3
22078,3
22079,3
22080,3
22081,3
22082,3
22083,3
22084,2
22085,3
22086,3
22087,3
22088,2
22089,3
22090,2
22091,2
22092,3
22093,2
22094,2
22095,3
22096,3
22097,2
22098,2
22099,3
22100,2
22101,2
22102,2
22103,3
22104,3
22105,3
22106,3
22107,3
22108,3
22109,3
22110,2
22111,3
22112,3
22113,2
22114,3
22115,3
22116,3
22117,3
22118,3
22119,3
22120,3
22121,3
22122,2
22123,3
22124,3
22125,2
22126,3
22127,3
22128,3
22129,2
22130,3
22131,3
22132,2
22133,3
22134,3
22135,3
22136,2
22137,2
22138,2
22139,2
22140,3
22141,2
22142,2
22143,2
22144,2
22145,2
22146,2
22147,3
22148,3
22149,2
22150,2
22151,2
22152,2
22153,3
22154,2
22155,2
22156,3
22157,3
22158,3
22159,3
22160,3
22161,3
22162,3
22163,3
22164,3
22165,2
22166,2
22167,2
22168,3
22169,2
22170,2
22171,2
22172,3
22173,3
22174,2
22175,2
22176,2
22177,3
22178,2
22179,3
22180,3
22181,2
22182,3
22183,2
22184,2
22185,2
22186,2
22187,3
22188,2
22189,3
22190,3
22191,2
22192,3
22193,3
22194,3
22195,3
22196,2
22197,3
22198,2
22199,3
22200,3
22201,3
22202,3
22203,3
22204,2
22205,2
22206,3
22207,3
22208,3
22209,2
22210,3
22211,2
22212,3
22213,3
22214,3
22215,3
22216,3
22217,3
22218,3
22219,3
22220,3
22221,2
22222,3
22223,3
22224,3
22225,3
22226,2
22227,3
22228,2
22229,3
22230,3
22231,2
22232,2
22233,2
22234,3
22235,3
22236,2
22237,3
22238,3
22239,3
22240,3
22241,2
22242,3
22243,3
22244,3
22245,3
22246,3
22247,3
22248,3
22249,3
22250,3
22251,3
22252,3
22253,3
22254,3
22255,3
22256,3
22257,3
22258,3
22259,3
22260,3
22261,3
22262,3
22263,3
22264,3
22265,3
22266,3
22267,3
22268,3
22269,3
22270,3
22271,3
22272,3
22273,3
22274,2
22275,3
22276,3
22277,2
22278,3
22279,2
22280,3
22281,2
22282,3
22283,3
22284,3
22285,3
22286,2
22287,3
22288,3
22289,3
22290,3
22291,2
22292,2
22293,3
22294,2
22295,3
22296,3
22297,2
22298,2
22299,2
22300,2
22301,3
22302,3
22303,3
22304,3
22305,3
22306,3
22307,2
22308,2
22309,2
22310,3
22311,2
22312,2
22313,3
22314,2
22315,3
22316,3
22317,3
22318,2
22319,2
22320,3
22321,3
22322,3
22323,3
22324,3
22325,2
22326,3
22327,3
22328,3
22329,3
22330,3
22331,3
22332,3
22333,3
22334,3
22335,3
22336,3
22337,3
22338,3
22339,3
22340,3
22341,2
22342,3
22343,3
22344,3
22345,3
22346,3
22347,3
22348,3
22349,3
22350,3
22351,3
22352,3
22353,3
22354,3
22355,3
22356,3
22357,3
22358,3
22359,3
22360,2
22361,2
22362,2
22363,3
22364,3
22365,3
22366,3
22367,3
22368,3
22369,3
22370,3
22371,3
22372,3
22373,3
22374,3
22375,3
22376,3
22377,3
22378,3
22379,3
22380,3
22381,3
22382,3
22383,3
22384,3
22385,3
22386,2
22387,3
22388,2
22389,3
22390,3
22391,3
22392,3
22393,3
22394,3
22395,2
22396,3
22397,2
22398,3
22399,3
22400,3
22401,3
22402,3
22403,3
22404,3
22405,3
22406,3
22407,3
22408,3
22409,2
22410,3
22411,3
22412,2
22413,3
22414,3
22415,3
22416,3
22417,3
22418,3
22419,3
22420,3
22421,3
22422,3
22423,3
22424,3
22425,3
22426,3
22427,3
22428,3
22429,3
22430,3
22431,3
22432,3
22433,3
22434,3
22435,3
22436,3
22437,2
22438,3
22439,2
22440,3
22441,3
22442,2
22443,3
22444,3
22445,2
22446,3
22447,3
22448,3
22449,2
22450,3
22451,3
22452,3
22453,3
22454,3
22455,3
22456,3
22457,3
22458,2
22459,3
22460,3
22461,3
22462,2
22463,3
22464,3
22465,3
22466,2
22467,2
22468,3
22469,2
22470,2
22471,3
22472,3
22473,3
22474,2
22475,2
22476,2
22477,2
22478,3
22479,3
22480,3
22481,3
22482,3
22483,3
22484,3
22485,3
22486,2
22487,3
22488,2
22489,3
22490,3
22491,3
22492,3
22493,3
22494,3
22495,3
22496,3
22497,3
22498,3
22499,3
22500,3
22501,3
22502,3
22503,3
22504,3
22505,3
22506,3
22507,3
22508,3
22509,3
22510,3
22511,3
22512,3
22513,3
22514,3
22515,3
22516,3
22517,3
22518,3
22519,3
22520,3
22521,3
22522,3
22523,3
22524,3
22525,3
22526,3
22527,3
22528,3
22529,3
22530,3
22531,3
22532,3
22533,3
22534,3
22535,3
22536,3
22537,3
22538,3
22539,3
22540,3
22541,3
22542,3
22543,3
22544,3
22545,3
22546,3
22547,3
22548,3
22549,3
22550,3
22551,3
22552,3
22553,3
22554,3
22555,3
22556,3
22557,3
22558,3
22559,3
22560,3
22561,3
22562,3
22563,3
22564,3
22565,3
22566,3
22567,3
22568,3
22569,3
22570,3
22571,3
22572,3
22573,3
22574,3
22575,3
22576,3
22577,3
22578,3
22579,3
22580,3
22581,3
22582,3
22583,3
22584,3
22585,3
22586,3
22587,3
22588,3
22589,3
22590,3
22591,3
22592,3
22593,3
22594,3
22595,3
22596,3
22597,3
22598,3
22599,3
22600,3
22601,3
22602,3
22603,3
22604,3
22605,3
22606,3
22607,3
22608,3
22609,3
22610,3
22611,3
22612,3
22613,3
22614,3
22615,3
22616,3
22617,3
22618,3
22619,3
22620,3
22621,3
22622,3
22623,3
22624,3
22625,3
22626,3
22627,3
22628,3
22629,3
22630,3
22631,3
22632,3
22633,3
22634,3
22635,3
22636,3
22637,3
22638,3
22639,3
22640,3
22641,3
22642,3
22643,3
22644,3
22645,3
22646,3
22647,3
22648,3
22649,3
22650,3
22651,3
22652,3
22653,3
22654,3
22655,3
22656,3
22657,3
22658,3
22659,3
22660,3
22661,3
22662,3
22663,3
22664,3
22665,3
22666,3
22667,3
22668,3
22669,3
22670,3
22671,3
22672,3
22673,3
22674,3
22675,3
22676,3
22677,3
22678,3
22679,3
22680,3
22681,3
22682,3
22683,3
22684,3
22685,3
22686,3
22687,3
22688,3
22689,3
22690,3
22691,3
22692,3
22693,3
22694,3
22695,3
22696,3
22697,3
22698,3
22699,3
22700,3
22701,3
22702,3
22703,3
22704,3
22705,3
22706,3
22707,3
22708,3
22709,3
22710,3
22711,3
22712,3
22713,3
22714,3
22715,3
22716,3
22717,3
22718,3
22719,3
22720,3
22721,3
22722,3
22723,3
22724,3
22725,3
22726,3
22727,3
22728,3
22729,3
22730,3
22731,3
22732,3
22733,3
22734,3
22735,3
22736,3
22737,3
22738,3
22739,3
22740,3
22741,3
22742,3
22743,3
22744,3
22745,3
22746,3
22747,3
22748,3
22749,3
22750,3
22751,3
22752,3
22753,3
22754,3
22755,3
22756,3
22757,3
22758,3
22759,3
22760,3
22761,3
22762,3
22763,3
22764,3
22765,3
22766,3
22767,3
22768,3
22769,3
22770,3
22771,3
22772,3
22773,3
22774,3
22775,3
22776,3
22777,3
22778,3
22779,3
22780,3
22781,3
22782,3
22783,3
22784,3
22785,3
22786,3
22787,3
22788,3
22789,3
22790,3
22791,3
22792,3
22793,3
22794,3
22795,3
22796,3
22797,3
22798,3
22799,3
22800,3
22801,3
22802,3
22803,3
22804,3
22805,3
22806,3
22807,3
22808,3
22809,3
22810,3
22811,3
22812,3
22813,3
22814,3
22815,3
22816,3
22817,3
22818,3
22819,3
22820,3
22821,3
22822,3
22823,3
22824,3
22825,3
22826,3
22827,3
22828,3
22829,3
22830,3
22831,3
22832,3
22833,3
22834,3
22835,3
22836,3
22837,3
22838,3
22839,3
22840,3
22841,3
22842,3
22843,3
22844,3
22845,3
22846,3
22847,3
22848,3
22849,3
22850,3
22851,3
22852,3
22853,3
22854,3
22855,3
22856,3
22857,3
22858,3
22859,3
22860,3
22861,3
22862,3
22863,3
22864,3
22865,3
22866,3
22867,3
22868,3
22869,3
22870,3
22871,3
22872,3
22873,3
22874,3
22875,3
22876,3
22877,3
22878,3
22879,3
22880,3
22881,3
22882,3
22883,3
22884,3
22885,3
22886,3
22887,3
22888,3
22889,3
22890,3
22891,3
22892,3
22893,3
22894,3
22895,3
22896,3
22897,3
22898,3
22899,3
22900,3
22901,3
22902,3
22903,3
22904,3
22905,3
22906,3
22907,3
22908,3
22909,3
22910,3
22911,3
22912,3
22913,3
22914,3
22915,3
22916,3
22917,3
22918,3
22919,3
22920,3
22921,3
22922,3
22923,3
22924,3
22925,3
22926,3
22927,3
22928,3
22929,3
22930,3
22931,3
22932,3
22933,3
22934,3
22935,3
22936,3
22937,3
22938,3
22939,3
22940,3
22941,3
22942,3
22943,3
22944,3
22945,3
22946,3
22947,3
22948,3
22949,3
22950,3
22951,3
22952,3
22953,3
22954,3
22955,3
22956,3
22957,3
22958,3
22959,3
22960,3
22961,3
22962,3
22963,3
22964,3
22965,3
22966,3
22967,3
22968,3
22969,3
22970,3
22971,3
22972,3
22973,3
22974,3
22975,3
22976,3
22977,3
22978,3
22979,3
22980,3
22981,3
22982,3
22983,3
22984,3
22985,3
22986,3
22987,3
22988,3
22989,3
22990,3
22991,3
22992,3
22993,3
22994,3
22995,3
22996,3
22997,3
22998,3
22999,3
23000,3
23001,3
23002,3
23003,3
23004,3
23005,3
23006,3
23007,3
23008,3
23009,3
23010,3
23011,3
23012,3
23013,3
23014,3
23015,3
23016,3
23017,3
23018,3
23019,3
23020,3
23021,3
23022,3
23023,3
23024,3
23025,3
23026,3
23027,3
23028,3
23029,3
23030,3
23031,3
23032,3
23033,3
23034,3
23035,3
23036,3
23037,3
23038,3
23039,3
23040,3
23041,3
23042,3
23043,3
23044,3
23045,3
23046,3
23047,3
23048,3
23049,3
23050,3
23051,3
23052,3
23053,3
23054,3
23055,3
23056,3
23057,3
23058,3
23059,3
23060,3
23061,3
23062,3
23063,3
23064,3
23065,3
23066,3
23067,3
23068,3
23069,3
23070,3
23071,3
23072,3
23073,3
23074,3
23075,3
23076,3
23077,3
23078,3
23079,3
23080,3
23081,3
23082,3
23083,3
23084,3
23085,3
23086,3
23087,3
23088,3
23089,3
23090,3
23091,3
23092,3
23093,3
23094,3
23095,3
23096,3
23097,3
23098,3
23099,3
23100,3
23101,3
23102,3
23103,3
23104,3
23105,3
23106,3
23107,3
23108,3
23109,3
23110,3
23111,3
23112,3
23113,3
23114,3
23115,3
23116,3
23117,3
23118,3
23119,3
23120,3
23121,3
23122,3
23123,3
23124,3
23125,3
23126,3
23127,3
23128,3
23129,3
23130,3
23131,3
23132,3
23133,3
23134,3
23135,3
23136,3
23137,3
23138,3
23139,3
23140,3
23141,3
23142,3
23143,3
23144,3
23145,3
23146,3
23147,3
23148,3
23149,3
23150,3
23151,3
23152,3
23153,3
23154,3
23155,3
23156,3
23157,3
23158,3
23159,3
23160,3
23161,3
23162,3
23163,3
23164,3
23165,3
23166,3
23167,3
23168,3
23169,3
23170,3
23171,3
23172,3
23173,3
23174,3
23175,3
23176,3
23177,3
23178,3
23179,3
23180,3
23181,3
23182,3
23183,3
23184,3
23185,3
23186,3
23187,3
23188,3
23189,3
23190,3
23191,3
23192,3
23193,3
23194,3
23195,3
23196,3
23197,3
23198,3
23199,3
23200,3
23201,3
23202,3
23203,3
23204,3
23205,3
23206,3
23207,3
23208,3
23209,3
23210,3
23211,3
23212,3
23213,3
23214,3
23215,3
23216,3
23217,3
23218,3
23219,3
23220,3
23221,3
23222,3
23223,3
23224,3
23225,3
23226,3
23227,3
23228,3
23229,3
23230,3
23231,3
23232,3
23233,3
23234,3
23235,3
23236,3
23237,3
23238,3
23239,3
23240,3
23241,3
23242,3
23243,3
23244,3
23245,3
23246,3
23247,3
23248,3
23249,3
23250,3
23251,3
23252,3
23253,3
23254,3
23255,3
23256,3
23257,3
23258,3
23259,3
23260,3
23261,3
23262,3
23263,3
23264,3
23265,3
23266,3
23267,3
23268,3
23269,3
23270,3
23271,3
23272,3
23273,3
23274,3
23275,3
23276,3
23277,3
23278,3
23279,3
23280,3
23281,3
23282,3
23283,3
23284,3
23285,3
23286,3
23287,3
23288,3
23289,3
23290,3
23291,3
23292,3
23293,3
23294,3
23295,3
23296,3
23297,3
23298,3
23299,3
23300,3
23301,3
23302,3
23303,3
23304,3
23305,3
23306,3
23307,3
23308,3
23309,3
23310,3
23311,3
23312,3
23313,3
23314,3
23315,3
23316,3
23317,3
23318,3
23319,3
23320,3
23321,3
23322,3
23323,3
23324,3
23325,3
23326,3
23327,3
23328,3
23329,3
23330,3
23331,3
23332,3
23333,3
23334,3
23335,3
23336,3
23337,3
23338,3
23339,3
23340,3
23341,3
23342,3
23343,3
23344,3
23345,3
23346,3
23347,3
23348,3
23349,3
23350,3
23351,3
23352,3
23353,3
23354,3
23355,3
23356,3
23357,3
23358,3
23359,3
23360,3
23361,3
23362,3
23363,3
23364,3
23365,3
23366,3
23367,3
23368,3
23369,3
23370,3
23371,3
23372,3
23373,3
23374,3
23375,3
23376,3
23377,3
23378,3
23379,3
23380,3
23381,3
23382,3
23383,3
23384,3
23385,3
23386,3
23387,3
23388,3
23389,3
23390,3
23391,3
23392,3
23393,3
23394,3
23395,3
23396,3
23397,3
23398,3
23399,3
23400,3
23401,3
23402,3
23403,3
23404,3
23405,3
23406,3
23407,3
23408,3
23409,3
23410,3
23411,3
23412,3
23413,3
23414,3
23415,3
23416,3
23417,3
23418,3
23419,3
23420,3
23421,3
23422,3
23423,3
23424,3
23425,3
23426,3
23427,3
23428,3
23429,3
23430,3
23431,3
23432,3
23433,3
23434,3
23435,3
23436,3
23437,3
23438,3
23439,3
23440,3
23441,3
23442,3
23443,3
23444,3
23445,3
23446,3
23447,3
23448,3
23449,3
23450,3
23451,3
23452,3
23453,3
23454,3
23455,3
23456,3
23457,3
23458,3
23459,3
23460,3
23461,3
23462,3
23463,3
23464,3
23465,3
23466,3
23467,3
23468,3
23469,3
23470,3
23471,3
23472,3
23473,3
23474,3
23475,3
23476,3
23477,3
23478,3
23479,3
23480,3
23481,3
23482,3
23483,3
23484,3
23485,3
23486,3
23487,3
23488,3
23489,3
23490,3
23491,3
23492,3
23493,3
23494,3
23495,3
23496,3
23497,3
23498,3
23499,3
23500,3
23501,3
23502,3
23503,3
23504,3
23505,3
23506,3
23507,3
23508,3
23509,3
23510,3
23511,3
23512,3
23513,3
23514,3
23515,3
23516,3
23517,3
23518,3
23519,3
23520,3
23521,3
23522,3
23523,3
23524,3
23525,3
23526,3
23527,3
23528,3
23529,3
23530,3
23531,3
23532,3
23533,3
23534,3
23535,3
23536,3
23537,3
23538,3
23539,3
23540,3
23541,3
23542,3
23543,3
23544,3
23545,3
23546,3
23547,3
23548,3
23549,3
23550,3
23551,3
23552,3
23553,3
23554,3
23555,3
23556,3
23557,3
23558,3
23559,3
23560,3
23561,3
23562,3
23563,3
23564,3
23565,3
23566,3
23567,3
23568,3
23569,3
23570,3
23571,3
23572,3
23573,3
23574,3
23575,3
23576,3
23577,3
23578,3
23579,3
23580,3
23581,3
23582,3
23583,3
23584,3
23585,3
23586,3
23587,3
23588,3
23589,3
23590,3
23591,3
23592,3
23593,3
23594,3
23595,3
23596,3
23597,3
23598,3
23599,3
23600,3
23601,3
23602,3
23603,3
23604,3
23605,3
23606,3
23607,3
23608,3
23609,3
23610,3
23611,3
23612,3
23613,3
23614,3
23615,3
23616,3
23617,3
23618,3
23619,3
23620,3
23621,3
23622,3
23623,3
23624,3
23625,3
23626,3
23627,3
23628,3
23629,3
23630,3
23631,3
23632,3
23633,3
23634,3
23635,3
23636,3
23637,3
23638,3
23639,3
23640,3
23641,3
23642,3
23643,3
23644,3
23645,3
23646,3
23647,3
23648,3
23649,3
23650,3
23651,3
23652,3
23653,3
23654,3
23655,3
23656,3
23657,3
23658,3
23659,3
23660,3
23661,3
23662,3
23663,3
23664,3
23665,3
23666,3
23667,3
23668,3
23669,3
23670,3
23671,3
23672,3
23673,3
23674,3
23675,3
23676,3
23677,3
23678,3
23679,3
23680,3
23681,3
23682,3
23683,3
23684,3
23685,3
23686,3
23687,3
23688,3
23689,3
23690,3
23691,3
23692,3
23693,3
23694,3
23695,3
23696,3
23697,3
23698,3
23699,3
23700,3
23701,3
23702,3
23703,3
23704,3
23705,3
23706,3
23707,3
23708,3
23709,3
23710,3
23711,3
23712,3
23713,3
23714,3
23715,3
23716,3
23717,3
23718,3
23719,3
23720,3
23721,3
23722,3
23723,3
23724,3
23725,3
23726,3
23727,3
23728,3
23729,3
23730,3
23731,3
23732,3
23733,3
23734,3
23735,3
23736,3
23737,3
23738,3
23739,3
23740,3
23741,3
23742,3
23743,3
23744,3
23745,3
23746,3
23747,3
23748,3
23749,3
23750,3
23751,3
23752,3
23753,3
23754,3
23755,3
23756,3
23757,3
23758,3
23759,3
23760,3
23761,3
23762,3
23763,3
23764,3
23765,3
23766,3
23767,3
23768,3
23769,3
23770,3
23771,3
23772,3
23773,3
23774,3
23775,3
23776,3
23777,3
23778,3
23779,3
23780,3
23781,3
23782,3
23783,3
23784,3
23785,3
23786,3
23787,3
23788,3
23789,3
23790,3
23791,3
23792,3
23793,3
23794,3
23795,3
23796,3
23797,3
23798,3
23799,3
23800,3
23801,3
23802,3
23803,3
23804,3
23805,3
23806,3
23807,3
23808,3
23809,3
23810,3
23811,3
23812,3
23813,3
23814,3
23815,3
23816,3
23817,3
23818,3
23819,3
23820,3
23821,3
23822,3
23823,3
23824,3
23825,3
23826,3
23827,3
23828,3
23829,3
23830,3
23831,3
23832,3
23833,3
23834,3
23835,3
23836,3
23837,3
23838,3
23839,3
23840,3
23841,3
23842,3
23843,3
23844,3
23845,3
23846,3
23847,3
23848,3
23849,3
23850,3
23851,3
23852,3
23853,3
23854,3
23855,3
23856,3
23857,3
23858,3
23859,3
23860,3
23861,3
23862,3
23863,3
23864,3
23865,3
23866,3
23867,3
23868,3
23869,3
23870,3
23871,3
23872,3
23873,3
23874,3
23875,3
23876,3
23877,3
23878,3
23879,3
23880,3
23881,3
23882,3
23883,3
23884,3
23885,3
23886,3
23887,3
23888,3
23889,3
23890,3
23891,3
23892,3
23893,3
23894,3
23895,3
23896,3
23897,3
23898,3
23899,3
23900,3
23901,3
23902,3
23903,3
23904,3
23905,3
23906,3
23907,3
23908,3
23909,3
23910,3
23911,3
23912,3
23913,3
23914,3
23915,3
23916,3
23917,3
23918,3
23919,3
23920,3
23921,3
23922,3
23923,3
23924,3
23925,3
23926,3
23927,3
23928,3
23929,3
23930,3
23931,3
23932,3
23933,3
23934,3
23935,3
23936,3
23937,3
23938,3
23939,3
23940,3
23941,3
23942,3
23943,3
23944,3
23945,3
23946,3
23947,3
23948,3
23949,3
23950,3
23951,3
23952,3
23953,3
23954,3
23955,3
23956,3
23957,3
23958,3
23959,3
23960,3
23961,3
23962,3
23963,3
23964,3
23965,3
23966,3
23967,3
23968,3
23969,3
23970,3
23971,3
23972,3
23973,3
23974,3
23975,3
23976,3
23977,3
23978,3
23979,3
23980,3
23981,3
23982,3
23983,3
23984,3
23985,3
23986,3
23987,3
23988,3
23989,3
23990,3
23991,3
23992,3
23993,3
23994,3
23995,3
23996,3
23997,3
23998,3
23999,3
24000,3
24001,3
24002,3
24003,3
24004,3
24005,3
24006,3
24007,3
24008,3
24009,3
24010,3
24011,3
24012,3
24013,3
24014,3
24015,3
24016,3
24017,3
24018,3
24019,3
24020,3
24021,3
24022,3
24023,3
24024,3
24025,3
24026,3
24027,3
24028,3
24029,3
24030,3
24031,3
24032,3
24033,3
24034,3
24035,3
24036,3
24037,3
24038,3
24039,3
24040,3
24041,3
24042,3
24043,3
24044,3
24045,3
24046,3
24047,3
24048,3
24049,3
24050,3
24051,3
24052,3
24053,3
24054,3
24055,3
24056,3
24057,3
24058,3
24059,3
24060,3
24061,3
24062,3
24063,3
24064,3
24065,3
24066,3
24067,3
24068,3
24069,3
24070,3
24071,3
24072,3
24073,3
24074,3
24075,3
24076,3
24077,3
24078,3
24079,3
24080,3
24081,3
24082,3
24083,3
24084,3
24085,3
24086,3
24087,3
24088,3
24089,3
24090,3
24091,3
24092,3
24093,3
24094,3
24095,3
24096,3
24097,3
24098,3
24099,3
24100,3
24101,3
24102,3
24103,3
24104,3
24105,3
24106,3
24107,3
24108,3
24109,3
24110,3
24111,3
24112,3
24113,3
24114,3
24115,3
24116,3
24117,3
24118,3
24119,3
24120,3
24121,3
24122,3
24123,3
24124,3
24125,3
24126,3
24127,3
24128,3
24129,3
24130,3
24131,3
24132,3
24133,3
24134,3
24135,3
24136,3
24137,3
24138,3
24139,3
24140,3
24141,3
24142,3
24143,3
24144,3
24145,3
24146,3
24147,3
24148,3
24149,3
24150,3
24151,3
24152,3
24153,3
24154,3
24155,3
24156,3
24157,3
24158,3
24159,3
24160,3
24161,3
24162,3
24163,3
24164,3
24165,3
24166,3
24167,3
24168,3
24169,3
24170,3
24171,3
24172,3
24173,3
24174,3
24175,3
24176,3
24177,3
24178,3
24179,3
24180,3
24181,3
24182,3
24183,3
24184,3
24185,3
24186,3
24187,3
24188,3
24189,3
24190,3
24191,3
24192,3
24193,3
24194,3
24195,3
24196,3
24197,3
24198,3
24199,3
24200,3
24201,3
24202,3
24203,3
24204,3
24205,3
24206,3
24207,3
24208,3
24209,3
24210,3
24211,3
24212,3
24213,3
24214,3
24215,3
24216,3
24217,3
24218,3
24219,3
24220,3
24221,3
24222,3
24223,3
24224,3
24225,3
24226,3
24227,3
24228,3
24229,3
24230,3
24231,3
24232,3
24233,3
24234,3
24235,3
24236,3
24237,3
24238,3
24239,3
24240,3
24241,3
24242,3
24243,3
24244,3
24245,3
24246,3
24247,3
24248,3
24249,3
24250,3
24251,3
24252,3
24253,3
24254,3
24255,3
24256,3
24257,3
24258,3
24259,3
24260,3
24261,3
24262,3
24263,3
24264,3
24265,3
24266,3
24267,3
24268,3
24269,3
24270,3
24271,3
24272,3
24273,3
24274,3
24275,3
24276,3
24277,3
24278,3
24279,3
24280,3
24281,3
24282,3
24283,3
24284,3
24285,3
24286,3
24287,3
24288,3
24289,3
24290,3
24291,3
24292,3
24293,3
24294,3
24295,3
24296,3
24297,3
24298,3
24299,3
24300,3
24301,3
24302,3
24303,3
24304,3
24305,3
24306,3
24307,3
24308,3
24309,3
24310,3
24311,3
24312,3
24313,3
24314,3
24315,3
24316,3
24317,3
24318,3
24319,3
24320,3
24321,3
24322,3
24323,3
24324,3
24325,3
24326,3
24327,3
24328,3
24329,3
24330,3
24331,3
24332,3
24333,3
24334,3
24335,3
24336,3
24337,3
24338,3
24339,3
24340,3
24341,3
24342,3
24343,3
24344,3
24345,3
24346,3
24347,3
24348,3
24349,3
24350,3
24351,3
24352,3
24353,3
24354,3
24355,3
24356,3
24357,3
24358,3
24359,3
24360,3
24361,3
24362,3
24363,3
24364,3
24365,3
24366,3
24367,3
24368,3
24369,3
24370,3
24371,3
24372,3
24373,3
24374,3
24375,3
24376,3
24377,3
24378,3
24379,3
24380,3
24381,3
24382,3
24383,3
24384,3
24385,3
24386,3
24387,3
24388,3
24389,3
24390,3
24391,3
24392,3
24393,3
24394,3
24395,3
24396,3
24397,3
24398,3
24399,3
24400,3
24401,3
24402,3
24403,3
24404,3
24405,3
24406,3
24407,3
24408,3
24409,3
24410,3
24411,3
24412,3
24413,3
24414,3
24415,3
24416,3
24417,3
24418,3
24419,3
24420,3
24421,3
24422,3
24423,3
24424,3
24425,3
24426,3
24427,3
24428,3
24429,3
24430,3
24431,3
24432,3
24433,3
24434,3
24435,3
24436,3
24437,3
24438,3
24439,3
24440,3
24441,3
24442,3
24443,3
24444,3
24445,3
24446,3
24447,3
24448,3
24449,3
24450,3
24451,3
24452,3
24453,3
24454,3
24455,3
24456,3
24457,3
24458,3
24459,3
24460,3
24461,3
24462,3
24463,3
24464,3
24465,2
24466,3
24467,2
24468,3
24469,2
24470,2
24471,2
24472,3
24473,2
24474,3
24475,3
24476,2
24477,2
24478,2
24479,3
24480,2
24481,3
24482,3
24483,2
24484,2
24485,3
24486,2
24487,2
24488,2
24489,2
24490,2
24491,2
24492,2
24493,2
24494,3
24495,3
24496,2
24497,3
24498,2
24499,3
24500,2
24501,3
24502,3
24503,2
24504,3
24505,3
24506,2
24507,2
24508,3
24509,3
24510,3
24511,2
24512,2
24513,3
24514,3
24515,2
24516,3
24517,2
24518,3
24519,2
24520,3
24521,2
24522,2
24523,2
24524,2
24525,2
24526,3
24527,2
24528,2
24529,2
24530,2
24531,2
24532,3
24533,2
24534,2
24535,2
24536,2
24537,2
24538,2
24539,2
24540,2
24541,3
24542,2
24543,2
24544,3
24545,2
24546,2
24547,2
24548,2
24549,3
24550,2
24551,3
24552,2
24553,3
24554,2
24555,2
24556,3
24557,2
24558,2
24559,2
24560,3
24561,2
24562,3
24563,2
24564,2
24565,3
24566,2
24567,2
24568,3
24569,2
24570,2
24571,2
24572,2
24573,3
24574,2
24575,2
24576,2
24577,2
24578,2
24579,3
24580,2
24581,2
24582,3
24583,3
24584,3
24585,3
24586,3
24587,3
24588,2
24589,2
24590,2
24591,3
24592,3
24593,2
24594,3
24595,2
24596,2
24597,3
24598,2
24599,2
24600,3
24601,3
24602,3
24603,3
24604,3
24605,3
24606,3
24607,3
24608,3
24609,3
24610,3
24611,3
24612,3
24613,3
24614,3
24615,3
24616,3
24617,3
24618,3
24619,3
24620,3
24621,3
24622,3
24623,3
24624,3
24625,3
24626,3
24627,3
24628,3
24629,3
24630,3
24631,3
24632,3
24633,3
24634,3
24635,3
24636,3
24637,3
24638,3
24639,3
24640,3
24641,3
24642,3
24643,3
24644,3
24645,3
24646,3
24647,3
24648,3
24649,3
24650,3
24651,3
24652,3
24653,3
24654,3
24655,3
24656,3
24657,3
24658,3
24659,3
24660,3
24661,3
24662,3
24663,3
24664,3
24665,3
24666,3
24667,3
24668,3
24669,3
24670,3
24671,3
24672,3
24673,3
24674,3
24675,3
24676,3
24677,3
24678,3
24679,3
24680,3
24681,3
24682,3
24683,3
24684,3
24685,3
24686,3
24687,3
24688,3
24689,3
24690,3
24691,3
24692,3
24693,3
24694,3
24695,3
24696,3
24697,3
24698,3
24699,3
24700,3
24701,3
24702,3
24703,3
24704,3
24705,3
24706,3
24707,3
24708,3
24709,3
24710,3
24711,3
24712,3
24713,3
24714,3
24715,3
24716,3
24717,3
24718,3
24719,3
24720,3
24721,3
24722,3
24723,3
24724,3
24725,3
24726,3
24727,3
24728,3
24729,3
24730,3
24731,3
24732,3
24733,3
24734,3
24735,3
24736,3
24737,3
24738,3
24739,3
24740,3
24741,3
24742,3
24743,3
24744,3
24745,3
24746,3
24747,3
24748,3
24749,3
24750,3
24751,3
24752,3
24753,3
24754,3
24755,3
24756,3
24757,3
24758,3
24759,3
24760,3
24761,3
24762,3
24763,3
24764,3
24765,3
24766,3
24767,3
24768,3
24769,3
24770,3
24771,3
24772,3
24773,3
24774,3
24775,3
24776,3
24777,3
24778,3
24779,3
24780,3
24781,3
24782,3
24783,3
24784,3
24785,3
24786,3
24787,3
24788,3
24789,3
24790,3
24791,3
24792,3
24793,3
24794,3
24795,3
24796,3
24797,3
24798,3
24799,3
24800,3
24801,3
24802,3
24803,3
24804,3
24805,3
24806,3
24807,3
24808,3
24809,3
24810,3
24811,3
24812,3
24813,3
24814,3
24815,3
24816,3
24817,3
24818,3
24819,3
24820,3
24821,3
24822,3
24823,3
24824,3
24825,3
24826,3
24827,3
24828,3
24829,3
24830,3
24831,3
24832,3
24833,3
24834,3
24835,3
24836,3
24837,3
24838,3
24839,3
24840,3
24841,3
24842,3
24843,3
24844,3
24845,3
24846,3
24847,3
24848,3
24849,3
24850,3
24851,3
24852,3
24853,3
24854,3
24855,3
24856,3
24857,3
24858,3
24859,3
24860,3
24861,3
24862,3
24863,3
24864,0
24865,3
24866,3
24867,3
24868,3
24869,3
24870,0
24871,3
24872,3
24873,3
24874,3
24875,3
24876,3
24877,3
24878,3
24879,3
24880,3
24881,3
24882,3
24883,3
24884,3
24885,3
24886,3
24887,3
24888,3
24889,3
24890,3
24891,3
24892,3
24893,3
24894,3
24895,3
24896,3
24897,3
24898,3
24899,3
24900,3
24901,3
24902,3
24903,3
24904,3
24905,3
24906,3
24907,0
24908,3
24909,3
24910,3
24911,3
24912,3
24913,3
24914,3
24915,3
24916,3
24917,3
24918,3
24919,3
24920,3
24921,3
24922,3
24923,3
24924,3
24925,3
24926,3
24927,3
24928,3
24929,3
24930,3
24931,3
24932,3
24933,3
24934,3
24935,3
24936,3
24937,3
24938,2
24939,2
24940,3
24941,3
24942,3
24943,3
24944,3
24945,3
24946,3
24947,3
24948,3
24949,3
24950,0
24951,2
24952,0
24953,0
24954,3
24955,3
24956,2
24957,2
24958,3
24959,0
24960,3
24961,3
24962,0
24963,3
24964,0
24965,3
24966,3
24967,3
24968,3
24969,2
24970,2
24971,0
24972,3
24973,2
24974,3
24975,3
24976,2
24977,3
24978,3
24979,3
24980,3
24981,3
24982,3
24983,3
24984,3
24985,3
24986,3
24987,2
24988,3
24989,2
24990,3
24991,3
24992,3
24993,2
24994,3
24995,3
24996,3
24997,3
24998,3
24999,2
25000,3
25001,3
25002,3
25003,3
25004,3
25005,2
25006,2
25007,3
25008,3
25009,3
25010,3
25011,3
25012,3
25013,3
25014,2
25015,2
25016,0
25017,2
25018,3
25019,2
25020,3
25021,3
25022,3
25023,3
25024,3
25025,3
25026,0
25027,2
25028,3
25029,3
25030,3
25031,2
25032,3
25033,3
25034,3
25035,2
25036,3
25037,3
25038,3
25039,3
25040,3
25041,3
25042,3
25043,0
25044,3
25045,3
25046,2
25047,3
25048,0
25049,3
25050,3
25051,3
25052,3
25053,3
25054,3
25055,3
25056,3
25057,3
25058,3
25059,3
25060,3
25061,3
25062,0
25063,3
25064,3
25065,3
25066,3
25067,3
25068,3
25069,2
25070,0
25071,3
25072,3
25073,3
25074,2
25075,3
25076,3
25077,3
25078,3
25079,3
25080,3
25081,3
25082,3
25083,3
25084,3
25085,3
25086,3
25087,3
25088,3
25089,3
25090,3
25091,0
25092,3
25093,3
25094,0
25095,0
25096,3
25097,0
25098,0
25099,3
25100,3
25101,3
25102,3
25103,2
25104,3
25105,2
25106,3
25107,0
25108,3
25109,0
25110,2
25111,3
25112,3
25113,3
25114,3
25115,3
25116,3
25117,3
25118,3
25119,3
25120,3
25121,3
25122,3
25123,3
25124,3
25125,3
25126,3
25127,3
25128,3
25129,3
25130,3
25131,3
25132,3
25133,3
25134,3
25135,3
25136,3
25137,3
25138,3
25139,2
25140,3
25141,0
25142,3
25143,3
25144,2
25145,3
25146,2
25147,3
25148,3
25149,3
25150,3
25151,3
25152,3
25153,3
25154,2
25155,3
25156,3
25157,3
25158,3
25159,3
25160,0
25161,0
25162,0
25163,0
25164,0
25165,0
25166,0
25167,0
25168,0
25169,0
25170,3
25171,3
25172,3
25173,3
25174,3
25175,3
25176,3
25177,3
25178,3
25179,3
25180,3
25181,3
25182,3
25183,3
25184,3
25185,3
25186,3
25187,3
25188,3
25189,3
25190,3
25191,3
25192,3
25193,3
25194,3
25195,3
25196,3
25197,0
25198,3
25199,3
25200,0
25201,3
25202,0
25203,0
25204,3
25205,2
25206,3
25207,3
25208,2
25209,3
25210,3
25211,0
25212,3
25213,0
25214,0
25215,3
25216,3
25217,3
25218,3
25219,3
25220,2
25221,3
25222,3
25223,3
25224,3
25225,3
25226,3
25227,3
25228,3
25229,3
25230,3
25231,3
25232,3
25233,3
25234,3
25235,3
25236,3
25237,2
25238,3
25239,3
25240,2
25241,2
25242,3
25243,3
25244,3
25245,0
25246,3
25247,3
25248,3
25249,3
25250,0
25251,0
25252,0
25253,0
25254,3
25255,3
25256,3
25257,3
25258,0
25259,3
25260,3
25261,2
25262,0
25263,3
25264,3
25265,3
25266,3
25267,3
25268,3
25269,3
25270,3
25271,3
25272,3
25273,3
25274,3
25275,2
25276,0
25277,2
25278,0
25279,0
25280,0
25281,3
25282,3
25283,3
25284,3
25285,3
25286,3
25287,3
25288,3
25289,0
25290,0
25291,0
25292,3
25293,0
25294,0
25295,3
25296,3
25297,3
25298,3
25299,0
25300,3
25301,3
25302,3
25303,3
25304,3
25305,3
25306,3
25307,3
25308,3
25309,3
25310,2
25311,2
25312,2
25313,2
25314,2
25315,2
25316,3
25317,3
25318,2
25319,3
25320,3
25321,2
25322,2
25323,3
25324,0
25325,0
25326,0
25327,3
25328,3
25329,3
25330,3
25331,3
25332,3
25333,3
25334,3
25335,3
25336,2
25337,3
25338,3
25339,3
25340,3
25341,3
25342,3
25343,3
25344,3
25345,3
25346,3
25347,3
25348,3
25349,3
25350,3
25351,3
25352,3
25353,3
25354,3
25355,3
25356,3
25357,3
25358,3
25359,2
25360,3
25361,3
25362,2
25363,2
25364,3
25365,3
25366,3
25367,2
25368,3
25369,3
25370,3
25371,2
25372,3
25373,3
25374,3
25375,3
25376,3
25377,3
25378,3
25379,2
25380,3
25381,3
25382,3
25383,2
25384,3
25385,3
25386,3
25387,3
25388,3
25389,3
25390,3
25391,2
25392,3
25393,3
25394,3
25395,0
25396,3
25397,3
25398,3
25399,3
25400,3
25401,3
25402,3
25403,3
25404,3
25405,3
25406,3
25407,2
25408,3
25409,3
25410,3
25411,3
25412,3
25413,3
25414,3
25415,3
25416,3
25417,3
25418,3
25419,3
25420,3
25421,3
25422,3
25423,3
25424,3
25425,3
25426,3
25427,3
25428,2
25429,3
25430,3
25431,3
25432,3
25433,3
25434,3
25435,3
25436,3
25437,3
25438,3
25439,3
25440,3
25441,3
25442,3
25443,3
25444,3
25445,3
25446,3
25447,3
25448,2
25449,2
25450,3
25451,3
25452,3
25453,3
25454,3
25455,2
25456,2
25457,3
25458,0
25459,3
25460,3
25461,2
25462,3
25463,3
25464,3
25465,3
25466,3
25467,3
25468,3
25469,3
25470,2
25471,3
25472,3
25473,3
25474,0
25475,3
25476,3
25477,3
25478,3
25479,3
25480,3
25481,3
25482,2
25483,3
25484,3
25485,3
25486,3
25487,3
25488,3
25489,3
25490,3
25491,2
25492,3
25493,2
25494,3
25495,3
25496,3
25497,2
25498,2
25499,0
25500,3
25501,2
25502,0
25503,2
25504,3
25505,2
25506,2
25507,3
25508,3
25509,2
25510,3
25511,2
25512,2
25513,3
25514,3
25515,3
25516,3
25517,3
25518,3
25519,3
25520,3
25521,3
25522,3
25523,2
25524,3
25525,3
25526,3
25527,3
25528,3
25529,3
25530,3
25531,3
25532,3
25533,2
25534,2
25535,2
25536,3
25537,2
25538,0
25539,0
25540,3
25541,0
25542,0
25543,0
25544,3
25545,3
25546,0
25547,3
25548,3
25549,3
25550,3
25551,3
25552,3
25553,2
25554,2
25555,3
25556,2
25557,3
25558,3
25559,3
25560,3
25561,2
25562,2
25563,2
25564,0
25565,3
25566,3
25567,3
25568,3
25569,2
25570,2
25571,2
25572,3
25573,3
25574,3
25575,3
25576,3
25577,3
25578,3
25579,3
25580,3
25581,0
25582,3
25583,3
25584,0
25585,0
25586,3
25587,0
25588,3
25589,3
25590,3
25591,3
25592,3
25593,3
25594,3
25595,3
25596,3
25597,0
25598,0
25599,0
25600,0
25601,0
25602,3
25603,3
25604,0
25605,3
25606,0
25607,3
25608,3
25609,3
25610,3
25611,2
25612,3
25613,3
25614,0
25615,3
25616,3
25617,3
25618,3
25619,3
25620,3
25621,3
25622,3
25623,3
25624,3
25625,3
25626,3
25627,3
25628,3
25629,3
25630,3
25631,3
25632,3
25633,3
25634,3
25635,3
25636,3
25637,3
25638,3
25639,3
25640,3
25641,3
25642,3
25643,3
25644,3
25645,3
25646,3
25647,3
25648,3
25649,3
25650,3
25651,3
25652,3
25653,3
25654,3
25655,3
25656,3
25657,3
25658,3
25659,3
25660,3
25661,2
25662,3
25663,3
25664,3
25665,3
25666,3
25667,2
25668,3
25669,3
25670,3
25671,3
25672,3
25673,3
25674,3
25675,3
25676,3
25677,3
25678,3
25679,3
25680,3
25681,3
25682,3
25683,3
25684,3
25685,3
25686,3
25687,3
25688,3
25689,3
25690,3
25691,3
25692,3
25693,3
25694,3
25695,3
25696,3
25697,3
25698,3
25699,3
25700,3
25701,3
25702,3
25703,3
25704,3
25705,3
25706,3
25707,3
25708,3
25709,3
25710,3
25711,3
25712,3
25713,3
25714,3
25715,3
25716,3
25717,3
25718,3
25719,3
25720,3
25721,3
25722,3
25723,3
25724,3
25725,3
25726,3
25727,3
25728,3
25729,3
25730,3
25731,3
25732,3
25733,3
25734,3
25735,3
25736,3
25737,3
25738,3
25739,3
25740,3
25741,3
25742,3
25743,3
25744,3
25745,3
25746,3
25747,3
25748,3
25749,3
25750,3
25751,3
25752,3
25753,3
25754,3
25755,2
25756,3
25757,3
25758,3
25759,3
25760,3
25761,2
25762,3
25763,3
25764,3
25765,3
25766,3
25767,3
25768,3
25769,3
25770,3
25771,3
25772,3
25773,3
25774,3
25775,3
25776,3
25777,3
25778,2
25779,3
25780,3
25781,3
25782,3
25783,2
25784,3
25785,3
25786,3
25787,3
25788,3
25789,3
25790,3
25791,3
25792,3
25793,3
25794,3
25795,3
25796,3
25797,3
25798,3
25799,3
25800,3
25801,3
25802,3
25803,3
25804,3
25805,3
25806,3
25807,3
25808,3
25809,3
25810,3
25811,3
25812,3
25813,3
25814,3
25815,3
25816,3
25817,3
25818,3
25819,3
25820,3
25821,3
25822,3
25823,3
25824,3
25825,3
25826,3
25827,3
25828,3
25829,3
25830,3
25831,3
25832,3
25833,3
25834,3
25835,3
25836,3
25837,3
25838,3
25839,3
25840,3
25841,3
25842,2
25843,3
25844,3
25845,3
25846,3
25847,3
25848,3
25849,3
25850,3
25851,3
25852,3
25853,3
25854,3
25855,3
25856,3
25857,3
25858,3
25859,3
25860,3
25861,3
25862,3
25863,3
25864,3
25865,3
25866,3
25867,3
25868,3
25869,3
25870,3
25871,3
25872,3
25873,3
25874,3
25875,3
25876,3
25877,3
25878,3
25879,3
25880,3
25881,3
25882,3
25883,3
25884,3
25885,3
25886,3
25887,3
25888,3
25889,3
25890,3
25891,3
25892,3
25893,3
25894,3
25895,3
25896,3
25897,3
25898,3
25899,3
25900,3
25901,3
25902,3
25903,3
25904,3
25905,3
25906,3
25907,3
25908,3
25909,3
25910,3
25911,3
25912,3
25913,3
25914,3
25915,3
25916,3
25917,3
25918,3
25919,3
25920,3
25921,3
25922,3
25923,3
25924,3
25925,3
25926,3
25927,3
25928,3
25929,3
25930,3
25931,3
25932,3
25933,3
25934,3
25935,3
25936,3
25937,3
25938,3
25939,3
25940,3
25941,3
25942,3
25943,3
25944,3
25945,3
25946,3
25947,3
25948,3
25949,2
25950,3
25951,3
25952,3
25953,3
25954,3
25955,3
25956,3
25957,3
25958,3
25959,3
25960,3
25961,3
25962,3
25963,3
25964,3
25965,3
25966,3
25967,3
25968,3
25969,3
25970,3
25971,3
25972,3
25973,3
25974,3
25975,3
25976,3
25977,3
25978,3
25979,3
25980,3
25981,2
25982,3
25983,3
25984,3
25985,3
25986,3
25987,3
25988,3
25989,3
25990,3
25991,3
25992,3
25993,3
25994,3
25995,3
25996,3
25997,3
25998,3
25999,3
26000,3
26001,3
26002,3
26003,3
26004,3
26005,3
26006,3
26007,3
26008,3
26009,3
26010,3
26011,3
26012,3
26013,3
26014,3
26015,3
26016,3
26017,3
26018,3
26019,3
26020,3
26021,3
26022,3
26023,3
26024,3
26025,3
26026,3
26027,3
26028,3
26029,3
26030,3
26031,3
26032,3
26033,3
26034,3
26035,3
26036,3
26037,3
26038,3
26039,3
26040,3
26041,3
26042,3
26043,3
26044,3
26045,3
26046,3
26047,3
26048,3
26049,3
26050,3
26051,3
26052,3
26053,3
26054,3
26055,3
26056,3
26057,3
26058,3
26059,3
26060,2
26061,2
26062,3
26063,3
26064,3
26065,3
26066,3
26067,3
26068,3
26069,3
26070,3
26071,3
26072,3
26073,3
26074,3
26075,3
26076,3
26077,3
26078,3
26079,3
26080,3
26081,3
26082,3
26083,3
26084,3
26085,3
26086,3
26087,3
26088,3
26089,3
26090,3
26091,3
26092,3
26093,3
26094,3
26095,3
26096,3
26097,3
26098,3
26099,3
26100,3
26101,3
26102,3
26103,3
26104,3
26105,3
26106,3
26107,3
26108,3
26109,3
26110,3
26111,3
26112,3
26113,3
26114,3
26115,3
26116,3
26117,3
26118,3
26119,3
26120,3
26121,3
26122,3
26123,3
26124,3
26125,3
26126,3
26127,3
26128,3
26129,3
26130,3
26131,3
26132,3
26133,3
26134,3
26135,3
26136,3
26137,3
26138,3
26139,3
26140,3
26141,3
26142,3
26143,3
26144,3
26145,3
26146,3
26147,3
26148,3
26149,3
26150,3
26151,3
26152,3
26153,3
26154,3
26155,3
26156,3
26157,3
26158,3
26159,3
26160,2
26161,3
26162,3
26163,3
26164,3
26165,3
26166,3
26167,0
26168,0
26169,2
26170,3
26171,3
26172,3
26173,3
26174,3
26175,3
26176,3
26177,3
26178,3
26179,3
26180,3
26181,3
26182,3
26183,3
26184,3
26185,3
26186,3
26187,3
26188,3
26189,3
26190,3
26191,3
26192,3
26193,3
26194,3
26195,3
26196,3
26197,3
26198,3
26199,3
26200,3
26201,3
26202,3
26203,3
26204,3
26205,3
26206,3
26207,3
26208,3
26209,3
26210,3
26211,3
26212,3
26213,3
26214,3
26215,3
26216,3
26217,3
26218,3
26219,3
26220,3
26221,3
26222,3
26223,3
26224,3
26225,3
26226,3
26227,3
26228,3
26229,3
26230,3
26231,3
26232,3
26233,3
26234,3
26235,3
26236,3
26237,3
26238,3
26239,3
26240,3
26241,3
26242,3
26243,3
26244,3
26245,3
26246,3
26247,3
26248,3
26249,3
26250,3
26251,3
26252,3
26253,3
26254,3
26255,3
26256,3
26257,3
26258,3
26259,3
26260,3
26261,3
26262,3
26263,3
26264,3
26265,3
26266,2
26267,3
26268,3
26269,3
26270,2
26271,3
26272,3
26273,3
26274,3
26275,2
26276,3
26277,2
26278,2
26279,2
26280,2
26281,2
26282,3
26283,0
26284,2
26285,0
26286,3
26287,2
26288,2
26289,3
26290,3
26291,3
26292,3
26293,3
26294,3
26295,3
26296,3
26297,3
26298,3
26299,3
26300,0
26301,3
26302,3
26303,3
26304,3
26305,3
26306,3
26307,3
26308,3
26309,3
26310,3
26311,3
26312,3
26313,3
26314,3
26315,3
26316,3
26317,3
26318,3
26319,3
26320,3
26321,3
26322,3
26323,3
26324,3
26325,3
26326,3
26327,3
26328,3
26329,3
26330,3
26331,3
26332,3
26333,3
26334,3
26335,3
26336,3
26337,3
26338,3
26339,3
26340,3
26341,3
26342,3
26343,3
26344,3
26345,3
26346,3
26347,3
26348,3
26349,3
26350,3
26351,3
26352,3
26353,3
26354,3
26355,3
26356,3
26357,3
26358,3
26359,3
26360,3
26361,3
26362,3
26363,3
26364,0
26365,0
26366,3
26367,0
26368,0
26369,3
26370,0
26371,3
26372,0
26373,3
26374,3
26375,3
26376,3
26377,3
26378,0
26379,0
26380,3
26381,2
26382,3
26383,3
26384,3
26385,3
26386,3
26387,3
26388,3
26389,3
26390,3
26391,3
26392,3
26393,3
26394,3
26395,3
26396,3
26397,3
26398,2
26399,0
26400,3
26401,3
26402,3
26403,3
26404,3
26405,3
26406,3
26407,3
26408,3
26409,3
26410,3
26411,3
26412,3
26413,3
26414,3
26415,3
26416,3
26417,3
26418,3
26419,3
26420,3
26421,3
26422,3
26423,3
26424,3
26425,3
26426,3
26427,3
26428,2
26429,2
26430,3
26431,3
26432,3
26433,3
26434,3
26435,3
26436,3
26437,3
26438,3
26439,3
26440,3
26441,3
26442,2
26443,0
26444,3
26445,3
26446,3
26447,3
26448,3
26449,3
26450,3
26451,3
26452,3
26453,3
26454,3
26455,3
26456,3
26457,3
26458,0
26459,3
26460,3
26461,3
26462,3
26463,3
26464,3
26465,3
26466,3
26467,3
26468,3
26469,3
26470,3
26471,3
26472,0
26473,0
26474,3
26475,3
26476,3
26477,3
26478,2
26479,3
26480,3
26481,3
26482,3
26483,0
26484,3
26485,3
26486,2
26487,3
26488,0
26489,2
26490,3
26491,3
26492,0
26493,2
26494,3
26495,3
26496,2
26497,2
26498,2
26499,3
26500,3
26501,3
26502,3
26503,0
26504,2
26505,2
26506,3
26507,3
26508,3
26509,3
26510,3
26511,3
26512,3
26513,3
26514,3
26515,3
26516,3
26517,0
26518,0
26519,0
26520,3
26521,0
26522,2
26523,0
26524,0
26525,3
26526,3
26527,0
26528,0
26529,0
26530,3
26531,3
26532,3
26533,0
26534,3
26535,3
26536,0
26537,3
26538,3
26539,3
26540,3
26541,3
26542,3
26543,3
26544,3
26545,3
26546,3
26547,3
26548,3
26549,3
26550,3
26551,3
26552,2
26553,3
26554,2
26555,3
26556,2
26557,2
26558,2
26559,2
26560,3
26561,3
26562,3
26563,3
26564,3
26565,3
26566,3
26567,3
26568,3
26569,3
26570,3
26571,2
26572,3
26573,3
26574,3
26575,3
26576,3
26577,3
26578,3
26579,3
26580,3
26581,2
26582,3
26583,3
26584,3
26585,3
26586,3
26587,3
26588,2
26589,3
26590,3
26591,3
26592,3
26593,3
26594,3
26595,2
26596,2
26597,2
26598,3
26599,3
26600,3
26601,2
26602,3
26603,2
26604,3
26605,3
26606,3
26607,3
26608,3
26609,3
26610,3
26611,2
26612,3
26613,3
26614,3
26615,3
26616,3
26617,3
26618,3
26619,3
26620,3
26621,3
26622,3
26623,3
26624,3
26625,3
26626,3
26627,3
26628,3
26629,3
26630,3
26631,3
26632,3
26633,3
26634,3
26635,3
26636,3
26637,3
26638,0
26639,0
26640,0
26641,2
26642,0
26643,0
26644,0
26645,0
26646,2
26647,3
26648,3
26649,3
26650,3
26651,3
26652,3
26653,3
26654,3
26655,2
26656,2
26657,2
26658,3
26659,3
26660,3
26661,2
26662,3
26663,3
26664,2
26665,2
26666,2
26667,2
26668,2
26669,2
26670,2
26671,2
26672,2
26673,2
26674,2
26675,2
26676,2
26677,2
26678,2
26679,2
26680,2
26681,2
26682,2
26683,2
26684,2
26685,2
26686,2
26687,2
26688,2
26689,2
26690,2
26691,2
26692,2
26693,2
26694,2
26695,2
26696,2
26697,2
26698,2
26699,3
26700,2
26701,2
26702,2
26703,2
26704,2
26705,2
26706,2
26707,2
26708,2
26709,2
26710,2
26711,2
26712,2
26713,2
26714,2
26715,2
26716,2
26717,2
26718,2
26719,2
26720,2
26721,2
26722,2
26723,2
26724,2
26725,2
26726,2
26727,2
26728,2
26729,2
26730,2
26731,2
26732,2
26733,2
26734,2
26735,2
26736,2
26737,2
26738,2
26739,2
26740,2
26741,2
26742,2
26743,2
26744,2
26745,2
26746,2
26747,2
26748,2
26749,2
26750,2
26751,2
26752,2
26753,2
26754,2
26755,2
26756,2
26757,2
26758,2
26759,2
26760,2
26761,2
26762,2
26763,2
26764,2
26765,2
26766,2
26767,2
26768,2
26769,2
26770,2
26771,2
26772,2
26773,2
26774,2
26775,2
26776,2
26777,2
26778,2
26779,2
26780,2
26781,2
26782,2
26783,2
26784,2
26785,2
26786,2
26787,2
26788,2
26789,2
26790,2
26791,2
26792,2
26793,2
26794,2
26795,2
26796,2
26797,2
26798,2
26799,2
26800,2
26801,2
26802,2
26803,2
26804,2
26805,2
26806,2
26807,2
26808,2
26809,2
26810,2
26811,2
26812,2
26813,2
26814,2
26815,2
26816,2
26817,3
26818,2
26819,2
26820,2
26821,2
26822,2
26823,2
26824,2
26825,2
26826,2
26827,2
26828,2
26829,2
26830,3
26831,2
26832,3
26833,3
26834,3
26835,3
26836,3
26837,2
26838,2
26839,2
26840,2
26841,2
26842,2
26843,2
26844,2
26845,2
26846,2
26847,2
26848,2
26849,2
26850,2
26851,2
26852,2
26853,2
26854,2
26855,2
26856,3
26857,2
26858,2
26859,2
26860,2
26861,2
26862,2
26863,2
26864,2
26865,2
26866,2
26867,2
26868,2
26869,2
26870,2
26871,2
26872,2
26873,2
26874,2
26875,2
26876,2
26877,2
26878,2
26879,2
26880,3
26881,2
26882,2
26883,2
26884,2
26885,2
26886,2
26887,2
26888,2
26889,2
26890,2
26891,2
26892,2
26893,2
26894,2
26895,2
26896,2
26897,2
26898,2
26899,2
26900,2
26901,2
26902,2
26903,2
26904,2
26905,2
26906,2
26907,2
26908,2
26909,2
26910,2
26911,2
26912,2
26913,2
26914,2
26915,2
26916,3
26917,2
26918,2
26919,2
26920,2
26921,2
26922,2
26923,2
26924,3
26925,2
26926,2
26927,2
26928,2
26929,2
26930,2
26931,2
26932,2
26933,2
26934,2
26935,2
26936,2
26937,2
26938,2
26939,2
26940,2
26941,2
26942,3
26943,2
26944,2
26945,3
26946,2
26947,2
26948,2
26949,3
26950,2
26951,3
26952,2
26953,2
26954,2
26955,2
26956,3
26957,3
26958,2
26959,2
26960,2
26961,2
26962,2
26963,3
26964,2
26965,2
26966,2
26967,2
26968,2
26969,3
26970,2
26971,2
26972,2
26973,2
26974,2
26975,2
26976,2
26977,2
26978,2
26979,2
26980,2
26981,2
26982,2
26983,2
26984,2
26985,2
26986,2
26987,2
26988,3
26989,3
26990,3
26991,2
26992,2
26993,3
26994,2
26995,2
26996,2
26997,2
26998,3
26999,3
27000,3
27001,3
27002,2
27003,2
27004,2
27005,2
27006,2
27007,2
27008,2
27009,2
27010,3
27011,2
27012,2
27013,2
27014,2
27015,2
27016,2
27017,2
27018,2
27019,2
27020,2
27021,2
27022,2
27023,2
27024,2
27025,3
27026,3
27027,3
27028,3
27029,2
27030,2
27031,3
27032,2
27033,3
27034,2
27035,2
27036,2
27037,2
27038,3
27039,3
27040,2
27041,2
27042,2
27043,2
27044,2
27045,3
27046,3
27047,3
27048,3
27049,3
27050,2
27051,2
27052,2
27053,2
27054,2
27055,2
27056,2
27057,2
27058,2
27059,2
27060,2
27061,2
27062,2
27063,2
27064,2
27065,2
27066,2
27067,2
27068,2
27069,2
27070,3
27071,2
27072,2
27073,2
27074,2
27075,2
27076,3
27077,3
27078,2
27079,2
27080,2
27081,2
27082,2
27083,2
27084,2
27085,2
27086,2
27087,2
27088,2
27089,2
27090,2
27091,2
27092,2
27093,2
27094,2
27095,2
27096,2
27097,2
27098,2
27099,2
27100,2
27101,2
27102,2
27103,2
27104,3
27105,2
27106,2
27107,2
27108,2
27109,2
27110,2
27111,2
27112,2
27113,2
27114,2
27115,2
27116,2
27117,2
27118,2
27119,3
27120,2
27121,2
27122,2
27123,2
27124,2
27125,2
27126,2
27127,3
27128,2
27129,2
27130,2
27131,2
27132,2
27133,2
27134,2
27135,2
27136,2
27137,2
27138,2
27139,3
27140,3
27141,3
27142,3
27143,3
27144,3
27145,3
27146,3
27147,3
27148,3
27149,3
27150,3
27151,3
27152,3
27153,3
27154,3
27155,3
27156,3
27157,3
27158,3
27159,3
27160,3
27161,3
27162,3
27163,3
27164,3
27165,3
27166,3
27167,3
27168,3
27169,3
27170,3
27171,3
27172,3
27173,3
27174,3
27175,3
27176,3
27177,3
27178,3
27179,3
27180,3
27181,3
27182,3
27183,3
27184,3
27185,3
27186,3
27187,3
27188,3
27189,3
27190,3
27191,3
27192,3
27193,3
27194,3
27195,3
27196,3
27197,3
27198,3
27199,3
27200,3
27201,3
27202,3
27203,3
27204,3
27205,3
27206,3
27207,3
27208,3
27209,3
27210,3
27211,3
27212,3
27213,3
27214,3
27215,3
27216,3
27217,3
27218,3
27219,3
27220,3
27221,3
27222,3
27223,3
27224,3
27225,3
27226,3
27227,3
27228,3
27229,3
27230,3
27231,3
27232,3
27233,3
27234,3
27235,3
27236,3
27237,3
27238,3
27239,3
27240,3
27241,3
27242,3
27243,3
27244,3
27245,3
27246,3
27247,3
27248,3
27249,3
27250,3
27251,3
27252,3
27253,3
27254,3
27255,3
27256,3
27257,3
27258,3
27259,3
27260,3
27261,3
27262,3
27263,3
27264,3
27265,3
27266,3
27267,3
27268,3
27269,3
27270,3
27271,3
27272,3
27273,3
27274,3
27275,3
27276,3
27277,3
27278,3
27279,3
27280,3
27281,3
27282,3
27283,3
27284,3
27285,3
27286,3
27287,3
27288,3
27289,3
27290,3
27291,3
27292,3
27293,3
27294,3
27295,3
27296,3
27297,3
27298,3
27299,3
27300,3
27301,3
27302,3
27303,3
27304,3
27305,3
27306,3
27307,3
27308,3
27309,3
27310,3
27311,3
27312,3
27313,3
27314,3
27315,3
27316,3
27317,3
27318,3
27319,3
27320,3
27321,3
27322,3
27323,3
27324,3
27325,3
27326,3
27327,3
27328,3
27329,3
27330,3
27331,3
27332,3
27333,3
27334,3
27335,3
27336,3
27337,3
27338,3
27339,3
27340,3
27341,3
27342,3
27343,3
27344,3
27345,3
27346,3
27347,3
27348,3
27349,3
27350,3
27351,3
27352,3
27353,3
27354,3
27355,3
27356,3
27357,3
27358,3
27359,3
27360,3
27361,3
27362,3
27363,3
27364,3
27365,3
27366,3
27367,3
27368,3
27369,3
27370,3
27371,3
27372,3
27373,3
27374,3
27375,3
27376,3
27377,3
27378,3
27379,3
27380,3
27381,3
27382,3
27383,3
27384,3
27385,3
27386,3
27387,3
27388,3
27389,3
27390,3
27391,3
27392,3
27393,3
27394,3
27395,3
27396,3
27397,3
27398,3
27399,3
27400,3
27401,3
27402,3
27403,3
27404,3
27405,3
27406,3
27407,3
27408,3
27409,3
27410,3
27411,3
27412,3
27413,3
27414,3
27415,3
27416,3
27417,3
27418,3
27419,3
27420,3
27421,3
27422,3
27423,3
27424,3
27425,3
27426,3
27427,3
27428,3
27429,3
27430,3
27431,3
27432,3
27433,3
27434,3
27435,3
27436,3
27437,3
27438,3
27439,3
27440,3
27441,3
27442,3
27443,3
27444,3
27445,3
27446,3
27447,3
27448,3
27449,3
27450,3
27451,3
27452,3
27453,3
27454,3
27455,3
27456,3
27457,3
27458,3
27459,3
27460,3
27461,3
27462,3
27463,3
27464,3
27465,3
27466,3
27467,3
27468,3
27469,3
27470,3
27471,3
27472,3
27473,3
27474,3
27475,3
27476,3
27477,3
27478,3
27479,3
27480,3
27481,3
27482,3
27483,3
27484,3
27485,3
27486,3
27487,3
27488,3
27489,3
27490,3
27491,3
27492,3
27493,3
27494,3
27495,3
27496,3
27497,3
27498,3
27499,3
27500,3
27501,3
27502,3
27503,3
27504,3
27505,3
27506,3
27507,3
27508,3
27509,3
27510,3
27511,3
27512,3
27513,3
27514,3
27515,3
27516,3
27517,3
27518,3
27519,3
27520,3
27521,3
27522,3
27523,3
27524,3
27525,3
27526,3
27527,3
27528,3
27529,3
27530,3
27531,3
27532,3
27533,3
27534,3
27535,3
27536,3
27537,3
27538,3
27539,3
27540,3
27541,3
27542,3
27543,3
27544,3
27545,3
27546,3
27547,3
27548,3
27549,3
27550,3
27551,3
27552,3
27553,3
27554,3
27555,3
27556,3
27557,3
27558,3
27559,3
27560,3
27561,3
27562,3
27563,3
27564,3
27565,3
27566,3
27567,3
27568,3
27569,3
27570,3
27571,3
27572,3
27573,3
27574,3
27575,3
27576,3
27577,3
27578,3
27579,3
27580,3
27581,3
27582,3
27583,3
27584,3
27585,3
27586,3
27587,3
27588,3
27589,3
27590,3
27591,3
27592,3
27593,3
27594,3
27595,3
27596,3
27597,3
27598,3
27599,3
27600,3
27601,3
27602,3
27603,3
27604,3
27605,3
27606,3
27607,3
27608,3
27609,3
27610,3
27611,3
27612,3
27613,3
27614,3
27615,3
27616,3
27617,3
27618,3
27619,3
27620,3
27621,3
27622,3
27623,3
27624,3
27625,3
27626,3
27627,3
27628,3
27629,3
27630,3
27631,3
27632,3
27633,3
27634,3
27635,3
27636,3
27637,3
27638,3
27639,3
27640,3
27641,3
27642,3
27643,3
27644,3
27645,3
27646,3
27647,3
27648,3
27649,3
27650,3
27651,3
27652,3
27653,3
27654,3
27655,3
27656,3
27657,3
27658,3
27659,3
27660,3
27661,3
27662,3
27663,3
27664,3
27665,3
27666,3
27667,3
27668,3
27669,3
27670,3
27671,3
27672,3
27673,3
27674,3
27675,3
27676,3
27677,3
27678,3
27679,3
27680,3
27681,3
27682,3
27683,3
27684,3
27685,3
27686,3
27687,3
27688,3
27689,3
27690,3
27691,3
27692,3
27693,3
27694,3
27695,3
27696,3
27697,3
27698,3
27699,3
27700,3
27701,3
27702,3
27703,3
27704,3
27705,3
27706,3
27707,3
27708,3
27709,3
27710,3
27711,3
27712,3
27713,3
27714,3
27715,3
27716,3
27717,3
27718,3
27719,3
27720,3
27721,3
27722,3
27723,3
27724,3
27725,3
27726,3
27727,3
27728,3
27729,3
27730,3
27731,3
27732,3
27733,3
27734,3
27735,3
27736,3
27737,3
27738,3
27739,3
27740,3
27741,3
27742,3
27743,3
27744,3
27745,3
27746,3
27747,3
27748,3
27749,3
27750,3
27751,3
27752,3
27753,3
27754,3
27755,3
27756,3
27757,3
27758,3
27759,3
27760,3
27761,3
27762,3
27763,3
27764,3
27765,3
27766,3
27767,3
27768,3
27769,3
27770,3
27771,3
27772,3
27773,3
27774,3
27775,3
27776,3
27777,3
27778,3
27779,3
27780,3
27781,3
27782,3
27783,3
27784,3
27785,3
27786,3
27787,3
27788,3
27789,3
27790,3
27791,3
27792,3
27793,3
27794,3
27795,3
27796,3
27797,3
27798,3
27799,3
27800,3
27801,3
27802,3
27803,3
27804,3
27805,3
27806,3
27807,3
27808,3
27809,3
27810,3
27811,3
27812,3
27813,3
27814,3
27815,3
27816,3
27817,3
27818,3
27819,3
27820,3
27821,3
27822,3
27823,3
27824,3
27825,3
27826,3
27827,3
27828,3
27829,3
27830,3
27831,3
27832,3
27833,3
27834,3
27835,3
27836,3
27837,3
27838,3
27839,3
27840,3
27841,3
27842,3
27843,3
27844,3
27845,3
27846,3
27847,3
27848,3
27849,3
27850,3
27851,3
27852,3
27853,3
27854,3
27855,3
27856,3
27857,3
27858,3
27859,3
27860,3
27861,3
27862,3
27863,3
27864,3
27865,3
27866,3
27867,3
27868,3
27869,3
27870,3
27871,3
27872,3
27873,3
27874,3
27875,3
27876,3
27877,3
27878,3
27879,3
27880,3
27881,3
27882,3
27883,3
27884,3
27885,3
27886,3
27887,3
27888,3
27889,3
27890,3
27891,3
27892,3
27893,3
27894,3
27895,3
27896,3
27897,3
27898,3
27899,3
27900,3
27901,3
27902,3
27903,3
27904,3
27905,3
27906,3
27907,3
27908,3
27909,3
27910,3
27911,3
27912,3
27913,3
27914,3
27915,3
27916,3
27917,3
27918,3
27919,3
27920,3
27921,3
27922,3
27923,3
27924,3
27925,3
27926,3
27927,3
27928,3
27929,3
27930,3
27931,3
27932,3
27933,3
27934,3
27935,3
27936,3
27937,3
27938,3
27939,3
27940,3
27941,3
27942,3
27943,3
27944,3
27945,3
27946,3
27947,3
27948,3
27949,3
27950,3
27951,3
27952,3
27953,3
27954,3
27955,3
27956,3
27957,3
27958,3
27959,3
27960,3
27961,3
27962,3
27963,3
27964,3
27965,3
27966,3
27967,3
27968,3
27969,3
27970,3
27971,3
27972,3
27973,3
27974,3
27975,3
27976,3
27977,3
27978,3
27979,3
27980,3
27981,3
27982,3
27983,3
27984,3
27985,3
27986,3
27987,3
27988,3
27989,3
27990,3
27991,3
27992,3
27993,3
27994,3
27995,3
27996,3
27997,3
27998,3
27999,3
28000,3
28001,3
28002,3
28003,3
28004,3
28005,3
28006,3
28007,3
28008,3
28009,3
28010,3
28011,3
28012,3
28013,3
28014,3
28015,3
28016,3
28017,3
28018,3
28019,3
28020,3
28021,3
28022,3
28023,3
28024,3
28025,3
28026,3
28027,3
28028,3
28029,3
28030,3
28031,3
28032,3
28033,3
28034,3
28035,3
28036,3
28037,3
28038,3
28039,3
28040,3
28041,3
28042,3
28043,3
28044,3
28045,3
28046,3
28047,3
28048,3
28049,3
28050,3
28051,3
28052,3
28053,3
28054,3
28055,3
28056,3
28057,3
28058,3
28059,3
28060,3
28061,3
28062,3
28063,3
28064,3
28065,3
28066,3
28067,3
28068,3
28069,3
28070,3
28071,3
28072,3
28073,3
28074,3
28075,3
28076,3
28077,3
28078,3
28079,3
28080,3
28081,3
28082,3
28083,3
28084,3
28085,3
28086,3
28087,3
28088,3
28089,3
28090,3
28091,3
28092,3
28093,3
28094,3
28095,3
28096,3
28097,3
28098,3
28099,3
28100,3
28101,3
28102,3
28103,3
28104,3
28105,3
28106,3
28107,3
28108,3
28109,3
28110,3
28111,3
28112,3
28113,3
28114,3
28115,3
28116,3
28117,3
28118,3
28119,3
28120,3
28121,3
28122,3
28123,3
28124,3
28125,3
28126,3
28127,3
28128,3
28129,3
28130,3
28131,3
28132,3
28133,3
28134,3
28135,3
28136,3
28137,3
28138,3
28139,3
28140,3
28141,3
28142,3
28143,3
28144,3
28145,3
28146,3
28147,3
28148,3
28149,3
28150,3
28151,3
28152,3
28153,3
28154,3
28155,3
28156,3
28157,3
28158,3
28159,3
28160,3
28161,3
28162,3
28163,3
28164,3
28165,3
28166,3
28167,3
28168,3
28169,3
28170,3
28171,3
28172,3
28173,3
28174,3
28175,3
28176,3
28177,3
28178,3
28179,3
28180,3
28181,3
28182,3
28183,3
28184,3
28185,3
28186,3
28187,3
28188,3
28189,3
28190,3
28191,3
28192,3
28193,3
28194,3
28195,3
28196,3
28197,3
28198,3
28199,3
28200,3
28201,3
28202,2
28203,3
28204,3
28205,3
28206,3
28207,3
28208,3
28209,3
28210,3
28211,3
28212,3
28213,3
28214,3
28215,3
28216,3
28217,3
28218,3
28219,3
28220,3
28221,3
28222,3
28223,3
28224,3
28225,3
28226,3
28227,3
28228,3
28229,3
28230,3
28231,3
28232,3
28233,3
28234,3
28235,3
28236,3
28237,3
28238,3
28239,3
28240,3
28241,3
28242,3
28243,3
28244,3
28245,3
28246,3
28247,3
28248,3
28249,3
28250,3
28251,3
28252,3
28253,3
28254,3
28255,3
28256,3
28257,3
28258,3
28259,3
28260,3
28261,3
28262,3
28263,3
28264,3
28265,3
28266,3
28267,3
28268,3
28269,3
28270,3
28271,3
28272,3
28273,3
28274,3
28275,3
28276,3
28277,3
28278,3
28279,3
28280,3
28281,3
28282,3
28283,3
28284,3
28285,3
28286,3
28287,3
28288,3
28289,3
28290,3
28291,3
28292,3
28293,3
28294,3
28295,3
28296,3
28297,3
28298,3
28299,3
28300,3
28301,3
28302,3
28303,3
28304,3
28305,3
28306,3
28307,3
28308,3
28309,3
28310,3
28311,3
28312,3
28313,3
28314,3
28315,3
28316,3
28317,3
28318,3
28319,3
28320,3
28321,3
28322,3
28323,3
28324,3
28325,3
28326,3
28327,3
28328,3
28329,3
28330,3
28331,3
28332,3
28333,3
28334,3
28335,3
28336,3
28337,3
28338,3
28339,3
28340,3
28341,3
28342,3
28343,3
28344,3
28345,3
28346,3
28347,3
28348,3
28349,3
28350,3
28351,3
28352,3
28353,3
28354,3
28355,3
28356,3
28357,3
28358,3
28359,3
28360,3
28361,3
28362,3
28363,3
28364,3
28365,3
28366,3
28367,3
28368,3
28369,3
28370,3
28371,3
28372,3
28373,3
28374,3
28375,3
28376,3
28377,3
28378,3
28379,3
28380,3
28381,3
28382,3
28383,3
28384,3
28385,3
28386,3
28387,3
28388,3
28389,3
28390,3
28391,3
28392,3
28393,3
28394,3
28395,3
28396,3
28397,3
28398,3
28399,3
28400,3
28401,3
28402,3
28403,3
28404,3
28405,3
28406,3
28407,3
28408,3
28409,3
28410,3
28411,3
28412,3
28413,3
28414,3
28415,3
28416,3
28417,3
28418,3
28419,3
28420,3
28421,3
28422,3
28423,3
28424,3
28425,3
28426,3
28427,3
28428,3
28429,3
28430,3
28431,3
28432,3
28433,3
28434,3
28435,3
28436,3
28437,3
28438,3
28439,3
28440,3
28441,3
28442,3
28443,3
28444,3
28445,3
28446,3
28447,3
28448,3
28449,3
28450,3
28451,3
28452,3
28453,3
28454,3
28455,3
28456,3
28457,3
28458,3
28459,3
28460,3
28461,3
28462,3
28463,3
28464,3
28465,3
28466,3
28467,3
28468,3
28469,3
28470,3
28471,3
28472,3
28473,3
28474,3
28475,3
28476,3
28477,3
28478,3
28479,3
28480,3
28481,3
28482,3
28483,3
28484,3
28485,3
28486,3
28487,3
28488,3
28489,3
28490,3
28491,3
28492,3
28493,3
28494,3
28495,3
28496,3
28497,3
28498,3
28499,3
28500,3
28501,3
28502,3
28503,3
28504,3
28505,3
28506,3
28507,3
28508,3
28509,3
28510,3
28511,3
28512,3
28513,3
28514,3
28515,3
28516,3
28517,3
28518,3
28519,3
28520,3
28521,3
28522,3
28523,3
28524,3
28525,3
28526,3
28527,3
28528,3
28529,3
28530,3
28531,3
28532,3
28533,3
28534,3
28535,3
28536,3
28537,3
28538,3
28539,3
28540,3
28541,3
28542,3
28543,3
28544,3
28545,3
28546,3
28547,3
28548,3
28549,3
28550,3
28551,3
28552,3
28553,3
28554,3
28555,3
28556,3
28557,3
28558,3
28559,3
28560,3
28561,3
28562,3
28563,3
28564,3
28565,3
28566,3
28567,3
28568,3
28569,3
28570,3
28571,3
28572,3
28573,3
28574,3
28575,3
28576,3
28577,3
28578,3
28579,3
28580,3
28581,3
28582,3
28583,3
28584,3
28585,3
28586,3
28587,3
28588,3
28589,3
28590,3
28591,3
28592,3
28593,3
28594,3
28595,3
28596,3
28597,3
28598,3
28599,3
28600,3
28601,3
28602,3
28603,3
28604,3
28605,3
28606,3
28607,3
28608,3
28609,3
28610,3
28611,3
28612,3
28613,3
28614,3
28615,3
28616,3
28617,3
28618,3
28619,3
28620,3
28621,3
28622,3
28623,3
28624,3
28625,3
28626,3
28627,3
28628,3
28629,3
28630,3
28631,3
28632,3
28633,3
28634,3
28635,3
28636,3
28637,3
28638,3
28639,3
28640,3
28641,3
28642,3
28643,3
28644,3
28645,3
28646,3
28647,3
28648,3
28649,3
28650,3
28651,3
28652,3
28653,3
28654,3
28655,3
28656,3
28657,3
28658,3
28659,3
28660,3
28661,3
28662,3
28663,3
28664,3
28665,3
28666,3
28667,3
28668,3
28669,3
28670,3
28671,3
28672,3
28673,3
28674,3
28675,3
28676,3
28677,3
28678,3
28679,3
28680,3
28681,3
28682,3
28683,3
28684,3
28685,3
28686,3
28687,3
28688,3
28689,3
28690,3
28691,3
28692,3
28693,3
28694,3
28695,3
28696,3
28697,3
28698,3
28699,3
28700,3
28701,3
28702,3
28703,3
28704,3
28705,3
28706,3
28707,3
28708,3
28709,3
28710,3
28711,3
28712,3
28713,3
28714,3
28715,3
28716,3
28717,3
28718,3
28719,3
28720,3
28721,3
28722,3
28723,3
28724,3
28725,3
28726,3
28727,3
28728,3
28729,3
28730,3
28731,3
28732,3
28733,3
28734,3
28735,3
28736,3
28737,3
28738,3
28739,3
28740,3
28741,3
28742,3
28743,3
28744,3
28745,3
28746,3
28747,3
28748,3
28749,3
28750,3
28751,3
28752,3
28753,3
28754,3
28755,3
28756,3
28757,3
28758,3
28759,3
28760,3
28761,3
28762,3
28763,3
28764,3
28765,3
28766,3
28767,3
28768,3
28769,3
28770,3
28771,3
28772,3
28773,3
28774,3
28775,3
28776,3
28777,3
28778,3
28779,3
28780,3
28781,3
28782,3
28783,3
28784,3
28785,3
28786,3
28787,3
28788,3
28789,3
28790,3
28791,3
28792,3
28793,3
28794,3
28795,3
28796,3
28797,3
28798,3
28799,3
28800,3
28801,3
28802,3
28803,3
28804,3
28805,3
28806,3
28807,3
28808,3
28809,3
28810,3
28811,3
28812,3
28813,3
28814,3
28815,3
28816,3
28817,3
28818,3
28819,3
28820,3
28821,3
28822,3
28823,3
28824,3
28825,3
28826,3
28827,3
28828,3
28829,3
28830,3
28831,3
28832,3
28833,3
28834,3
28835,3
28836,3
28837,3
28838,3
28839,3
28840,3
28841,3
28842,3
28843,3
28844,3
28845,3
28846,3
28847,3
28848,3
28849,3
28850,3
28851,3
28852,3
28853,3
28854,3
28855,3
28856,3
28857,3
28858,3
28859,3
28860,3
28861,3
28862,3
28863,3
28864,3
28865,3
28866,3
28867,3
28868,3
28869,3
28870,3
28871,3
28872,3
28873,3
28874,3
28875,3
28876,3
28877,3
28878,3
28879,3
28880,3
28881,3
28882,3
28883,3
28884,3
28885,3
28886,3
28887,3
28888,3
28889,3
28890,3
28891,3
28892,3
28893,3
28894,3
28895,3
28896,3
28897,3
28898,3
28899,3
28900,3
28901,3
28902,3
28903,3
28904,3
28905,3
28906,3
28907,3
28908,3
28909,3
28910,3
28911,3
28912,3
28913,3
28914,3
28915,3
28916,3
28917,3
28918,3
28919,3
28920,3
28921,3
28922,3
28923,3
28924,3
28925,3
28926,3
28927,3
28928,3
28929,3
28930,3
28931,3
28932,3
28933,3
28934,3
28935,3
28936,3
28937,3
28938,3
28939,3
28940,3
28941,3
28942,3
28943,3
28944,3
28945,3
28946,3
28947,3
28948,3
28949,3
28950,3
28951,3
28952,3
28953,3
28954,3
28955,3
28956,3
28957,3
28958,3
28959,3
28960,3
28961,3
28962,3
28963,3
28964,3
28965,3
28966,3
28967,3
28968,3
28969,3
28970,3
28971,3
28972,3
28973,3
28974,3
28975,3
28976,3
28977,3
28978,3
28979,3
28980,3
28981,3
28982,3
28983,3
28984,3
28985,3
28986,3
28987,3
28988,3
28989,3
28990,3
28991,3
28992,3
28993,3
28994,3
28995,3
28996,3
28997,3
28998,3
28999,3
29000,3
29001,3
29002,3
29003,3
29004,3
29005,3
29006,3
29007,3
29008,3
29009,3
29010,3
29011,3
29012,3
29013,3
29014,3
29015,3
29016,3
29017,3
29018,3
29019,3
29020,3
29021,3
29022,3
29023,3
29024,3
29025,3
29026,3
29027,3
29028,3
29029,3
29030,3
29031,3
29032,3
29033,3
29034,3
29035,3
29036,3
29037,3
29038,3
29039,3
29040,3
29041,3
29042,3
29043,3
29044,3
29045,3
29046,3
29047,3
29048,3
29049,3
29050,3
29051,3
29052,3
29053,3
29054,3
29055,3
29056,3
29057,3
29058,3
29059,3
29060,3
29061,3
29062,3
29063,3
29064,3
29065,3
29066,3
29067,3
29068,3
29069,3
29070,3
29071,3
29072,3
29073,3
29074,3
29075,3
29076,3
29077,3
29078,3
29079,2
29080,3
29081,3
29082,3
29083,3
29084,3
29085,3
29086,3
29087,3
29088,3
29089,3
29090,3
29091,3
29092,3
29093,3
29094,3
29095,3
29096,3
29097,3
29098,3
29099,3
29100,3
29101,3
29102,3
29103,3
29104,3
29105,3
29106,3
29107,3
29108,3
29109,3
29110,3
29111,3
29112,3
29113,3
29114,3
29115,3
29116,3
29117,3
29118,3
29119,3
29120,3
29121,3
29122,3
29123,3
29124,3
29125,3
29126,3
29127,3
29128,3
29129,3
29130,3
29131,3
29132,3
29133,3
29134,3
29135,3
29136,3
29137,3
29138,3
29139,3
29140,3
29141,3
29142,3
29143,3
29144,3
29145,3
29146,3
29147,3
29148,3
29149,3
29150,3
29151,3
29152,3
29153,3
29154,3
29155,3
29156,3
29157,3
29158,3
29159,3
29160,3
29161,3
29162,3
29163,3
29164,3
29165,3
29166,3
29167,3
29168,3
29169,3
29170,3
29171,3
29172,3
29173,3
29174,3
29175,3
29176,3
29177,3
29178,3
29179,3
29180,3
29181,3
29182,3
29183,3
29184,3
29185,3
29186,3
29187,3
29188,3
29189,3
29190,3
29191,3
29192,3
29193,3
29194,3
29195,3
29196,3
29197,3
29198,3
29199,3
29200,3
29201,3
29202,3
29203,3
29204,3
29205,3
29206,3
29207,3
29208,3
29209,3
29210,3
29211,3
29212,3
29213,3
29214,3
29215,3
29216,3
29217,3
29218,3
29219,3
29220,3
29221,3
29222,3
29223,3
29224,3
29225,3
29226,3
29227,3
29228,3
29229,3
29230,3
29231,3
29232,3
29233,3
29234,3
29235,3
29236,3
29237,3
29238,3
29239,3
29240,3
29241,3
29242,3
29243,3
29244,3
29245,3
29246,3
29247,3
29248,3
29249,3
29250,3
29251,3
29252,3
29253,3
29254,3
29255,3
29256,3
29257,3
29258,3
29259,3
29260,3
29261,3
29262,3
29263,3
29264,3
29265,3
29266,3
29267,3
29268,3
29269,3
29270,3
29271,3
29272,3
29273,3
29274,3
29275,3
29276,3
29277,3
29278,3
29279,3
29280,3
29281,3
29282,3
29283,3
29284,3
29285,3
29286,3
29287,3
29288,3
29289,3
29290,3
29291,3
29292,3
29293,3
29294,3
29295,3
29296,3
29297,3
29298,3
29299,3
29300,3
29301,3
29302,3
29303,3
29304,3
29305,3
29306,3
29307,3
29308,3
29309,3
29310,3
29311,3
29312,3
29313,3
29314,3
29315,3
29316,3
29317,3
29318,3
29319,3
29320,3
29321,3
29322,3
29323,3
29324,3
29325,3
29326,3
29327,3
29328,3
29329,3
29330,3
29331,3
29332,3
29333,3
29334,3
29335,3
29336,3
29337,3
29338,3
29339,3
29340,3
29341,3
29342,3
29343,3
29344,3
29345,3
29346,3
29347,3
29348,3
29349,3
29350,3
29351,3
29352,3
29353,3
29354,3
29355,3
29356,3
29357,3
29358,3
29359,3
29360,3
29361,3
29362,3
29363,3
29364,3
29365,3
29366,3
29367,3
29368,3
29369,3
29370,3
29371,3
29372,3
29373,3
29374,3
29375,3
29376,3
29377,3
29378,3
29379,2
29380,3
29381,3
29382,3
29383,3
29384,3
29385,3
29386,3
29387,3
29388,3
29389,3
29390,3
29391,3
29392,3
29393,3
29394,3
29395,3
29396,3
29397,3
29398,3
29399,3
29400,3
29401,3
29402,3
29403,3
29404,3
29405,3
29406,3
29407,3
29408,3
29409,3
29410,3
29411,3
29412,3
29413,3
29414,3
29415,3
29416,3
29417,3
29418,3
29419,3
29420,3
29421,3
29422,3
29423,3
29424,3
29425,3
29426,3
29427,3
29428,3
29429,3
29430,3
29431,3
29432,3
29433,3
29434,3
29435,3
29436,3
29437,3
29438,3
29439,3
29440,3
29441,3
29442,3
29443,3
29444,3
29445,3
29446,3
29447,3
29448,3
29449,3
29450,3
29451,3
29452,3
29453,3
29454,3
29455,3
29456,3
29457,3
29458,3
29459,3
29460,3
29461,3
29462,3
29463,3
29464,3
29465,3
29466,3
29467,3
29468,3
29469,3
29470,3
29471,3
29472,3
29473,3
29474,3
29475,3
29476,3
29477,3
29478,3
29479,3
29480,3
29481,3
29482,3
29483,3
29484,3
29485,3
29486,3
29487,3
29488,3
29489,3
29490,3
29491,3
29492,3
29493,3
29494,3
29495,3
29496,3
29497,3
29498,3
29499,3
29500,3
29501,3
29502,3
29503,3
29504,3
29505,3
29506,3
29507,3
29508,3
29509,3
29510,3
29511,3
29512,3
29513,3
29514,3
29515,3
29516,3
29517,3
29518,3
29519,3
29520,3
29521,3
29522,3
29523,3
29524,3
29525,3
29526,3
29527,3
29528,3
29529,3
29530,3
29531,3
29532,3
29533,3
29534,3
29535,3
29536,3
29537,3
29538,3
29539,3
29540,3
29541,3
29542,3
29543,3
29544,3
29545,3
29546,3
29547,3
29548,3
29549,3
29550,3
29551,3
29552,3
29553,3
29554,3
29555,3
29556,3
29557,3
29558,3
29559,3
29560,3
29561,3
29562,3
29563,3
29564,3
29565,3
29566,3
29567,3
29568,3
29569,3
29570,3
29571,3
29572,3
29573,3
29574,3
29575,3
29576,3
29577,3
29578,3
29579,3
29580,3
29581,3
29582,3
29583,3
29584,3
29585,3
29586,3
29587,3
29588,3
29589,3
29590,3
29591,3
29592,3
29593,3
29594,3
29595,3
29596,3
29597,3
29598,3
29599,3
29600,3
29601,3
29602,3
29603,3
29604,3
29605,3
29606,3
29607,3
29608,3
29609,3
29610,3
29611,3
29612,3
29613,3
29614,3
29615,3
29616,3
29617,3
29618,3
29619,3
29620,3
29621,3
29622,3
29623,3
29624,3
29625,3
29626,3
29627,3
29628,3
29629,3
29630,3
29631,3
29632,3
29633,3
29634,3
29635,3
29636,3
29637,3
29638,3
29639,3
29640,3
29641,3
29642,3
29643,3
29644,3
29645,3
29646,3
29647,3
29648,3
29649,3
29650,3
29651,3
29652,3
29653,3
29654,3
29655,3
29656,3
29657,3
29658,3
29659,3
29660,3
29661,3
29662,3
29663,3
29664,3
29665,3
29666,3
29667,3
29668,3
29669,3
29670,3
29671,3
29672,3
29673,3
29674,3
29675,3
29676,3
29677,3
29678,3
29679,3
29680,3
29681,3
29682,3
29683,3
29684,3
29685,3
29686,3
29687,3
29688,3
29689,3
29690,3
29691,3
29692,3
29693,2
29694,3
29695,3
29696,3
29697,3
29698,3
29699,3
29700,3
29701,3
29702,3
29703,3
29704,3
29705,3
29706,3
29707,3
29708,3
29709,3
29710,3
29711,3
29712,3
29713,3
29714,3
29715,3
29716,3
29717,3
29718,3
29719,3
29720,3
29721,3
29722,3
29723,3
29724,3
29725,3
29726,3
29727,3
29728,3
29729,3
29730,3
29731,3
29732,3
29733,3
29734,3
29735,3
29736,3
29737,3
29738,3
29739,3
29740,3
29741,3
29742,3
29743,3
29744,3
29745,3
29746,3
29747,3
29748,3
29749,3
29750,3
29751,3
29752,3
29753,3
29754,3
29755,3
29756,3
29757,3
29758,3
29759,3
29760,3
29761,3
29762,3
29763,3
29764,3
29765,3
29766,3
29767,3
29768,3
29769,3
29770,3
29771,3
29772,3
29773,3
29774,3
29775,3
29776,3
29777,3
29778,3
29779,3
29780,3
29781,3
29782,3
29783,3
29784,3
29785,3
29786,3
29787,3
29788,3
29789,2
29790,3
29791,3
29792,3
29793,3
29794,3
29795,3
29796,3
29797,3
29798,3
29799,3
29800,3
29801,3
29802,3
29803,3
29804,3
29805,3
29806,3
29807,3
29808,3
29809,3
29810,3
29811,3
29812,3
29813,3
29814,3
29815,3
29816,3
29817,3
29818,3
29819,3
29820,3
29821,3
29822,3
29823,3
29824,3
29825,3
29826,3
29827,3
29828,3
29829,3
29830,3
29831,3
29832,3
29833,3
29834,3
29835,3
29836,3
29837,3
29838,3
29839,3
29840,3
29841,3
29842,3
29843,3
29844,3
29845,3
29846,3
29847,3
29848,3
29849,3
29850,3
29851,3
29852,3
29853,3
29854,3
29855,3
29856,3
29857,3
29858,3
29859,3
29860,3
29861,3
29862,3
29863,3
29864,3
29865,3
29866,3
29867,3
29868,3
29869,3
29870,3
29871,3
29872,3
29873,3
29874,3
29875,3
29876,3
29877,3
29878,3
29879,3
29880,3
29881,3
29882,3
29883,3
29884,3
29885,3
29886,3
29887,3
29888,3
29889,3
29890,3
29891,3
29892,3
29893,3
29894,3
29895,3
29896,3
29897,3
29898,3
29899,3
29900,3
29901,3
29902,3
29903,3
29904,3
29905,3
29906,3
29907,3
29908,3
29909,3
29910,3
29911,3
29912,3
29913,3
29914,3
29915,3
29916,3
29917,3
29918,3
29919,3
29920,3
29921,3
29922,3
29923,3
29924,3
29925,3
29926,3
29927,3
29928,3
29929,3
29930,3
29931,3
29932,3
29933,3
29934,3
29935,3
29936,3
29937,3
29938,3
29939,3
29940,3
29941,3
29942,3
29943,3
29944,3
29945,3
29946,3
29947,3
29948,3
29949,3
29950,3
29951,3
29952,3
29953,3
29954,3
29955,3
29956,3
29957,3
29958,3
29959,3
29960,3
29961,3
29962,3
29963,3
29964,3
29965,3
29966,3
29967,3
29968,3
29969,3
29970,3
29971,3
29972,2
29973,3
29974,3
29975,3
29976,3
29977,3
29978,3
29979,3
29980,3
29981,3
29982,3
29983,3
29984,3
29985,3
29986,3
29987,3
29988,3
29989,3
29990,3
29991,3
29992,3
29993,3
29994,3
29995,3
29996,3
29997,3
29998,3
29999,3
30000,3
30001,3
30002,3
30003,3
30004,3
30005,3
30006,3
30007,3
30008,3
30009,3
30010,3
30011,3
30012,3
30013,3
30014,3
30015,3
30016,3
30017,3
30018,3
30019,3
30020,3
30021,3
30022,3
30023,3
30024,3
30025,3
30026,3
30027,3
30028,3
30029,3
30030,3
30031,3
30032,3
30033,3
30034,3
30035,3
30036,3
30037,3
30038,3
30039,3
30040,3
30041,3
30042,3
30043,3
30044,3
30045,3
30046,3
30047,3
30048,3
30049,3
30050,3
30051,3
30052,3
30053,3
30054,3
30055,3
30056,3
30057,3
30058,3
30059,3
30060,3
30061,2
30062,3
30063,3
30064,3
30065,3
30066,3
30067,3
30068,3
30069,3
30070,3
30071,3
30072,3
30073,3
30074,3
30075,3
30076,3
30077,2
30078,3
30079,3
30080,3
30081,3
30082,3
30083,3
30084,3
30085,3
30086,3
30087,3
30088,3
30089,3
30090,3
30091,3
30092,3
30093,3
30094,3
30095,3
30096,3
30097,3
30098,3
30099,3
30100,3
30101,3
30102,3
30103,3
30104,3
30105,3
30106,2
30107,3
30108,3
30109,3
30110,3
30111,3
30112,3
30113,3
30114,3
30115,3
30116,3
30117,3
30118,3
30119,3
30120,3
30121,3
30122,3
30123,3
30124,3
30125,3
30126,3
30127,3
30128,3
30129,3
30130,3
30131,3
30132,3
30133,3
30134,3
30135,3
30136,3
30137,3
30138,3
30139,3
30140,3
30141,3
30142,2
30143,3
30144,3
30145,3
30146,3
30147,3
30148,3
30149,3
30150,3
30151,3
30152,3
30153,3
30154,3
30155,3
30156,3
30157,3
30158,3
30159,3
30160,3
30161,3
30162,3
30163,3
30164,3
30165,3
30166,3
30167,3
30168,3
30169,3
30170,3
30171,3
30172,3
30173,3
30174,3
30175,3
30176,3
30177,3
30178,3
30179,3
30180,3
30181,3
30182,3
30183,3
30184,3
30185,3
30186,3
30187,3
30188,3
30189,3
30190,3
30191,3
30192,3
30193,3
30194,3
30195,3
30196,3
30197,3
30198,3
30199,3
30200,3
30201,3
30202,3
30203,3
30204,3
30205,3
30206,3
30207,3
30208,3
30209,3
30210,3
30211,3
30212,3
30213,3
30214,3
30215,3
30216,3
30217,3
30218,3
30219,3
30220,3
30221,3
30222,3
30223,3
30224,3
30225,3
30226,3
30227,3
30228,3
30229,3
30230,3
30231,3
30232,3
30233,3
30234,3
30235,3
30236,3
30237,3
30238,3
30239,3
30240,3
30241,3
30242,3
30243,3
30244,3
30245,3
30246,3
30247,3
30248,3
30249,3
30250,3
30251,3
30252,3
30253,3
30254,3
30255,3
30256,3
30257,3
30258,3
30259,3
30260,3
30261,3
30262,3
30263,3
30264,3
30265,3
30266,3
30267,3
30268,3
30269,3
30270,3
30271,3
30272,3
30273,3
30274,3
30275,3
30276,3
30277,3
30278,3
30279,3
30280,3
30281,3
30282,3
30283,3
30284,3
30285,3
30286,3
30287,3
30288,3
30289,3
30290,3
30291,3
30292,3
30293,3
30294,3
30295,3
30296,3
30297,3
30298,3
30299,3
30300,3
30301,3
30302,3
30303,3
30304,3
30305,3
30306,3
30307,3
30308,3
30309,3
30310,3
30311,3
30312,3
30313,3
30314,3
30315,3
30316,3
30317,3
30318,3
30319,3
30320,3
30321,3
30322,3
30323,3
30324,3
30325,3
30326,3
30327,3
30328,3
30329,3
30330,3
30331,3
30332,3
30333,3
30334,3
30335,3
30336,3
30337,3
30338,3
30339,3
30340,3
30341,3
30342,3
30343,3
30344,3
30345,3
30346,3
30347,3
30348,3
30349,3
30350,3
30351,3
30352,3
30353,3
30354,3
30355,3
30356,3
30357,3
30358,3
30359,3
30360,3
30361,3
30362,3
30363,3
30364,3
30365,3
30366,3
30367,3
30368,3
30369,3
30370,3
30371,3
30372,3
30373,3
30374,3
30375,3
30376,3
30377,3
30378,3
30379,3
30380,3
30381,3
30382,3
30383,3
30384,3
30385,3
30386,3
30387,3
30388,3
30389,3
30390,3
30391,3
30392,3
30393,3
30394,3
30395,3
30396,3
30397,3
30398,3
30399,3
30400,3
30401,3
30402,3
30403,3
30404,3
30405,3
30406,3
30407,3
30408,3
30409,3
30410,3
30411,3
30412,3
30413,3
30414,3
30415,3
30416,3
30417,3
30418,3
30419,3
30420,3
30421,3
30422,3
30423,3
30424,3
30425,3
30426,3
30427,3
30428,3
30429,3
30430,3
30431,3
30432,3
30433,3
30434,3
30435,3
30436,3
30437,3
30438,3
30439,3
30440,3
30441,3
30442,3
30443,3
30444,3
30445,3
30446,3
30447,3
30448,3
30449,3
30450,3
30451,3
30452,3
30453,3
30454,3
30455,3
30456,3
30457,3
30458,3
30459,3
30460,3
30461,3
30462,3
30463,3
30464,3
30465,3
30466,3
30467,3
30468,3
30469,3
30470,3
30471,3
30472,3
30473,3
30474,3
30475,3
30476,3
30477,3
30478,3
30479,3
30480,3
30481,3
30482,3
30483,3
30484,3
30485,3
30486,3
30487,3
30488,3
30489,3
30490,3
30491,3
30492,3
30493,3
30494,3
30495,3
30496,3
30497,3
30498,3
30499,3
30500,3
30501,3
30502,3
30503,3
30504,3
30505,3
30506,3
30507,3
30508,3
30509,3
30510,3
30511,3
30512,3
30513,3
30514,3
30515,3
30516,3
30517,3
30518,3
30519,3
30520,3
30521,3
30522,3
30523,3
30524,3
30525,3
30526,3
30527,3
30528,3
30529,3
30530,3
30531,3
30532,3
30533,3
30534,3
30535,3
30536,3
30537,3
30538,3
30539,3
30540,3
30541,3
30542,3
30543,3
30544,3
30545,3
30546,3
30547,3
30548,3
30549,3
30550,3
30551,3
30552,3
30553,3
30554,3
30555,3
30556,3
30557,3
30558,3
30559,3
30560,3
30561,3
30562,3
30563,3
30564,3
30565,3
30566,3
30567,3
30568,3
30569,3
30570,3
30571,3
30572,3
30573,3
30574,3
30575,3
30576,3
30577,3
30578,3
30579,3
30580,3
30581,3
30582,3
30583,3
30584,3
30585,3
30586,3
30587,3
30588,3
30589,3
30590,3
30591,3
30592,3
30593,3
30594,3
30595,3
30596,3
30597,3
30598,3
30599,3
30600,3
30601,3
30602,3
30603,3
30604,3
30605,3
30606,3
30607,3
30608,3
30609,3
30610,3
30611,3
30612,3
30613,3
30614,3
30615,3
30616,3
30617,3
30618,3
30619,3
30620,3
30621,3
30622,3
30623,3
30624,3
30625,3
30626,3
30627,3
30628,3
30629,3
30630,3
30631,3
30632,3
30633,3
30634,3
30635,3
30636,3
30637,3
30638,3
30639,3
30640,3
30641,3
30642,3
30643,3
30644,3
30645,3
30646,3
30647,3
30648,3
30649,3
30650,3
30651,3
30652,3
30653,3
30654,3
30655,3
30656,3
30657,3
30658,3
30659,3
30660,3
30661,3
30662,3
30663,3
30664,3
30665,3
30666,3
30667,3
30668,3
30669,3
30670,3
30671,3
30672,3
30673,3
30674,3
30675,3
30676,3
30677,3
30678,3
30679,3
30680,3
30681,3
30682,3
30683,3
30684,3
30685,3
30686,3
30687,3
30688,3
30689,3
30690,3
30691,3
30692,3
30693,3
30694,3
30695,3
30696,3
30697,3
30698,3
30699,3
30700,3
30701,3
30702,3
30703,3
30704,3
30705,3
30706,3
30707,3
30708,3
30709,3
30710,3
30711,3
30712,3
30713,3
30714,3
30715,3
30716,3
30717,3
30718,3
30719,3
30720,3
30721,3
30722,3
30723,3
30724,3
30725,3
30726,3
30727,3
30728,3
30729,3
30730,3
30731,3
30732,3
30733,3
30734,3
30735,3
30736,3
30737,3
30738,3
30739,3
30740,3
30741,3
30742,3
30743,3
30744,3
30745,3
30746,3
30747,3
30748,3
30749,3
30750,3
30751,3
30752,3
30753,3
30754,3
30755,3
30756,3
30757,3
30758,3
30759,3
30760,3
30761,3
30762,3
30763,3
30764,3
30765,3
30766,3
30767,3
30768,3
30769,3
30770,3
30771,3
30772,3
30773,3
30774,3
30775,3
30776,3
30777,3
30778,3
30779,3
30780,3
30781,3
30782,3
30783,3
30784,3
30785,3
30786,3
30787,3
30788,3
30789,3
30790,3
30791,3
30792,3
30793,3
30794,3
30795,3
30796,3
30797,3
30798,3
30799,3
30800,3
30801,3
30802,3
30803,3
30804,3
30805,3
30806,3
30807,3
30808,3
30809,3
30810,3
30811,3
30812,3
30813,3
30814,3
30815,3
30816,3
30817,3
30818,3
30819,3
30820,3
30821,3
30822,3
30823,3
30824,3
30825,3
30826,3
30827,3
30828,3
30829,3
30830,3
30831,3
30832,3
30833,3
30834,3
30835,3
30836,3
30837,3
30838,3
30839,3
30840,3
30841,3
30842,3
30843,3
30844,3
30845,3
30846,3
30847,3
30848,3
30849,3
30850,3
30851,3
30852,3
30853,3
30854,3
30855,3
30856,3
30857,3
30858,3
30859,3
30860,3
30861,3
30862,3
30863,3
30864,3
30865,3
30866,3
30867,3
30868,3
30869,3
30870,3
30871,3
30872,3
30873,3
30874,3
30875,3
30876,3
30877,3
30878,3
30879,3
30880,3
30881,3
30882,3
30883,3
30884,3
30885,3
30886,3
30887,3
30888,3
30889,3
30890,3
30891,3
30892,3
30893,3
30894,3
30895,3
30896,3
30897,3
30898,3
30899,3
30900,3
30901,3
30902,3
30903,3
30904,3
30905,3
30906,3
30907,3
30908,3
30909,3
30910,3
30911,3
30912,3
30913,3
30914,3
30915,3
30916,3
30917,3
30918,3
30919,3
30920,3
30921,3
30922,3
30923,3
30924,3
30925,3
30926,3
30927,3
30928,3
30929,3
30930,3
30931,3
30932,3
30933,3
30934,3
30935,3
30936,3
30937,3
30938,3
30939,3
30940,3
30941,3
30942,3
30943,3
30944,3
30945,3
30946,3
30947,3
30948,3
30949,3
30950,3
30951,3
30952,3
30953,3
30954,3
30955,3
30956,3
30957,3
30958,3
30959,3
30960,3
30961,3
30962,3
30963,3
30964,3
30965,3
30966,3
30967,3
30968,3
30969,3
30970,3
30971,3
30972,3
30973,3
30974,3
30975,3
30976,3
30977,3
30978,3
30979,3
30980,3
30981,3
30982,3
30983,3
30984,3
30985,3
30986,3
30987,3
30988,3
30989,3
30990,3
30991,3
30992,3
30993,3
30994,3
30995,3
30996,3
30997,3
30998,3
30999,3
31000,3
31001,3
31002,3
31003,3
31004,3
31005,3
31006,3
31007,3
31008,3
31009,3
31010,3
31011,3
31012,3
31013,3
31014,3
31015,3
31016,3
31017,3
31018,3
31019,3
31020,3
31021,3
31022,3
31023,3
31024,3
31025,3
31026,3
31027,3
31028,3
31029,3
31030,3
31031,3
31032,3
31033,3
31034,3
31035,3
31036,3
31037,3
31038,3
31039,3
31040,3
31041,3
31042,3
31043,3
31044,3
31045,3
31046,3
31047,3
31048,3
31049,3
31050,3
31051,3
31052,3
31053,3
31054,3
31055,3
31056,3
31057,3
31058,3
31059,3
31060,3
31061,3
31062,3
31063,3
31064,3
31065,3
31066,3
31067,3
31068,3
31069,3
31070,3
31071,3
31072,3
31073,3
31074,3
31075,3
31076,3
31077,3
31078,3
31079,3
31080,3
31081,3
31082,3
31083,3
31084,3
31085,3
31086,3
31087,3
31088,3
31089,3
31090,3
31091,3
31092,3
31093,3
31094,3
31095,3
31096,3
31097,3
31098,3
31099,3
31100,3
31101,3
31102,3
31103,3
31104,3
31105,3
31106,3
31107,3
31108,3
31109,3
31110,3
31111,3
31112,3
31113,3
31114,3
31115,3
31116,3
31117,3
31118,3
31119,3
31120,3
31121,3
31122,3
31123,3
31124,3
31125,3
31126,3
31127,3
31128,3
31129,3
31130,3
31131,3
31132,3
31133,3
31134,3
31135,3
31136,3
31137,3
31138,3
31139,3
31140,3
31141,3
31142,3
31143,3
31144,3
31145,3
31146,3
31147,3
31148,3
31149,3
31150,3
31151,3
31152,3
31153,3
31154,3
31155,3
31156,3
31157,3
31158,3
31159,3
31160,3
31161,3
31162,3
31163,3
31164,3
31165,3
31166,3
31167,3
31168,3
31169,3
31170,3
31171,3
31172,3
31173,3
31174,3
31175,3
31176,3
31177,3
31178,3
31179,3
31180,3
31181,3
31182,3
31183,3
31184,3
31185,3
31186,3
31187,3
31188,3
31189,3
31190,3
31191,3
31192,3
31193,3
31194,3
31195,3
31196,3
31197,3
31198,3
31199,3
31200,3
31201,3
31202,3
31203,3
31204,3
31205,3
31206,3
31207,3
31208,3
31209,3
31210,3
31211,3
31212,3
31213,3
31214,3
31215,3
31216,3
31217,3
31218,3
31219,3
31220,3
31221,3
31222,3
31223,3
31224,3
31225,3
31226,3
31227,3
31228,3
31229,3
31230,3
31231,3
31232,3
31233,3
31234,3
31235,3
31236,3
31237,3
31238,3
31239,3
31240,3
31241,3
31242,3
31243,3
31244,3
31245,3
31246,2
31247,2
31248,3
31249,3
31250,3
31251,3
31252,3
31253,3
31254,3
31255,3
31256,3
31257,3
31258,3
31259,3
31260,3
31261,3
31262,3
31263,3
31264,3
31265,3
31266,3
31267,3
31268,2
31269,3
31270,3
31271,3
31272,3
31273,3
31274,3
31275,3
31276,3
31277,3
31278,3
31279,3
31280,3
31281,3
31282,3
31283,3
31284,3
31285,3
31286,3
31287,3
31288,3
31289,3
31290,3
31291,3
31292,3
31293,3
31294,3
31295,3
31296,3
31297,3
31298,3
31299,3
31300,3
31301,3
31302,3
31303,3
31304,3
31305,3
31306,3
31307,3
31308,3
31309,3
31310,3
31311,3
31312,3
31313,3
31314,3
31315,3
31316,3
31317,3
31318,3
31319,3
31320,3
31321,3
31322,3
31323,3
31324,3
31325,3
31326,3
31327,3
31328,3
31329,3
31330,3
31331,3
31332,3
31333,3
31334,3
31335,3
31336,3
31337,3
31338,3
31339,3
31340,3
31341,3
31342,3
31343,3
31344,3
31345,3
31346,3
31347,3
31348,3
31349,3
31350,3
31351,3
31352,3
31353,2
31354,3
31355,3
31356,3
31357,3
31358,3
31359,3
31360,3
31361,3
31362,3
31363,3
31364,3
31365,3
31366,3
31367,3
31368,3
31369,3
31370,3
31371,3
31372,3
31373,3
31374,3
31375,3
31376,3
31377,3
31378,3
31379,3
31380,3
31381,3
31382,3
31383,3
31384,3
31385,3
31386,3
31387,3
31388,3
31389,3
31390,3
31391,3
31392,3
31393,3
31394,3
31395,3
31396,3
31397,3
31398,3
31399,3
31400,3
31401,3
31402,3
31403,3
31404,3
31405,3
31406,3
31407,3
31408,3
31409,3
31410,3
31411,3
31412,3
31413,3
31414,3
31415,3
31416,3
31417,3
31418,3
31419,3
31420,3
31421,3
31422,3
31423,3
31424,3
31425,3
31426,3
31427,3
31428,3
31429,3
31430,3
31431,3
31432,3
31433,3
31434,3
31435,3
31436,3
31437,3
31438,3
31439,3
31440,3
31441,3
31442,3
31443,3
31444,3
31445,3
31446,3
31447,3
31448,3
31449,3
31450,3
31451,3
31452,3
31453,3
31454,3
31455,3
31456,3
31457,3
31458,3
31459,3
31460,3
31461,3
31462,3
31463,3
31464,3
31465,3
31466,3
31467,3
31468,3
31469,3
31470,3
31471,3
31472,3
31473,3
31474,3
31475,3
31476,3
31477,3
31478,3
31479,3
31480,3
31481,3
31482,3
31483,3
31484,3
31485,3
31486,3
31487,3
31488,3
31489,3
31490,3
31491,3
31492,3
31493,3
31494,3
31495,3
31496,3
31497,3
31498,3
31499,3
31500,3
31501,3
31502,3
31503,3
31504,3
31505,3
31506,3
31507,3
31508,3
31509,3
31510,3
31511,3
31512,3
31513,3
31514,3
31515,3
31516,3
31517,3
31518,3
31519,3
31520,3
31521,3
31522,3
31523,3
31524,3
31525,3
31526,3
31527,3
31528,3
31529,3
31530,3
31531,3
31532,3
31533,3
31534,3
31535,3
31536,3
31537,3
31538,3
31539,3
31540,3
31541,3
31542,3
31543,3
31544,3
31545,3
31546,3
31547,3
31548,3
31549,3
31550,3
31551,3
31552,3
31553,2
31554,3
31555,3
31556,3
31557,3
31558,3
31559,3
31560,3
31561,3
31562,3
31563,3
31564,3
31565,3
31566,3
31567,3
31568,3
31569,3
31570,3
31571,3
31572,3
31573,3
31574,3
31575,3
31576,3
31577,3
31578,3
31579,3
31580,3
31581,3
31582,3
31583,3
31584,3
31585,3
31586,3
31587,3
31588,3
31589,3
31590,3
31591,3
31592,3
31593,3
31594,3
31595,3
31596,3
31597,3
31598,3
31599,3
31600,3
31601,3
31602,3
31603,3
31604,3
31605,3
31606,3
31607,3
31608,3
31609,3
31610,3
31611,3
31612,3
31613,3
31614,3
31615,3
31616,3
31617,3
31618,3
31619,3
31620,3
31621,3
31622,3
31623,3
31624,3
31625,3
31626,3
31627,3
31628,3
31629,3
31630,3
31631,3
31632,3
31633,3
31634,3
31635,3
31636,3
31637,3
31638,3
31639,3
31640,3
31641,3
31642,3
31643,3
31644,3
31645,3
31646,3
31647,3
31648,3
31649,3
31650,3
31651,3
31652,3
31653,3
31654,3
31655,3
31656,3
31657,3
31658,3
31659,3
31660,3
31661,3
31662,3
31663,3
31664,3
31665,3
31666,3
31667,3
31668,3
31669,3
31670,3
31671,3
31672,3
31673,3
31674,3
31675,3
31676,3
31677,3
31678,3
31679,3
31680,3
31681,3
31682,3
31683,3
31684,3
31685,3
31686,3
31687,3
31688,3
31689,3
31690,3
31691,3
31692,3
31693,3
31694,3
31695,3
31696,3
31697,3
31698,3
31699,3
31700,3
31701,3
31702,3
31703,3
31704,3
31705,3
31706,3
31707,3
31708,3
31709,3
31710,3
31711,3
31712,3
31713,3
31714,3
31715,3
31716,3
31717,3
31718,3
31719,3
31720,3
31721,3
31722,3
31723,3
31724,3
31725,3
31726,3
31727,3
31728,3
31729,3
31730,3
31731,3
31732,3
31733,3
31734,3
31735,3
31736,3
31737,3
31738,3
31739,3
31740,3
31741,3
31742,3
31743,3
31744,3
31745,3
31746,3
31747,3
31748,3
31749,3
31750,3
31751,3
31752,3
31753,3
31754,3
31755,3
31756,3
31757,3
31758,3
31759,3
31760,3
31761,3
31762,3
31763,3
31764,3
31765,3
31766,3
31767,3
31768,3
31769,3
31770,3
31771,3
31772,3
31773,3
31774,3
31775,3
31776,3
31777,3
31778,3
31779,3
31780,3
31781,3
31782,3
31783,3
31784,3
31785,3
31786,3
31787,3
31788,3
31789,3
31790,3
31791,3
31792,3
31793,3
31794,3
31795,3
31796,3
31797,3
31798,3
31799,3
31800,3
31801,3
31802,3
31803,3
31804,3
31805,3
31806,3
31807,3
31808,3
31809,3
31810,3
31811,3
31812,3
31813,3
31814,3
31815,3
31816,3
31817,3
31818,3
31819,3
31820,3
31821,3
31822,3
31823,3
31824,3
31825,3
31826,3
31827,3
31828,3
31829,3
31830,3
31831,3
31832,3
31833,3
31834,3
31835,3
31836,3
31837,3
31838,2
31839,3
31840,3
31841,3
31842,3
31843,3
31844,3
31845,3
31846,3
31847,3
31848,3
31849,3
31850,3
31851,3
31852,3
31853,3
31854,3
31855,3
31856,3
31857,3
31858,3
31859,3
31860,3
31861,3
31862,3
31863,3
31864,3
31865,3
31866,3
31867,3
31868,3
31869,3
31870,3
31871,3
31872,3
31873,3
31874,3
31875,3
31876,3
31877,3
31878,3
31879,3
31880,3
31881,3
31882,3
31883,3
31884,3
31885,3
31886,3
31887,3
31888,3
31889,3
31890,3
31891,3
31892,3
31893,3
31894,3
31895,3
31896,3
31897,3
31898,3
31899,3
31900,3
31901,3
31902,3
31903,3
31904,3
31905,3
31906,3
31907,3
31908,3
31909,3
31910,3
31911,3
31912,3
31913,3
31914,2
31915,3
31916,3
31917,3
31918,3
31919,3
31920,3
31921,3
31922,3
31923,3
31924,3
31925,3
31926,3
31927,3
31928,3
31929,3
31930,3
31931,3
31932,3
31933,3
31934,3
31935,3
31936,3
31937,3
31938,3
31939,3
31940,3
31941,3
31942,3
31943,3
31944,3
31945,3
31946,3
31947,3
31948,3
31949,3
31950,3
31951,3
31952,3
31953,3
31954,3
31955,3
31956,3
31957,3
31958,3
31959,3
31960,3
31961,3
31962,3
31963,3
31964,3
31965,3
31966,3
31967,3
31968,3
31969,3
31970,3
31971,3
31972,3
31973,3
31974,3
31975,3
31976,3
31977,3
31978,3
31979,3
31980,3
31981,3
31982,3
31983,3
31984,3
31985,3
31986,3
31987,3
31988,3
31989,3
31990,3
31991,3
31992,3
31993,3
31994,3
31995,3
31996,3
31997,3
31998,3
31999,3
32000,3
32001,3
32002,3
32003,3
32004,3
32005,3
32006,3
32007,3
32008,3
32009,3
32010,3
32011,3
32012,3
32013,3
32014,3
32015,3
32016,3
32017,3
32018,3
32019,3
32020,3
32021,3
32022,3
32023,3
32024,3
32025,3
32026,3
32027,3
32028,3
32029,3
32030,3
32031,3
32032,3
32033,3
32034,3
32035,3
32036,3
32037,3
32038,3
32039,3
32040,3
32041,3
32042,3
32043,3
32044,3
32045,3
32046,3
32047,3
32048,3
32049,3
32050,3
32051,3
32052,3
32053,3
32054,3
32055,3
32056,3
32057,3
32058,3
32059,3
32060,3
32061,3
32062,3
32063,3
32064,3
32065,3
32066,3
32067,3
32068,3
32069,3
32070,3
32071,3
32072,3
32073,3
32074,3
32075,3
32076,3
32077,3
32078,3
32079,3
32080,3
32081,3
32082,3
32083,3
32084,3
32085,3
32086,3
32087,3
32088,3
32089,3
32090,3
32091,3
32092,3
32093,3
32094,3
32095,3
32096,3
32097,3
32098,3
32099,3
32100,3
32101,3
32102,3
32103,3
32104,3
32105,3
32106,3
32107,3
32108,3
32109,3
32110,3
32111,3
32112,3
32113,3
32114,3
32115,3
32116,3
32117,3
32118,3
32119,3
32120,3
32121,3
32122,3
32123,3
32124,3
32125,3
32126,3
32127,3
32128,3
32129,3
32130,3
32131,3
32132,3
32133,3
32134,3
32135,3
32136,3
32137,3
32138,3
32139,3
32140,3
32141,3
32142,3
32143,3
32144,3
32145,3
32146,3
32147,3
32148,3
32149,3
32150,3
32151,3
32152,3
32153,3
32154,3
32155,3
32156,3
32157,3
32158,3
32159,3
32160,3
32161,3
32162,3
32163,3
32164,3
32165,3
32166,3
32167,3
32168,3
32169,3
32170,3
32171,3
32172,3
32173,3
32174,3
32175,3
32176,3
32177,3
32178,3
32179,3
32180,3
32181,3
32182,3
32183,3
32184,3
32185,3
32186,3
32187,3
32188,3
32189,3
32190,3
32191,3
32192,3
32193,3
32194,3
32195,3
32196,3
32197,3
32198,3
32199,3
32200,3
32201,3
32202,3
32203,3
32204,3
32205,3
32206,3
32207,3
32208,3
32209,3
32210,3
32211,3
32212,3
32213,3
32214,3
32215,3
32216,3
32217,3
32218,3
32219,3
32220,3
32221,3
32222,3
32223,3
32224,3
32225,3
32226,3
32227,3
32228,3
32229,3
32230,3
32231,3
32232,3
32233,3
32234,3
32235,3
32236,3
32237,3
32238,3
32239,3
32240,3
32241,3
32242,3
32243,3
32244,3
32245,3
32246,3
32247,3
32248,3
32249,3
32250,3
32251,3
32252,3
32253,3
32254,3
32255,3
32256,3
32257,3
32258,3
32259,3
32260,3
32261,3
32262,3
32263,3
32264,3
32265,3
32266,3
32267,3
32268,3
32269,3
32270,3
32271,3
32272,3
32273,3
32274,3
32275,3
32276,3
32277,3
32278,3
32279,3
32280,3
32281,3
32282,3
32283,3
32284,3
32285,3
32286,3
32287,3
32288,3
32289,3
32290,3
32291,3
32292,3
32293,3
32294,3
32295,3
32296,3
32297,3
32298,3
32299,3
32300,3
32301,3
32302,3
32303,3
32304,3
32305,3
32306,3
32307,3
32308,3
32309,3
32310,3
32311,3
32312,3
32313,3
32314,3
32315,3
32316,3
32317,3
32318,3
32319,3
32320,3
32321,3
32322,3
32323,3
32324,3
32325,3
32326,3
32327,3
32328,3
32329,3
32330,3
32331,3
32332,3
32333,3
32334,3
32335,3
32336,3
32337,3
32338,3
32339,3
32340,3
32341,3
32342,3
32343,3
32344,3
32345,3
32346,3
32347,3
32348,3
32349,3
32350,3
32351,3
32352,3
32353,3
32354,3
32355,3
32356,3
32357,3
32358,3
32359,3
32360,3
32361,3
32362,3
32363,3
32364,3
32365,3
32366,3
32367,3
32368,3
32369,3
32370,3
32371,3
32372,3
32373,3
32374,3
32375,3
32376,3
32377,3
32378,3
32379,3
32380,3
32381,3
32382,3
32383,3
32384,3
32385,3
32386,3
32387,3
32388,3
32389,3
32390,3
32391,3
32392,3
32393,3
32394,3
32395,3
32396,3
32397,3
32398,3
32399,3
32400,3
32401,3
32402,3
32403,3
32404,3
32405,3
32406,3
32407,3
32408,3
32409,3
32410,3
32411,3
32412,3
32413,3
32414,3
32415,3
32416,3
32417,3
32418,3
32419,3
32420,3
32421,3
32422,3
32423,3
32424,3
32425,3
32426,3
32427,3
32428,3
32429,3
32430,3
32431,3
32432,3
32433,3
32434,3
32435,3
32436,3
32437,3
32438,3
32439,3
32440,3
32441,3
32442,3
32443,3
32444,3
32445,3
32446,3
32447,3
32448,3
32449,3
32450,3
32451,3
32452,3
32453,3
32454,3
32455,3
32456,3
32457,3
32458,3
32459,3
32460,3
32461,3
32462,3
32463,3
32464,3
32465,3
32466,3
32467,3
32468,3
32469,3
32470,3
32471,3
32472,3
32473,3
32474,3
32475,3
32476,3
32477,3
32478,3
32479,3
32480,3
32481,3
32482,3
32483,3
32484,3
32485,3
32486,3
32487,3
32488,3
32489,3
32490,3
32491,3
32492,3
32493,3
32494,3
32495,3
32496,3
32497,3
32498,3
32499,3
32500,3
32501,3
32502,3
32503,3
32504,3
32505,3
32506,3
32507,3
32508,3
32509,3
32510,3
32511,3
32512,3
32513,3
32514,3
32515,3
32516,3
32517,3
32518,3
32519,3
32520,3
32521,3
32522,3
32523,3
32524,3
32525,3
32526,3
32527,3
32528,3
32529,3
32530,3
32531,3
32532,3
32533,3
32534,3
32535,3
32536,3
32537,3
32538,3
32539,3
32540,3
32541,3
32542,3
32543,3
32544,2
32545,3
32546,3
32547,3
32548,3
32549,3
32550,3
32551,3
32552,3
32553,3
32554,2
32555,3
32556,3
32557,3
32558,3
32559,3
32560,3
32561,3
32562,3
32563,3
32564,3
32565,3
32566,2
32567,3
32568,3
32569,3
32570,3
32571,3
32572,3
32573,3
32574,2
32575,3
32576,3
32577,3
32578,3
32579,3
32580,3
32581,3
32582,3
32583,3
32584,3
32585,3
32586,3
32587,3
32588,3
32589,3
32590,3
32591,3
32592,3
32593,3
32594,3
32595,3
32596,3
32597,3
32598,3
32599,3
32600,3
32601,3
32602,3
32603,3
32604,3
32605,3
32606,2
32607,3
32608,3
32609,3
32610,3
32611,3
32612,3
32613,3
32614,3
32615,3
32616,3
32617,3
32618,3
32619,3
32620,3
32621,2
32622,3
32623,3
32624,3
32625,3
32626,3
32627,0
32628,0
32629,0
32630,0
32631,0
32632,0
32633,2
32634,0
32635,0
32636,0
32637,0
32638,0
32639,0
32640,3
32641,3
32642,3
32643,3
32644,2
32645,3
32646,2
32647,2
32648,2
32649,3
32650,3
32651,3
32652,2
32653,3
32654,2
32655,3
32656,2
32657,3
32658,2
32659,0
32660,2
32661,2
32662,2
32663,3
32664,3
32665,2
32666,3
32667,3
32668,3
32669,3
32670,3
32671,3
32672,3
32673,3
32674,3
32675,3
32676,3
32677,3
32678,3
32679,3
32680,3
32681,2
32682,3
32683,3
32684,3
32685,3
32686,3
32687,3
32688,3
32689,3
32690,3
32691,3
32692,3
32693,3
32694,3
32695,3
32696,3
32697,2
32698,3
32699,3
32700,3
32701,3
32702,3
32703,3
32704,3
32705,3
32706,3
32707,3
32708,3
32709,3
32710,3
32711,3
32712,3
32713,3
32714,2
32715,3
32716,3
32717,3
32718,3
32719,3
32720,3
32721,3
32722,3
32723,3
32724,2
32725,2
32726,3
32727,3
32728,3
32729,2
32730,2
32731,3
32732,3
32733,3
32734,0
32735,0
32736,0
32737,0
32738,3
32739,3
32740,3
32741,2
32742,2
32743,3
32744,3
32745,3
32746,2
32747,3
32748,3
32749,3
32750,3
32751,3
32752,3
32753,3
32754,3
32755,3
32756,3
32757,0
32758,2
32759,0
32760,0
32761,0
32762,0
32763,3
32764,0
32765,0
32766,0
32767,0
32768,0
32769,0
32770,0
32771,0
32772,0
32773,0
32774,0
32775,0
32776,0
32777,3
32778,3
32779,3
32780,3
32781,3
32782,3
32783,3
32784,3
32785,3
32786,3
32787,3
32788,3
32789,3
32790,3
32791,3
32792,3
32793,3
32794,3
32795,3
32796,3
32797,3
32798,3
32799,3
32800,3
32801,3
32802,3
32803,3
32804,3
32805,3
32806,3
32807,3
32808,3
32809,3
32810,3
32811,3
32812,3
32813,3
32814,3
32815,3
32816,3
32817,3
32818,0
32819,3
32820,0
32821,2
32822,2
32823,3
32824,3
32825,3
32826,3
32827,3
32828,3
32829,3
32830,0
32831,3
32832,3
32833,3
32834,3
32835,3
32836,2
32837,3
32838,3
32839,3
32840,3
32841,3
32842,3
32843,3
32844,3
32845,3
32846,0
32847,2
32848,2
32849,2
32850,3
32851,0
32852,0
32853,3
32854,0
32855,0
32856,0
32857,0
32858,2
32859,2
32860,3
32861,2
32862,2
32863,2
32864,2
32865,3
32866,3
32867,3
32868,3
32869,3
32870,3
32871,3
32872,3
32873,3
32874,3
32875,2
32876,3
32877,2
32878,3
32879,3
32880,0
32881,2
32882,2
32883,0
32884,3
32885,3
32886,3
32887,3
32888,3
32889,3
32890,0
32891,3
32892,3
32893,3
32894,3
32895,3
32896,3
32897,3
32898,3
32899,3
32900,3
32901,3
32902,2
32903,3
32904,3
32905,2
32906,3
32907,2
32908,3
32909,3
32910,3
32911,3
32912,2
32913,3
32914,0
32915,0
32916,3
32917,3
32918,3
32919,3
32920,3
32921,3
32922,3
32923,3
32924,3
32925,2
32926,3
32927,3
32928,3
32929,3
32930,3
32931,3
32932,3
32933,3
32934,3
32935,0
32936,0
32937,0
32938,0
32939,0
32940,0
32941,3
32942,3
32943,3
32944,2
32945,3
32946,3
32947,3
32948,0
32949,3
32950,0
32951,3
32952,2
32953,3
32954,3
32955,3
32956,3
32957,0
32958,0
32959,0
32960,0
32961,0
32962,0
32963,0
32964,3
32965,0
32966,0
32967,0
32968,0
32969,0
32970,0
32971,3
32972,3
32973,3
32974,3
32975,3
32976,3
32977,3
32978,3
32979,3
32980,3
32981,3
32982,3
32983,3
32984,3
32985,3
32986,3
32987,3
32988,3
32989,3
32990,3
32991,3
32992,3
32993,3
32994,3
32995,3
32996,3
32997,3
32998,3
32999,3
33000,3
33001,3
33002,3
33003,3
33004,3
33005,3
33006,3
33007,3
33008,3
33009,3
33010,3
33011,3
33012,3
33013,3
33014,3
33015,3
33016,3
33017,3
33018,3
33019,3
33020,3
33021,3
33022,3
33023,3
33024,3
33025,3
33026,3
33027,3
33028,3
33029,3
33030,3
33031,3
33032,3
33033,3
33034,3
33035,0
33036,0
33037,0
33038,0
33039,0
33040,0
33041,0
33042,0
33043,0
33044,0
33045,0
33046,0
33047,0
33048,0
33049,0
33050,0
33051,0
33052,0
33053,0
33054,0
33055,0
33056,0
33057,0
33058,0
33059,0
33060,0
33061,0
33062,3
33063,3
33064,3
33065,2
33066,3
33067,3
33068,0
33069,3
33070,2
33071,3
33072,2
33073,3
33074,3
33075,3
33076,3
33077,3
33078,3
33079,2
33080,2
33081,2
33082,3
33083,3
33084,2
33085,3
33086,3
33087,0
33088,3
33089,0
33090,3
33091,0
33092,0
33093,0
33094,0
33095,0
33096,0
33097,0
33098,0
33099,3
33100,3
33101,0
33102,0
33103,0
33104,3
33105,3
33106,3
33107,3
33108,2
33109,3
33110,3
33111,3
33112,3
33113,3
33114,3
33115,3
33116,2
33117,3
33118,3
33119,3
33120,3
33121,0
33122,3
33123,3
33124,3
33125,3
33126,3
33127,0
33128,0
33129,0
33130,3
33131,0
33132,0
33133,3
33134,0
33135,3
33136,3
33137,3
33138,3
33139,0
33140,3
33141,3
33142,3
33143,0
33144,3
33145,3
33146,3
33147,3
33148,3
33149,2
33150,3
33151,3
33152,3
33153,3
33154,3
33155,3
33156,3
33157,3
33158,3
33159,3
33160,0
33161,0
33162,3
33163,3
33164,3
33165,3
33166,3
33167,3
33168,3
33169,3
33170,3
33171,3
33172,3
33173,3
33174,3
33175,3
33176,3
33177,3
33178,3
33179,3
33180,3
33181,3
33182,3
33183,3
33184,3
33185,3
33186,3
33187,3
33188,3
33189,3
33190,3
33191,3
33192,3
33193,3
33194,2
33195,3
33196,3
33197,3
33198,3
33199,3
33200,3
33201,3
33202,3
33203,3
33204,3
33205,3
33206,3
33207,3
33208,3
33209,3
33210,3
33211,3
33212,3
33213,3
33214,3
33215,3
33216,3
33217,3
33218,3
33219,3
33220,3
33221,3
33222,3
33223,3
33224,3
33225,3
33226,3
33227,3
33228,3
33229,3
33230,3
33231,3
33232,3
33233,3
33234,3
33235,3
33236,3
33237,3
33238,3
33239,3
33240,3
33241,3
33242,3
33243,3
33244,3
33245,3
33246,3
33247,3
33248,3
33249,3
33250,3
33251,3
33252,3
33253,3
33254,3
33255,3
33256,3
33257,3
33258,3
33259,3
33260,3
33261,3
33262,3
33263,3
33264,3
33265,3
33266,3
33267,3
33268,3
33269,3
33270,3
33271,3
33272,3
33273,3
33274,3
33275,3
33276,3
33277,3
33278,3
33279,3
33280,3
33281,3
33282,3
33283,3
33284,3
33285,3
33286,3
33287,3
33288,3
33289,3
33290,3
33291,3
33292,3
33293,3
33294,3
33295,3
33296,3
33297,3
33298,3
33299,3
33300,3
33301,3
33302,3
33303,3
33304,3
33305,3
33306,3
33307,3
33308,3
33309,2
33310,3
33311,3
33312,3
33313,3
33314,3
33315,3
33316,3
33317,3
33318,3
33319,3
33320,3
33321,3
33322,3
33323,3
33324,3
33325,3
33326,3
33327,3
33328,3
33329,3
33330,3
33331,3
33332,3
33333,3
33334,3
33335,3
33336,3
33337,3
33338,3
33339,3
33340,3
33341,3
33342,3
33343,3
33344,3
33345,3
33346,3
33347,3
33348,3
33349,3
33350,3
33351,3
33352,3
33353,3
33354,3
33355,3
33356,3
33357,3
33358,3
33359,3
33360,3
33361,3
33362,3
33363,3
33364,3
33365,3
33366,3
33367,3
33368,3
33369,3
33370,3
33371,3
33372,3
33373,3
33374,3
33375,3
33376,3
33377,3
33378,3
33379,3
33380,3
33381,3
33382,3
33383,3
33384,3
33385,3
33386,3
33387,3
33388,3
33389,3
33390,3
33391,3
33392,3
33393,3
33394,3
33395,3
33396,3
33397,3
33398,3
33399,3
33400,3
33401,3
33402,3
33403,3
33404,3
33405,3
33406,3
33407,3
33408,3
33409,3
33410,3
33411,3
33412,3
33413,3
33414,3
33415,3
33416,3
33417,3
33418,3
33419,3
33420,3
33421,3
33422,2
33423,3
33424,3
33425,3
33426,3
33427,3
33428,3
33429,3
33430,3
33431,3
33432,3
33433,3
33434,3
33435,3
33436,3
33437,2
33438,3
33439,3
33440,3
33441,3
33442,3
33443,3
33444,3
33445,3
33446,3
33447,3
33448,3
33449,2
33450,3
33451,3
33452,3
33453,3
33454,3
33455,2
33456,3
33457,3
33458,3
33459,3
33460,3
33461,3
33462,3
33463,3
33464,3
33465,3
33466,3
33467,3
33468,3
33469,3
33470,3
33471,3
33472,3
33473,3
33474,3
33475,3
33476,3
33477,3
33478,3
33479,3
33480,3
33481,3
33482,3
33483,3
33484,3
33485,3
33486,3
33487,3
33488,3
33489,3
33490,3
33491,3
33492,3
33493,3
33494,3
33495,3
33496,3
33497,3
33498,3
33499,3
33500,3
33501,3
33502,3
33503,3
33504,3
33505,3
33506,3
33507,3
33508,3
33509,3
33510,3
33511,3
33512,3
33513,3
33514,3
33515,3
33516,3
33517,3
33518,3
33519,3
33520,3
33521,3
33522,3
33523,3
33524,3
33525,2
33526,3
33527,3
33528,3
33529,3
33530,3
33531,3
33532,3
33533,3
33534,3
33535,3
33536,3
33537,3
33538,3
33539,3
33540,3
33541,3
33542,3
33543,3
33544,3
33545,3
33546,3
33547,3
33548,3
33549,3
33550,3
33551,3
33552,3
33553,3
33554,3
33555,3
33556,3
33557,3
33558,3
33559,3
33560,3
33561,3
33562,3
33563,3
33564,3
33565,3
33566,3
33567,3
33568,3
33569,3
33570,3
33571,3
33572,3
33573,3
33574,3
33575,3
33576,3
33577,3
33578,3
33579,3
33580,3
33581,3
33582,3
33583,3
33584,3
33585,3
33586,3
33587,3
33588,3
33589,3
33590,3
33591,3
33592,3
33593,3
33594,3
33595,3
33596,3
33597,3
33598,3
33599,3
33600,3
33601,3
33602,3
33603,3
33604,3
33605,3
33606,3
33607,3
33608,3
33609,3
33610,3
33611,3
33612,3
33613,3
33614,3
33615,3
33616,3
33617,3
33618,3
33619,3
33620,3
33621,3
33622,3
33623,3
33624,3
33625,3
33626,3
33627,3
33628,3
33629,3
33630,3
33631,3
33632,3
33633,3
33634,3
33635,3
33636,3
33637,3
33638,3
33639,3
33640,3
33641,3
33642,3
33643,3
33644,3
33645,3
33646,3
33647,3
33648,3
33649,3
33650,3
33651,3
33652,3
33653,3
33654,3
33655,3
33656,3
33657,3
33658,3
33659,3
33660,3
33661,3
33662,3
33663,3
33664,3
33665,3
33666,3
33667,3
33668,3
33669,3
33670,3
33671,3
33672,3
33673,3
33674,3
33675,3
33676,3
33677,3
33678,3
33679,3
33680,3
33681,3
33682,3
33683,3
33684,3
33685,3
33686,3
33687,3
33688,3
33689,3
33690,3
33691,3
33692,3
33693,3
33694,3
33695,3
33696,3
33697,3
33698,3
33699,3
33700,2
33701,3
33702,3
33703,3
33704,3
33705,3
33706,3
33707,3
33708,3
33709,3
33710,3
33711,3
33712,3
33713,3
33714,3
33715,3
33716,3
33717,3
33718,3
33719,3
33720,3
33721,3
33722,3
33723,3
33724,3
33725,3
33726,3
33727,3
33728,3
33729,3
33730,3
33731,3
33732,3
33733,3
33734,3
33735,3
33736,3
33737,3
33738,3
33739,3
33740,3
33741,3
33742,3
33743,3
33744,3
33745,3
33746,3
33747,3
33748,3
33749,3
33750,3
33751,3
33752,3
33753,3
33754,3
33755,3
33756,3
33757,3
33758,3
33759,3
33760,3
33761,3
33762,3
33763,3
33764,3
33765,3
33766,3
33767,3
33768,3
33769,3
33770,3
33771,3
33772,3
33773,3
33774,3
33775,3
33776,3
33777,3
33778,3
33779,3
33780,3
33781,3
33782,3
33783,3
33784,3
33785,3
33786,3
33787,3
33788,3
33789,3
33790,3
33791,3
33792,3
33793,3
33794,3
33795,3
33796,3
33797,3
33798,3
33799,3
33800,3
33801,3
33802,3
33803,3
33804,3
33805,3
33806,3
33807,3
33808,3
33809,3
33810,3
33811,3
33812,3
33813,3
33814,3
33815,3
33816,3
33817,3
33818,3
33819,3
33820,3
33821,3
33822,3
33823,3
33824,3
33825,3
33826,3
33827,3
33828,3
33829,3
33830,3
33831,3
33832,3
33833,3
33834,3
33835,3
33836,3
33837,3
33838,3
33839,3
33840,3
33841,3
33842,3
33843,3
33844,3
33845,3
33846,3
33847,3
33848,3
33849,3
33850,3
33851,3
33852,3
33853,3
33854,3
33855,3
33856,3
33857,3
33858,3
33859,3
33860,3
33861,3
33862,3
33863,3
33864,3
33865,3
33866,3
33867,3
33868,3
33869,3
33870,3
33871,3
33872,3
33873,3
33874,3
33875,3
33876,3
33877,3
33878,3
33879,3
33880,3
33881,3
33882,3
33883,3
33884,3
33885,3
33886,3
33887,3
33888,3
33889,3
33890,3
33891,3
33892,3
33893,3
33894,3
33895,3
33896,3
33897,3
33898,3
33899,3
33900,3
33901,3
33902,3
33903,3
33904,3
33905,3
33906,3
33907,3
33908,3
33909,3
33910,3
33911,3
33912,3
33913,3
33914,3
33915,3
33916,3
33917,3
33918,3
33919,3
33920,3
33921,3
33922,3
33923,3
33924,3
33925,3
33926,3
33927,3
33928,3
33929,3
33930,3
33931,3
33932,3
33933,3
33934,3
33935,3
33936,3
33937,3
33938,3
33939,3
33940,3
33941,3
33942,3
33943,3
33944,3
33945,3
33946,3
33947,3
33948,3
33949,3
33950,3
33951,3
33952,3
33953,3
33954,3
33955,3
33956,3
33957,3
33958,3
33959,3
33960,3
33961,3
33962,3
33963,3
33964,3
33965,3
33966,3
33967,3
33968,3
33969,3
33970,3
33971,3
33972,3
33973,3
33974,3
33975,3
33976,3
33977,3
33978,3
33979,3
33980,3
33981,3
33982,3
33983,3
33984,3
33985,3
33986,3
33987,3
33988,3
33989,3
33990,3
33991,3
33992,3
33993,3
33994,3
33995,3
33996,3
33997,3
33998,3
33999,3
34000,3
34001,3
34002,3
34003,3
34004,3
34005,3
34006,3
34007,3
34008,3
34009,3
34010,3
34011,3
34012,3
34013,3
34014,3
34015,3
34016,3
34017,3
34018,3
34019,3
34020,3
34021,3
34022,3
34023,3
34024,3
34025,3
34026,3
34027,3
34028,3
34029,3
34030,3
34031,3
34032,3
34033,3
34034,3
34035,3
34036,3
34037,3
34038,3
34039,3
34040,3
34041,3
34042,3
34043,3
34044,3
34045,3
34046,3
34047,3
34048,3
34049,3
34050,3
34051,3
34052,3
34053,3
34054,3
34055,3
34056,3
34057,3
34058,3
34059,3
34060,3
34061,3
34062,3
34063,3
34064,3
34065,3
34066,3
34067,3
34068,3
34069,3
34070,3
34071,3
34072,3
34073,3
34074,3
34075,3
34076,3
34077,3
34078,3
34079,3
34080,3
34081,3
34082,3
34083,3
34084,3
34085,3
34086,3
34087,3
34088,3
34089,3
34090,3
34091,3
34092,3
34093,3
34094,3
34095,3
34096,3
34097,3
34098,3
34099,3
34100,3
34101,3
34102,3
34103,3
34104,3
34105,3
34106,3
34107,3
34108,3
34109,3
34110,3
34111,3
34112,3
34113,3
34114,3
34115,3
34116,3
34117,3
34118,3
34119,3
34120,3
34121,3
34122,3
34123,3
34124,3
34125,3
34126,3
34127,3
34128,3
34129,3
34130,3
34131,3
34132,3
34133,3
34134,3
34135,3
34136,3
34137,3
34138,3
34139,3
34140,3
34141,3
34142,3
34143,3
34144,3
34145,3
34146,3
34147,3
34148,3
34149,3
34150,3
34151,3
34152,3
34153,3
34154,3
34155,3
34156,3
34157,3
34158,3
34159,3
34160,3
34161,3
34162,3
34163,3
34164,3
34165,3
34166,3
34167,3
34168,3
34169,3
34170,3
34171,3
34172,3
34173,3
34174,3
34175,3
34176,3
34177,3
34178,3
34179,3
34180,3
34181,3
34182,3
34183,3
34184,3
34185,3
34186,3
34187,3
34188,3
34189,3
34190,3
34191,3
34192,3
34193,3
34194,3
34195,3
34196,3
34197,3
34198,3
34199,3
34200,3
34201,3
34202,3
34203,3
34204,3
34205,3
34206,3
34207,3
34208,3
34209,3
34210,3
34211,3
34212,3
34213,3
34214,3
34215,3
34216,3
34217,3
34218,3
34219,3
34220,3
34221,3
34222,3
34223,3
34224,3
34225,3
34226,3
34227,3
34228,3
34229,3
34230,3
34231,3
34232,3
34233,3
34234,3
34235,3
34236,3
34237,3
34238,3
34239,3
34240,3
34241,3
34242,3
34243,3
34244,3
34245,3
34246,3
34247,3
34248,3
34249,3
34250,3
34251,3
34252,3
34253,3
34254,3
34255,3
34256,3
34257,3
34258,3
34259,3
34260,3
34261,3
34262,3
34263,3
34264,3
34265,3
34266,3
34267,3
34268,3
34269,3
34270,3
34271,3
34272,3
34273,3
34274,3
34275,3
34276,3
34277,3
34278,3
34279,3
34280,3
34281,3
34282,3
34283,3
34284,3
34285,3
34286,3
34287,3
34288,3
34289,3
34290,3
34291,3
34292,3
34293,3
34294,3
34295,3
34296,3
34297,3
34298,3
34299,3
34300,3
34301,3
34302,3
34303,3
34304,3
34305,3
34306,3
34307,3
34308,3
34309,3
34310,3
34311,3
34312,3
34313,3
34314,3
34315,3
34316,3
34317,3
34318,3
34319,3
34320,3
34321,3
34322,3
34323,3
34324,3
34325,3
34326,3
34327,3
34328,3
34329,3
34330,3
34331,3
34332,3
34333,3
34334,3
34335,3
34336,3
34337,3
34338,3
34339,3
34340,3
34341,3
34342,3
34343,3
34344,3
34345,3
34346,3
34347,3
34348,3
34349,3
34350,3
34351,3
34352,3
34353,3
34354,3
34355,3
34356,3
34357,3
34358,3
34359,3
34360,3
34361,3
34362,3
34363,3
34364,3
34365,3
34366,3
34367,3
34368,3
34369,3
34370,3
34371,3
34372,3
34373,3
34374,3
34375,3
34376,3
34377,3
34378,3
34379,3
34380,3
34381,3
34382,3
34383,3
34384,3
34385,3
34386,3
34387,3
34388,3
34389,3
34390,3
34391,3
34392,3
34393,3
34394,3
34395,3
34396,3
34397,3
34398,3
34399,3
34400,3
34401,3
34402,3
34403,3
34404,3
34405,3
34406,3
34407,3
34408,3
34409,3
34410,3
34411,3
34412,3
34413,3
34414,3
34415,3
34416,3
34417,3
34418,3
34419,3
34420,3
34421,3
34422,3
34423,3
34424,3
34425,3
34426,3
34427,3
34428,3
34429,3
34430,3
34431,3
34432,3
34433,3
34434,3
34435,3
34436,3
34437,3
34438,3
34439,3
34440,3
34441,3
34442,3
34443,3
34444,3
34445,3
34446,3
34447,3
34448,3
34449,3
34450,3
34451,3
34452,3
34453,3
34454,3
34455,3
34456,3
34457,3
34458,3
34459,3
34460,3
34461,3
34462,3
34463,3
34464,3
34465,3
34466,3
34467,3
34468,3
34469,3
34470,3
34471,3
34472,3
34473,3
34474,3
34475,3
34476,3
34477,3
34478,3
34479,3
34480,3
34481,3
34482,3
34483,3
34484,3
34485,3
34486,3
34487,3
34488,3
34489,3
34490,3
34491,3
34492,3
34493,3
34494,3
34495,3
34496,3
34497,3
34498,3
34499,3
34500,3
34501,3
34502,3
34503,3
34504,3
34505,3
34506,3
34507,3
34508,3
34509,3
34510,3
34511,3
34512,3
34513,3
34514,3
34515,3
34516,3
34517,3
34518,3
34519,3
34520,3
34521,3
34522,3
34523,3
34524,3
34525,3
34526,3
34527,3
34528,3
34529,3
34530,3
34531,3
34532,3
34533,3
34534,3
34535,3
34536,3
34537,3
34538,3
34539,3
34540,3
34541,3
34542,3
34543,3
34544,3
34545,3
34546,3
34547,3
34548,3
34549,3
34550,3
34551,3
34552,3
34553,3
34554,3
34555,3
34556,3
34557,3
34558,3
34559,3
34560,3
34561,3
34562,3
34563,3
34564,3
34565,3
34566,3
34567,3
34568,3
34569,3
34570,3
34571,3
34572,3
34573,3
34574,3
34575,3
34576,3
34577,3
34578,3
34579,3
34580,3
34581,3
34582,3
34583,3
34584,3
34585,3
34586,3
34587,3
34588,3
34589,3
34590,3
34591,3
34592,3
34593,3
34594,3
34595,3
34596,3
34597,3
34598,3
34599,3
34600,3
34601,3
34602,3
34603,3
34604,3
34605,3
34606,3
34607,3
34608,3
34609,3
34610,3
34611,3
34612,3
34613,3
34614,3
34615,3
34616,3
34617,3
34618,3
34619,3
34620,3
34621,3
34622,3
34623,3
34624,3
34625,3
34626,3
34627,3
34628,3
34629,3
34630,3
34631,3
34632,3
34633,3
34634,3
34635,3
34636,3
34637,3
34638,3
34639,3
34640,3
34641,3
34642,3
34643,3
34644,3
34645,3
34646,3
34647,3
34648,3
34649,3
34650,3
34651,3
34652,3
34653,3
34654,3
34655,3
34656,3
34657,3
34658,3
34659,3
34660,3
34661,3
34662,3
34663,3
34664,3
34665,3
34666,3
34667,3
34668,3
34669,3
34670,3
34671,3
34672,3
34673,3
34674,3
34675,3
34676,3
34677,3
34678,3
34679,3
34680,3
34681,3
34682,3
34683,3
34684,3
34685,3
34686,3
34687,3
34688,3
34689,3
34690,3
34691,3
34692,3
34693,3
34694,3
34695,3
34696,3
34697,3
34698,3
34699,3
34700,3
34701,3
34702,3
34703,3
34704,3
34705,3
34706,3
34707,3
34708,3
34709,3
34710,3
34711,3
34712,3
34713,3
34714,3
34715,3
34716,3
34717,3
34718,3
34719,3
34720,3
34721,3
34722,3
34723,3
34724,3
34725,3
34726,3
34727,3
34728,3
34729,3
34730,3
34731,3
34732,3
34733,3
34734,3
34735,3
34736,3
34737,3
34738,3
34739,3
34740,3
34741,3
34742,3
34743,3
34744,3
34745,3
34746,3
34747,3
34748,3
34749,3
34750,3
34751,3
34752,3
34753,3
34754,3
34755,3
34756,3
34757,3
34758,3
34759,3
34760,3
34761,3
34762,3
34763,3
34764,3
34765,3
34766,3
34767,3
34768,3
34769,3
34770,3
34771,3
34772,3
34773,3
34774,3
34775,3
34776,3
34777,3
34778,3
34779,3
34780,3
34781,3
34782,3
34783,3
34784,3
34785,3
34786,3
34787,3
34788,3
34789,3
34790,3
34791,3
34792,3
34793,3
34794,3
34795,3
34796,3
34797,3
34798,3
34799,3
34800,3
34801,3
34802,3
34803,3
34804,3
34805,3
34806,3
34807,3
34808,3
34809,3
34810,3
34811,3
34812,3
34813,3
34814,3
34815,3
34816,3
34817,3
34818,3
34819,3
34820,3
34821,3
34822,3
34823,3
34824,3
34825,3
34826,3
34827,3
34828,3
34829,3
34830,3
34831,3
34832,3
34833,3
34834,3
34835,3
34836,3
34837,3
34838,3
34839,3
34840,3
34841,3
34842,3
34843,3
34844,3
34845,3
34846,3
34847,3
34848,3
34849,3
34850,3
34851,3
34852,3
34853,3
34854,3
34855,3
34856,3
34857,3
34858,3
34859,3
34860,3
34861,3
34862,3
34863,3
34864,3
34865,3
34866,3
34867,3
34868,3
34869,3
34870,3
34871,3
34872,3
34873,3
34874,3
34875,3
34876,3
34877,3
34878,3
34879,3
34880,3
34881,3
34882,3
34883,3
34884,3
34885,3
34886,3
34887,3
34888,3
34889,3
34890,3
34891,3
34892,3
34893,3
34894,3
34895,3
34896,3
34897,3
34898,3
34899,3
34900,3
34901,3
34902,3
34903,3
34904,3
34905,3
34906,3
34907,3
34908,3
34909,3
34910,3
34911,3
34912,3
34913,3
34914,3
34915,3
34916,3
34917,3
34918,3
34919,3
34920,3
34921,3
34922,3
34923,3
34924,3
34925,3
34926,3
34927,3
34928,3
34929,3
34930,3
34931,3
34932,3
34933,3
34934,3
34935,3
34936,3
34937,3
34938,3
34939,3
34940,3
34941,3
34942,3
34943,3
34944,3
34945,3
34946,3
34947,3
34948,3
34949,3
34950,3
34951,3
34952,3
34953,3
34954,3
34955,3
34956,3
34957,3
34958,3
34959,3
34960,3
34961,3
34962,3
34963,3
34964,3
34965,3
34966,3
34967,3
34968,3
34969,3
34970,3
34971,3
34972,3
34973,3
34974,3
34975,3
34976,3
34977,3
34978,3
34979,3
34980,3
34981,3
34982,3
34983,3
34984,3
34985,3
34986,3
34987,3
34988,3
34989,3
34990,3
34991,3
34992,3
34993,3
34994,3
34995,3
34996,3
34997,3
34998,3
34999,3
35000,3
35001,3
35002,3
35003,3
35004,3
35005,3
35006,3
35007,3
35008,3
35009,3
35010,3
35011,3
35012,3
35013,3
35014,3
35015,3
35016,3
35017,3
35018,3
35019,3
35020,3
35021,3
35022,3
35023,3
35024,3
35025,3
35026,3
35027,3
35028,3
35029,3
35030,3
35031,3
35032,3
35033,3
35034,3
35035,3
35036,3
35037,3
35038,3
35039,3
35040,3
35041,3
35042,3
35043,3
35044,3
35045,3
35046,3
35047,3
35048,3
35049,3
35050,3
35051,3
35052,3
35053,3
35054,3
35055,3
35056,3
35057,3
35058,3
35059,3
35060,3
35061,3
35062,3
35063,3
35064,3
35065,3
35066,3
35067,3
35068,3
35069,3
35070,3
35071,3
35072,3
35073,3
35074,3
35075,3
35076,3
35077,3
35078,3
35079,3
35080,3
35081,3
35082,3
35083,3
35084,3
35085,3
35086,3
35087,3
35088,3
35089,3
35090,3
35091,3
35092,3
35093,3
35094,3
35095,3
35096,3
35097,3
35098,3
35099,3
35100,3
35101,3
35102,3
35103,3
35104,3
35105,3
35106,3
35107,3
35108,3
35109,3
35110,3
35111,3
35112,3
35113,3
35114,3
35115,3
35116,3
35117,3
35118,3
35119,3
35120,3
35121,3
35122,3
35123,3
35124,3
35125,3
35126,3
35127,3
35128,3
35129,3
35130,3
35131,3
35132,3
35133,3
35134,3
35135,3
35136,3
35137,3
35138,3
35139,3
35140,3
35141,2
35142,2
35143,2
35144,2
35145,2
35146,2
35147,3
35148,3
35149,3
35150,3
35151,3
35152,3
35153,3
35154,2
35155,3
35156,3
35157,3
35158,3
35159,3
35160,3
35161,3
35162,3
35163,2
35164,2
35165,3
35166,3
35167,3
35168,3
35169,2
35170,3
35171,3
35172,3
35173,3
35174,3
35175,3
35176,3
35177,3
35178,3
35179,2
35180,2
35181,2
35182,3
35183,2
35184,2
35185,2
35186,3
35187,2
35188,3
35189,2
35190,2
35191,2
35192,2
35193,3
35194,2
35195,3
35196,3
35197,3
35198,3
35199,3
35200,3
35201,2
35202,3
35203,3
35204,3
35205,3
35206,3
35207,2
35208,2
35209,2
35210,2
35211,2
35212,3
35213,3
35214,2
35215,2
35216,2
35217,2
35218,2
35219,2
35220,2
35221,3
35222,2
35223,2
35224,3
35225,2
35226,3
35227,2
35228,2
35229,3
35230,3
35231,2
35232,3
35233,3
35234,3
35235,2
35236,3
35237,2
35238,2
35239,2
35240,2
35241,2
35242,2
35243,2
35244,2
35245,2
35246,2
35247,3
35248,2
35249,3
35250,2
35251,3
35252,3
35253,3
35254,3
35255,2
35256,2
35257,2
35258,2
35259,2
35260,3
35261,3
35262,3
35263,3
35264,3
35265,3
35266,2
35267,2
35268,3
35269,3
35270,3
35271,3
35272,3
35273,3
35274,2
35275,2
35276,3
35277,3
35278,2
35279,2
35280,2
35281,2
35282,3
35283,2
35284,3
35285,2
35286,3
35287,3
35288,3
35289,2
35290,3
35291,2
35292,3
35293,2
35294,3
35295,3
35296,3
35297,3
35298,3
35299,3
35300,3
35301,3
35302,3
35303,3
35304,3
35305,3
35306,3
35307,3
35308,2
35309,2
35310,3
35311,3
35312,3
35313,3
35314,3
35315,3
35316,3
35317,3
35318,3
35319,3
35320,3
35321,3
35322,3
35323,3
35324,3
35325,3
35326,3
35327,3
35328,3
35329,3
35330,3
35331,3
35332,3
35333,3
35334,3
35335,3
35336,3
35337,3
35338,3
35339,3
35340,3
35341,3
35342,3
35343,3
35344,3
35345,3
35346,3
35347,2
35348,2
35349,2
35350,2
35351,3
35352,3
35353,2
35354,2
35355,2
35356,2
35357,2
35358,3
35359,2
35360,2
35361,2
35362,3
35363,3
35364,3
35365,3
35366,3
35367,3
35368,3
35369,2
35370,3
35371,3
35372,3
35373,3
35374,3
35375,3
35376,3
35377,3
35378,3
35379,3
35380,3
35381,3
35382,3
35383,3
35384,3
35385,3
35386,3
35387,3
35388,3
35389,3
35390,3
35391,3
35392,3
35393,3
35394,3
35395,3
35396,3
35397,3
35398,3
35399,3
35400,2
35401,3
35402,2
35403,2
35404,2
35405,2
35406,2
35407,2
35408,3
35409,3
35410,3
35411,3
35412,3
35413,3
35414,3
35415,2
35416,3
35417,3
35418,3
35419,3
35420,3
35421,3
35422,3
35423,3
35424,3
35425,3
35426,3
35427,3
35428,3
35429,3
35430,3
35431,3
35432,3
35433,3
35434,3
35435,3
35436,3
35437,3
35438,3
35439,3
35440,3
35441,3
35442,3
35443,3
35444,3
35445,3
35446,3
35447,3
35448,3
35449,3
35450,3
35451,3
35452,3
35453,3
35454,3
35455,3
35456,3
35457,3
35458,3
35459,3
35460,3
35461,3
35462,3
35463,3
35464,3
35465,3
35466,3
35467,3
35468,3
35469,3
35470,3
35471,3
35472,3
35473,3
35474,3
35475,3
35476,3
35477,3
35478,3
35479,3
35480,3
35481,3
35482,3
35483,3
35484,3
35485,3
35486,3
35487,2
35488,3
35489,3
35490,3
35491,3
35492,3
35493,3
35494,3
35495,2
35496,3
35497,2
35498,3
35499,3
35500,2
35501,3
35502,3
35503,2
35504,3
35505,3
35506,3
35507,3
35508,3
35509,3
35510,3
35511,3
35512,3
35513,3
35514,3
35515,3
35516,3
35517,3
35518,3
35519,3
35520,3
35521,3
35522,3
35523,3
35524,3
35525,3
35526,3
35527,3
35528,3
35529,3
35530,3
35531,3
35532,3
35533,3
35534,2
35535,2
35536,3
35537,2
35538,2
35539,3
35540,3
35541,3
35542,3
35543,3
35544,3
35545,3
35546,3
35547,3
35548,3
35549,3
35550,3
35551,2
35552,2
35553,2
35554,3
35555,3
35556,2
35557,3
35558,3
35559,3
35560,3
35561,3
35562,2
35563,3
35564,2
35565,3
35566,3
35567,3
35568,3
35569,3
35570,3
35571,3
35572,3
35573,3
35574,3
35575,3
35576,2
35577,3
35578,3
35579,2
35580,2
35581,2
35582,3
35583,2
35584,3
35585,2
35586,3
35587,2
35588,3
35589,2
35590,2
35591,2
35592,2
35593,3
35594,3
35595,3
35596,3
35597,3
35598,3
35599,3
35600,3
35601,3
35602,3
35603,3
35604,3
35605,3
35606,3
35607,3
35608,3
35609,3
35610,3
35611,3
35612,3
35613,3
35614,3
35615,3
35616,3
35617,3
35618,3
35619,3
35620,2
35621,2
35622,3
35623,3
35624,3
35625,3
35626,3
35627,2
35628,3
35629,3
35630,3
35631,3
35632,3
35633,2
35634,2
35635,3
35636,2
35637,2
35638,2
35639,3
35640,2
35641,3
35642,2
35643,3
35644,3
35645,2
35646,3
35647,2
35648,2
35649,2
35650,3
35651,3
35652,2
35653,2
35654,3
35655,3
35656,3
35657,2
35658,3
35659,2
35660,2
35661,3
35662,3
35663,3
35664,3
35665,2
35666,3
35667,2
35668,3
35669,2
35670,3
35671,3
35672,2
35673,3
35674,3
35675,3
35676,3
35677,3
35678,3
35679,3
35680,3
35681,3
35682,3
35683,3
35684,3
35685,3
35686,3
35687,3
35688,3
35689,3
35690,3
35691,3
35692,2
35693,3
35694,2
35695,3
35696,2
35697,2
35698,2
35699,2
35700,3
35701,3
35702,3
35703,3
35704,3
35705,3
35706,3
35707,3
35708,3
35709,3
35710,3
35711,2
35712,2
35713,2
35714,2
35715,3
35716,2
35717,3
35718,3
35719,3
35720,3
35721,2
35722,2
35723,2
35724,2
35725,3
35726,2
35727,2
35728,2
35729,3
35730,3
35731,2
35732,2
35733,2
35734,3
35735,3
35736,2
35737,3
35738,2
35739,2
35740,2
35741,2
35742,2
35743,2
35744,3
35745,2
35746,3
35747,3
35748,3
35749,3
35750,3
35751,3
35752,3
35753,2
35754,3
35755,3
35756,2
35757,3
35758,2
35759,3
35760,2
35761,3
35762,3
35763,3
35764,3
35765,3
35766,3
35767,3
35768,2
35769,3
35770,3
35771,3
35772,3
35773,3
35774,3
35775,3
35776,3
35777,2
35778,3
35779,3
35780,3
35781,2
35782,3
35783,3
35784,2
35785,2
35786,2
35787,2
35788,3
35789,3
35790,3
35791,3
35792,3
35793,3
35794,3
35795,3
35796,3
35797,2
35798,2
35799,3
35800,3
35801,3
35802,3
35803,3
35804,3
35805,3
35806,3
35807,3
35808,3
35809,2
35810,3
35811,3
35812,3
35813,3
35814,3
35815,3
35816,2
35817,3
35818,3
35819,3
35820,3
35821,3
35822,3
35823,3
35824,3
35825,3
35826,3
35827,3
35828,3
35829,3
35830,3
35831,3
35832,3
35833,3
35834,3
35835,2
35836,3
35837,3
35838,3
35839,3
35840,3
35841,3
35842,3
35843,3
35844,3
35845,3
35846,3
35847,3
35848,3
35849,3
35850,3
35851,3
35852,3
35853,3
35854,3
35855,3
35856,3
35857,3
35858,3
35859,3
35860,3
35861,3
35862,3
35863,2
35864,3
35865,3
35866,3
35867,3
35868,3
35869,2
35870,3
35871,3
35872,3
35873,3
35874,3
35875,3
35876,3
35877,3
35878,3
35879,3
35880,3
35881,3
35882,3
35883,3
35884,3
35885,3
35886,3
35887,3
35888,2
35889,3
35890,3
35891,3
35892,3
35893,3
35894,3
35895,3
35896,3
35897,3
35898,3
35899,3
35900,3
35901,3
35902,3
35903,3
35904,3
35905,3
35906,3
35907,3
35908,3
35909,3
35910,3
35911,3
35912,3
35913,2
35914,2
35915,3
35916,3
35917,3
35918,3
35919,3
35920,3
35921,3
35922,3
35923,2
35924,3
35925,3
35926,3
35927,3
35928,3
35929,3
35930,3
35931,3
35932,3
35933,3
35934,3
35935,3
35936,3
35937,3
35938,3
35939,3
35940,3
35941,3
35942,3
35943,3
35944,3
35945,3
35946,2
35947,3
35948,2
35949,2
35950,3
35951,3
35952,3
35953,3
35954,3
35955,3
35956,3
35957,3
35958,3
35959,3
35960,2
35961,3
35962,3
35963,3
35964,3
35965,3
35966,3
35967,3
35968,3
35969,3
35970,3
35971,3
35972,3
35973,3
35974,3
35975,3
35976,3
35977,3
35978,3
35979,3
35980,3
35981,3
35982,3
35983,3
35984,2
35985,2
35986,3
35987,3
35988,2
35989,3
35990,3
35991,2
35992,2
35993,3
35994,3
35995,2
35996,3
35997,3
35998,2
35999,2
36000,2
36001,3
36002,2
36003,3
36004,3
36005,3
36006,3
36007,3
36008,3
36009,3
36010,3
36011,3
36012,3
36013,3
36014,3
36015,3
36016,3
36017,3
36018,3
36019,3
36020,3
36021,3
36022,3
36023,3
36024,2
36025,3
36026,3
36027,3
36028,3
36029,3
36030,3
36031,3
36032,3
36033,3
36034,3
36035,3
36036,3
36037,3
36038,3
36039,3
36040,3
36041,3
36042,3
36043,3
36044,3
36045,3
36046,3
36047,3
36048,3
36049,3
36050,3
36051,3
36052,3
36053,3
36054,3
36055,3
36056,3
36057,3
36058,3
36059,3
36060,3
36061,3
36062,3
36063,3
36064,3
36065,3
36066,2
36067,3
36068,3
36069,3
36070,3
36071,3
36072,3
36073,3
36074,3
36075,3
36076,3
36077,3
36078,3
36079,3
36080,3
36081,3
36082,3
36083,3
36084,3
36085,3
36086,3
36087,3
36088,3
36089,3
36090,3
36091,3
36092,3
36093,3
36094,3
36095,3
36096,3
36097,3
36098,3
36099,3
36100,3
36101,3
36102,3
36103,3
36104,2
36105,3
36106,3
36107,3
36108,3
36109,3
36110,3
36111,3
36112,3
36113,3
36114,3
36115,3
36116,3
36117,3
36118,3
36119,3
36120,3
36121,3
36122,3
36123,3
36124,3
36125,3
36126,3
36127,3
36128,3
36129,3
36130,3
36131,3
36132,3
36133,3
36134,3
36135,3
36136,3
36137,3
36138,2
36139,3
36140,3
36141,3
36142,3
36143,3
36144,3
36145,3
36146,3
36147,3
36148,3
36149,3
36150,3
36151,3
36152,3
36153,3
36154,3
36155,3
36156,3
36157,3
36158,3
36159,3
36160,3
36161,3
36162,3
36163,3
36164,3
36165,3
36166,3
36167,3
36168,3
36169,3
36170,3
36171,3
36172,3
36173,3
36174,3
36175,3
36176,3
36177,3
36178,3
36179,3
36180,3
36181,3
36182,3
36183,3
36184,3
36185,2
36186,3
36187,3
36188,3
36189,3
36190,3
36191,3
36192,3
36193,3
36194,3
36195,3
36196,3
36197,3
36198,3
36199,3
36200,3
36201,3
36202,3
36203,3
36204,3
36205,2
36206,3
36207,3
36208,2
36209,2
36210,3
36211,3
36212,3
36213,3
36214,3
36215,3
36216,3
36217,3
36218,3
36219,3
36220,3
36221,3
36222,3
36223,3
36224,3
36225,3
36226,3
36227,3
36228,3
36229,3
36230,3
36231,3
36232,3
36233,3
36234,3
36235,3
36236,3
36237,3
36238,3
36239,2
36240,3
36241,3
36242,3
36243,3
36244,3
36245,3
36246,3
36247,3
36248,3
36249,3
36250,3
36251,3
36252,3
36253,3
36254,3
36255,3
36256,3
36257,3
36258,3
36259,3
36260,3
36261,3
36262,3
36263,3
36264,3
36265,2
36266,3
36267,3
36268,3
36269,3
36270,3
36271,3
36272,3
36273,3
36274,3
36275,3
36276,3
36277,3
36278,3
36279,3
36280,3
36281,3
36282,3
36283,3
36284,3
36285,3
36286,3
36287,3
36288,3
36289,3
36290,3
36291,3
36292,3
36293,3
36294,3
36295,3
36296,3
36297,3
36298,3
36299,3
36300,3
36301,3
36302,3
36303,3
36304,3
36305,3
36306,2
36307,2
36308,2
36309,2
36310,3
36311,3
36312,3
36313,3
36314,3
36315,3
36316,2
36317,2
36318,2
36319,3
36320,2
36321,3
36322,3
36323,3
36324,2
36325,2
36326,3
36327,3
36328,3
36329,3
36330,3
36331,2
36332,2
36333,2
36334,3
36335,3
36336,3
36337,3
36338,3
36339,3
36340,3
36341,3
36342,3
36343,3
36344,2
36345,2
36346,2
36347,2
36348,3
36349,2
36350,3
36351,2
36352,3
36353,3
36354,3
36355,3
36356,3
36357,3
36358,3
36359,3
36360,3
36361,3
36362,3
36363,3
36364,2
36365,2
36366,3
36367,2
36368,2
36369,2
36370,2
36371,2
36372,2
36373,3
36374,3
36375,2
36376,2
36377,2
36378,2
36379,2
36380,3
36381,2
36382,2
36383,2
36384,2
36385,2
36386,3
36387,3
36388,3
36389,3
36390,2
36391,2
36392,2
36393,3
36394,2
36395,2
36396,2
36397,2
36398,2
36399,3
36400,3
36401,3
36402,3
36403,3
36404,3
36405,2
36406,3
36407,3
36408,2
36409,2
36410,3
36411,3
36412,2
36413,3
36414,3
36415,2
36416,2
36417,3
36418,3
36419,2
36420,2
36421,3
36422,3
36423,3
36424,2
36425,2
36426,3
36427,2
36428,2
36429,2
36430,2
36431,2
36432,2
36433,2
36434,3
36435,2
36436,3
36437,2
36438,3
36439,2
36440,3
36441,2
36442,2
36443,3
36444,2
36445,3
36446,2
36447,3
36448,3
36449,2
36450,3
36451,3
36452,2
36453,2
36454,2
36455,2
36456,2
36457,3
36458,2
36459,3
36460,2
36461,2
36462,3
36463,2
36464,2
36465,2
36466,2
36467,2
36468,2
36469,3
36470,3
36471,3
36472,2
36473,2
36474,2
36475,3
36476,2
36477,3
36478,2
36479,3
36480,3
36481,3
36482,2
36483,2
36484,3
36485,3
36486,3
36487,3
36488,2
36489,2
36490,2
36491,3
36492,3
36493,2
36494,2
36495,2
36496,2
36497,2
36498,2
36499,2
36500,2
36501,3
36502,3
36503,2
36504,3
36505,3
36506,3
36507,3
36508,3
36509,3
36510,2
36511,3
36512,2
36513,2
36514,2
36515,3
36516,3
36517,3
36518,3
36519,2
36520,3
36521,2
36522,3
36523,2
36524,3
36525,3
36526,3
36527,3
36528,3
36529,3
36530,3
36531,3
36532,3
36533,2
36534,3
36535,3
36536,3
36537,3
36538,3
36539,2
36540,3
36541,2
36542,3
36543,3
36544,2
36545,3
36546,2
36547,2
36548,3
36549,3
36550,3
36551,3
36552,3
36553,3
36554,2
36555,3
36556,3
36557,3
36558,3
36559,3
36560,2
36561,2
36562,3
36563,3
36564,2
36565,2
36566,2
36567,3
36568,2
36569,2
36570,3
36571,2
36572,3
36573,3
36574,3
36575,3
36576,2
36577,3
36578,2
36579,3
36580,3
36581,3
36582,3
36583,3
36584,3
36585,2
36586,3
36587,2
36588,2
36589,3
36590,3
36591,3
36592,3
36593,3
36594,3
36595,2
36596,3
36597,3
36598,2
36599,3
36600,2
36601,3
36602,3
36603,3
36604,2
36605,2
36606,2
36607,2
36608,3
36609,3
36610,3
36611,2
36612,2
36613,2
36614,3
36615,2
36616,3
36617,3
36618,3
36619,2
36620,3
36621,3
36622,2
36623,3
36624,3
36625,3
36626,2
36627,2
36628,2
36629,2
36630,3
36631,2
36632,3
36633,2
36634,2
36635,2
36636,2
36637,3
36638,2
36639,2
36640,3
36641,2
36642,2
36643,2
36644,2
36645,2
36646,3
36647,3
36648,3
36649,3
36650,3
36651,2
36652,3
36653,3
36654,3
36655,3
36656,3
36657,3
36658,3
36659,3
36660,2
36661,2
36662,2
36663,2
36664,2
36665,3
36666,2
36667,3
36668,3
36669,3
36670,3
36671,3
36672,3
36673,3
36674,3
36675,3
36676,3
36677,3
36678,3
36679,3
36680,3
36681,3
36682,3
36683,3
36684,3
36685,3
36686,3
36687,3
36688,3
36689,3
36690,2
36691,3
36692,3
36693,3
36694,3
36695,3
36696,3
36697,3
36698,2
36699,3
36700,3
36701,3
36702,3
36703,3
36704,3
36705,3
36706,3
36707,3
36708,3
36709,3
36710,3
36711,3
36712,3
36713,3
36714,3
36715,3
36716,2
36717,3
36718,3
36719,3
36720,3
36721,3
36722,3
36723,3
36724,3
36725,3
36726,3
36727,3
36728,3
36729,3
36730,3
36731,3
36732,3
36733,3
36734,3
36735,3
36736,2
36737,3
36738,3
36739,2
36740,3
36741,3
36742,3
36743,3
36744,3
36745,3
36746,3
36747,3
36748,2
36749,2
36750,2
36751,3
36752,3
36753,2
36754,2
36755,2
36756,2
36757,2
36758,3
36759,2
36760,2
36761,3
36762,3
36763,2
36764,3
36765,3
36766,3
36767,3
36768,3
36769,3
36770,3
36771,3
36772,3
36773,3
36774,3
36775,3
36776,3
36777,3
36778,3
36779,3
36780,3
36781,3
36782,3
36783,3
36784,3
36785,3
36786,3
36787,3
36788,3
36789,3
36790,3
36791,3
36792,3
36793,3
36794,3
36795,3
36796,3
36797,3
36798,3
36799,3
36800,3
36801,3
36802,3
36803,3
36804,3
36805,3
36806,3
36807,3
36808,3
36809,3
36810,3
36811,3
36812,3
36813,3
36814,3
36815,3
36816,3
36817,3
36818,2
36819,2
36820,3
36821,3
36822,2
36823,3
36824,3
36825,2
36826,3
36827,3
36828,3
36829,3
36830,3
36831,3
36832,3
36833,3
36834,3
36835,3
36836,3
36837,3
36838,2
36839,3
36840,3
36841,3
36842,3
36843,2
36844,2
36845,3
36846,3
36847,3
36848,3
36849,3
36850,2
36851,2
36852,2
36853,3
36854,3
36855,3
36856,2
36857,3
36858,3
36859,3
36860,2
36861,2
36862,3
36863,3
36864,3
36865,3
36866,3
36867,3
36868,3
36869,2
36870,2
36871,2
36872,3
36873,2
36874,3
36875,3
36876,2
36877,2
36878,2
36879,2
36880,2
36881,3
36882,2
36883,2
36884,2
36885,3
36886,2
36887,3
36888,3
36889,3
36890,2
36891,3
36892,2
36893,2
36894,2
36895,2
36896,3
36897,2
36898,2
36899,3
36900,3
36901,3
36902,3
36903,3
36904,3
36905,3
36906,3
36907,3
36908,3
36909,2
36910,3
36911,2
36912,3
36913,3
36914,3
36915,3
36916,2
36917,2
36918,3
36919,3
36920,3
36921,3
36922,3
36923,3
36924,3
36925,3
36926,2
36927,3
36928,3
36929,3
36930,3
36931,3
36932,3
36933,3
36934,3
36935,3
36936,2
36937,2
36938,2
36939,2
36940,2
36941,3
36942,2
36943,3
36944,3
36945,2
36946,2
36947,3
36948,3
36949,3
36950,2
36951,3
36952,2
36953,3
36954,3
36955,3
36956,2
36957,2
36958,3
36959,3
36960,3
36961,2
36962,3
36963,3
36964,3
36965,3
36966,3
36967,3
36968,2
36969,3
36970,3
36971,3
36972,3
36973,2
36974,2
36975,3
36976,2
36977,2
36978,2
36979,3
36980,3
36981,2
36982,3
36983,3
36984,2
36985,3
36986,3
36987,3
36988,3
36989,3
36990,3
36991,2
36992,2
36993,3
36994,2
36995,3
36996,3
36997,3
36998,3
36999,3
37000,3
37001,3
37002,3
37003,3
37004,3
37005,3
37006,3
37007,2
37008,3
37009,3
37010,3
37011,3
37012,3
37013,3
37014,3
37015,3
37016,3
37017,3
37018,3
37019,3
37020,3
37021,2
37022,3
37023,3
37024,3
37025,3
37026,3
37027,3
37028,3
37029,3
37030,3
37031,2
37032,3
37033,3
37034,3
37035,3
37036,2
37037,3
37038,3
37039,3
37040,3
37041,3
37042,3
37043,3
37044,2
37045,3
37046,2
37047,3
37048,3
37049,3
37050,3
37051,3
37052,3
37053,3
37054,2
37055,2
37056,2
37057,3
37058,3
37059,2
37060,2
37061,2
37062,3
37063,2
37064,2
37065,3
37066,3
37067,3
37068,3
37069,2
37070,2
37071,3
37072,3
37073,3
37074,3
37075,3
37076,3
37077,3
37078,3
37079,2
37080,2
37081,2
37082,3
37083,2
37084,3
37085,3
37086,3
37087,3
37088,3
37089,3
37090,3
37091,3
37092,2
37093,3
37094,2
37095,3
37096,2
37097,2
37098,3
37099,3
37100,3
37101,3
37102,2
37103,3
37104,3
37105,2
37106,2
37107,2
37108,2
37109,2
37110,2
37111,3
37112,3
37113,3
37114,3
37115,3
37116,2
37117,2
37118,2
37119,3
37120,2
37121,3
37122,3
37123,2
37124,3
37125,3
37126,3
37127,3
37128,3
37129,3
37130,3
37131,2
37132,3
37133,3
37134,3
37135,3
37136,3
37137,3
37138,2
37139,2
37140,2
37141,3
37142,3
37143,2
37144,3
37145,3
37146,3
37147,3
37148,3
37149,3
37150,3
37151,3
37152,2
37153,3
37154,2
37155,2
37156,2
37157,2
37158,3
37159,3
37160,2
37161,2
37162,3
37163,2
37164,3
37165,3
37166,3
37167,3
37168,3
37169,3
37170,2
37171,3
37172,3
37173,3
37174,3
37175,2
37176,3
37177,3
37178,3
37179,3
37180,3
37181,3
37182,3
37183,3
37184,3
37185,3
37186,3
37187,3
37188,3
37189,3
37190,3
37191,3
37192,3
37193,3
37194,3
37195,3
37196,3
37197,3
37198,3
37199,3
37200,2
37201,3
37202,2
37203,2
37204,2
37205,3
37206,2
37207,2
37208,3
37209,3
37210,2
37211,2
37212,3
37213,3
37214,3
37215,3
37216,3
37217,3
37218,3
37219,3
37220,3
37221,3
37222,3
37223,2
37224,3
37225,3
37226,3
37227,3
37228,2
37229,2
37230,2
37231,3
37232,3
37233,3
37234,3
37235,3
37236,2
37237,3
37238,3
37239,3
37240,3
37241,3
37242,2
37243,3
37244,2
37245,3
37246,3
37247,3
37248,3
37249,3
37250,3
37251,3
37252,3
37253,3
37254,3
37255,3
37256,3
37257,3
37258,3
37259,3
37260,3
37261,3
37262,3
37263,3
37264,3
37265,3
37266,3
37267,3
37268,3
37269,3
37270,2
37271,3
37272,3
37273,3
37274,3
37275,2
37276,2
37277,3
37278,2
37279,2
37280,3
37281,2
37282,2
37283,3
37284,2
37285,3
37286,3
37287,3
37288,3
37289,3
37290,2
37291,2
37292,2
37293,2
37294,2
37295,2
37296,3
37297,3
37298,2
37299,2
37300,2
37301,3
37302,2
37303,3
37304,3
37305,3
37306,3
37307,3
37308,3
37309,2
37310,3
37311,3
37312,3
37313,3
37314,3
37315,3
37316,3
37317,3
37318,3
37319,3
37320,3
37321,3
37322,3
37323,3
37324,3
37325,3
37326,3
37327,2
37328,3
37329,3
37330,3
37331,2
37332,3
37333,3
37334,3
37335,3
37336,3
37337,3
37338,3
37339,3
37340,3
37341,3
37342,2
37343,3
37344,2
37345,3
37346,3
37347,3
37348,3
37349,3
37350,3
37351,3
37352,3
37353,3
37354,3
37355,3
37356,3
37357,3
37358,3
37359,3
37360,3
37361,3
37362,3
37363,2
37364,3
37365,3
37366,2
37367,3
37368,3
37369,3
37370,3
37371,3
37372,2
37373,2
37374,2
37375,2
37376,2
37377,3
37378,3
37379,2
37380,2
37381,3
37382,2
37383,2
37384,3
37385,3
37386,2
37387,3
37388,3
37389,3
37390,3
37391,3
37392,2
37393,2
37394,3
37395,2
37396,3
37397,3
37398,3
37399,3
37400,3
37401,2
37402,2
37403,3
37404,3
37405,3
37406,3
37407,2
37408,2
37409,3
37410,2
37411,3
37412,2
37413,3
37414,3
37415,2
37416,2
37417,2
37418,3
37419,2
37420,3
37421,3
37422,3
37423,3
37424,3
37425,3
37426,3
37427,2
37428,3
37429,3
37430,3
37431,2
37432,2
37433,2
37434,3
37435,3
37436,2
37437,3
37438,3
37439,2
37440,3
37441,2
37442,2
37443,3
37444,3
37445,2
37446,3
37447,3
37448,3
37449,3
37450,3
37451,3
37452,3
37453,2
37454,2
37455,3
37456,2
37457,2
37458,3
37459,3
37460,2
37461,3
37462,2
37463,3
37464,3
37465,3
37466,3
37467,3
37468,2
37469,2
37470,3
37471,3
37472,2
37473,3
37474,2
37475,3
37476,2
37477,3
37478,3
37479,3
37480,2
37481,2
37482,3
37483,2
37484,3
37485,2
37486,2
37487,3
37488,2
37489,2
37490,2
37491,2
37492,3
37493,3
37494,2
37495,3
37496,2
37497,3
37498,2
37499,2
37500,2
37501,3
37502,2
37503,2
37504,2
37505,3
37506,3
37507,2
37508,3
37509,2
37510,3
37511,3
37512,3
37513,3
37514,3
37515,3
37516,3
37517,3
37518,3
37519,3
37520,2
37521,3
37522,3
37523,3
37524,2
37525,3
37526,3
37527,2
37528,3
37529,3
37530,3
37531,3
37532,3
37533,3
37534,3
37535,3
37536,3
37537,3
37538,2
37539,2
37540,2
37541,2
37542,3
37543,2
37544,2
37545,2
37546,3
37547,2
37548,3
37549,2
37550,2
37551,2
37552,3
37553,2
37554,2
37555,2
37556,3
37557,2
37558,2
37559,2
37560,3
37561,3
37562,3
37563,3
37564,3
37565,3
37566,3
37567,3
37568,2
37569,2
37570,2
37571,3
37572,3
37573,2
37574,3
37575,3
37576,3
37577,3
37578,3
37579,3
37580,2
37581,3
37582,2
37583,2
37584,2
37585,3
37586,3
37587,3
37588,3
37589,3
37590,3
37591,3
37592,3
37593,3
37594,2
37595,3
37596,2
37597,2
37598,2
37599,2
37600,2
37601,2
37602,2
37603,2
37604,3
37605,3
37606,3
37607,3
37608,3
37609,2
37610,2
37611,3
37612,3
37613,3
37614,3
37615,3
37616,3
37617,3
37618,3
37619,3
37620,3
37621,3
37622,3
37623,3
37624,3
37625,3
37626,3
37627,3
37628,2
37629,2
37630,3
37631,3
37632,2
37633,3
37634,3
37635,3
37636,3
37637,3
37638,3
37639,3
37640,3
37641,3
37642,3
37643,3
37644,2
37645,3
37646,3
37647,3
37648,3
37649,3
37650,3
37651,3
37652,3
37653,3
37654,3
37655,3
37656,2
37657,2
37658,3
37659,3
37660,3
37661,3
37662,3
37663,3
37664,3
37665,3
37666,3
37667,3
37668,3
37669,3
37670,3
37671,3
37672,2
37673,3
37674,3
37675,2
37676,3
37677,3
37678,3
37679,3
37680,3
37681,3
37682,3
37683,2
37684,2
37685,2
37686,2
37687,3
37688,3
37689,3
37690,3
37691,3
37692,3
37693,2
37694,3
37695,3
37696,3
37697,3
37698,3
37699,3
37700,3
37701,2
37702,3
37703,2
37704,3
37705,2
37706,3
37707,2
37708,3
37709,3
37710,3
37711,2
37712,2
37713,2
37714,3
37715,3
37716,3
37717,2
37718,3
37719,2
37720,2
37721,2
37722,3
37723,2
37724,2
37725,3
37726,3
37727,3
37728,3
37729,3
37730,3
37731,3
37732,3
37733,3
37734,3
37735,2
37736,2
37737,3
37738,3
37739,3
37740,3
37741,3
37742,3
37743,3
37744,3
37745,2
37746,3
37747,3
37748,3
37749,3
37750,3
37751,3
37752,2
37753,3
37754,2
37755,3
37756,2
37757,3
37758,2
37759,3
37760,3
37761,2
37762,3
37763,2
37764,3
37765,3
37766,2
37767,3
37768,2
37769,3
37770,2
37771,3
37772,2
37773,3
37774,3
37775,2
37776,3
37777,2
37778,2
37779,3
37780,3
37781,3
37782,2
37783,3
37784,3
37785,2
37786,3
37787,3
37788,2
37789,2
37790,3
37791,3
37792,3
37793,2
37794,3
37795,2
37796,2
37797,2
37798,3
37799,2
37800,2
37801,3
37802,3
37803,3
37804,2
37805,3
37806,3
37807,2
37808,3
37809,3
37810,3
37811,3
37812,3
37813,3
37814,3
37815,3
37816,3
37817,3
37818,3
37819,2
37820,3
37821,2
37822,3
37823,3
37824,3
37825,3
37826,2
37827,2
37828,3
37829,2
37830,3
37831,3
37832,3
37833,3
37834,3
37835,2
37836,3
37837,2
37838,3
37839,3
37840,2
37841,3
37842,2
37843,3
37844,3
37845,3
37846,3
37847,3
37848,3
37849,3
37850,3
37851,3
37852,2
37853,3
37854,3
37855,2
37856,3
37857,3
37858,2
37859,2
37860,3
37861,2
37862,3
37863,3
37864,3
37865,3
37866,3
37867,2
37868,3
37869,3
37870,3
37871,3
37872,3
37873,2
37874,3
37875,3
37876,3
37877,3
37878,3
37879,2
37880,2
37881,2
37882,3
37883,2
37884,3
37885,3
37886,3
37887,2
37888,3
37889,3
37890,3
37891,3
37892,3
37893,3
37894,2
37895,3
37896,3
37897,3
37898,3
37899,2
37900,3
37901,2
37902,3
37903,3
37904,2
37905,2
37906,2
37907,3
37908,2
37909,3
37910,3
37911,3
37912,2
37913,3
37914,3
37915,3
37916,3
37917,3
37918,3
37919,3
37920,3
37921,3
37922,3
37923,3
37924,3
37925,3
37926,3
37927,3
37928,3
37929,3
37930,3
37931,2
37932,3
37933,3
37934,3
37935,2
37936,3
37937,2
37938,2
37939,3
37940,3
37941,3
37942,3
37943,2
37944,3
37945,2
37946,2
37947,2
37948,2
37949,2
37950,2
37951,2
37952,3
37953,3
37954,3
37955,3
37956,2
37957,2
37958,3
37959,3
37960,3
37961,3
37962,3
37963,2
37964,3
37965,3
37966,3
37967,3
37968,3
37969,3
37970,3
37971,3
37972,3
37973,3
37974,3
37975,3
37976,3
37977,3
37978,3
37979,3
37980,3
37981,3
37982,2
37983,2
37984,3
37985,2
37986,3
37987,2
37988,3
37989,3
37990,3
37991,3
37992,3
37993,2
37994,3
37995,2
37996,2
37997,2
37998,3
37999,3
38000,2
38001,3
38002,3
38003,2
38004,3
38005,3
38006,2
38007,3
38008,3
38009,2
38010,3
38011,3
38012,3
38013,3
38014,3
38015,3
38016,3
38017,3
38018,3
38019,3
38020,3
38021,3
38022,3
38023,3
38024,3
38025,3
38026,3
38027,3
38028,2
38029,3
38030,3
38031,3
38032,3
38033,3
38034,3
38035,3
38036,3
38037,3
38038,3
38039,3
38040,3
38041,3
38042,3
38043,3
38044,3
38045,3
38046,3
38047,3
38048,3
38049,3
38050,3
38051,3
38052,3
38053,3
38054,3
38055,3
38056,3
38057,3
38058,3
38059,3
38060,3
38061,3
38062,3
38063,3
38064,3
38065,3
38066,3
38067,3
38068,3
38069,3
38070,3
38071,2
38072,3
38073,3
38074,3
38075,3
38076,3
38077,3
38078,3
38079,3
38080,3
38081,3
38082,3
38083,3
38084,3
38085,3
38086,3
38087,3
38088,3
38089,3
38090,3
38091,3
38092,3
38093,3
38094,3
38095,3
38096,3
38097,3
38098,3
38099,3
38100,3
38101,3
38102,3
38103,3
38104,3
38105,3
38106,3
38107,3
38108,3
38109,3
38110,3
38111,3
38112,3
38113,3
38114,3
38115,2
38116,3
38117,3
38118,3
38119,3
38120,3
38121,3
38122,3
38123,3
38124,3
38125,3
38126,3
38127,3
38128,3
38129,3
38130,3
38131,3
38132,3
38133,3
38134,3
38135,3
38136,3
38137,2
38138,2
38139,3
38140,3
38141,3
38142,3
38143,2
38144,2
38145,3
38146,3
38147,2
38148,2
38149,2
38150,3
38151,2
38152,2
38153,2
38154,3
38155,2
38156,2
38157,2
38158,3
38159,3
38160,3
38161,3
38162,3
38163,3
38164,3
38165,3
38166,2
38167,3
38168,2
38169,2
38170,3
38171,3
38172,3
38173,3
38174,3
38175,3
38176,3
38177,3
38178,3
38179,2
38180,3
38181,2
38182,3
38183,3
38184,2
38185,2
38186,3
38187,2
38188,3
38189,3
38190,3
38191,2
38192,3
38193,3
38194,3
38195,2
38196,2
38197,3
38198,3
38199,3
38200,3
38201,3
38202,3
38203,3
38204,2
38205,3
38206,2
38207,3
38208,3
38209,3
38210,3
38211,3
38212,3
38213,3
38214,3
38215,2
38216,3
38217,2
38218,3
38219,2
38220,3
38221,3
38222,2
38223,3
38224,3
38225,3
38226,3
38227,2
38228,2
38229,3
38230,3
38231,2
38232,3
38233,2
38234,2
38235,2
38236,2
38237,3
38238,3
38239,2
38240,2
38241,3
38242,2
38243,2
38244,3
38245,3
38246,2
38247,3
38248,3
38249,3
38250,3
38251,3
38252,3
38253,3
38254,3
38255,3
38256,3
38257,3
38258,3
38259,3
38260,3
38261,3
38262,3
38263,2
38264,3
38265,2
38266,3
38267,2
38268,2
38269,2
38270,2
38271,2
38272,3
38273,2
38274,3
38275,2
38276,2
38277,2
38278,2
38279,3
38280,3
38281,2
38282,2
38283,2
38284,3
38285,3
38286,3
38287,3
38288,3
38289,3
38290,3
38291,2
38292,3
38293,2
38294,2
38295,2
38296,3
38297,3
38298,2
38299,3
38300,3
38301,3
38302,3
38303,3
38304,3
38305,3
38306,3
38307,3
38308,3
38309,3
38310,3
38311,3
38312,3
38313,3
38314,3
38315,2
38316,3
38317,3
38318,2
38319,3
38320,2
38321,3
38322,3
38323,3
38324,3
38325,3
38326,3
38327,3
38328,3
38329,3
38330,3
38331,3
38332,3
38333,3
38334,3
38335,3
38336,3
38337,3
38338,3
38339,3
38340,3
38341,3
38342,3
38343,3
38344,3
38345,3
38346,3
38347,3
38348,3
38349,3
38350,3
38351,2
38352,3
38353,3
38354,3
38355,2
38356,3
38357,3
38358,2
38359,2
38360,3
38361,2
38362,3
38363,3
38364,3
38365,3
38366,3
38367,3
38368,3
38369,3
38370,3
38371,3
38372,3
38373,3
38374,3
38375,3
38376,3
38377,3
38378,3
38379,3
38380,3
38381,3
38382,3
38383,3
38384,2
38385,3
38386,3
38387,3
38388,3
38389,3
38390,3
38391,2
38392,2
38393,2
38394,2
38395,2
38396,3
38397,3
38398,3
38399,2
38400,3
38401,2
38402,3
38403,3
38404,3
38405,3
38406,3
38407,3
38408,3
38409,3
38410,3
38411,3
38412,3
38413,2
38414,3
38415,3
38416,3
38417,2
38418,3
38419,3
38420,3
38421,2
38422,3
38423,3
38424,3
38425,3
38426,3
38427,2
38428,3
38429,3
38430,3
38431,3
38432,3
38433,3
38434,2
38435,3
38436,2
38437,3
38438,3
38439,2
38440,3
38441,3
38442,3
38443,2
38444,3
38445,3
38446,3
38447,3
38448,2
38449,3
38450,3
38451,2
38452,2
38453,3
38454,3
38455,3
38456,3
38457,2
38458,3
38459,3
38460,2
38461,3
38462,2
38463,2
38464,3
38465,2
38466,2
38467,3
38468,2
38469,3
38470,2
38471,2
38472,3
38473,3
38474,3
38475,2
38476,2
38477,3
38478,3
38479,2
38480,2
38481,2
38482,3
38483,3
38484,3
38485,3
38486,3
38487,3
38488,2
38489,2
38490,3
38491,2
38492,3
38493,3
38494,2
38495,3
38496,2
38497,3
38498,2
38499,3
38500,3
38501,3
38502,3
38503,2
38504,3
38505,2
38506,3
38507,2
38508,2
38509,2
38510,3
38511,3
38512,2
38513,2
38514,2
38515,3
38516,2
38517,3
38518,3
38519,3
38520,3
38521,3
38522,3
38523,2
38524,3
38525,3
38526,3
38527,3
38528,3
38529,3
38530,2
38531,3
38532,2
38533,2
38534,2
38535,3
38536,3
38537,2
38538,3
38539,3
38540,3
38541,2
38542,2
38543,3
38544,3
38545,3
38546,3
38547,3
38548,3
38549,3
38550,3
38551,3
38552,3
38553,3
38554,2
38555,3
38556,3
38557,3
38558,3
38559,3
38560,2
38561,2
38562,3
38563,3
38564,3
38565,3
38566,3
38567,2
38568,2
38569,2
38570,3
38571,3
38572,3
38573,3
38574,3
38575,3
38576,3
38577,3
38578,2
38579,3
38580,3
38581,3
38582,3
38583,3
38584,3
38585,3
38586,3
38587,2
38588,3
38589,3
38590,2
38591,3
38592,2
38593,3
38594,3
38595,3
38596,3
38597,2
38598,2
38599,3
38600,3
38601,3
38602,3
38603,3
38604,2
38605,3
38606,3
38607,3
38608,3
38609,2
38610,3
38611,3
38612,3
38613,3
38614,2
38615,2
38616,2
38617,2
38618,2
38619,2
38620,3
38621,2
38622,2
38623,2
38624,2
38625,2
38626,2
38627,3
38628,3
38629,3
38630,3
38631,3
38632,3
38633,3
38634,3
38635,3
38636,2
38637,3
38638,2
38639,2
38640,3
38641,2
38642,2
38643,2
38644,2
38645,3
38646,3
38647,2
38648,2
38649,3
38650,2
38651,2
38652,3
38653,3
38654,3
38655,2
38656,3
38657,2
38658,3
38659,3
38660,2
38661,3
38662,3
38663,2
38664,2
38665,3
38666,3
38667,3
38668,3
38669,3
38670,2
38671,3
38672,2
38673,3
38674,3
38675,3
38676,3
38677,3
38678,2
38679,2
38680,2
38681,3
38682,3
38683,3
38684,3
38685,3
38686,3
38687,3
38688,3
38689,3
38690,3
38691,3
38692,3
38693,3
38694,3
38695,3
38696,3
38697,3
38698,3
38699,3
38700,3
38701,3
38702,3
38703,3
38704,3
38705,3
38706,3
38707,2
38708,3
38709,3
38710,2
38711,3
38712,3
38713,3
38714,3
38715,3
38716,3
38717,3
38718,2
38719,2
38720,3
38721,3
38722,3
38723,3
38724,3
38725,3
38726,2
38727,2
38728,3
38729,3
38730,2
38731,3
38732,2
38733,2
38734,2
38735,2
38736,3
38737,2
38738,2
38739,2
38740,3
38741,2
38742,3
38743,3
38744,3
38745,3
38746,2
38747,3
38748,3
38749,3
38750,2
38751,3
38752,3
38753,2
38754,2
38755,3
38756,3
38757,2
38758,3
38759,3
38760,3
38761,3
38762,3
38763,3
38764,3
38765,3
38766,3
38767,3
38768,3
38769,3
38770,3
38771,3
38772,3
38773,3
38774,3
38775,3
38776,3
38777,2
38778,3
38779,2
38780,3
38781,2
38782,2
38783,2
38784,2
38785,2
38786,3
38787,3
38788,2
38789,2
38790,2
38791,2
38792,3
38793,3
38794,2
38795,3
38796,3
38797,2
38798,2
38799,3
38800,3
38801,3
38802,3
38803,3
38804,2
38805,3
38806,3
38807,3
38808,3
38809,3
38810,3
38811,3
38812,3
38813,3
38814,3
38815,3
38816,3
38817,3
38818,3
38819,3
38820,3
38821,3
38822,3
38823,3
38824,3
38825,3
38826,3
38827,3
38828,3
38829,3
38830,3
38831,3
38832,3
38833,3
38834,3
38835,3
38836,3
38837,3
38838,3
38839,3
38840,3
38841,3
38842,3
38843,3
38844,3
38845,3
38846,3
38847,3
38848,3
38849,3
38850,3
38851,3
38852,3
38853,3
38854,3
38855,3
38856,3
38857,3
38858,3
38859,3
38860,3
38861,3
38862,3
38863,3
38864,3
38865,3
38866,3
38867,3
38868,3
38869,3
38870,2
38871,3
38872,2
38873,2
38874,3
38875,2
38876,3
38877,3
38878,3
38879,2
38880,3
38881,2
38882,3
38883,3
38884,3
38885,3
38886,2
38887,2
38888,3
38889,3
38890,3
38891,3
38892,3
38893,3
38894,3
38895,3
38896,3
38897,3
38898,3
38899,3
38900,3
38901,3
38902,3
38903,3
38904,3
38905,2
38906,3
38907,3
38908,3
38909,3
38910,2
38911,2
38912,3
38913,3
38914,2
38915,2
38916,2
38917,2
38918,2
38919,2
38920,3
38921,3
38922,3
38923,3
38924,3
38925,3
38926,3
38927,3
38928,3
38929,3
38930,3
38931,3
38932,3
38933,3
38934,3
38935,3
38936,3
38937,3
38938,3
38939,3
38940,3
38941,3
38942,3
38943,2
38944,3
38945,3
38946,3
38947,3
38948,3
38949,3
38950,2
38951,2
38952,3
38953,2
38954,2
38955,2
38956,2
38957,3
38958,3
38959,2
38960,2
38961,3
38962,2
38963,2
38964,3
38965,2
38966,2
38967,3
38968,3
38969,3
38970,3
38971,3
38972,3
38973,2
38974,3
38975,2
38976,3
38977,3
38978,3
38979,3
38980,3
38981,3
38982,3
38983,2
38984,2
38985,2
38986,3
38987,3
38988,3
38989,3
38990,3
38991,3
38992,2
38993,3
38994,3
38995,2
38996,3
38997,2
38998,3
38999,2
39000,2
39001,3
39002,2
39003,3
39004,3
39005,3
39006,3
39007,2
39008,3
39009,3
39010,3
39011,3
39012,3
39013,3
39014,3
39015,3
39016,3
39017,3
39018,3
39019,2
39020,3
39021,3
39022,2
39023,3
39024,3
39025,2
39026,3
39027,3
39028,3
39029,3
39030,3
39031,3
39032,3
39033,3
39034,3
39035,2
39036,3
39037,3
39038,3
39039,3
39040,2
39041,2
39042,3
39043,3
39044,3
39045,3
39046,2
39047,3
39048,3
39049,3
39050,2
39051,3
39052,2
39053,3
39054,3
39055,3
39056,3
39057,3
39058,3
39059,2
39060,3
39061,2
39062,2
39063,2
39064,3
39065,3
39066,2
39067,3
39068,3
39069,3
39070,3
39071,3
39072,3
39073,3
39074,3
39075,3
39076,3
39077,3
39078,3
39079,3
39080,3
39081,3
39082,3
39083,3
39084,3
39085,2
39086,3
39087,3
39088,3
39089,2
39090,3
39091,3
39092,3
39093,3
39094,3
39095,3
39096,3
39097,3
39098,3
39099,3
39100,3
39101,3
39102,3
39103,3
39104,3
39105,2
39106,3
39107,2
39108,2
39109,3
39110,3
39111,3
39112,3
39113,2
39114,3
39115,3
39116,3
39117,2
39118,2
39119,3
39120,3
39121,3
39122,3
39123,3
39124,3
39125,3
39126,3
39127,3
39128,3
39129,2
39130,3
39131,2
39132,3
39133,2
39134,2
39135,3
39136,3
39137,2
39138,3
39139,3
39140,2
39141,2
39142,3
39143,2
39144,2
39145,3
39146,2
39147,2
39148,3
39149,2
39150,2
39151,2
39152,3
39153,3
39154,3
39155,3
39156,3
39157,3
39158,3
39159,3
39160,3
39161,3
39162,3
39163,3
39164,3
39165,3
39166,3
39167,3
39168,3
39169,3
39170,3
39171,3
39172,3
39173,3
39174,2
39175,3
39176,3
39177,2
39178,3
39179,3
39180,3
39181,3
39182,2
39183,2
39184,3
39185,3
39186,3
39187,3
39188,3
39189,3
39190,3
39191,3
39192,3
39193,3
39194,3
39195,3
39196,3
39197,3
39198,3
39199,3
39200,3
39201,3
39202,3
39203,3
39204,3
39205,3
39206,3
39207,3
39208,3
39209,3
39210,3
39211,3
39212,3
39213,3
39214,3
39215,3
39216,3
39217,3
39218,3
39219,3
39220,3
39221,3
39222,2
39223,2
39224,3
39225,2
39226,2
39227,3
39228,3
39229,3
39230,2
39231,3
39232,2
39233,3
39234,3
39235,2
39236,2
39237,3
39238,2
39239,3
39240,2
39241,2
39242,2
39243,3
39244,3
39245,3
39246,2
39247,3
39248,3
39249,2
39250,2
39251,3
39252,3
39253,3
39254,2
39255,3
39256,2
39257,3
39258,2
39259,3
39260,2
39261,2
39262,2
39263,2
39264,2
39265,3
39266,3
39267,2
39268,2
39269,2
39270,3
39271,3
39272,2
39273,2
39274,2
39275,3
39276,3
39277,2
39278,3
39279,3
39280,3
39281,2
39282,2
39283,2
39284,3
39285,3
39286,3
39287,2
39288,3
39289,2
39290,2
39291,3
39292,2
39293,2
39294,2
39295,3
39296,2
39297,3
39298,3
39299,2
39300,3
39301,2
39302,3
39303,2
39304,2
39305,2
39306,2
39307,2
39308,3
39309,3
39310,3
39311,2
39312,3
39313,3
39314,3
39315,3
39316,3
39317,3
39318,3
39319,3
39320,3
39321,3
39322,3
39323,3
39324,3
39325,3
39326,3
39327,3
39328,3
39329,3
39330,3
39331,2
39332,2
39333,2
39334,3
39335,3
39336,2
39337,3
39338,3
39339,2
39340,2
39341,3
39342,2
39343,3
39344,2
39345,3
39346,2
39347,2
39348,2
39349,2
39350,2
39351,2
39352,2
39353,2
39354,3
39355,2
39356,3
39357,3
39358,3
39359,3
39360,3
39361,3
39362,3
39363,3
39364,3
39365,3
39366,3
39367,3
39368,3
39369,3
39370,3
39371,3
39372,2
39373,3
39374,2
39375,3
39376,3
39377,2
39378,3
39379,2
39380,3
39381,3
39382,3
39383,2
39384,2
39385,2
39386,2
39387,2
39388,3
39389,3
39390,2
39391,3
39392,3
39393,3
39394,3
39395,3
39396,3
39397,3
39398,3
39399,2
39400,2
39401,3
39402,2
39403,2
39404,3
39405,2
39406,3
39407,3
39408,3
39409,2
39410,2
39411,3
39412,2
39413,2
39414,3
39415,3
39416,3
39417,2
39418,2
39419,2
39420,2
39421,2
39422,2
39423,2
39424,2
39425,3
39426,2
39427,2
39428,2
39429,3
39430,2
39431,2
39432,3
39433,2
39434,3
39435,2
39436,2
39437,3
39438,3
39439,3
39440,3
39441,3
39442,3
39443,3
39444,3
39445,2
39446,2
39447,2
39448,3
39449,3
39450,3
39451,3
39452,3
39453,3
39454,2
39455,3
39456,3
39457,2
39458,3
39459,3
39460,3
39461,3
39462,3
39463,3
39464,3
39465,3
39466,3
39467,3
39468,3
39469,3
39470,3
39471,3
39472,3
39473,3
39474,3
39475,2
39476,3
39477,3
39478,3
39479,2
39480,2
39481,2
39482,3
39483,3
39484,2
39485,3
39486,3
39487,2
39488,2
39489,2
39490,2
39491,2
39492,3
39493,2
39494,3
39495,3
39496,3
39497,2
39498,2
39499,2
39500,3
39501,2
39502,3
39503,3
39504,3
39505,3
39506,2
39507,3
39508,2
39509,3
39510,2
39511,2
39512,2
39513,2
39514,3
39515,2
39516,2
39517,2
39518,2
39519,2
39520,2
39521,2
39522,3
39523,2
39524,2
39525,3
39526,3
39527,2
39528,3
39529,3
39530,3
39531,3
39532,3
39533,3
39534,2
39535,3
39536,2
39537,2
39538,3
39539,2
39540,2
39541,2
39542,2
39543,2
39544,2
39545,2
39546,3
39547,3
39548,2
39549,2
39550,3
39551,2
39552,2
39553,3
39554,2
39555,3
39556,3
39557,3
39558,3
39559,2
39560,2
39561,2
39562,3
39563,3
39564,3
39565,2
39566,3
39567,2
39568,2
39569,2
39570,3
39571,3
39572,3
39573,3
39574,3
39575,3
39576,3
39577,3
39578,2
39579,2
39580,2
39581,3
39582,2
39583,3
39584,3
39585,2
39586,3
39587,3
39588,3
39589,3
39590,3
39591,3
39592,3
39593,3
39594,3
39595,3
39596,3
39597,3
39598,3
39599,3
39600,3
39601,3
39602,3
39603,2
39604,2
39605,3
39606,2
39607,3
39608,2
39609,2
39610,3
39611,3
39612,3
39613,3
39614,3
39615,3
39616,3
39617,3
39618,3
39619,2
39620,2
39621,2
39622,3
39623,2
39624,3
39625,3
39626,2
39627,2
39628,3
39629,3
39630,3
39631,3
39632,3
39633,3
39634,3
39635,2
39636,3
39637,3
39638,3
39639,2
39640,3
39641,3
39642,3
39643,2
39644,3
39645,3
39646,2
39647,3
39648,3
39649,3
39650,3
39651,2
39652,3
39653,3
39654,2
39655,3
39656,3
39657,3
39658,3
39659,3
39660,3
39661,3
39662,3
39663,3
39664,3
39665,3
39666,3
39667,3
39668,3
39669,3
39670,3
39671,3
39672,3
39673,3
39674,2
39675,3
39676,3
39677,3
39678,3
39679,3
39680,3
39681,3
39682,2
39683,3
39684,3
39685,3
39686,3
39687,3
39688,3
39689,3
39690,3
39691,3
39692,3
39693,3
39694,3
39695,3
39696,3
39697,3
39698,3
39699,3
39700,3
39701,3
39702,3
39703,3
39704,3
39705,3
39706,3
39707,3
39708,3
39709,3
39710,3
39711,3
39712,3
39713,3
39714,3
39715,3
39716,3
39717,2
39718,2
39719,3
39720,3
39721,2
39722,3
39723,3
39724,3
39725,3
39726,3
39727,3
39728,3
39729,3
39730,3
39731,3
39732,3
39733,3
39734,3
39735,3
39736,3
39737,3
39738,3
39739,3
39740,3
39741,2
39742,3
39743,3
39744,3
39745,3
39746,3
39747,2
39748,3
39749,3
39750,3
39751,2
39752,3
39753,3
39754,3
39755,3
39756,3
39757,3
39758,3
39759,3
39760,3
39761,3
39762,3
39763,3
39764,3
39765,3
39766,3
39767,3
39768,3
39769,3
39770,3
39771,3
39772,3
39773,3
39774,3
39775,3
39776,3
39777,3
39778,3
39779,3
39780,3
39781,3
39782,3
39783,3
39784,3
39785,3
39786,3
39787,2
39788,3
39789,3
39790,3
39791,3
39792,3
39793,3
39794,3
39795,3
39796,3
39797,3
39798,3
39799,3
39800,3
39801,3
39802,3
39803,3
39804,3
39805,3
39806,3
39807,3
39808,3
39809,3
39810,3
39811,3
39812,3
39813,3
39814,3
39815,3
39816,3
39817,3
39818,3
39819,3
39820,3
39821,3
39822,3
39823,3
39824,3
39825,3
39826,3
39827,3
39828,3
39829,2
39830,3
39831,3
39832,3
39833,3
39834,3
39835,3
39836,3
39837,3
39838,3
39839,3
39840,3
39841,3
39842,3
39843,3
39844,3
39845,3
39846,3
39847,3
39848,3
39849,3
39850,3
39851,3
39852,3
39853,3
39854,3
39855,3
39856,3
39857,3
39858,3
39859,3
39860,3
39861,3
39862,3
39863,3
39864,3
39865,3
39866,3
39867,3
39868,3
39869,3
39870,3
39871,3
39872,3
39873,3
39874,3
39875,3
39876,3
39877,3
39878,3
39879,3
39880,3
39881,3
39882,3
39883,3
39884,3
39885,3
39886,3
39887,3
39888,3
39889,3
39890,3
39891,2
39892,3
39893,3
39894,3
39895,3
39896,3
39897,3
39898,3
39899,3
39900,3
39901,3
39902,3
39903,3
39904,3
39905,2
39906,3
39907,3
39908,3
39909,3
39910,3
39911,3
39912,3
39913,2
39914,3
39915,3
39916,3
39917,3
39918,3
39919,3
39920,3
39921,3
39922,3
39923,3
39924,3
39925,3
39926,3
39927,3
39928,3
39929,3
39930,3
39931,3
39932,3
39933,3
39934,3
39935,3
39936,3
39937,3
39938,3
39939,3
39940,3
39941,3
39942,3
39943,3
39944,3
39945,3
39946,3
39947,3
39948,3
39949,3
39950,3
39951,3
39952,3
39953,3
39954,3
39955,3
39956,3
39957,3
39958,3
39959,3
39960,3
39961,3
39962,3
39963,3
39964,3
39965,3
39966,3
39967,3
39968,3
39969,3
39970,3
39971,3
39972,3
39973,3
39974,3
39975,3
39976,3
39977,3
39978,3
39979,3
39980,3
39981,3
39982,3
39983,3
39984,3
39985,3
39986,3
39987,3
39988,3
39989,3
39990,3
39991,3
39992,3
39993,3
39994,3
39995,3
39996,3
39997,3
39998,3
39999,3
40000,3
40001,3
40002,3
40003,3
40004,3
40005,3
40006,3
40007,3
40008,3
40009,3
40010,3
40011,3
40012,3
40013,3
40014,3
40015,3
40016,3
40017,3
40018,3
40019,3
40020,3
40021,3
40022,3
40023,3
40024,3
40025,3
40026,3
40027,3
40028,3
40029,3
40030,3
40031,3
40032,3
40033,3
40034,3
40035,3
40036,3
40037,3
40038,3
40039,3
40040,3
40041,3
40042,3
40043,3
40044,3
40045,3
40046,3
40047,3
40048,3
40049,3
40050,3
40051,3
40052,3
40053,3
40054,3
40055,3
40056,3
40057,3
40058,3
40059,3
40060,3
40061,3
40062,3
40063,3
40064,3
40065,3
40066,3
40067,3
40068,3
40069,3
40070,3
40071,3
40072,3
40073,3
40074,3
40075,3
40076,3
40077,3
40078,3
40079,3
40080,3
40081,3
40082,3
40083,3
40084,3
40085,3
40086,3
40087,3
40088,3
40089,3
40090,3
40091,3
40092,3
40093,3
40094,3
40095,3
40096,3
40097,3
40098,3
40099,3
40100,3
40101,3
40102,3
40103,3
40104,3
40105,3
40106,3
40107,3
40108,3
40109,3
40110,3
40111,3
40112,3
40113,3
40114,3
40115,3
40116,3
40117,3
40118,3
40119,3
40120,3
40121,3
40122,3
40123,3
40124,3
40125,3
40126,3
40127,3
40128,3
40129,3
40130,3
40131,3
40132,3
40133,3
40134,3
40135,3
40136,3
40137,3
40138,3
40139,2
40140,3
40141,3
40142,3
40143,3
40144,3
40145,3
40146,3
40147,3
40148,3
40149,3
40150,3
40151,3
40152,3
40153,3
40154,3
40155,3
40156,3
40157,3
40158,3
40159,3
40160,3
40161,3
40162,3
40163,3
40164,3
40165,3
40166,3
40167,3
40168,3
40169,3
40170,3
40171,3
40172,3
40173,3
40174,3
40175,3
40176,3
40177,3
40178,3
40179,3
40180,3
40181,3
40182,3
40183,3
40184,3
40185,3
40186,3
40187,3
40188,3
40189,3
40190,3
40191,3
40192,3
40193,3
40194,3
40195,3
40196,3
40197,3
40198,3
40199,3
40200,3
40201,3
40202,3
40203,3
40204,3
40205,3
40206,2
40207,3
40208,3
40209,3
40210,3
40211,3
40212,3
40213,2
40214,3
40215,3
40216,3
40217,3
40218,3
40219,3
40220,3
40221,3
40222,3
40223,3
40224,3
40225,3
40226,3
40227,3
40228,3
40229,3
40230,3
40231,3
40232,3
40233,3
40234,3
40235,3
40236,3
40237,3
40238,3
40239,3
40240,3
40241,2
40242,3
40243,2
40244,3
40245,3
40246,3
40247,3
40248,3
40249,3
40250,3
40251,3
40252,3
40253,3
40254,3
40255,3
40256,3
40257,3
40258,3
40259,3
40260,3
40261,3
40262,3
40263,3
40264,3
40265,3
40266,3
40267,3
40268,3
40269,3
40270,3
40271,3
40272,3
40273,3
40274,3
40275,3
40276,3
40277,3
40278,3
40279,3
40280,3
40281,3
40282,3
40283,3
40284,3
40285,3
40286,3
40287,3
40288,3
40289,2
40290,3
40291,3
40292,3
40293,3
40294,3
40295,3
40296,3
40297,3
40298,3
40299,3
40300,3
40301,3
40302,3
40303,3
40304,3
40305,3
40306,3
40307,3
40308,3
40309,3
40310,3
40311,3
40312,3
40313,3
40314,3
40315,3
40316,3
40317,3
40318,3
40319,3
40320,3
40321,3
40322,3
40323,3
40324,3
40325,3
40326,3
40327,3
40328,3
40329,3
40330,3
40331,3
40332,3
40333,3
40334,3
40335,3
40336,2
40337,3
40338,3
40339,3
40340,3
40341,3
40342,3
40343,3
40344,3
40345,3
40346,3
40347,3
40348,3
40349,3
40350,3
40351,3
40352,3
40353,3
40354,3
40355,3
40356,3
40357,3
40358,3
40359,3
40360,3
40361,3
40362,3
40363,3
40364,3
40365,3
40366,3
40367,3
40368,3
40369,3
40370,3
40371,3
40372,3
40373,3
40374,3
40375,3
40376,3
40377,3
40378,3
40379,3
40380,3
40381,3
40382,3
40383,3
40384,3
40385,3
40386,3
40387,3
40388,3
40389,3
40390,3
40391,3
40392,3
40393,3
40394,3
40395,3
40396,3
40397,3
40398,3
40399,3
40400,3
40401,3
40402,3
40403,3
40404,3
40405,3
40406,3
40407,3
40408,3
40409,3
40410,3
40411,3
40412,3
40413,3
40414,3
40415,3
40416,3
40417,3
40418,3
40419,3
40420,3
40421,3
40422,3
40423,2
40424,2
40425,2
40426,2
40427,2
40428,3
40429,3
40430,3
40431,3
40432,3
40433,3
40434,3
40435,3
40436,3
40437,3
40438,2
40439,3
40440,3
40441,3
40442,3
40443,3
40444,3
40445,3
40446,2
40447,3
40448,3
40449,3
40450,3
40451,3
40452,3
40453,3
40454,3
40455,3
40456,3
40457,3
40458,3
40459,3
40460,3
40461,3
40462,3
40463,3
40464,3
40465,3
40466,3
40467,3
40468,3
40469,3
40470,3
40471,3
40472,3
40473,3
40474,3
40475,3
40476,3
40477,3
40478,3
40479,3
40480,3
40481,3
40482,3
40483,3
40484,3
40485,3
40486,3
40487,3
40488,3
40489,3
40490,3
40491,3
40492,3
40493,3
40494,3
40495,3
40496,3
40497,3
40498,2
40499,3
40500,3
40501,3
40502,3
40503,3
40504,3
40505,3
40506,3
40507,2
40508,3
40509,3
40510,3
40511,3
40512,3
40513,3
40514,3
40515,3
40516,3
40517,3
40518,3
40519,3
40520,3
40521,3
40522,3
40523,3
40524,3
40525,3
40526,3
40527,3
40528,3
40529,3
40530,3
40531,3
40532,3
40533,3
40534,3
40535,3
40536,3
40537,3
40538,3
40539,3
40540,3
40541,3
40542,3
40543,3
40544,3
40545,3
40546,3
40547,3
40548,3
40549,3
40550,3
40551,3
40552,3
40553,3
40554,3
40555,3
40556,3
40557,3
40558,3
40559,3
40560,3
40561,3
40562,3
40563,3
40564,3
40565,3
40566,3
40567,3
40568,3
40569,3
40570,3
40571,2
40572,2
40573,3
40574,3
40575,3
40576,3
40577,3
40578,3
40579,3
40580,3
40581,3
40582,3
40583,3
40584,3
40585,3
40586,3
40587,3
40588,3
40589,3
40590,3
40591,3
40592,3
40593,3
40594,3
40595,3
40596,3
40597,3
40598,2
40599,2
40600,3
40601,2
40602,2
40603,3
40604,3
40605,3
40606,3
40607,3
40608,3
40609,3
40610,3
40611,3
40612,3
40613,3
40614,3
40615,3
40616,3
40617,3
40618,3
40619,3
40620,3
40621,3
40622,3
40623,3
40624,3
40625,3
40626,3
40627,2
40628,2
40629,3
40630,3
40631,3
40632,3
40633,3
40634,3
40635,3
40636,3
40637,3
40638,3
40639,3
40640,3
40641,3
40642,3
40643,3
40644,3
40645,3
40646,3
40647,3
40648,3
40649,3
40650,3
40651,3
40652,3
40653,3
40654,3
40655,3
40656,3
40657,3
40658,2
40659,3
40660,3
40661,3
40662,3
40663,3
40664,3
40665,3
40666,3
40667,3
40668,3
40669,3
40670,3
40671,3
40672,3
40673,3
40674,3
40675,3
40676,3
40677,3
40678,3
40679,3
40680,3
40681,3
40682,3
40683,3
40684,3
40685,3
40686,3
40687,3
40688,3
40689,3
40690,3
40691,3
40692,3
40693,3
40694,3
40695,3
40696,3
40697,3
40698,3
40699,3
40700,3
40701,3
40702,3
40703,3
40704,3
40705,3
40706,3
40707,3
40708,3
40709,3
40710,3
40711,3
40712,3
40713,3
40714,3
40715,3
40716,3
40717,3
40718,3
40719,3
40720,3
40721,3
40722,3
40723,3
40724,3
40725,3
40726,3
40727,3
40728,3
40729,3
40730,3
40731,3
40732,3
40733,3
40734,3
40735,3
40736,3
40737,3
40738,3
40739,3
40740,3
40741,3
40742,3
40743,3
40744,3
40745,3
40746,3
40747,3
40748,3
40749,3
40750,3
40751,3
40752,3
40753,3
40754,3
40755,3
40756,3
40757,3
40758,3
40759,3
40760,3
40761,3
40762,3
40763,3
40764,3
40765,3
40766,3
40767,3
40768,3
40769,3
40770,3
40771,3
40772,3
40773,3
40774,3
40775,3
40776,3
40777,3
40778,3
40779,3
40780,3
40781,3
40782,3
40783,3
40784,3
40785,3
40786,3
40787,3
40788,3
40789,3
40790,3
40791,3
40792,3
40793,3
40794,3
40795,2
40796,3
40797,2
40798,2
40799,3
40800,3
40801,3
40802,3
40803,3
40804,3
40805,3
40806,3
40807,3
40808,3
40809,3
40810,3
40811,3
40812,3
40813,3
40814,3
40815,3
40816,3
40817,3
40818,3
40819,3
40820,3
40821,3
40822,3
40823,3
40824,3
40825,3
40826,3
40827,3
40828,3
40829,2
40830,3
40831,3
40832,3
40833,3
40834,3
40835,3
40836,3
40837,3
40838,3
40839,3
40840,3
40841,3
40842,3
40843,3
40844,3
40845,3
40846,3
40847,3
40848,3
40849,3
40850,3
40851,3
40852,3
40853,3
40854,3
40855,3
40856,3
40857,3
40858,3
40859,3
40860,3
40861,3
40862,3
40863,3
40864,3
40865,3
40866,3
40867,3
40868,3
40869,3
40870,3
40871,3
40872,3
40873,3
40874,3
40875,3
40876,3
40877,3
40878,3
40879,3
40880,3
40881,3
40882,3
40883,3
40884,3
40885,3
40886,3
40887,3
40888,3
40889,3
40890,3
40891,3
40892,3
40893,3
40894,3
40895,3
40896,3
40897,3
40898,3
40899,3
40900,3
40901,3
40902,3
40903,3
40904,3
40905,3
40906,3
40907,3
40908,3
40909,3
40910,3
40911,3
40912,3
40913,3
40914,3
40915,3
40916,3
40917,3
40918,3
40919,3
40920,3
40921,3
40922,3
40923,3
40924,3
40925,3
40926,3
40927,3
40928,3
40929,3
40930,3
40931,3
40932,3
40933,3
40934,3
40935,3
40936,3
40937,3
40938,3
40939,3
40940,3
40941,3
40942,3
40943,3
40944,3
40945,3
40946,3
40947,3
40948,3
40949,3
40950,3
40951,3
40952,3
40953,3
40954,3
40955,3
40956,3
40957,3
40958,3
40959,3
40960,3
40961,3
40962,3
40963,3
40964,3
40965,3
40966,3
40967,3
40968,3
40969,3
40970,3
40971,3
40972,3
40973,3
40974,3
40975,3
40976,3
40977,3
40978,3
40979,3
40980,3
40981,3
40982,3
40983,3
40984,3
40985,3
40986,3
40987,3
40988,3
40989,3
40990,3
40991,3
40992,3
40993,3
40994,3
40995,3
40996,3
40997,3
40998,3
40999,3
41000,3
41001,3
41002,3
41003,3
41004,3
41005,3
41006,3
41007,3
41008,3
41009,3
41010,3
41011,3
41012,3
41013,3
41014,3
41015,3
41016,3
41017,3
41018,3
41019,3
41020,3
41021,3
41022,3
41023,3
41024,3
41025,3
41026,3
41027,3
41028,3
41029,3
41030,3
41031,3
41032,3
41033,3
41034,3
41035,3
41036,3
41037,3
41038,3
41039,3
41040,3
41041,3
41042,3
41043,3
41044,3
41045,3
41046,3
41047,3
41048,3
41049,3
41050,3
41051,3
41052,3
41053,3
41054,3
41055,3
41056,3
41057,3
41058,3
41059,3
41060,3
41061,3
41062,3
41063,3
41064,3
41065,3
41066,3
41067,3
41068,3
41069,3
41070,3
41071,3
41072,3
41073,3
41074,3
41075,3
41076,3
41077,3
41078,3
41079,3
41080,3
41081,3
41082,3
41083,3
41084,3
41085,3
41086,3
41087,3
41088,3
41089,3
41090,3
41091,3
41092,3
41093,3
41094,3
41095,3
41096,3
41097,3
41098,3
41099,3
41100,3
41101,3
41102,3
41103,3
41104,3
41105,3
41106,3
41107,3
41108,3
41109,3
41110,3
41111,3
41112,3
41113,3
41114,3
41115,3
41116,3
41117,3
41118,3
41119,3
41120,3
41121,3
41122,3
41123,3
41124,3
41125,3
41126,3
41127,3
41128,3
41129,3
41130,3
41131,3
41132,3
41133,3
41134,3
41135,3
41136,3
41137,3
41138,3
41139,3
41140,3
41141,3
41142,3
41143,3
41144,3
41145,3
41146,3
41147,3
41148,3
41149,3
41150,3
41151,3
41152,3
41153,3
41154,3
41155,3
41156,3
41157,3
41158,3
41159,3
41160,3
41161,3
41162,3
41163,3
41164,3
41165,3
41166,3
41167,3
41168,3
41169,3
41170,3
41171,3
41172,3
41173,3
41174,3
41175,3
41176,3
41177,3
41178,3
41179,3
41180,3
41181,3
41182,3
41183,3
41184,3
41185,3
41186,3
41187,3
41188,3
41189,3
41190,3
41191,3
41192,3
41193,3
41194,3
41195,3
41196,3
41197,3
41198,3
41199,3
41200,3
41201,3
41202,3
41203,3
41204,3
41205,3
41206,3
41207,3
41208,3
41209,3
41210,3
41211,3
41212,3
41213,3
41214,3
41215,3
41216,3
41217,3
41218,3
41219,3
41220,3
41221,3
41222,3
41223,3
41224,3
41225,3
41226,3
41227,3
41228,3
41229,3
41230,3
41231,3
41232,3
41233,3
41234,3
41235,3
41236,3
41237,3
41238,3
41239,3
41240,3
41241,3
41242,3
41243,3
41244,3
41245,3
41246,3
41247,3
41248,3
41249,3
41250,3
41251,3
41252,3
41253,3
41254,3
41255,3
41256,3
41257,3
41258,3
41259,3
41260,3
41261,3
41262,3
41263,3
41264,3
41265,3
41266,3
41267,3
41268,3
41269,3
41270,3
41271,3
41272,3
41273,3
41274,3
41275,3
41276,3
41277,3
41278,3
41279,3
41280,3
41281,3
41282,3
41283,3
41284,3
41285,3
41286,3
41287,3
41288,3
41289,3
41290,3
41291,3
41292,3
41293,3
41294,3
41295,3
41296,3
41297,3
41298,3
41299,3
41300,3
41301,3
41302,3
41303,3
41304,3
41305,3
41306,3
41307,3
41308,3
41309,3
41310,3
41311,3
41312,3
41313,3
41314,3
41315,3
41316,3
41317,3
41318,3
41319,3
41320,3
41321,3
41322,3
41323,3
41324,3
41325,3
41326,3
41327,3
41328,3
41329,3
41330,3
41331,3
41332,3
41333,3
41334,3
41335,3
41336,3
41337,3
41338,3
41339,3
41340,3
41341,3
41342,3
41343,3
41344,3
41345,3
41346,3
41347,3
41348,3
41349,3
41350,3
41351,3
41352,3
41353,3
41354,3
41355,3
41356,3
41357,3
41358,3
41359,3
41360,3
41361,3
41362,3
41363,3
41364,3
41365,3
41366,3
41367,3
41368,3
41369,3
41370,3
41371,3
41372,3
41373,3
41374,3
41375,3
41376,3
41377,3
41378,3
41379,3
41380,3
41381,3
41382,3
41383,3
41384,3
41385,3
41386,3
41387,3
41388,3
41389,3
41390,3
41391,3
41392,3
41393,3
41394,3
41395,3
41396,3
41397,3
41398,3
41399,3
41400,3
41401,3
41402,3
41403,3
41404,3
41405,3
41406,3
41407,3
41408,3
41409,3
41410,3
41411,3
41412,3
41413,3
41414,3
41415,3
41416,3
41417,3
41418,3
41419,3
41420,3
41421,3
41422,3
41423,3
41424,3
41425,3
41426,3
41427,3
41428,3
41429,3
41430,3
41431,3
41432,3
41433,3
41434,3
41435,3
41436,3
41437,3
41438,3
41439,3
41440,3
41441,3
41442,3
41443,3
41444,3
41445,3
41446,3
41447,3
41448,3
41449,3
41450,3
41451,3
41452,3
41453,3
41454,3
41455,3
41456,3
41457,3
41458,3
41459,3
41460,3
41461,3
41462,3
41463,3
41464,3
41465,3
41466,3
41467,3
41468,3
41469,3
41470,3
41471,3
41472,3
41473,3
41474,3
41475,3
41476,3
41477,3
41478,3
41479,3
41480,3
41481,3
41482,3
41483,3
41484,3
41485,3
41486,3
41487,3
41488,3
41489,3
41490,3
41491,3
41492,3
41493,3
41494,3
41495,3
41496,3
41497,3
41498,3
41499,3
41500,3
41501,3
41502,3
41503,3
41504,3
41505,3
41506,3
41507,3
41508,3
41509,3
41510,3
41511,3
41512,3
41513,3
41514,3
41515,3
41516,3
41517,3
41518,3
41519,3
41520,3
41521,3
41522,3
41523,3
41524,3
41525,3
41526,3
41527,3
41528,3
41529,3
41530,3
41531,3
41532,3
41533,3
41534,3
41535,3
41536,3
41537,3
41538,3
41539,3
41540,3
41541,3
41542,3
41543,3
41544,3
41545,3
41546,3
41547,3
41548,3
41549,3
41550,3
41551,3
41552,3
41553,3
41554,3
41555,3
41556,3
41557,3
41558,3
41559,3
41560,3
41561,3
41562,3
41563,3
41564,3
41565,3
41566,3
41567,3
41568,3
41569,3
41570,3
41571,3
41572,3
41573,3
41574,3
41575,3
41576,3
41577,3
41578,3
41579,3
41580,3
41581,3
41582,3
41583,3
41584,3
41585,3
41586,3
41587,3
41588,3
41589,3
41590,3
41591,3
41592,3
41593,3
41594,3
41595,3
41596,3
41597,3
41598,3
41599,3
41600,3
41601,3
41602,3
41603,3
41604,3
41605,3
41606,3
41607,3
41608,3
41609,3
41610,3
41611,3
41612,3
41613,3
41614,3
41615,3
41616,3
41617,3
41618,3
41619,3
41620,3
41621,3
41622,3
41623,3
41624,3
41625,3
41626,3
41627,3
41628,3
41629,3
41630,3
41631,3
41632,3
41633,3
41634,3
41635,3
41636,3
41637,3
41638,3
41639,3
41640,3
41641,2
41642,2
41643,2
41644,2
41645,2
41646,3
41647,2
41648,2
41649,2
41650,2
41651,2
41652,3
41653,3
41654,2
41655,2
41656,2
41657,2
41658,2
41659,2
41660,2
41661,2
41662,2
41663,2
41664,2
41665,2
41666,2
41667,2
41668,2
41669,2
41670,2
41671,2
41672,3
41673,2
41674,2
41675,2
41676,3
41677,2
41678,2
41679,2
41680,2
41681,2
41682,2
41683,2
41684,3
41685,2
41686,3
41687,3
41688,2
41689,3
41690,3
41691,3
41692,2
41693,2
41694,2
41695,2
41696,3
41697,3
41698,3
41699,3
41700,2
41701,3
41702,3
41703,3
41704,3
41705,3
41706,3
41707,3
41708,2
41709,3
41710,3
41711,3
41712,3
41713,3
41714,3
41715,3
41716,3
41717,2
41718,2
41719,3
41720,3
41721,3
41722,3
41723,3
41724,3
41725,3
41726,3
41727,3
41728,3
41729,3
41730,3
41731,3
41732,3
41733,3
41734,3
41735,3
41736,3
41737,3
41738,3
41739,3
41740,3
41741,3
41742,2
41743,3
41744,2
41745,3
41746,3
41747,3
41748,3
41749,3
41750,3
41751,3
41752,3
41753,3
41754,3
41755,2
41756,2
41757,2
41758,2
41759,2
41760,3
41761,2
41762,2
41763,2
41764,2
41765,2
41766,2
41767,2
41768,2
41769,3
41770,2
41771,3
41772,2
41773,2
41774,2
41775,2
41776,3
41777,2
41778,2
41779,3
41780,3
41781,3
41782,2
41783,3
41784,2
41785,3
41786,2
41787,3
41788,2
41789,3
41790,2
41791,3
41792,2
41793,2
41794,2
41795,2
41796,2
41797,2
41798,2
41799,2
41800,2
41801,3
41802,2
41803,2
41804,2
41805,2
41806,2
41807,2
41808,2
41809,2
41810,2
41811,2
41812,2
41813,2
41814,2
41815,2
41816,3
41817,3
41818,3
41819,3
41820,2
41821,2
41822,2
41823,2
41824,2
41825,2
41826,2
41827,3
41828,2
41829,3
41830,3
41831,3
41832,3
41833,3
41834,3
41835,3
41836,3
41837,3
41838,3
41839,3
41840,3
41841,3
41842,3
41843,2
41844,2
41845,2
41846,2
41847,2
41848,3
41849,3
41850,2
41851,2
41852,2
41853,3
41854,3
41855,3
41856,3
41857,2
41858,2
41859,2
41860,2
41861,2
41862,2
41863,2
41864,2
41865,2
41866,2
41867,2
41868,2
41869,2
41870,2
41871,2
41872,2
41873,3
41874,2
41875,2
41876,2
41877,2
41878,2
41879,2
41880,2
41881,3
41882,3
41883,3
41884,2
41885,2
41886,2
41887,2
41888,2
41889,2
41890,2
41891,2
41892,2
41893,3
41894,3
41895,2
41896,2
41897,2
41898,2
41899,2
41900,2
41901,2
41902,2
41903,2
41904,2
41905,2
41906,3
41907,2
41908,3
41909,2
41910,2
41911,2
41912,2
41913,2
41914,2
41915,2
41916,2
41917,3
41918,3
41919,3
41920,3
41921,3
41922,3
41923,3
41924,3
41925,2
41926,3
41927,2
41928,2
41929,2
41930,2
41931,2
41932,2
41933,2
41934,3
41935,2
41936,2
41937,2
41938,2
41939,3
41940,3
41941,3
41942,3
41943,2
41944,3
41945,2
41946,2
41947,2
41948,2
41949,2
41950,2
41951,2
41952,3
41953,3
41954,3
41955,3
41956,3
41957,3
41958,3
41959,3
41960,2
41961,2
41962,2
41963,2
41964,2
41965,2
41966,3
41967,2
41968,2
41969,2
41970,2
41971,2
41972,2
41973,2
41974,2
41975,2
41976,2
41977,2
41978,2
41979,2
41980,2
41981,3
41982,3
41983,2
41984,2
41985,2
41986,3
41987,3
41988,3
41989,3
41990,3
41991,3
41992,2
41993,2
41994,2
41995,2
41996,3
41997,2
41998,2
41999,3
42000,3
42001,2
42002,2
42003,3
42004,2
42005,2
42006,2
42007,2
42008,2
42009,2
42010,2
42011,3
42012,2
42013,2
42014,2
42015,3
42016,3
42017,3
42018,3
42019,2
42020,3
42021,3
42022,2
42023,2
42024,3
42025,3
42026,3
42027,3
42028,3
42029,2
42030,3
42031,3
42032,3
42033,3
42034,3
42035,3
42036,2
42037,3
42038,2
42039,3
42040,2
42041,3
42042,2
42043,2
42044,2
42045,2
42046,2
42047,2
42048,2
42049,2
42050,2
42051,2
42052,2
42053,3
42054,3
42055,3
42056,3
42057,3
42058,3
42059,2
42060,2
42061,2
42062,2
42063,2
42064,2
42065,2
42066,2
42067,2
42068,2
42069,2
42070,2
42071,2
42072,2
42073,2
42074,2
42075,2
42076,2
42077,2
42078,2
42079,2
42080,2
42081,2
42082,2
42083,2
42084,2
42085,2
42086,2
42087,2
42088,2
42089,2
42090,2
42091,2
42092,2
42093,2
42094,2
42095,3
42096,3
42097,3
42098,3
42099,3
42100,3
42101,3
42102,3
42103,3
42104,3
42105,3
42106,3
42107,3
42108,3
42109,3
42110,2
42111,2
42112,2
42113,2
42114,2
42115,2
42116,2
42117,2
42118,2
42119,2
42120,2
42121,2
42122,2
42123,2
42124,3
42125,2
42126,2
42127,2
42128,2
42129,2
42130,2
42131,2
42132,2
42133,2
42134,2
42135,2
42136,2
42137,2
42138,2
42139,2
42140,2
42141,2
42142,2
42143,2
42144,2
42145,2
42146,2
42147,3
42148,2
42149,2
42150,3
42151,2
42152,2
42153,2
42154,2
42155,2
42156,2
42157,2
42158,2
42159,2
42160,3
42161,2
42162,2
42163,2
42164,2
42165,2
42166,3
42167,3
42168,3
42169,2
42170,2
42171,3
42172,3
42173,3
42174,3
42175,3
42176,3
42177,3
42178,3
42179,2
42180,2
42181,2
42182,2
42183,2
42184,2
42185,2
42186,2
42187,3
42188,2
42189,3
42190,3
42191,2
42192,2
42193,3
42194,3
42195,3
42196,3
42197,3
42198,2
42199,3
42200,2
42201,2
42202,3
42203,3
42204,3
42205,3
42206,3
42207,2
42208,2
42209,2
42210,2
42211,2
42212,2
42213,2
42214,3
42215,2
42216,2
42217,3
42218,3
42219,3
42220,3
42221,2
42222,2
42223,3
42224,2
42225,3
42226,3
42227,3
42228,3
42229,3
42230,3
42231,3
42232,3
42233,3
42234,3
42235,2
42236,2
42237,2
42238,3
42239,3
42240,2
42241,2
42242,2
42243,2
42244,2
42245,2
42246,3
42247,3
42248,3
42249,3
42250,3
42251,3
42252,3
42253,3
42254,3
42255,3
42256,3
42257,3
42258,3
42259,3
42260,3
42261,3
42262,3
42263,3
42264,3
42265,2
42266,2
42267,2
42268,3
42269,3
42270,3
42271,3
42272,3
42273,2
42274,2
42275,3
42276,2
42277,2
42278,2
42279,2
42280,3
42281,2
42282,2
42283,3
42284,3
42285,3
42286,3
42287,3
42288,3
42289,3
42290,3
42291,3
42292,3
42293,2
42294,3
42295,2
42296,2
42297,2
42298,2
42299,3
42300,3
42301,3
42302,3
42303,3
42304,3
42305,3
42306,2
42307,2
42308,2
42309,3
42310,3
42311,2
42312,2
42313,2
42314,2
42315,2
42316,2
42317,3
42318,3
42319,2
42320,2
42321,3
42322,3
42323,3
42324,2
42325,3
42326,3
42327,3
42328,2
42329,2
42330,3
42331,2
42332,2
42333,3
42334,2
42335,3
42336,2
42337,2
42338,2
42339,3
42340,2
42341,3
42342,3
42343,3
42344,2
42345,3
42346,3
42347,3
42348,3
42349,3
42350,2
42351,3
42352,3
42353,3
42354,3
42355,3
42356,3
42357,3
42358,3
42359,3
42360,3
42361,2
42362,3
42363,3
42364,3
42365,3
42366,2
42367,2
42368,3
42369,3
42370,3
42371,3
42372,3
42373,3
42374,3
42375,3
42376,3
42377,3
42378,3
42379,3
42380,2
42381,2
42382,2
42383,3
42384,2
42385,2
42386,2
42387,3
42388,3
42389,3
42390,3
42391,3
42392,2
42393,2
42394,2
42395,2
42396,2
42397,2
42398,3
42399,3
42400,3
42401,3
42402,3
42403,3
42404,3
42405,3
42406,3
42407,3
42408,3
42409,3
42410,3
42411,3
42412,3
42413,3
42414,3
42415,3
42416,3
42417,3
42418,3
42419,3
42420,3
42421,3
42422,3
42423,3
42424,2
42425,3
42426,2
42427,3
42428,3
42429,3
42430,3
42431,3
42432,3
42433,3
42434,3
42435,3
42436,2
42437,2
42438,2
42439,3
42440,2
42441,2
42442,2
42443,2
42444,2
42445,2
42446,2
42447,2
42448,2
42449,2
42450,2
42451,3
42452,2
42453,3
42454,3
42455,3
42456,3
42457,3
42458,3
42459,2
42460,2
42461,3
42462,3
42463,3
42464,3
42465,3
42466,3
42467,3
42468,3
42469,3
42470,3
42471,3
42472,3
42473,3
42474,3
42475,3
42476,3
42477,3
42478,3
42479,3
42480,3
42481,3
42482,3
42483,3
42484,3
42485,3
42486,3
42487,3
42488,3
42489,3
42490,3
42491,3
42492,3
42493,3
42494,3
42495,3
42496,3
42497,3
42498,3
42499,3
42500,3
42501,3
42502,3
42503,3
42504,3
42505,3
42506,3
42507,3
42508,3
42509,3
42510,3
42511,3
42512,3
42513,3
42514,3
42515,3
42516,3
42517,3
42518,3
42519,3
42520,3
42521,3
42522,3
42523,3
42524,3
42525,3
42526,3
42527,2
42528,3
42529,3
42530,2
42531,2
42532,2
42533,3
42534,3
42535,3
42536,3
42537,3
42538,3
42539,3
42540,3
42541,3
42542,3
42543,3
42544,3
42545,3
42546,3
42547,3
42548,3
42549,3
42550,3
42551,3
42552,3
42553,3
42554,3
42555,3
42556,3
42557,3
42558,3
42559,3
42560,3
42561,3
42562,3
42563,3
42564,3
42565,3
42566,2
42567,3
42568,3
42569,2
42570,2
42571,2
42572,3
42573,3
42574,3
42575,3
42576,2
42577,2
42578,3
42579,2
42580,3
42581,3
42582,3
42583,3
42584,2
42585,3
42586,3
42587,2
42588,2
42589,3
42590,3
42591,3
42592,3
42593,3
42594,3
42595,3
42596,3
42597,3
42598,3
42599,3
42600,3
42601,3
42602,3
42603,3
42604,3
42605,3
42606,3
42607,3
42608,3
42609,3
42610,3
42611,3
42612,2
42613,2
42614,2
42615,2
42616,2
42617,2
42618,2
42619,2
42620,2
42621,2
42622,2
42623,2
42624,2
42625,3
42626,3
42627,2
42628,2
42629,2
42630,2
42631,3
42632,2
42633,2
42634,3
42635,2
42636,2
42637,3
42638,3
42639,2
42640,3
42641,3
42642,2
42643,2
42644,2
42645,2
42646,2
42647,2
42648,2
42649,2
42650,2
42651,2
42652,2
42653,3
42654,2
42655,2
42656,3
42657,3
42658,2
42659,2
42660,2
42661,3
42662,2
42663,3
42664,2
42665,2
42666,3
42667,3
42668,3
42669,3
42670,3
42671,3
42672,3
42673,3
42674,3
42675,3
42676,3
42677,3
42678,3
42679,3
42680,2
42681,3
42682,3
42683,3
42684,3
42685,3
42686,3
42687,3
42688,3
42689,3
42690,3
42691,3
42692,3
42693,3
42694,3
42695,3
42696,3
42697,2
42698,3
42699,3
42700,3
42701,3
42702,3
42703,3
42704,3
42705,3
42706,2
42707,2
42708,3
42709,3
42710,3
42711,3
42712,3
42713,3
42714,3
42715,3
42716,3
42717,3
42718,2
42719,3
42720,3
42721,3
42722,3
42723,3
42724,3
42725,3
42726,3
42727,3
42728,3
42729,3
42730,3
42731,3
42732,3
42733,3
42734,3
42735,3
42736,3
42737,3
42738,3
42739,3
42740,3
42741,3
42742,3
42743,3
42744,3
42745,3
42746,2
42747,2
42748,3
42749,3
42750,3
42751,3
42752,3
42753,3
42754,3
42755,3
42756,3
42757,3
42758,3
42759,3
42760,3
42761,3
42762,3
42763,3
42764,3
42765,3
42766,3
42767,3
42768,2
42769,3
42770,3
42771,3
42772,2
42773,2
42774,2
42775,2
42776,3
42777,2
42778,2
42779,3
42780,2
42781,2
42782,2
42783,3
42784,2
42785,2
42786,2
42787,3
42788,3
42789,3
42790,2
42791,3
42792,3
42793,2
42794,2
42795,2
42796,2
42797,3
42798,3
42799,3
42800,3
42801,2
42802,3
42803,3
42804,2
42805,3
42806,2
42807,3
42808,2
42809,2
42810,2
42811,2
42812,2
42813,2
42814,2
42815,2
42816,2
42817,2
42818,2
42819,3
42820,3
42821,3
42822,3
42823,3
42824,3
42825,3
42826,3
42827,3
42828,3
42829,3
42830,3
42831,3
42832,3
42833,3
42834,3
42835,3
42836,3
42837,3
42838,3
42839,3
42840,3
42841,2
42842,3
42843,3
42844,3
42845,2
42846,2
42847,2
42848,2
42849,2
42850,2
42851,2
42852,3
42853,3
42854,3
42855,3
42856,3
42857,3
42858,2
42859,3
42860,3
42861,3
42862,2
42863,2
42864,3
42865,2
42866,3
42867,2
42868,3
42869,2
42870,3
42871,3
42872,3
42873,2
42874,3
42875,2
42876,2
42877,2
42878,2
42879,2
42880,2
42881,2
42882,3
42883,3
42884,3
42885,3
42886,3
42887,2
42888,3
42889,3
42890,3
42891,3
42892,3
42893,3
42894,3
42895,3
42896,3
42897,3
42898,3
42899,3
42900,3
42901,3
42902,3
42903,3
42904,3
42905,3
42906,3
42907,3
42908,3
42909,3
42910,3
42911,3
42912,3
42913,3
42914,3
42915,3
42916,3
42917,3
42918,3
42919,3
42920,3
42921,3
42922,3
42923,3
42924,3
42925,3
42926,3
42927,3
42928,3
42929,3
42930,3
42931,3
42932,3
42933,3
42934,3
42935,3
42936,3
42937,3
42938,3
42939,3
42940,3
42941,3
42942,3
42943,3
42944,3
42945,3
42946,3
42947,3
42948,3
42949,3
42950,3
42951,3
42952,3
42953,3
42954,3
42955,3
42956,3
42957,3
42958,3
42959,3
42960,3
42961,3
42962,3
42963,3
42964,3
42965,3
42966,3
42967,3
42968,3
42969,3
42970,3
42971,3
42972,3
42973,3
42974,3
42975,3
42976,3
42977,3
42978,3
42979,3
42980,3
42981,3
42982,3
42983,3
42984,3
42985,3
42986,3
42987,3
42988,3
42989,3
42990,3
42991,3
42992,3
42993,3
42994,3
42995,3
42996,3
42997,3
42998,3
42999,3
43000,3
43001,3
43002,3
43003,3
43004,3
43005,3
43006,3
43007,3
43008,3
43009,3
43010,3
43011,3
43012,3
43013,3
43014,3
43015,3
43016,3
43017,3
43018,3
43019,3
43020,3
43021,3
43022,3
43023,3
43024,3
43025,3
43026,3
43027,3
43028,3
43029,3
43030,3
43031,3
43032,3
43033,3
43034,3
43035,3
43036,3
43037,3
43038,3
43039,3
43040,3
43041,3
43042,3
43043,3
43044,3
43045,3
43046,3
43047,3
43048,3
43049,3
43050,3
43051,3
43052,3
43053,3
43054,3
43055,3
43056,3
43057,3
43058,3
43059,3
43060,3
43061,3
43062,3
43063,3
43064,3
43065,3
43066,3
43067,3
43068,3
43069,3
43070,3
43071,3
43072,3
43073,3
43074,3
43075,3
43076,3
43077,3
43078,3
43079,3
43080,3
43081,3
43082,3
43083,3
43084,3
43085,3
43086,3
43087,3
43088,3
43089,3
43090,3
43091,3
43092,3
43093,3
43094,3
43095,3
43096,3
43097,3
43098,3
43099,3
43100,3
43101,3
43102,3
43103,3
43104,3
43105,3
43106,3
43107,3
43108,3
43109,3
43110,3
43111,3
43112,3
43113,3
43114,3
43115,3
43116,3
43117,3
43118,3
43119,3
43120,3
43121,3
43122,3
43123,3
43124,3
43125,3
43126,3
43127,3
43128,3
43129,3
43130,3
43131,3
43132,3
43133,3
43134,3
43135,3
43136,3
43137,3
43138,3
43139,3
43140,3
43141,3
43142,3
43143,3
43144,3
43145,3
43146,3
43147,3
43148,3
43149,3
43150,3
43151,3
43152,3
43153,3
43154,3
43155,3
43156,3
43157,3
43158,3
43159,3
43160,3
43161,3
43162,3
43163,3
43164,3
43165,3
43166,3
43167,3
43168,3
43169,3
43170,3
43171,3
43172,3
43173,3
43174,3
43175,3
43176,3
43177,3
43178,3
43179,3
43180,3
43181,3
43182,3
43183,3
43184,3
43185,3
43186,3
43187,3
43188,3
43189,3
43190,3
43191,3
43192,3
43193,3
43194,3
43195,3
43196,3
43197,3
43198,3
43199,3
43200,3
43201,3
43202,3
43203,3
43204,3
43205,3
43206,3
43207,3
43208,3
43209,3
43210,3
43211,3
43212,3
43213,3
43214,3
43215,3
43216,3
43217,3
43218,3
43219,3
43220,3
43221,3
43222,3
43223,3
43224,3
43225,3
43226,3
43227,3
43228,3
43229,3
43230,3
43231,3
43232,3
43233,3
43234,3
43235,3
43236,3
43237,3
43238,3
43239,3
43240,3
43241,3
43242,3
43243,3
43244,3
43245,3
43246,3
43247,3
43248,3
43249,3
43250,3
43251,3
43252,3
43253,3
43254,3
43255,3
43256,3
43257,3
43258,3
43259,3
43260,3
43261,3
43262,3
43263,3
43264,3
43265,3
43266,3
43267,3
43268,3
43269,3
43270,3
43271,3
43272,3
43273,3
43274,3
43275,3
43276,3
43277,3
43278,3
43279,3
43280,3
43281,3
43282,3
43283,3
43284,3
43285,3
43286,3
43287,3
43288,3
43289,3
43290,3
43291,3
43292,3
43293,3
43294,3
43295,3
43296,3
43297,3
43298,3
43299,3
43300,3
43301,3
43302,3
43303,3
43304,3
43305,3
43306,3
43307,3
43308,3
43309,3
43310,3
43311,3
43312,3
43313,3
43314,3
43315,3
43316,3
43317,3
43318,3
43319,3
43320,3
43321,3
43322,3
43323,3
43324,3
43325,3
43326,3
43327,3
43328,3
43329,3
43330,3
43331,3
43332,3
43333,3
43334,3
43335,3
43336,3
43337,3
43338,3
43339,3
43340,3
43341,3
43342,3
43343,3
43344,3
43345,3
43346,3
43347,3
43348,3
43349,3
43350,3
43351,3
43352,3
43353,3
43354,3
43355,3
43356,3
43357,3
43358,3
43359,3
43360,3
43361,3
43362,3
43363,3
43364,3
43365,3
43366,3
43367,3
43368,3
43369,3
43370,3
43371,3
43372,3
43373,3
43374,3
43375,3
43376,3
43377,3
43378,3
43379,3
43380,3
43381,3
43382,3
43383,3
43384,3
43385,3
43386,3
43387,3
43388,3
43389,3
43390,3
43391,3
43392,3
43393,3
43394,3
43395,3
43396,3
43397,3
43398,3
43399,3
43400,3
43401,3
43402,3
43403,3
43404,3
43405,3
43406,3
43407,3
43408,3
43409,3
43410,3
43411,3
43412,3
43413,3
43414,3
43415,3
43416,3
43417,3
43418,3
43419,3
43420,3
43421,3
43422,3
43423,3
43424,3
43425,3
43426,3
43427,3
43428,3
43429,3
43430,3
43431,3
43432,3
43433,3
43434,3
43435,3
43436,3
43437,3
43438,3
43439,3
43440,3
43441,3
43442,3
43443,3
43444,3
43445,3
43446,3
43447,3
43448,3
43449,3
43450,3
43451,3
43452,3
43453,3
43454,3
43455,3
43456,3
43457,3
43458,3
43459,3
43460,3
43461,3
43462,3
43463,3
43464,3
43465,3
43466,3
43467,3
43468,3
43469,3
43470,3
43471,3
43472,3
43473,3
43474,3
43475,3
43476,3
43477,3
43478,3
43479,3
43480,3
43481,3
43482,3
43483,3
43484,3
43485,3
43486,3
43487,3
43488,3
43489,3
43490,3
43491,3
43492,3
43493,3
43494,3
43495,3
43496,3
43497,3
43498,3
43499,3
43500,3
43501,3
43502,3
43503,3
43504,3
43505,3
43506,3
43507,3
43508,3
43509,3
43510,3
43511,3
43512,3
43513,3
43514,3
43515,3
43516,3
43517,3
43518,3
43519,3
43520,3
43521,3
43522,3
43523,3
43524,3
43525,3
43526,3
43527,3
43528,3
43529,3
43530,3
43531,3
43532,3
43533,3
43534,3
43535,3
43536,3
43537,3
43538,3
43539,3
43540,3
43541,3
43542,3
43543,3
43544,3
43545,3
43546,3
43547,3
43548,3
43549,3
43550,3
43551,3
43552,3
43553,3
43554,3
43555,3
43556,3
43557,3
43558,3
43559,3
43560,3
43561,3
43562,3
43563,3
43564,3
43565,3
43566,3
43567,3
43568,3
43569,3
43570,3
43571,3
43572,3
43573,3
43574,3
43575,3
43576,3
43577,3
43578,3
43579,3
43580,3
43581,3
43582,3
43583,3
43584,3
43585,3
43586,3
43587,3
43588,3
43589,3
43590,3
43591,3
43592,3
43593,3
43594,3
43595,3
43596,3
43597,3
43598,3
43599,3
43600,3
43601,3
43602,3
43603,3
43604,3
43605,3
43606,3
43607,3
43608,3
43609,3
43610,3
43611,3
43612,3
43613,3
43614,3
43615,3
43616,3
43617,3
43618,3
43619,3
43620,3
43621,3
43622,3
43623,3
43624,3
43625,3
43626,3
43627,3
43628,3
43629,3
43630,3
43631,3
43632,3
43633,3
43634,3
43635,3
43636,3
43637,3
43638,3
43639,3
43640,3
43641,3
43642,3
43643,3
43644,3
43645,3
43646,3
43647,3
43648,3
43649,3
43650,3
43651,3
43652,3
43653,3
43654,3
43655,3
43656,3
43657,3
43658,3
43659,3
43660,3
43661,3
43662,3
43663,3
43664,3
43665,3
43666,3
43667,3
43668,3
43669,3
43670,3
43671,3
43672,3
43673,3
43674,3
43675,3
43676,3
43677,3
43678,3
43679,3
43680,3
43681,3
43682,3
43683,3
43684,3
43685,3
43686,3
43687,3
43688,3
43689,3
43690,3
43691,3
43692,3
43693,3
43694,3
43695,3
43696,3
43697,3
43698,3
43699,3
43700,3
43701,3
43702,3
43703,3
43704,3
43705,3
43706,3
43707,3
43708,3
43709,3
43710,3
43711,3
43712,3
43713,3
43714,3
43715,3
43716,3
43717,3
43718,3
43719,3
43720,3
43721,3
43722,3
43723,3
43724,3
43725,3
43726,3
43727,3
43728,3
43729,3
43730,3
43731,3
43732,3
43733,3
43734,3
43735,3
43736,3
43737,3
43738,3
43739,3
43740,3
43741,3
43742,3
43743,3
43744,3
43745,3
43746,3
43747,3
43748,3
43749,3
43750,3
43751,3
43752,3
43753,3
43754,3
43755,3
43756,3
43757,3
43758,3
43759,3
43760,3
43761,3
43762,3
43763,3
43764,3
43765,3
43766,3
43767,3
43768,3
43769,3
43770,3
43771,3
43772,3
43773,3
43774,3
43775,3
43776,3
43777,3
43778,3
43779,3
43780,3
43781,3
43782,3
43783,3
43784,3
43785,3
43786,3
43787,3
43788,3
43789,3
43790,3
43791,3
43792,3
43793,3
43794,3
43795,3
43796,3
43797,3
43798,3
43799,3
43800,3
43801,3
43802,3
43803,3
43804,3
43805,3
43806,3
43807,3
43808,3
43809,3
43810,3
43811,3
43812,3
43813,3
43814,3
43815,3
43816,3
43817,3
43818,3
43819,3
43820,3
43821,3
43822,3
43823,3
43824,3
43825,3
43826,3
43827,3
43828,3
43829,3
43830,3
43831,3
43832,3
43833,3
43834,3
43835,3
43836,3
43837,3
43838,3
43839,3
43840,3
43841,3
43842,3
43843,3
43844,3
43845,3
43846,3
43847,3
43848,3
43849,3
43850,3
43851,3
43852,3
43853,3
43854,3
43855,3
43856,3
43857,3
43858,3
43859,3
43860,3
43861,3
43862,3
43863,3
43864,3
43865,3
43866,3
43867,3
43868,3
43869,3
43870,3
43871,3
43872,3
43873,3
43874,3
43875,3
43876,3
43877,3
43878,3
43879,3
43880,3
43881,3
43882,3
43883,3
43884,3
43885,3
43886,3
43887,3
43888,3
43889,3
43890,3
43891,3
43892,3
43893,3
43894,3
43895,3
43896,3
43897,3
43898,3
43899,3
43900,3
43901,3
43902,3
43903,3
43904,3
43905,3
43906,3
43907,3
43908,3
43909,3
43910,3
43911,3
43912,3
43913,3
43914,3
43915,3
43916,3
43917,3
43918,3
43919,3
43920,3
43921,3
43922,3
43923,3
43924,3
43925,3
43926,3
43927,3
43928,3
43929,3
43930,3
43931,3
43932,3
43933,3
43934,3
43935,3
43936,3
43937,3
43938,3
43939,3
43940,3
43941,2
43942,3
43943,3
43944,3
43945,3
43946,3
43947,3
43948,3
43949,3
43950,3
43951,3
43952,3
43953,3
43954,3
43955,3
43956,3
43957,3
43958,3
43959,3
43960,3
43961,3
43962,3
43963,3
43964,3
43965,3
43966,3
43967,3
43968,3
43969,3
43970,3
43971,3
43972,3
43973,3
43974,3
43975,3
43976,3
43977,3
43978,3
43979,3
43980,3
43981,3
43982,3
43983,3
43984,3
43985,3
43986,3
43987,3
43988,3
43989,3
43990,3
43991,3
43992,3
43993,3
43994,3
43995,3
43996,3
43997,3
43998,3
43999,3
44000,3
44001,3
44002,3
44003,3
44004,3
44005,3
44006,3
44007,3
44008,3
44009,3
44010,3
44011,3
44012,3
44013,3
44014,3
44015,3
44016,3
44017,3
44018,3
44019,3
44020,3
44021,3
44022,3
44023,3
44024,3
44025,3
44026,3
44027,3
44028,3
44029,3
44030,3
44031,3
44032,3
44033,3
44034,3
44035,3
44036,3
44037,3
44038,3
44039,3
44040,3
44041,3
44042,3
44043,3
44044,3
44045,3
44046,3
44047,3
44048,3
44049,3
44050,3
44051,3
44052,3
44053,3
44054,3
44055,3
44056,3
44057,3
44058,3
44059,3
44060,3
44061,3
44062,3
44063,3
44064,3
44065,3
44066,3
44067,3
44068,3
44069,3
44070,3
44071,3
44072,3
44073,3
44074,3
44075,3
44076,3
44077,3
44078,3
44079,3
44080,3
44081,3
44082,3
44083,3
44084,3
44085,3
44086,3
44087,3
44088,3
44089,3
44090,3
44091,3
44092,3
44093,3
44094,3
44095,3
44096,3
44097,3
44098,3
44099,3
44100,3
44101,3
44102,3
44103,3
44104,3
44105,3
44106,3
44107,3
44108,3
44109,3
44110,3
44111,3
44112,3
44113,3
44114,3
44115,3
44116,3
44117,3
44118,3
44119,3
44120,3
44121,3
44122,3
44123,3
44124,3
44125,3
44126,3
44127,3
44128,3
44129,3
44130,3
44131,3
44132,3
44133,3
44134,3
44135,3
44136,3
44137,3
44138,3
44139,3
44140,3
44141,3
44142,3
44143,3
44144,3
44145,3
44146,3
44147,3
44148,3
44149,3
44150,3
44151,3
44152,3
44153,3
44154,3
44155,3
44156,3
44157,3
44158,3
44159,3
44160,3
44161,3
44162,3
44163,3
44164,3
44165,3
44166,3
44167,3
44168,3
44169,3
44170,3
44171,3
44172,3
44173,3
44174,3
44175,3
44176,3
44177,3
44178,3
44179,3
44180,3
44181,3
44182,3
44183,3
44184,3
44185,3
44186,3
44187,3
44188,3
44189,3
44190,3
44191,3
44192,3
44193,3
44194,3
44195,3
44196,3
44197,3
44198,3
44199,3
44200,3
44201,3
44202,3
44203,3
44204,3
44205,3
44206,3
44207,3
44208,3
44209,3
44210,3
44211,3
44212,3
44213,3
44214,3
44215,3
44216,3
44217,3
44218,3
44219,3
44220,3
44221,3
44222,3
44223,3
44224,3
44225,3
44226,3
44227,3
44228,3
44229,3
44230,3
44231,3
44232,3
44233,3
44234,3
44235,3
44236,3
44237,3
44238,3
44239,3
44240,3
44241,3
44242,3
44243,3
44244,3
44245,3
44246,3
44247,3
44248,3
44249,3
44250,3
44251,3
44252,3
44253,3
44254,2
44255,3
44256,3
44257,3
44258,3
44259,3
44260,3
44261,3
44262,3
44263,3
44264,3
44265,3
44266,3
44267,3
44268,3
44269,3
44270,3
44271,3
44272,3
44273,3
44274,3
44275,3
44276,3
44277,3
44278,3
44279,3
44280,3
44281,3
44282,3
44283,3
44284,3
44285,3
44286,3
44287,3
44288,3
44289,3
44290,3
44291,3
44292,3
44293,3
44294,3
44295,3
44296,3
44297,3
44298,3
44299,3
44300,3
44301,3
44302,3
44303,3
44304,3
44305,3
44306,3
44307,3
44308,3
44309,3
44310,3
44311,3
44312,3
44313,3
44314,3
44315,3
44316,3
44317,3
44318,3
44319,3
44320,3
44321,3
44322,2
44323,3
44324,3
44325,3
44326,3
44327,3
44328,3
44329,3
44330,3
44331,3
44332,3
44333,3
44334,3
44335,3
44336,3
44337,3
44338,3
44339,3
44340,3
44341,3
44342,3
44343,3
44344,3
44345,3
44346,3
44347,3
44348,3
44349,3
44350,3
44351,3
44352,3
44353,3
44354,3
44355,3
44356,3
44357,3
44358,3
44359,3
44360,3
44361,3
44362,3
44363,3
44364,3
44365,3
44366,3
44367,3
44368,3
44369,3
44370,3
44371,3
44372,3
44373,3
44374,3
44375,3
44376,3
44377,3
44378,3
44379,3
44380,3
44381,3
44382,3
44383,3
44384,3
44385,3
44386,3
44387,3
44388,3
44389,3
44390,3
44391,3
44392,3
44393,3
44394,3
44395,3
44396,3
44397,3
44398,3
44399,3
44400,3
44401,3
44402,2
44403,3
44404,3
44405,3
44406,3
44407,3
44408,3
44409,3
44410,3
44411,3
44412,3
44413,3
44414,3
44415,3
44416,3
44417,3
44418,3
44419,3
44420,2
44421,3
44422,3
44423,3
44424,3
44425,3
44426,3
44427,3
44428,3
44429,3
44430,3
44431,3
44432,3
44433,3
44434,3
44435,3
44436,3
44437,3
44438,3
44439,3
44440,3
44441,3
44442,3
44443,3
44444,3
44445,3
44446,3
44447,3
44448,3
44449,3
44450,3
44451,3
44452,3
44453,3
44454,3
44455,3
44456,3
44457,3
44458,3
44459,3
44460,3
44461,3
44462,3
44463,3
44464,3
44465,3
44466,3
44467,3
44468,3
44469,3
44470,3
44471,3
44472,3
44473,3
44474,3
44475,3
44476,3
44477,3
44478,3
44479,3
44480,3
44481,3
44482,3
44483,3
44484,3
44485,3
44486,3
44487,3
44488,3
44489,3
44490,3
44491,3
44492,3
44493,3
44494,3
44495,3
44496,3
44497,3
44498,3
44499,3
44500,3
44501,3
44502,3
44503,3
44504,3
44505,3
44506,3
44507,3
44508,3
44509,3
44510,3
44511,3
44512,3
44513,3
44514,3
44515,3
44516,3
44517,3
44518,3
44519,3
44520,3
44521,3
44522,3
44523,3
44524,3
44525,3
44526,3
44527,3
44528,3
44529,3
44530,3
44531,3
44532,3
44533,3
44534,3
44535,3
44536,3
44537,3
44538,3
44539,3
44540,3
44541,3
44542,3
44543,3
44544,3
44545,3
44546,3
44547,3
44548,3
44549,3
44550,3
44551,3
44552,3
44553,3
44554,3
44555,3
44556,3
44557,3
44558,3
44559,3
44560,3
44561,3
44562,3
44563,3
44564,3
44565,3
44566,3
44567,3
44568,3
44569,3
44570,3
44571,3
44572,3
44573,3
44574,3
44575,3
44576,3
44577,3
44578,3
44579,3
44580,3
44581,3
44582,3
44583,3
44584,3
44585,3
44586,3
44587,3
44588,3
44589,3
44590,3
44591,3
44592,3
44593,3
44594,3
44595,3
44596,3
44597,3
44598,3
44599,3
44600,3
44601,3
44602,3
44603,3
44604,3
44605,3
44606,3
44607,3
44608,3
44609,3
44610,3
44611,3
44612,3
44613,3
44614,3
44615,3
44616,3
44617,3
44618,3
44619,3
44620,3
44621,3
44622,3
44623,3
44624,3
44625,3
44626,3
44627,3
44628,3
44629,3
44630,3
44631,3
44632,3
44633,3
44634,3
44635,3
44636,3
44637,3
44638,3
44639,3
44640,3
44641,3
44642,3
44643,3
44644,3
44645,3
44646,3
44647,3
44648,3
44649,3
44650,3
44651,3
44652,3
44653,3
44654,3
44655,3
44656,3
44657,3
44658,3
44659,3
44660,3
44661,3
44662,3
44663,3
44664,3
44665,3
44666,3
44667,3
44668,3
44669,3
44670,3
44671,3
44672,3
44673,3
44674,3
44675,3
44676,3
44677,3
44678,3
44679,3
44680,3
44681,3
44682,3
44683,3
44684,3
44685,3
44686,3
44687,3
44688,3
44689,3
44690,3
44691,3
44692,3
44693,3
44694,3
44695,3
44696,3
44697,3
44698,3
44699,3
44700,3
44701,3
44702,3
44703,3
44704,3
44705,3
44706,3
44707,3
44708,3
44709,3
44710,3
44711,3
44712,3
44713,3
44714,3
44715,3
44716,3
44717,3
44718,3
44719,3
44720,3
44721,3
44722,3
44723,3
44724,3
44725,3
44726,3
44727,3
44728,3
44729,3
44730,3
44731,3
44732,3
44733,3
44734,3
44735,3
44736,3
44737,3
44738,3
44739,3
44740,3
44741,3
44742,3
44743,3
44744,3
44745,3
44746,3
44747,3
44748,3
44749,3
44750,3
44751,3
44752,3
44753,3
44754,3
44755,3
44756,3
44757,3
44758,3
44759,3
44760,3
44761,3
44762,3
44763,3
44764,3
44765,3
44766,3
44767,3
44768,3
44769,3
44770,3
44771,3
44772,3
44773,3
44774,3
44775,3
44776,3
44777,3
44778,3
44779,3
44780,3
44781,3
44782,3
44783,3
44784,3
44785,3
44786,3
44787,3
44788,3
44789,3
44790,3
44791,3
44792,3
44793,3
44794,3
44795,3
44796,3
44797,3
44798,3
44799,3
44800,3
44801,3
44802,3
44803,3
44804,3
44805,3
44806,3
44807,3
44808,3
44809,3
44810,3
44811,3
44812,3
44813,3
44814,3
44815,3
44816,3
44817,3
44818,3
44819,3
44820,3
44821,3
44822,3
44823,3
44824,3
44825,3
44826,3
44827,3
44828,3
44829,3
44830,3
44831,3
44832,3
44833,3
44834,3
44835,3
44836,3
44837,3
44838,3
44839,3
44840,3
44841,3
44842,3
44843,3
44844,3
44845,3
44846,3
44847,3
44848,3
44849,3
44850,3
44851,3
44852,3
44853,3
44854,3
44855,3
44856,3
44857,3
44858,3
44859,3
44860,3
44861,3
44862,3
44863,3
44864,3
44865,3
44866,3
44867,3
44868,3
44869,3
44870,3
44871,3
44872,3
44873,3
44874,3
44875,3
44876,3
44877,3
44878,3
44879,3
44880,3
44881,3
44882,3
44883,3
44884,3
44885,3
44886,3
44887,3
44888,3
44889,3
44890,3
44891,3
44892,3
44893,3
44894,3
44895,3
44896,3
44897,3
44898,3
44899,3
44900,3
44901,3
44902,3
44903,3
44904,3
44905,3
44906,3
44907,3
44908,3
44909,3
44910,3
44911,3
44912,3
44913,3
44914,3
44915,3
44916,3
44917,3
44918,3
44919,3
44920,3
44921,3
44922,3
44923,3
44924,3
44925,3
44926,3
44927,3
44928,3
44929,3
44930,3
44931,3
44932,3
44933,3
44934,3
44935,3
44936,3
44937,3
44938,3
44939,3
44940,3
44941,3
44942,3
44943,3
44944,3
44945,3
44946,3
44947,3
44948,3
44949,3
44950,3
44951,3
44952,3
44953,3
44954,3
44955,3
44956,3
44957,3
44958,3
44959,3
44960,3
44961,3
44962,3
44963,3
44964,3
44965,3
44966,3
44967,3
44968,3
44969,3
44970,3
44971,3
44972,3
44973,3
44974,3
44975,3
44976,3
44977,3
44978,3
44979,3
44980,3
44981,3
44982,3
44983,3
44984,3
44985,3
44986,3
44987,3
44988,3
44989,3
44990,3
44991,3
44992,3
44993,3
44994,3
44995,3
44996,3
44997,3
44998,3
44999,2
45000,2
45001,2
45002,2
45003,2
45004,3
45005,2
45006,2
45007,2
45008,3
45009,3
45010,2
45011,2
45012,3
45013,2
45014,3
45015,2
45016,2
45017,3
45018,3
45019,2
45020,2
45021,3
45022,3
45023,3
45024,3
45025,3
45026,2
45027,3
45028,2
45029,3
45030,3
45031,2
45032,3
45033,2
45034,2
45035,3
45036,2
45037,2
45038,2
45039,2
45040,3
45041,2
45042,2
45043,3
45044,2
45045,3
45046,2
45047,2
45048,2
45049,3
45050,2
45051,3
45052,2
45053,3
45054,3
45055,3
45056,3
45057,3
45058,3
45059,2
45060,2
45061,2
45062,2
45063,2
45064,2
45065,2
45066,2
45067,2
45068,3
45069,2
45070,2
45071,2
45072,2
45073,2
45074,2
45075,3
45076,2
45077,3
45078,2
45079,3
45080,3
45081,2
45082,2
45083,2
45084,2
45085,2
45086,3
45087,2
45088,3
45089,2
45090,2
45091,3
45092,3
45093,3
45094,3
45095,3
45096,3
45097,3
45098,3
45099,2
45100,2
45101,3
45102,3
45103,2
45104,3
45105,2
45106,2
45107,2
45108,2
45109,2
45110,2
45111,2
45112,2
45113,2
45114,3
45115,2
45116,2
45117,2
45118,2
45119,2
45120,3
45121,2
45122,2
45123,2
45124,2
45125,2
45126,2
45127,2
45128,2
45129,2
45130,3
45131,3
45132,2
45133,2
45134,3
45135,2
45136,3
45137,3
45138,3
45139,2
45140,3
45141,3
45142,2
45143,2
45144,3
45145,3
45146,3
45147,2
45148,3
45149,2
45150,3
45151,2
45152,2
45153,3
45154,3
45155,3
45156,3
45157,3
45158,3
45159,2
45160,2
45161,2
45162,2
45163,2
45164,3
45165,2
45166,2
45167,2
45168,2
45169,3
45170,2
45171,2
45172,2
45173,2
45174,2
45175,2
45176,2
45177,2
45178,3
45179,2
45180,3
45181,2
45182,2
45183,2
45184,2
45185,2
45186,2
45187,2
45188,2
45189,2
45190,2
45191,2
45192,3
45193,3
45194,3
45195,3
45196,2
45197,3
45198,3
45199,3
45200,2
45201,3
45202,2
45203,2
45204,3
45205,3
45206,3
45207,3
45208,3
45209,3
45210,3
45211,3
45212,3
45213,3
45214,3
45215,3
45216,3
45217,3
45218,3
45219,3
45220,3
45221,3
45222,3
45223,2
45224,3
45225,3
45226,3
45227,3
45228,3
45229,3
45230,2
45231,2
45232,3
45233,3
45234,2
45235,3
45236,3
45237,2
45238,3
45239,2
45240,3
45241,2
45242,3
45243,3
45244,3
45245,3
45246,3
45247,3
45248,3
45249,3
45250,3
45251,3
45252,3
45253,3
45254,3
45255,3
45256,3
45257,3
45258,0
45259,2
45260,2
45261,3
45262,3
45263,3
45264,3
45265,3
45266,3
45267,2
45268,3
45269,2
45270,2
45271,2
45272,3
45273,2
45274,3
45275,2
45276,2
45277,3
45278,2
45279,2
45280,2
45281,3
45282,3
45283,3
45284,3
45285,3
45286,3
45287,3
45288,3
45289,3
45290,3
45291,3
45292,3
45293,3
45294,2
45295,2
45296,3
45297,2
45298,3
45299,3
45300,3
45301,3
45302,2
45303,2
45304,2
45305,2
45306,3
45307,2
45308,3
45309,3
45310,3
45311,3
45312,2
45313,3
45314,3
45315,2
45316,3
45317,3
45318,3
45319,3
45320,2
45321,3
45322,3
45323,2
45324,3
45325,2
45326,2
45327,2
45328,2
45329,3
45330,2
45331,3
45332,2
45333,3
45334,3
45335,3
45336,3
45337,3
45338,3
45339,3
45340,3
45341,3
45342,3
45343,3
45344,3
45345,2
45346,2
45347,3
45348,3
45349,3
45350,2
45351,2
45352,3
45353,2
45354,2
45355,2
45356,2
45357,2
45358,2
45359,2
45360,2
45361,2
45362,2
45363,2
45364,2
45365,2
45366,2
45367,2
45368,2
45369,3
45370,2
45371,3
45372,3
45373,3
45374,3
45375,3
45376,3
45377,2
45378,2
45379,2
45380,2
45381,2
45382,2
45383,2
45384,2
45385,2
45386,2
45387,2
45388,2
45389,3
45390,2
45391,2
45392,2
45393,2
45394,2
45395,2
45396,3
45397,2
45398,2
45399,2
45400,2
45401,2
45402,2
45403,3
45404,2
45405,2
45406,2
45407,3
45408,2
45409,3
45410,3
45411,2
45412,2
45413,2
45414,2
45415,2
45416,2
45417,2
45418,2
45419,2
45420,3
45421,3
45422,3
45423,3
45424,3
45425,3
45426,3
45427,3
45428,3
45429,3
45430,3
45431,3
45432,2
45433,2
45434,2
45435,2
45436,2
45437,2
45438,2
45439,2
45440,2
45441,2
45442,2
45443,2
45444,2
45445,2
45446,2
45447,2
45448,2
45449,2
45450,2
45451,2
45452,2
45453,3
45454,2
45455,2
45456,2
45457,2
45458,2
45459,2
45460,2
45461,2
45462,2
45463,2
45464,2
45465,2
45466,2
45467,2
45468,2
45469,2
45470,2
45471,3
45472,2
45473,3
45474,2
45475,2
45476,2
45477,3
45478,3
45479,3
45480,3
45481,2
45482,3
45483,3
45484,2
45485,2
45486,3
45487,2
45488,2
45489,2
45490,2
45491,3
45492,3
45493,3
45494,2
45495,2
45496,3
45497,3
45498,2
45499,2
45500,3
45501,3
45502,3
45503,2
45504,2
45505,2
45506,2
45507,2
45508,3
45509,3
45510,3
45511,3
45512,3
45513,3
45514,2
45515,2
45516,2
45517,3
45518,3
45519,2
45520,3
45521,3
45522,3
45523,2
45524,3
45525,3
45526,3
45527,2
45528,3
45529,3
45530,2
45531,2
45532,2
45533,2
45534,3
45535,3
45536,2
45537,2
45538,2
45539,3
45540,2
45541,2
45542,3
45543,2
45544,3
45545,3
45546,3
45547,3
45548,2
45549,2
45550,3
45551,3
45552,2
45553,2
45554,2
45555,3
45556,2
45557,3
45558,3
45559,2
45560,3
45561,2
45562,2
45563,2
45564,2
45565,2
45566,2
45567,2
45568,2
45569,2
45570,2
45571,2
45572,3
45573,3
45574,2
45575,2
45576,2
45577,2
45578,3
45579,2
45580,3
45581,3
45582,3
45583,3
45584,3
45585,3
45586,3
45587,3
45588,3
45589,3
45590,2
45591,2
45592,2
45593,2
45594,2
45595,2
45596,2
45597,2
45598,2
45599,2
45600,2
45601,2
45602,2
45603,3
45604,2
45605,2
45606,2
45607,3
45608,3
45609,2
45610,2
45611,2
45612,3
45613,2
45614,2
45615,2
45616,3
45617,3
45618,2
45619,2
45620,2
45621,3
45622,3
45623,3
45624,2
45625,2
45626,2
45627,2
45628,3
45629,3
45630,3
45631,3
45632,2
45633,3
45634,3
45635,3
45636,2
45637,2
45638,2
45639,2
45640,3
45641,3
45642,3
45643,2
45644,3
45645,3
45646,2
45647,3
45648,3
45649,3
45650,3
45651,3
45652,3
45653,3
45654,3
45655,3
45656,3
45657,3
45658,3
45659,3
45660,3
45661,3
45662,3
45663,2
45664,3
45665,3
45666,3
45667,3
45668,3
45669,3
45670,3
45671,3
45672,3
45673,3
45674,3
45675,3
45676,3
45677,3
45678,3
45679,3
45680,3
45681,2
45682,3
45683,3
45684,2
45685,3
45686,3
45687,3
45688,3
45689,3
45690,3
45691,3
45692,3
45693,2
45694,2
45695,2
45696,2
45697,2
45698,2
45699,2
45700,2
45701,2
45702,3
45703,2
45704,2
45705,3
45706,3
45707,2
45708,3
45709,2
45710,2
45711,2
45712,2
45713,2
45714,3
45715,3
45716,2
45717,2
45718,2
45719,2
45720,3
45721,2
45722,2
45723,2
45724,3
45725,2
45726,2
45727,2
45728,2
45729,2
45730,2
45731,2
45732,2
45733,2
45734,2
45735,2
45736,2
45737,2
45738,2
45739,2
45740,2
45741,2
45742,2
45743,2
45744,2
45745,2
45746,2
45747,3
45748,2
45749,2
45750,2
45751,2
45752,2
45753,2
45754,2
45755,2
45756,2
45757,2
45758,3
45759,3
45760,3
45761,3
45762,3
45763,3
45764,3
45765,3
45766,2
45767,2
45768,2
45769,2
45770,2
45771,2
45772,2
45773,2
45774,2
45775,2
45776,2
45777,2
45778,2
45779,2
45780,2
45781,2
45782,2
45783,2
45784,3
45785,3
45786,2
45787,2
45788,2
45789,2
45790,3
45791,3
45792,3
45793,2
45794,2
45795,3
45796,3
45797,2
45798,2
45799,2
45800,2
45801,2
45802,2
45803,2
45804,2
45805,2
45806,3
45807,2
45808,2
45809,2
45810,2
45811,2
45812,2
45813,2
45814,2
45815,2
45816,2
45817,2
45818,2
45819,2
45820,2
45821,2
45822,2
45823,2
45824,3
45825,3
45826,2
45827,2
45828,3
45829,3
45830,3
45831,3
45832,3
45833,2
45834,2
45835,2
45836,2
45837,2
45838,2
45839,2
45840,2
45841,2
45842,2
45843,2
45844,2
45845,2
45846,2
45847,2
45848,2
45849,2
45850,2
45851,2
45852,2
45853,2
45854,2
45855,2
45856,2
45857,2
45858,2
45859,2
45860,2
45861,2
45862,3
45863,3
45864,2
45865,2
45866,2
45867,2
45868,2
45869,2
45870,2
45871,2
45872,2
45873,2
45874,2
45875,2
45876,2
45877,2
45878,2
45879,2
45880,2
45881,3
45882,3
45883,2
45884,2
45885,2
45886,2
45887,2
45888,2
45889,2
45890,2
45891,3
45892,3
45893,3
45894,3
45895,3
45896,3
45897,2
45898,2
45899,2
45900,3
45901,2
45902,2
45903,2
45904,2
45905,2
45906,2
45907,3
45908,3
45909,3
45910,3
45911,2
45912,3
45913,2
45914,2
45915,2
45916,3
45917,3
45918,3
45919,3
45920,3
45921,3
45922,2
45923,2
45924,2
45925,2
45926,2
45927,2
45928,2
45929,2
45930,2
45931,2
45932,2
45933,2
45934,2
45935,2
45936,2
45937,2
45938,2
45939,2
45940,2
45941,3
45942,2
45943,2
45944,3
45945,2
45946,2
45947,2
45948,2
45949,2
45950,2
45951,2
45952,2
45953,3
45954,2
45955,2
45956,2
45957,2
45958,2
45959,2
45960,3
45961,2
45962,3
45963,2
45964,2
45965,2
45966,2
45967,2
45968,2
45969,2
45970,2
45971,3
45972,2
45973,3
45974,2
45975,2
45976,2
45977,2
45978,2
45979,2
45980,2
45981,2
45982,2
45983,2
45984,2
45985,3
45986,3
45987,3
45988,3
45989,2
45990,2
45991,3
45992,2
45993,3
45994,3
45995,3
45996,3
45997,2
45998,2
45999,3
46000,3
46001,2
46002,3
46003,2
46004,3
46005,3
46006,2
46007,3
46008,2
46009,2
46010,3
46011,3
46012,2
46013,3
46014,2
46015,3
46016,3
46017,2
46018,2
46019,3
46020,2
46021,2
46022,3
46023,3
46024,2
46025,2
46026,3
46027,2
46028,2
46029,2
46030,2
46031,3
46032,3
46033,3
46034,2
46035,2
46036,3
46037,3
46038,3
46039,3
46040,3
46041,2
46042,2
46043,3
46044,2
46045,2
46046,2
46047,2
46048,2
46049,2
46050,2
46051,3
46052,3
46053,3
46054,3
46055,3
46056,3
46057,3
46058,3
46059,3
46060,3
46061,3
46062,3
46063,2
46064,2
46065,2
46066,2
46067,2
46068,2
46069,2
46070,2
46071,3
46072,2
46073,3
46074,3
46075,2
46076,3
46077,3
46078,2
46079,2
46080,2
46081,2
46082,2
46083,3
46084,3
46085,3
46086,3
46087,3
46088,3
46089,3
46090,3
46091,3
46092,3
46093,3
46094,3
46095,3
46096,3
46097,3
46098,2
46099,2
46100,3
46101,2
46102,3
46103,2
46104,2
46105,2
46106,2
46107,2
46108,2
46109,3
46110,2
46111,2
46112,2
46113,2
46114,2
46115,3
46116,3
46117,3
46118,2
46119,3
46120,2
46121,3
46122,3
46123,3
46124,3
46125,2
46126,2
46127,2
46128,2
46129,3
46130,2
46131,3
46132,3
46133,3
46134,3
46135,3
46136,3
46137,3
46138,3
46139,3
46140,3
46141,3
46142,3
46143,3
46144,3
46145,3
46146,3
46147,3
46148,3
46149,3
46150,3
46151,3
46152,2
46153,2
46154,3
46155,3
46156,2
46157,3
46158,3
46159,2
46160,3
46161,3
46162,2
46163,2
46164,2
46165,2
46166,2
46167,2
46168,3
46169,3
46170,3
46171,2
46172,3
46173,3
46174,3
46175,3
46176,3
46177,3
46178,3
46179,2
46180,3
46181,3
46182,2
46183,2
46184,3
46185,3
46186,3
46187,3
46188,3
46189,3
46190,2
46191,2
46192,2
46193,2
46194,2
46195,2
46196,3
46197,3
46198,3
46199,2
46200,2
46201,2
46202,2
46203,3
46204,3
46205,2
46206,3
46207,2
46208,2
46209,3
46210,3
46211,3
46212,3
46213,3
46214,3
46215,3
46216,3
46217,2
46218,3
46219,3
46220,3
46221,3
46222,3
46223,2
46224,3
46225,3
46226,3
46227,3
46228,3
46229,3
46230,2
46231,2
46232,3
46233,3
46234,3
46235,2
46236,2
46237,2
46238,2
46239,3
46240,2
46241,2
46242,3
46243,2
46244,2
46245,3
46246,3
46247,3
46248,3
46249,3
46250,3
46251,3
46252,3
46253,3
46254,3
46255,3
46256,3
46257,3
46258,2
46259,2
46260,2
46261,2
46262,2
46263,3
46264,2
46265,3
46266,3
46267,3
46268,3
46269,3
46270,2
46271,3
46272,3
46273,3
46274,3
46275,2
46276,2
46277,2
46278,2
46279,3
46280,3
46281,3
46282,3
46283,3
46284,3
46285,3
46286,3
46287,3
46288,3
46289,3
46290,3
46291,2
46292,2
46293,2
46294,3
46295,2
46296,2
46297,3
46298,3
46299,2
46300,2
46301,2
46302,3
46303,3
46304,3
46305,3
46306,3
46307,2
46308,2
46309,3
46310,3
46311,3
46312,3
46313,2
46314,3
46315,2
46316,3
46317,3
46318,3
46319,3
46320,2
46321,2
46322,3
46323,3
46324,2
46325,2
46326,3
46327,3
46328,2
46329,2
46330,2
46331,2
46332,2
46333,2
46334,2
46335,2
46336,2
46337,2
46338,2
46339,2
46340,3
46341,2
46342,2
46343,2
46344,2
46345,2
46346,2
46347,2
46348,2
46349,2
46350,2
46351,2
46352,2
46353,2
46354,3
46355,2
46356,2
46357,2
46358,2
46359,2
46360,2
46361,2
46362,3
46363,3
46364,3
46365,3
46366,3
46367,3
46368,3
46369,2
46370,3
46371,2
46372,2
46373,2
46374,2
46375,3
46376,3
46377,3
46378,3
46379,3
46380,2
46381,3
46382,3
46383,3
46384,3
46385,3
46386,3
46387,3
46388,3
46389,3
46390,3
46391,3
46392,3
46393,3
46394,3
46395,3
46396,3
46397,3
46398,3
46399,3
46400,3
46401,3
46402,3
46403,3
46404,3
46405,2
46406,3
46407,3
46408,3
46409,3
46410,3
46411,3
46412,3
46413,3
46414,3
46415,2
46416,3
46417,3
46418,2
46419,3
46420,2
46421,3
46422,2
46423,3
46424,3
46425,2
46426,2
46427,3
46428,2
46429,2
46430,2
46431,2
46432,3
46433,3
46434,2
46435,2
46436,2
46437,2
46438,3
46439,3
46440,3
46441,3
46442,3
46443,2
46444,2
46445,2
46446,2
46447,2
46448,3
46449,2
46450,2
46451,2
46452,3
46453,2
46454,2
46455,3
46456,2
46457,2
46458,3
46459,2
46460,2
46461,2
46462,2
46463,2
46464,2
46465,2
46466,2
46467,2
46468,3
46469,2
46470,2
46471,3
46472,2
46473,2
46474,2
46475,2
46476,3
46477,3
46478,3
46479,3
46480,3
46481,2
46482,2
46483,3
46484,3
46485,3
46486,3
46487,3
46488,3
46489,3
46490,3
46491,3
46492,3
46493,3
46494,3
46495,2
46496,3
46497,3
46498,3
46499,3
46500,3
46501,2
46502,2
46503,2
46504,2
46505,2
46506,2
46507,2
46508,2
46509,2
46510,2
46511,2
46512,2
46513,2
46514,2
46515,2
46516,3
46517,3
46518,2
46519,2
46520,2
46521,3
46522,2
46523,3
46524,2
46525,2
46526,3
46527,3
46528,2
46529,2
46530,2
46531,2
46532,2
46533,2
46534,3
46535,3
46536,2
46537,2
46538,2
46539,2
46540,2
46541,2
46542,2
46543,2
46544,2
46545,2
46546,2
46547,2
46548,3
46549,3
46550,3
46551,3
46552,3
46553,3
46554,3
46555,2
46556,3
46557,2
46558,3
46559,2
46560,2
46561,3
46562,3
46563,2
46564,2
46565,3
46566,3
46567,2
46568,3
46569,3
46570,3
46571,2
46572,2
46573,3
46574,3
46575,3
46576,3
46577,3
46578,3
46579,3
46580,3
46581,3
46582,3
46583,3
46584,3
46585,3
46586,3
46587,3
46588,3
46589,3
46590,3
46591,3
46592,3
46593,3
46594,3
46595,3
46596,3
46597,3
46598,3
46599,3
46600,3
46601,3
46602,3
46603,3
46604,3
46605,3
46606,3
46607,3
46608,3
46609,3
46610,3
46611,3
46612,3
46613,3
46614,3
46615,3
46616,3
46617,3
46618,3
46619,3
46620,2
46621,2
46622,3
46623,3
46624,3
46625,3
46626,3
46627,3
46628,3
46629,3
46630,3
46631,3
46632,3
46633,3
46634,2
46635,3
46636,3
46637,3
46638,3
46639,3
46640,2
46641,3
46642,3
46643,3
46644,2
46645,2
46646,2
46647,3
46648,2
46649,2
46650,2
46651,2
46652,3
46653,3
46654,3
46655,3
46656,3
46657,3
46658,3
46659,3
46660,3
46661,2
46662,3
46663,3
46664,2
46665,2
46666,2
46667,2
46668,2
46669,2
46670,2
46671,3
46672,3
46673,3
46674,3
46675,3
46676,3
46677,3
46678,3
46679,3
46680,3
46681,3
46682,3
46683,2
46684,3
46685,3
46686,3
46687,3
46688,3
46689,3
46690,3
46691,3
46692,2
46693,2
46694,2
46695,2
46696,2
46697,2
46698,3
46699,3
46700,3
46701,3
46702,2
46703,2
46704,2
46705,3
46706,3
46707,2
46708,2
46709,3
46710,2
46711,3
46712,2
46713,2
46714,3
46715,3
46716,2
46717,3
46718,2
46719,2
46720,2
46721,2
46722,2
46723,2
46724,2
46725,2
46726,3
46727,2
46728,3
46729,3
46730,2
46731,2
46732,2
46733,3
46734,3
46735,3
46736,3
46737,3
46738,3
46739,3
46740,3
46741,3
46742,3
46743,3
46744,3
46745,3
46746,3
46747,2
46748,2
46749,3
46750,3
46751,3
46752,3
46753,3
46754,3
46755,3
46756,3
46757,3
46758,3
46759,3
46760,3
46761,3
46762,3
46763,3
46764,3
46765,3
46766,3
46767,3
46768,3
46769,3
46770,3
46771,3
46772,3
46773,2
46774,2
46775,3
46776,3
46777,2
46778,2
46779,2
46780,3
46781,3
46782,3
46783,3
46784,3
46785,3
46786,3
46787,3
46788,3
46789,3
46790,3
46791,3
46792,3
46793,3
46794,3
46795,3
46796,3
46797,3
46798,3
46799,3
46800,2
46801,3
46802,3
46803,3
46804,3
46805,2
46806,3
46807,3
46808,3
46809,3
46810,3
46811,3
46812,3
46813,3
46814,2
46815,2
46816,2
46817,3
46818,3
46819,3
46820,3
46821,2
46822,3
46823,3
46824,3
46825,3
46826,3
46827,3
46828,3
46829,3
46830,3
46831,3
46832,3
46833,3
46834,3
46835,3
46836,3
46837,3
46838,3
46839,3
46840,3
46841,3
46842,3
46843,3
46844,2
46845,2
46846,2
46847,3
46848,3
46849,2
46850,2
46851,2
46852,3
46853,2
46854,3
46855,3
46856,3
46857,2
46858,2
46859,2
46860,2
46861,2
46862,2
46863,2
46864,3
46865,3
46866,3
46867,3
46868,3
46869,3
46870,3
46871,3
46872,3
46873,3
46874,3
46875,3
46876,3
46877,2
46878,3
46879,3
46880,3
46881,2
46882,3
46883,2
46884,3
46885,3
46886,3
46887,3
46888,3
46889,3
46890,3
46891,3
46892,3
46893,3
46894,2
46895,3
46896,3
46897,3
46898,2
46899,2
46900,3
46901,3
46902,3
46903,3
46904,3
46905,2
46906,3
46907,3
46908,3
46909,2
46910,2
46911,2
46912,3
46913,3
46914,3
46915,3
46916,3
46917,3
46918,3
46919,3
46920,3
46921,3
46922,3
46923,3
46924,2
46925,3
46926,3
46927,3
46928,3
46929,3
46930,3
46931,3
46932,3
46933,3
46934,3
46935,3
46936,3
46937,3
46938,3
46939,3
46940,3
46941,3
46942,3
46943,3
46944,3
46945,3
46946,3
46947,3
46948,3
46949,3
46950,3
46951,3
46952,3
46953,3
46954,3
46955,3
46956,3
46957,3
46958,3
46959,3
46960,3
46961,3
46962,3
46963,3
46964,3
46965,3
46966,3
46967,3
46968,3
46969,2
46970,3
46971,3
46972,3
46973,3
46974,3
46975,3
46976,3
46977,3
46978,3
46979,3
46980,3
46981,3
46982,3
46983,3
46984,3
46985,3
46986,3
46987,2
46988,3
46989,3
46990,2
46991,3
46992,3
46993,2
46994,3
46995,3
46996,2
46997,3
46998,2
46999,3
47000,2
47001,2
47002,3
47003,3
47004,3
47005,2
47006,2
47007,3
47008,3
47009,3
47010,3
47011,3
47012,3
47013,2
47014,2
47015,3
47016,3
47017,3
47018,2
47019,3
47020,2
47021,3
47022,3
47023,3
47024,3
47025,3
47026,3
47027,3
47028,3
47029,3
47030,3
47031,3
47032,3
47033,3
47034,3
47035,2
47036,3
47037,3
47038,2
47039,3
47040,3
47041,3
47042,3
47043,3
47044,2
47045,3
47046,3
47047,2
47048,2
47049,3
47050,3
47051,3
47052,3
47053,3
47054,3
47055,3
47056,3
47057,3
47058,3
47059,3
47060,3
47061,2
47062,3
47063,3
47064,3
47065,2
47066,3
47067,3
47068,3
47069,3
47070,3
47071,3
47072,3
47073,2
47074,3
47075,3
47076,3
47077,2
47078,3
47079,3
47080,3
47081,2
47082,2
47083,3
47084,2
47085,2
47086,3
47087,3
47088,3
47089,2
47090,3
47091,3
47092,3
47093,3
47094,3
47095,2
47096,3
47097,3
47098,3
47099,3
47100,3
47101,3
47102,3
47103,3
47104,2
47105,2
47106,3
47107,2
47108,3
47109,3
47110,3
47111,3
47112,2
47113,3
47114,3
47115,3
47116,3
47117,3
47118,3
47119,3
47120,3
47121,3
47122,3
47123,3
47124,3
47125,3
47126,3
47127,3
47128,3
47129,3
47130,3
47131,3
47132,3
47133,3
47134,3
47135,3
47136,3
47137,3
47138,3
47139,3
47140,3
47141,3
47142,3
47143,3
47144,3
47145,2
47146,3
47147,3
47148,3
47149,3
47150,2
47151,3
47152,2
47153,2
47154,2
47155,3
47156,3
47157,3
47158,2
47159,2
47160,2
47161,2
47162,2
47163,2
47164,2
47165,2
47166,2
47167,2
47168,3
47169,3
47170,3
47171,2
47172,2
47173,2
47174,3
47175,3
47176,2
47177,3
47178,3
47179,3
47180,3
47181,3
47182,3
47183,3
47184,2
47185,2
47186,3
47187,3
47188,3
47189,3
47190,3
47191,2
47192,3
47193,3
47194,3
47195,3
47196,3
47197,3
47198,3
47199,3
47200,3
47201,3
47202,3
47203,3
47204,3
47205,3
47206,3
47207,3
47208,3
47209,3
47210,3
47211,3
47212,3
47213,3
47214,3
47215,3
47216,3
47217,3
47218,3
47219,2
47220,3
47221,3
47222,2
47223,3
47224,3
47225,3
47226,3
47227,2
47228,2
47229,3
47230,2
47231,2
47232,2
47233,2
47234,3
47235,3
47236,2
47237,3
47238,3
47239,3
47240,2
47241,3
47242,3
47243,3
47244,3
47245,3
47246,3
47247,3
47248,2
47249,3
47250,2
47251,2
47252,3
47253,3
47254,3
47255,2
47256,2
47257,3
47258,3
47259,3
47260,3
47261,3
47262,3
47263,3
47264,3
47265,2
47266,2
47267,3
47268,3
47269,3
47270,3
47271,3
47272,3
47273,3
47274,3
47275,3
47276,3
47277,3
47278,3
47279,3
47280,3
47281,3
47282,3
47283,3
47284,3
47285,3
47286,3
47287,3
47288,3
47289,3
47290,3
47291,3
47292,3
47293,3
47294,3
47295,3
47296,3
47297,3
47298,3
47299,3
47300,3
47301,3
47302,3
47303,3
47304,3
47305,3
47306,3
47307,3
47308,3
47309,3
47310,3
47311,3
47312,3
47313,3
47314,2
47315,3
47316,2
47317,2
47318,2
47319,2
47320,2
47321,2
47322,2
47323,3
47324,3
47325,3
47326,3
47327,3
47328,3
47329,2
47330,3
47331,3
47332,3
47333,3
47334,3
47335,3
47336,3
47337,3
47338,3
47339,3
47340,3
47341,3
47342,3
47343,3
47344,3
47345,3
47346,3
47347,3
47348,3
47349,3
47350,2
47351,3
47352,3
47353,3
47354,3
47355,2
47356,2
47357,2
47358,3
47359,2
47360,2
47361,2
47362,3
47363,2
47364,3
47365,3
47366,3
47367,3
47368,3
47369,3
47370,3
47371,3
47372,3
47373,2
47374,3
47375,3
47376,3
47377,2
47378,2
47379,2
47380,2
47381,2
47382,3
47383,2
47384,3
47385,2
47386,3
47387,3
47388,3
47389,3
47390,2
47391,3
47392,3
47393,3
47394,2
47395,3
47396,3
47397,3
47398,3
47399,3
47400,3
47401,3
47402,3
47403,3
47404,3
47405,3
47406,3
47407,2
47408,3
47409,3
47410,2
47411,2
47412,3
47413,3
47414,2
47415,3
47416,3
47417,3
47418,3
47419,3
47420,3
47421,3
47422,3
47423,3
47424,3
47425,2
47426,2
47427,2
47428,3
47429,3
47430,3
47431,3
47432,3
47433,3
47434,3
47435,3
47436,3
47437,3
47438,3
47439,3
47440,3
47441,2
47442,3
47443,3
47444,2
47445,2
47446,2
47447,2
47448,2
47449,2
47450,3
47451,3
47452,3
47453,2
47454,2
47455,3
47456,3
47457,3
47458,3
47459,3
47460,3
47461,3
47462,3
47463,3
47464,3
47465,3
47466,3
47467,3
47468,3
47469,3
47470,2
47471,2
47472,3
47473,3
47474,3
47475,2
47476,3
47477,2
47478,2
47479,2
47480,3
47481,2
47482,2
47483,3
47484,3
47485,3
47486,3
47487,2
47488,3
47489,3
47490,3
47491,3
47492,3
47493,3
47494,3
47495,3
47496,3
47497,3
47498,3
47499,3
47500,3
47501,3
47502,3
47503,3
47504,3
47505,3
47506,3
47507,3
47508,3
47509,2
47510,2
47511,2
47512,2
47513,2
47514,3
47515,2
47516,2
47517,3
47518,3
47519,3
47520,3
47521,3
47522,3
47523,3
47524,3
47525,3
47526,2
47527,3
47528,2
47529,3
47530,3
47531,2
47532,3
47533,3
47534,3
47535,3
47536,2
47537,3
47538,3
47539,3
47540,3
47541,3
47542,3
47543,3
47544,3
47545,3
47546,3
47547,3
47548,3
47549,3
47550,3
47551,3
47552,3
47553,3
47554,3
47555,3
47556,3
47557,2
47558,3
47559,2
47560,3
47561,2
47562,2
47563,2
47564,2
47565,3
47566,3
47567,2
47568,3
47569,3
47570,3
47571,3
47572,3
47573,3
47574,3
47575,3
47576,3
47577,3
47578,3
47579,3
47580,2
47581,2
47582,2
47583,2
47584,2
47585,3
47586,2
47587,2
47588,3
47589,3
47590,3
47591,3
47592,3
47593,3
47594,3
47595,3
47596,3
47597,3
47598,3
47599,3
47600,3
47601,3
47602,3
47603,3
47604,3
47605,3
47606,3
47607,3
47608,3
47609,3
47610,3
47611,3
47612,3
47613,3
47614,3
47615,3
47616,3
47617,3
47618,3
47619,2
47620,3
47621,3
47622,2
47623,2
47624,2
47625,2
47626,3
47627,3
47628,3
47629,3
47630,3
47631,3
47632,2
47633,2
47634,2
47635,2
47636,2
47637,2
47638,3
47639,3
47640,2
47641,2
47642,3
47643,2
47644,2
47645,2
47646,2
47647,2
47648,2
47649,2
47650,2
47651,2
47652,2
47653,2
47654,3
47655,2
47656,2
47657,3
47658,3
47659,3
47660,3
47661,3
47662,3
47663,3
47664,3
47665,3
47666,3
47667,2
47668,2
47669,3
47670,2
47671,3
47672,3
47673,3
47674,3
47675,2
47676,3
47677,2
47678,3
47679,3
47680,3
47681,3
47682,2
47683,3
47684,2
47685,3
47686,3
47687,3
47688,3
47689,2
47690,3
47691,3
47692,3
47693,3
47694,3
47695,3
47696,3
47697,3
47698,3
47699,2
47700,2
47701,2
47702,2
47703,2
47704,3
47705,3
47706,3
47707,3
47708,3
47709,3
47710,3
47711,3
47712,2
47713,2
47714,3
47715,3
47716,3
47717,3
47718,2
47719,2
47720,3
47721,2
47722,3
47723,3
47724,3
47725,3
47726,3
47727,2
47728,3
47729,3
47730,3
47731,3
47732,3
47733,3
47734,3
47735,3
47736,3
47737,3
47738,3
47739,3
47740,3
47741,3
47742,3
47743,3
47744,3
47745,3
47746,3
47747,3
47748,3
47749,3
47750,3
47751,3
47752,3
47753,3
47754,3
47755,3
47756,3
47757,3
47758,3
47759,3
47760,3
47761,3
47762,3
47763,3
47764,3
47765,3
47766,3
47767,3
47768,3
47769,3
47770,3
47771,3
47772,3
47773,3
47774,3
47775,3
47776,3
47777,3
47778,3
47779,3
47780,3
47781,3
47782,3
47783,3
47784,3
47785,3
47786,3
47787,3
47788,3
47789,3
47790,3
47791,2
47792,3
47793,3
47794,3
47795,3
47796,3
47797,3
47798,3
47799,3
47800,3
47801,3
47802,3
47803,3
47804,3
47805,3
47806,3
47807,3
47808,3
47809,3
47810,3
47811,3
47812,3
47813,3
47814,3
47815,3
47816,3
47817,3
47818,3
47819,3
47820,3
47821,3
47822,3
47823,3
47824,3
47825,3
47826,3
47827,3
47828,3
47829,3
47830,3
47831,3
47832,3
47833,3
47834,3
47835,3
47836,3
47837,3
47838,3
47839,3
47840,3
47841,3
47842,3
47843,3
47844,3
47845,3
47846,3
47847,3
47848,3
47849,3
47850,3
47851,3
47852,3
47853,3
47854,3
47855,3
47856,3
47857,3
47858,3
47859,3
47860,3
47861,3
47862,3
47863,3
47864,3
47865,3
47866,3
47867,3
47868,3
47869,3
47870,3
47871,3
47872,3
47873,3
47874,3
47875,3
47876,3
47877,3
47878,3
47879,3
47880,3
47881,3
47882,3
47883,3
47884,3
47885,3
47886,3
47887,3
47888,3
47889,3
47890,3
47891,3
47892,3
47893,3
47894,3
47895,3
47896,3
47897,3
47898,3
47899,3
47900,3
47901,3
47902,3
47903,3
47904,3
47905,3
47906,3
47907,3
47908,3
47909,3
47910,3
47911,3
47912,3
47913,3
47914,3
47915,3
47916,3
47917,3
47918,3
47919,3
47920,3
47921,3
47922,3
47923,3
47924,3
47925,3
47926,3
47927,3
47928,3
47929,2
47930,3
47931,3
47932,3
47933,3
47934,3
47935,3
47936,3
47937,3
47938,3
47939,3
47940,3
47941,3
47942,3
47943,3
47944,3
47945,3
47946,3
47947,3
47948,3
47949,3
47950,3
47951,3
47952,3
47953,3
47954,3
47955,3
47956,3
47957,3
47958,3
47959,3
47960,3
47961,3
47962,3
47963,3
47964,3
47965,3
47966,3
47967,3
47968,3
47969,3
47970,3
47971,3
47972,3
47973,3
47974,3
47975,3
47976,3
47977,3
47978,3
47979,3
47980,3
47981,3
47982,3
47983,3
47984,3
47985,3
47986,3
47987,3
47988,3
47989,3
47990,3
47991,3
47992,3
47993,3
47994,3
47995,3
47996,3
47997,3
47998,3
47999,3
48000,3
48001,3
48002,3
48003,3
48004,3
48005,3
48006,3
48007,3
48008,3
48009,3
48010,3
48011,3
48012,3
48013,3
48014,3
48015,3
48016,3
48017,3
48018,3
48019,3
48020,3
48021,3
48022,3
48023,3
48024,3
48025,3
48026,3
48027,3
48028,3
48029,3
48030,3
48031,3
48032,3
48033,3
48034,3
48035,3
48036,3
48037,3
48038,3
48039,3
48040,3
48041,3
48042,3
48043,3
48044,3
48045,3
48046,3
48047,3
48048,3
48049,3
48050,3
48051,3
48052,3
48053,3
48054,3
48055,3
48056,3
48057,3
48058,3
48059,3
48060,3
48061,3
48062,3
48063,3
48064,3
48065,3
48066,3
48067,3
48068,3
48069,3
48070,3
48071,3
48072,3
48073,3
48074,3
48075,3
48076,3
48077,3
48078,3
48079,3
48080,3
48081,3
48082,3
48083,3
48084,3
48085,3
48086,3
48087,3
48088,3
48089,3
48090,3
48091,3
48092,3
48093,3
48094,3
48095,3
48096,3
48097,3
48098,3
48099,3
48100,3
48101,3
48102,3
48103,3
48104,3
48105,3
48106,3
48107,3
48108,3
48109,3
48110,3
48111,3
48112,3
48113,3
48114,3
48115,3
48116,3
48117,3
48118,3
48119,3
48120,3
48121,3
48122,3
48123,3
48124,3
48125,3
48126,3
48127,3
48128,3
48129,3
48130,3
48131,3
48132,3
48133,3
48134,3
48135,3
48136,3
48137,3
48138,3
48139,3
48140,3
48141,3
48142,3
48143,3
48144,3
48145,3
48146,3
48147,3
48148,3
48149,3
48150,3
48151,3
48152,3
48153,3
48154,3
48155,3
48156,3
48157,2
48158,2
48159,3
48160,3
48161,3
48162,3
48163,3
48164,3
48165,3
48166,3
48167,3
48168,3
48169,3
48170,3
48171,3
48172,3
48173,3
48174,3
48175,3
48176,3
48177,3
48178,2
48179,3
48180,3
48181,3
48182,3
48183,3
48184,3
48185,3
48186,3
48187,3
48188,3
48189,3
48190,3
48191,3
48192,3
48193,3
48194,3
48195,3
48196,3
48197,3
48198,3
48199,3
48200,3
48201,3
48202,3
48203,3
48204,3
48205,3
48206,3
48207,3
48208,3
48209,3
48210,3
48211,3
48212,3
48213,3
48214,3
48215,3
48216,3
48217,3
48218,3
48219,3
48220,3
48221,3
48222,3
48223,3
48224,3
48225,3
48226,3
48227,3
48228,3
48229,3
48230,3
48231,3
48232,3
48233,3
48234,3
48235,3
48236,3
48237,3
48238,3
48239,3
48240,3
48241,3
48242,3
48243,3
48244,3
48245,3
48246,3
48247,3
48248,3
48249,3
48250,3
48251,3
48252,3
48253,3
48254,3
48255,3
48256,3
48257,3
48258,3
48259,3
48260,3
48261,3
48262,3
48263,3
48264,3
48265,3
48266,3
48267,3
48268,3
48269,3
48270,3
48271,3
48272,3
48273,3
48274,3
48275,3
48276,3
48277,3
48278,3
48279,3
48280,3
48281,3
48282,3
48283,3
48284,3
48285,3
48286,3
48287,3
48288,3
48289,3
48290,3
48291,3
48292,3
48293,3
48294,3
48295,3
48296,3
48297,3
48298,3
48299,3
48300,3
48301,3
48302,3
48303,3
48304,3
48305,3
48306,3
48307,3
48308,3
48309,3
48310,3
48311,3
48312,3
48313,3
48314,3
48315,3
48316,3
48317,3
48318,3
48319,3
48320,3
48321,3
48322,3
48323,3
48324,3
48325,3
48326,3
48327,3
48328,3
48329,3
48330,3
48331,3
48332,3
48333,3
48334,3
48335,3
48336,3
48337,3
48338,3
48339,3
48340,3
48341,3
48342,3
48343,3
48344,3
48345,3
48346,3
48347,3
48348,3
48349,3
48350,3
48351,3
48352,3
48353,3
48354,3
48355,3
48356,3
48357,3
48358,3
48359,3
48360,3
48361,3
48362,3
48363,3
48364,3
48365,3
48366,3
48367,3
48368,3
48369,3
48370,3
48371,3
48372,3
48373,3
48374,3
48375,3
48376,3
48377,3
48378,3
48379,3
48380,3
48381,3
48382,3
48383,3
48384,3
48385,3
48386,3
48387,3
48388,3
48389,3
48390,3
48391,3
48392,3
48393,3
48394,3
48395,3
48396,3
48397,3
48398,3
48399,3
48400,3
48401,3
48402,3
48403,3
48404,3
48405,3
48406,3
48407,3
48408,3
48409,3
48410,3
48411,3
48412,3
48413,3
48414,3
48415,3
48416,3
48417,3
48418,3
48419,3
48420,3
48421,3
48422,3
48423,3
48424,3
48425,3
48426,3
48427,3
48428,3
48429,3
48430,3
48431,3
48432,3
48433,3
48434,3
48435,3
48436,3
48437,3
48438,3
48439,3
48440,3
48441,3
48442,3
48443,3
48444,3
48445,3
48446,3
48447,3
48448,3
48449,3
48450,3
48451,3
48452,3
48453,3
48454,3
48455,3
48456,3
48457,3
48458,3
48459,3
48460,3
48461,3
48462,3
48463,3
48464,3
48465,3
48466,3
48467,3
48468,3
48469,3
48470,3
48471,3
48472,3
48473,3
48474,3
48475,3
48476,3
48477,3
48478,3
48479,3
48480,3
48481,3
48482,3
48483,3
48484,3
48485,3
48486,3
48487,3
48488,3
48489,3
48490,3
48491,3
48492,3
48493,3
48494,3
48495,3
48496,3
48497,3
48498,3
48499,3
48500,3
48501,3
48502,3
48503,3
48504,3
48505,3
48506,3
48507,3
48508,3
48509,3
48510,3
48511,3
48512,3
48513,3
48514,3
48515,3
48516,3
48517,3
48518,3
48519,3
48520,3
48521,3
48522,3
48523,3
48524,3
48525,3
48526,3
48527,3
48528,3
48529,3
48530,3
48531,3
48532,3
48533,3
48534,3
48535,3
48536,3
48537,3
48538,3
48539,3
48540,3
48541,3
48542,3
48543,3
48544,3
48545,3
48546,3
48547,3
48548,3
48549,3
48550,3
48551,3
48552,3
48553,3
48554,3
48555,3
48556,3
48557,3
48558,3
48559,3
48560,3
48561,3
48562,3
48563,3
48564,3
48565,3
48566,3
48567,3
48568,3
48569,3
48570,3
48571,3
48572,3
48573,3
48574,3
48575,3
48576,3
48577,3
48578,3
48579,3
48580,3
48581,3
48582,3
48583,3
48584,3
48585,3
48586,3
48587,3
48588,3
48589,3
48590,3
48591,3
48592,3
48593,3
48594,3
48595,3
48596,3
48597,3
48598,3
48599,3
48600,3
48601,3
48602,3
48603,3
48604,3
48605,3
48606,3
48607,3
48608,3
48609,3
48610,3
48611,3
48612,3
48613,3
48614,3
48615,3
48616,3
48617,3
48618,3
48619,3
48620,3
48621,3
48622,3
48623,3
48624,3
48625,3
48626,3
48627,3
48628,3
48629,3
48630,3
48631,3
48632,3
48633,3
48634,3
48635,3
48636,3
48637,3
48638,3
48639,3
48640,3
48641,3
48642,3
48643,3
48644,3
48645,3
48646,3
48647,3
48648,3
48649,3
48650,3
48651,3
48652,3
48653,3
48654,3
48655,3
48656,3
48657,3
48658,3
48659,3
48660,3
48661,3
48662,3
48663,3
48664,3
48665,3
48666,3
48667,3
48668,3
48669,3
48670,3
48671,3
48672,3
48673,3
48674,3
48675,3
48676,3
48677,3
48678,3
48679,3
48680,3
48681,3
48682,3
48683,3
48684,3
48685,3
48686,3
48687,3
48688,3
48689,3
48690,3
48691,3
48692,3
48693,3
48694,3
48695,3
48696,3
48697,3
48698,3
48699,3
48700,3
48701,3
48702,3
48703,3
48704,3
48705,3
48706,3
48707,3
48708,3
48709,3
48710,3
48711,3
48712,3
48713,3
48714,3
48715,3
48716,3
48717,3
48718,3
48719,3
48720,3
48721,3
48722,3
48723,3
48724,3
48725,3
48726,3
48727,3
48728,3
48729,3
48730,3
48731,3
48732,3
48733,3
48734,3
48735,3
48736,3
48737,3
48738,3
48739,3
48740,3
48741,3
48742,3
48743,3
48744,3
48745,3
48746,3
48747,3
48748,3
48749,3
48750,3
48751,3
48752,3
48753,3
48754,3
48755,3
48756,3
48757,3
48758,3
48759,3
48760,3
48761,3
48762,3
48763,3
48764,3
48765,3
48766,3
48767,3
48768,3
48769,3
48770,3
48771,3
48772,3
48773,3
48774,3
48775,3
48776,3
48777,3
48778,3
48779,3
48780,3
48781,3
48782,3
48783,3
48784,3
48785,3
48786,3
48787,3
48788,3
48789,3
48790,3
48791,3
48792,3
48793,3
48794,3
48795,3
48796,3
48797,3
48798,3
48799,3
48800,3
48801,3
48802,3
48803,3
48804,3
48805,3
48806,3
48807,3
48808,3
48809,3
48810,3
48811,3
48812,3
48813,3
48814,3
48815,3
48816,3
48817,3
48818,3
48819,3
48820,3
48821,3
48822,3
48823,3
48824,3
48825,3
48826,3
48827,3
48828,3
48829,3
48830,3
48831,3
48832,3
48833,3
48834,3
48835,3
48836,3
48837,3
48838,3
48839,3
48840,3
48841,3
48842,3
48843,3
48844,3
48845,3
48846,3
48847,3
48848,3
48849,3
48850,3
48851,3
48852,3
48853,3
48854,3
48855,3
48856,3
48857,3
48858,3
48859,3
48860,3
48861,3
48862,3
48863,3
48864,3
48865,3
48866,3
48867,3
48868,3
48869,3
48870,3
48871,3
48872,3
48873,3
48874,3
48875,3
48876,3
48877,3
48878,3
48879,3
48880,3
48881,3
48882,3
48883,3
48884,3
48885,3
48886,3
48887,3
48888,3
48889,3
48890,3
48891,3
48892,3
48893,3
48894,3
48895,3
48896,3
48897,3
48898,3
48899,3
48900,3
48901,3
48902,3
48903,3
48904,3
48905,3
48906,3
48907,3
48908,3
48909,3
48910,3
48911,3
48912,3
48913,3
48914,3
48915,3
48916,3
48917,3
48918,3
48919,3
48920,3
48921,3
48922,3
48923,3
48924,3
48925,3
48926,3
48927,3
48928,3
48929,3
48930,3
48931,3
48932,3
48933,3
48934,3
48935,3
48936,3
48937,3
48938,3
48939,3
48940,3
48941,3
48942,3
48943,3
48944,3
48945,3
48946,3
48947,3
48948,3
48949,3
48950,3
48951,3
48952,3
48953,3
48954,3
48955,3
48956,3
48957,3
48958,3
48959,3
48960,3
48961,3
48962,3
48963,3
48964,3
48965,3
48966,3
48967,3
48968,3
48969,3
48970,3
48971,3
48972,3
48973,3
48974,3
48975,3
48976,3
48977,3
48978,3
48979,3
48980,3
48981,3
48982,3
48983,3
48984,3
48985,3
48986,3
48987,3
48988,3
48989,3
48990,3
48991,3
48992,3
48993,3
48994,3
48995,3
48996,3
48997,3
48998,3
48999,3
49000,3
49001,3
49002,3
49003,3
49004,3
49005,3
49006,3
49007,3
49008,3
49009,3
49010,3
49011,3
49012,3
49013,3
49014,3
49015,3
49016,3
49017,3
49018,3
49019,3
49020,3
49021,3
49022,3
49023,3
49024,3
49025,3
49026,3
49027,3
49028,3
49029,3
49030,3
49031,3
49032,3
49033,3
49034,3
49035,3
49036,3
49037,3
49038,3
49039,3
49040,3
49041,3
49042,3
49043,3
49044,3
49045,3
49046,3
49047,3
49048,3
49049,3
49050,3
49051,3
49052,3
49053,3
49054,3
49055,3
49056,3
49057,3
49058,3
49059,3
49060,3
49061,3
49062,3
49063,3
49064,3
49065,3
49066,3
49067,3
49068,3
49069,3
49070,3
49071,3
49072,3
49073,3
49074,3
49075,3
49076,3
49077,3
49078,3
49079,3
49080,3
49081,3
49082,3
49083,3
49084,3
49085,3
49086,3
49087,3
49088,3
49089,3
49090,3
49091,3
49092,3
49093,3
49094,3
49095,3
49096,3
49097,3
49098,3
49099,3
49100,3
49101,3
49102,3
49103,3
49104,3
49105,3
49106,3
49107,3
49108,3
49109,3
49110,3
49111,3
49112,3
49113,3
49114,3
49115,3
49116,3
49117,3
49118,3
49119,3
49120,3
49121,3
49122,3
49123,3
49124,3
49125,3
49126,3
49127,3
49128,3
49129,3
49130,3
49131,3
49132,3
49133,3
49134,3
49135,3
49136,3
49137,3
49138,3
49139,3
49140,3
49141,3
49142,3
49143,3
49144,3
49145,3
49146,3
49147,3
49148,3
49149,3
49150,3
49151,3
49152,3
49153,3
49154,3
49155,3
49156,3
49157,3
49158,3
49159,3
49160,3
49161,3
49162,3
49163,3
49164,3
49165,3
49166,3
49167,3
49168,3
49169,3
49170,3
49171,3
49172,3
49173,3
49174,3
49175,3
49176,3
49177,3
49178,3
49179,3
49180,3
49181,3
49182,3
49183,3
49184,3
49185,3
49186,3
49187,3
49188,3
49189,3
49190,3
49191,3
49192,3
49193,3
49194,3
49195,3
49196,3
49197,3
49198,3
49199,3
49200,3
49201,3
49202,3
49203,3
49204,3
49205,3
49206,3
49207,3
49208,3
49209,3
49210,3
49211,3
49212,3
49213,3
49214,3
49215,3
49216,3
49217,3
49218,3
49219,3
49220,3
49221,3
49222,3
49223,3
49224,3
49225,3
49226,3
49227,3
49228,3
49229,3
49230,3
49231,3
49232,3
49233,3
49234,3
49235,3
49236,3
49237,3
49238,3
49239,3
49240,3
49241,3
49242,3
49243,3
49244,3
49245,3
49246,3
49247,3
49248,3
49249,3
49250,3
49251,3
49252,3
49253,3
49254,3
49255,3
49256,3
49257,3
49258,3
49259,3
49260,3
49261,3
49262,3
49263,3
49264,3
49265,3
49266,3
49267,3
49268,3
49269,3
49270,3
49271,3
49272,3
49273,3
49274,3
49275,3
49276,3
49277,3
49278,3
49279,3
49280,3
49281,3
49282,3
49283,3
49284,3
49285,3
49286,3
49287,3
49288,3
49289,3
49290,3
49291,3
49292,3
49293,3
49294,3
49295,3
49296,3
49297,3
49298,3
49299,3
49300,3
49301,3
49302,3
49303,3
49304,3
49305,3
49306,3
49307,3
49308,3
49309,3
49310,3
49311,3
49312,3
49313,3
49314,3
49315,3
49316,3
49317,3
49318,3
49319,3
49320,3
49321,3
49322,3
49323,3
49324,3
49325,3
49326,3
49327,3
49328,3
49329,3
49330,3
49331,3
49332,3
49333,3
49334,3
49335,3
49336,3
49337,3
49338,3
49339,3
49340,3
49341,3
49342,3
49343,3
49344,3
49345,3
49346,3
49347,3
49348,3
49349,3
49350,3
49351,3
49352,3
49353,3
49354,3
49355,3
49356,3
49357,3
49358,3
49359,3
49360,3
49361,3
49362,3
49363,3
49364,3
49365,3
49366,3
49367,3
49368,3
49369,3
49370,3
49371,3
49372,3
49373,3
49374,3
49375,3
49376,3
49377,3
49378,3
49379,3
49380,3
49381,3
49382,3
49383,3
49384,3
49385,3
49386,3
49387,3
49388,3
49389,3
49390,3
49391,3
49392,3
49393,3
49394,3
49395,3
49396,3
49397,3
49398,3
49399,3
49400,3
49401,3
49402,3
49403,3
49404,3
49405,3
49406,3
49407,3
49408,3
49409,3
49410,3
49411,3
49412,3
49413,3
49414,3
49415,3
49416,3
49417,3
49418,3
49419,3
49420,3
49421,3
49422,3
49423,3
49424,3
49425,3
49426,3
49427,3
49428,3
49429,3
49430,3
49431,3
49432,3
49433,3
49434,3
49435,3
49436,3
49437,3
49438,3
49439,3
49440,3
49441,3
49442,3
49443,3
49444,3
49445,3
49446,3
49447,3
49448,3
49449,3
49450,3
49451,2
49452,2
49453,2
49454,3
49455,3
49456,3
49457,3
49458,3
49459,3
49460,3
49461,3
49462,3
49463,3
49464,3
49465,3
49466,3
49467,3
49468,3
49469,3
49470,3
49471,3
49472,3
49473,3
49474,3
49475,2
49476,2
49477,2
49478,2
49479,2
49480,3
49481,3
49482,3
49483,3
49484,2
49485,2
49486,2
49487,2
49488,3
49489,3
49490,2
49491,3
49492,2
49493,3
49494,2
49495,3
49496,3
49497,3
49498,3
49499,3
49500,3
49501,2
49502,3
49503,3
49504,3
49505,3
49506,3
49507,2
49508,2
49509,3
49510,3
49511,3
49512,3
49513,3
49514,3
49515,3
49516,3
49517,3
49518,3
49519,3
49520,3
49521,3
49522,3
49523,3
49524,3
49525,3
49526,3
49527,3
49528,3
49529,2
49530,3
49531,3
49532,3
49533,2
49534,3
49535,3
49536,3
49537,3
49538,2
49539,3
49540,3
49541,3
49542,3
49543,3
49544,3
49545,3
49546,3
49547,3
49548,3
49549,3
49550,3
49551,3
49552,3
49553,3
49554,3
49555,3
49556,3
49557,3
49558,3
49559,3
49560,3
49561,3
49562,3
49563,3
49564,3
49565,3
49566,3
49567,3
49568,3
49569,3
49570,3
49571,3
49572,3
49573,3
49574,3
49575,3
49576,3
49577,3
49578,2
49579,3
49580,3
49581,3
49582,2
49583,3
49584,3
49585,3
49586,3
49587,3
49588,3
49589,3
49590,3
49591,3
49592,3
49593,3
49594,3
49595,3
49596,3
49597,3
49598,3
49599,2
49600,3
49601,3
49602,3
49603,3
49604,3
49605,3
49606,3
49607,3
49608,3
49609,3
49610,2
49611,3
49612,2
49613,2
49614,2
49615,2
49616,2
49617,2
49618,2
49619,2
49620,3
49621,2
49622,3
49623,3
49624,3
49625,3
49626,3
49627,2
49628,3
49629,3
49630,3
49631,3
49632,2
49633,3
49634,3
49635,3
49636,3
49637,2
49638,3
49639,3
49640,3
49641,3
49642,3
49643,3
49644,3
49645,3
49646,3
49647,3
49648,3
49649,3
49650,3
49651,3
49652,3
49653,3
49654,3
49655,3
49656,3
49657,3
49658,3
49659,3
49660,3
49661,3
49662,3
49663,3
49664,3
49665,3
49666,3
49667,3
49668,3
49669,3
49670,3
49671,3
49672,3
49673,3
49674,3
49675,3
49676,3
49677,3
49678,3
49679,2
49680,3
49681,2
49682,3
49683,3
49684,3
49685,3
49686,3
49687,3
49688,3
49689,3
49690,2
49691,3
49692,2
49693,2
49694,2
49695,3
49696,3
49697,3
49698,2
49699,2
49700,3
49701,2
49702,2
49703,2
49704,2
49705,2
49706,3
49707,3
49708,3
49709,3
49710,3
49711,3
49712,3
49713,3
49714,2
49715,3
49716,3
49717,3
49718,3
49719,3
49720,3
49721,3
49722,3
49723,3
49724,2
49725,2
49726,3
49727,3
49728,2
49729,2
49730,3
49731,3
49732,3
49733,3
49734,3
49735,3
49736,3
49737,2
49738,3
49739,3
49740,3
49741,3
49742,3
49743,3
49744,3
49745,3
49746,2
49747,3
49748,3
49749,2
49750,3
49751,3
49752,3
49753,3
49754,3
49755,3
49756,3
49757,3
49758,2
49759,2
49760,2
49761,3
49762,3
49763,2
49764,3
49765,3
49766,3
49767,3
49768,2
49769,3
49770,3
49771,3
49772,3
49773,3
49774,2
49775,2
49776,2
49777,3
49778,2
49779,3
49780,3
49781,3
49782,2
49783,2
49784,2
49785,3
49786,2
49787,2
49788,2
49789,2
49790,2
49791,2
49792,2
49793,2
49794,2
49795,2
49796,3
49797,3
49798,2
49799,2
49800,2
49801,2
49802,2
49803,2
49804,2
49805,2
49806,2
49807,2
49808,2
49809,3
49810,2
49811,2
49812,3
49813,2
49814,2
49815,2
49816,3
49817,3
49818,3
49819,3
49820,3
49821,3
49822,3
49823,2
49824,2
49825,3
49826,3
49827,3
49828,3
49829,3
49830,3
49831,3
49832,2
49833,2
49834,3
49835,3
49836,3
49837,3
49838,2
49839,3
49840,3
49841,3
49842,3
49843,2
49844,2
49845,2
49846,3
49847,2
49848,3
49849,2
49850,2
49851,2
49852,3
49853,2
49854,2
49855,3
49856,3
49857,3
49858,3
49859,3
49860,3
49861,3
49862,3
49863,3
49864,3
49865,3
49866,2
49867,3
49868,3
49869,3
49870,3
49871,2
49872,3
49873,3
49874,3
49875,3
49876,3
49877,2
49878,3
49879,3
49880,3
49881,3
49882,3
49883,3
49884,3
49885,3
49886,3
49887,3
49888,3
49889,3
49890,3
49891,3
49892,2
49893,2
49894,2
49895,3
49896,3
49897,2
49898,2
49899,2
49900,2
49901,2
49902,2
49903,3
49904,3
49905,3
49906,3
49907,3
49908,3
49909,3
49910,2
49911,3
49912,3
49913,3
49914,3
49915,3
49916,3
49917,3
49918,3
49919,3
49920,3
49921,3
49922,3
49923,3
49924,3
49925,2
49926,3
49927,2
49928,2
49929,3
49930,3
49931,3
49932,3
49933,3
49934,2
49935,3
49936,2
49937,3
49938,3
49939,2
49940,2
49941,2
49942,2
49943,2
49944,2
49945,3
49946,2
49947,2
49948,2
49949,2
49950,3
49951,2
49952,2
49953,2
49954,2
49955,2
49956,2
49957,2
49958,3
49959,2
49960,2
49961,2
49962,2
49963,2
49964,2
49965,2
49966,2
49967,2
49968,2
49969,3
49970,2
49971,2
49972,2
49973,2
49974,2
49975,2
49976,2
49977,2
49978,2
49979,2
49980,2
49981,2
49982,2
49983,2
49984,2
49985,2
49986,3
49987,2
49988,2
49989,2
49990,2
49991,2
49992,2
49993,3
49994,2
49995,2
49996,3
49997,3
49998,2
49999,2
50000,2
50001,2
50002,3
50003,2
50004,3
50005,3
50006,2
50007,3
50008,2
50009,3
50010,3
50011,2
50012,2
50013,2
50014,2
50015,2
50016,2
50017,2
50018,2
50019,2
50020,2
50021,2
50022,2
50023,3
50024,2
50025,2
50026,3
50027,2
50028,3
50029,2
50030,3
50031,2
50032,3
50033,3
50034,3
50035,2
50036,3
50037,3
50038,3
50039,3
50040,3
50041,3
50042,3
50043,3
50044,3
50045,3
50046,3
50047,2
50048,2
50049,2
50050,2
50051,3
50052,3
50053,2
50054,2
50055,2
50056,2
50057,2
50058,3
50059,2
50060,2
50061,2
50062,3
50063,3
50064,3
50065,2
50066,2
50067,2
50068,3
50069,2
50070,2
50071,2
50072,2
50073,2
50074,2
50075,2
50076,2
50077,2
50078,2
50079,2
50080,3
50081,3
50082,3
50083,2
50084,2
50085,2
50086,3
50087,3
50088,3
50089,2
50090,2
50091,2
50092,2
50093,2
50094,2
50095,2
50096,3
50097,3
50098,2
50099,2
50100,2
50101,3
50102,3
50103,3
50104,3
50105,3
50106,3
50107,3
50108,3
50109,3
50110,3
50111,3
50112,2
50113,2
50114,2
50115,2
50116,3
50117,3
50118,2
50119,2
50120,3
50121,2
50122,2
50123,3
50124,2
50125,2
50126,3
50127,2
50128,2
50129,2
50130,2
50131,2
50132,2
50133,3
50134,2
50135,2
50136,2
50137,2
50138,3
50139,2
50140,2
50141,2
50142,2
50143,3
50144,3
50145,2
50146,2
50147,2
50148,3
50149,2
50150,2
50151,2
50152,2
50153,2
50154,2
50155,2
50156,2
50157,2
50158,2
50159,2
50160,2
50161,2
50162,2
50163,2
50164,2
50165,2
50166,3
50167,3
50168,2
50169,3
50170,2
50171,2
50172,3
50173,2
50174,2
50175,2
50176,2
50177,2
50178,2
50179,2
50180,2
50181,2
50182,2
50183,2
50184,2
50185,2
50186,2
50187,2
50188,3
50189,2
50190,2
50191,2
50192,3
50193,2
50194,2
50195,2
50196,2
50197,2
50198,2
50199,2
50200,2
50201,2
50202,3
50203,2
50204,2
50205,2
50206,2
50207,2
50208,2
50209,2
50210,2
50211,2
50212,2
50213,2
50214,2
50215,3
50216,3
50217,2
50218,2
50219,2
50220,2
50221,2
50222,3
50223,3
50224,3
50225,2
50226,2
50227,3
50228,3
50229,2
50230,2
50231,3
50232,3
50233,3
50234,2
50235,2
50236,2
50237,2
50238,2
50239,2
50240,2
50241,3
50242,2
50243,2
50244,3
50245,3
50246,2
50247,2
50248,3
50249,2
50250,3
50251,2
50252,2
50253,3
50254,3
50255,2
50256,2
50257,3
50258,3
50259,3
50260,2
50261,3
50262,2
50263,3
50264,2
50265,3
50266,2
50267,2
50268,3
50269,2
50270,2
50271,2
50272,2
50273,2
50274,2
50275,2
50276,2
50277,2
50278,2
50279,2
50280,2
50281,2
50282,2
50283,3
50284,2
50285,2
50286,2
50287,2
50288,2
50289,3
50290,3
50291,3
50292,2
50293,2
50294,2
50295,2
50296,2
50297,2
50298,2
50299,2
50300,2
50301,2
50302,2
50303,2
50304,2
50305,2
50306,2
50307,2
50308,3
50309,3
50310,3
50311,2
50312,3
50313,3
50314,2
50315,2
50316,2
50317,2
50318,2
50319,2
50320,2
50321,3
50322,3
50323,2
50324,2
50325,2
50326,2
50327,2
50328,2
50329,2
50330,2
50331,2
50332,2
50333,2
50334,2
50335,2
50336,2
50337,2
50338,2
50339,2
50340,2
50341,2
50342,2
50343,2
50344,2
50345,2
50346,2
50347,3
50348,3
50349,3
50350,3
50351,2
50352,2
50353,2
50354,2
50355,2
50356,3
50357,2
50358,2
50359,2
50360,2
50361,2
50362,2
50363,2
50364,2
50365,2
50366,2
50367,2
50368,2
50369,3
50370,2
50371,3
50372,2
50373,2
50374,2
50375,2
50376,2
50377,2
50378,2
50379,2
50380,2
50381,2
50382,3
50383,2
50384,3
50385,3
50386,2
50387,3
50388,2
50389,2
50390,3
50391,2
50392,2
50393,2
50394,2
50395,3
50396,2
50397,2
50398,2
50399,3
50400,2
50401,3
50402,2
50403,2
50404,3
50405,3
50406,2
50407,2
50408,2
50409,3
50410,2
50411,2
50412,2
50413,3
50414,3
50415,3
50416,3
50417,3
50418,2
50419,2
50420,3
50421,2
50422,2
50423,2
50424,2
50425,2
50426,2
50427,2
50428,2
50429,3
50430,2
50431,2
50432,3
50433,3
50434,3
50435,3
50436,3
50437,3
50438,3
50439,3
50440,3
50441,3
50442,2
50443,3
50444,3
50445,3
50446,3
50447,3
50448,2
50449,2
50450,3
50451,2
50452,2
50453,2
50454,2
50455,3
50456,2
50457,2
50458,3
50459,2
50460,3
50461,3
50462,3
50463,2
50464,2
50465,2
50466,2
50467,3
50468,2
50469,3
50470,2
50471,2
50472,3
50473,3
50474,2
50475,2
50476,2
50477,2
50478,2
50479,2
50480,2
50481,3
50482,3
50483,3
50484,2
50485,3
50486,3
50487,3
50488,2
50489,3
50490,3
50491,3
50492,3
50493,3
50494,3
50495,2
50496,2
50497,2
50498,2
50499,2
50500,2
50501,2
50502,2
50503,3
50504,2
50505,2
50506,3
50507,2
50508,2
50509,2
50510,2
50511,2
50512,3
50513,3
50514,3
50515,2
50516,3
50517,2
50518,3
50519,2
50520,3
50521,3
50522,3
50523,3
50524,2
50525,3
50526,3
50527,2
50528,2
50529,3
50530,3
50531,3
50532,3
50533,3
50534,2
50535,3
50536,3
50537,2
50538,2
50539,2
50540,2
50541,3
50542,3
50543,3
50544,3
50545,3
50546,3
50547,3
50548,3
50549,3
50550,3
50551,3
50552,2
50553,2
50554,3
50555,3
50556,3
50557,3
50558,3
50559,3
50560,3
50561,3
50562,3
50563,3
50564,3
50565,3
50566,2
50567,3
50568,2
50569,3
50570,3
50571,3
50572,3
50573,3
50574,3
50575,3
50576,3
50577,3
50578,3
50579,3
50580,3
50581,3
50582,2
50583,3
50584,3
50585,3
50586,3
50587,3
50588,3
50589,3
50590,3
50591,3
50592,3
50593,3
50594,3
50595,3
50596,3
50597,3
50598,3
50599,3
50600,3
50601,3
50602,2
50603,2
50604,2
50605,2
50606,2
50607,2
50608,3
50609,3
50610,3
50611,3
50612,3
50613,3
50614,3
50615,3
50616,3
50617,3
50618,3
50619,3
50620,2
50621,3
50622,3
50623,2
50624,3
50625,3
50626,3
50627,2
50628,3
50629,3
50630,3
50631,3
50632,2
50633,3
50634,3
50635,3
50636,3
50637,3
50638,3
50639,3
50640,3
50641,2
50642,2
50643,3
50644,3
50645,3
50646,3
50647,2
50648,2
50649,3
50650,3
50651,3
50652,3
50653,3
50654,3
50655,3
50656,3
50657,3
50658,2
50659,2
50660,2
50661,2
50662,3
50663,3
50664,3
50665,2
50666,3
50667,2
50668,3
50669,3
50670,3
50671,3
50672,3
50673,3
50674,3
50675,2
50676,3
50677,3
50678,2
50679,3
50680,2
50681,3
50682,3
50683,3
50684,3
50685,2
50686,2
50687,3
50688,3
50689,3
50690,3
50691,2
50692,3
50693,3
50694,2
50695,2
50696,3
50697,3
50698,3
50699,3
50700,3
50701,3
50702,3
50703,3
50704,3
50705,3
50706,3
50707,3
50708,2
50709,3
50710,3
50711,3
50712,3
50713,3
50714,3
50715,3
50716,3
50717,3
50718,3
50719,3
50720,3
50721,3
50722,3
50723,3
50724,3
50725,3
50726,3
50727,3
50728,3
50729,3
50730,3
50731,3
50732,3
50733,3
50734,3
50735,3
50736,3
50737,3
50738,3
50739,3
50740,3
50741,3
50742,3
50743,3
50744,3
50745,3
50746,3
50747,3
50748,3
50749,3
50750,3
50751,3
50752,3
50753,3
50754,3
50755,3
50756,2
50757,3
50758,2
50759,3
50760,3
50761,2
50762,2
50763,3
50764,3
50765,3
50766,2
50767,3
50768,2
50769,3
50770,3
50771,2
50772,2
50773,3
50774,2
50775,3
50776,3
50777,2
50778,3
50779,3
50780,3
50781,3
50782,3
50783,3
50784,2
50785,3
50786,2
50787,2
50788,2
50789,2
50790,3
50791,2
50792,3
50793,3
50794,3
50795,2
50796,3
50797,2
50798,3
50799,2
50800,2
50801,3
50802,3
50803,3
50804,3
50805,2
50806,3
50807,3
50808,3
50809,3
50810,3
50811,3
50812,3
50813,2
50814,3
50815,3
50816,3
50817,3
50818,3
50819,3
50820,3
50821,3
50822,3
50823,3
50824,3
50825,3
50826,2
50827,3
50828,3
50829,3
50830,3
50831,3
50832,3
50833,3
50834,3
50835,3
50836,2
50837,3
50838,2
50839,3
50840,3
50841,2
50842,3
50843,3
50844,3
50845,3
50846,3
50847,3
50848,2
50849,2
50850,3
50851,3
50852,3
50853,2
50854,3
50855,3
50856,3
50857,3
50858,2
50859,3
50860,2
50861,3
50862,3
50863,3
50864,2
50865,2
50866,3
50867,3
50868,3
50869,3
50870,2
50871,2
50872,3
50873,3
50874,3
50875,3
50876,3
50877,3
50878,3
50879,2
50880,3
50881,3
50882,3
50883,2
50884,3
50885,3
50886,2
50887,2
50888,3
50889,2
50890,3
50891,2
50892,2
50893,3
50894,3
50895,2
50896,2
50897,3
50898,2
50899,3
50900,2
50901,3
50902,3
50903,2
50904,3
50905,3
50906,3
50907,3
50908,3
50909,3
50910,3
50911,3
50912,3
50913,3
50914,3
50915,3
50916,3
50917,3
50918,2
50919,3
50920,2
50921,2
50922,2
50923,2
50924,3
50925,2
50926,3
50927,3
50928,3
50929,3
50930,3
50931,2
50932,2
50933,2
50934,2
50935,3
50936,3
50937,2
50938,2
50939,2
50940,2
50941,2
50942,3
50943,2
50944,2
50945,2
50946,3
50947,3
50948,2
50949,2
50950,3
50951,3
50952,2
50953,2
50954,3
50955,2
50956,2
50957,2
50958,2
50959,2
50960,3
50961,2
50962,2
50963,2
50964,3
50965,3
50966,3
50967,3
50968,3
50969,2
50970,3
50971,3
50972,3
50973,3
50974,3
50975,3
50976,3
50977,3
50978,3
50979,2
50980,2
50981,3
50982,2
50983,2
50984,2
50985,2
50986,2
50987,3
50988,2
50989,3
50990,2
50991,3
50992,2
50993,2
50994,2
50995,3
50996,3
50997,3
50998,3
50999,2
51000,3
51001,3
51002,3
51003,2
51004,2
51005,3
51006,3
51007,3
51008,3
51009,3
51010,3
51011,3
51012,3
51013,3
51014,2
51015,3
51016,3
51017,2
51018,3
51019,3
51020,2
51021,2
51022,2
51023,3
51024,2
51025,3
51026,2
51027,2
51028,3
51029,2
51030,2
51031,3
51032,3
51033,2
51034,2
51035,3
51036,2
51037,2
51038,2
51039,3
51040,3
51041,2
51042,2
51043,3
51044,3
51045,2
51046,2
51047,3
51048,3
51049,3
51050,2
51051,2
51052,3
51053,3
51054,3
51055,3
51056,3
51057,3
51058,3
51059,2
51060,3
51061,3
51062,2
51063,3
51064,2
51065,2
51066,2
51067,2
51068,3
51069,3
51070,2
51071,2
51072,3
51073,3
51074,3
51075,3
51076,3
51077,3
51078,3
51079,3
51080,2
51081,3
51082,3
51083,3
51084,2
51085,3
51086,3
51087,3
51088,2
51089,2
51090,2
51091,3
51092,3
51093,3
51094,2
51095,3
51096,2
51097,3
51098,3
51099,3
51100,2
51101,3
51102,3
51103,3
51104,3
51105,2
51106,3
51107,3
51108,2
51109,3
51110,2
51111,2
51112,3
51113,3
51114,2
51115,3
51116,2
51117,3
51118,3
51119,2
51120,3
51121,2
51122,2
51123,3
51124,3
51125,2
51126,3
51127,3
51128,3
51129,3
51130,3
51131,2
51132,3
51133,2
51134,3
51135,3
51136,3
51137,3
51138,3
51139,3
51140,3
51141,3
51142,3
51143,3
51144,3
51145,2
51146,2
51147,2
51148,2
51149,3
51150,3
51151,2
51152,3
51153,2
51154,3
51155,3
51156,3
51157,2
51158,2
51159,2
51160,2
51161,2
51162,2
51163,3
51164,2
51165,2
51166,3
51167,3
51168,3
51169,3
51170,3
51171,3
51172,3
51173,2
51174,3
51175,3
51176,2
51177,3
51178,3
51179,3
51180,3
51181,3
51182,3
51183,3
51184,3
51185,3
51186,3
51187,3
51188,3
51189,3
51190,3
51191,3
51192,3
51193,3
51194,3
51195,3
51196,3
51197,3
51198,3
51199,3
51200,3
51201,3
51202,2
51203,2
51204,2
51205,3
51206,3
51207,3
51208,2
51209,3
51210,3
51211,3
51212,3
51213,3
51214,2
51215,3
51216,3
51217,3
51218,3
51219,3
51220,2
51221,2
51222,2
51223,2
51224,2
51225,2
51226,2
51227,3
51228,2
51229,3
51230,2
51231,2
51232,2
51233,2
51234,2
51235,2
51236,2
51237,2
51238,2
51239,2
51240,2
51241,2
51242,3
51243,2
51244,2
51245,3
51246,2
51247,3
51248,2
51249,3
51250,2
51251,2
51252,2
51253,2
51254,3
51255,3
51256,2
51257,2
51258,3
51259,2
51260,2
51261,2
51262,3
51263,2
51264,3
51265,3
51266,2
51267,2
51268,2
51269,2
51270,3
51271,3
51272,3
51273,2
51274,3
51275,2
51276,2
51277,2
51278,3
51279,2
51280,3
51281,3
51282,2
51283,3
51284,2
51285,3
51286,3
51287,2
51288,3
51289,2
51290,2
51291,2
51292,2
51293,2
51294,2
51295,2
51296,2
51297,2
51298,3
51299,2
51300,2
51301,2
51302,2
51303,2
51304,2
51305,2
51306,2
51307,2
51308,2
51309,2
51310,2
51311,3
51312,2
51313,2
51314,2
51315,2
51316,3
51317,3
51318,2
51319,2
51320,3
51321,3
51322,3
51323,2
51324,3
51325,3
51326,3
51327,3
51328,3
51329,2
51330,2
51331,2
51332,2
51333,2
51334,2
51335,2
51336,2
51337,2
51338,2
51339,2
51340,2
51341,2
51342,2
51343,2
51344,3
51345,3
51346,3
51347,2
51348,3
51349,2
51350,2
51351,2
51352,2
51353,2
51354,2
51355,2
51356,3
51357,2
51358,2
51359,2
51360,2
51361,3
51362,2
51363,2
51364,3
51365,2
51366,2
51367,2
51368,2
51369,2
51370,2
51371,3
51372,3
51373,2
51374,2
51375,3
51376,3
51377,2
51378,3
51379,3
51380,3
51381,2
51382,3
51383,2
51384,2
51385,2
51386,2
51387,2
51388,2
51389,3
51390,2
51391,3
51392,3
51393,2
51394,2
51395,2
51396,2
51397,2
51398,2
51399,2
51400,2
51401,2
51402,2
51403,2
51404,3
51405,2
51406,2
51407,3
51408,3
51409,2
51410,2
51411,3
51412,2
51413,2
51414,3
51415,2
51416,2
51417,2
51418,2
51419,2
51420,3
51421,3
51422,2
51423,3
51424,3
51425,3
51426,2
51427,2
51428,3
51429,2
51430,2
51431,2
51432,2
51433,3
51434,2
51435,3
51436,2
51437,2
51438,2
51439,2
51440,3
51441,3
51442,2
51443,3
51444,3
51445,2
51446,3
51447,2
51448,2
51449,3
51450,2
51451,2
51452,2
51453,2
51454,3
51455,3
51456,3
51457,3
51458,3
51459,2
51460,3
51461,2
51462,2
51463,2
51464,2
51465,2
51466,2
51467,2
51468,3
51469,2
51470,2
51471,2
51472,2
51473,2
51474,2
51475,2
51476,3
51477,2
51478,2
51479,2
51480,3
51481,2
51482,2
51483,2
51484,2
51485,2
51486,2
51487,2
51488,2
51489,2
51490,2
51491,2
51492,2
51493,2
51494,2
51495,2
51496,3
51497,3
51498,3
51499,3
51500,3
51501,3
51502,3
51503,2
51504,2
51505,2
51506,3
51507,3
51508,2
51509,2
51510,3
51511,2
51512,2
51513,3
51514,3
51515,3
51516,3
51517,3
51518,3
51519,3
51520,2
51521,3
51522,3
51523,3
51524,3
51525,2
51526,3
51527,2
51528,2
51529,2
51530,2
51531,2
51532,3
51533,2
51534,2
51535,3
51536,2
51537,2
51538,2
51539,2
51540,2
51541,3
51542,3
51543,3
51544,2
51545,2
51546,3
51547,3
51548,2
51549,2
51550,3
51551,2
51552,2
51553,2
51554,2
51555,2
51556,2
51557,2
51558,3
51559,3
51560,2
51561,3
51562,3
51563,3
51564,2
51565,2
51566,2
51567,2
51568,2
51569,2
51570,3
51571,3
51572,2
51573,3
51574,3
51575,2
51576,2
51577,3
51578,3
51579,3
51580,2
51581,3
51582,2
51583,3
51584,3
51585,3
51586,2
51587,2
51588,3
51589,3
51590,2
51591,2
51592,2
51593,2
51594,3
51595,3
51596,3
51597,3
51598,3
51599,2
51600,3
51601,3
51602,3
51603,2
51604,3
51605,2
51606,3
51607,3
51608,3
51609,2
51610,2
51611,3
51612,2
51613,2
51614,2
51615,3
51616,2
51617,2
51618,2
51619,3
51620,2
51621,2
51622,2
51623,2
51624,2
51625,2
51626,2
51627,3
51628,2
51629,3
51630,3
51631,3
51632,3
51633,3
51634,3
51635,2
51636,3
51637,3
51638,3
51639,3
51640,2
51641,3
51642,3
51643,2
51644,2
51645,3
51646,2
51647,3
51648,3
51649,3
51650,2
51651,2
51652,2
51653,3
51654,3
51655,3
51656,3
51657,2
51658,2
51659,2
51660,3
51661,2
51662,2
51663,3
51664,3
51665,2
51666,2
51667,2
51668,2
51669,2
51670,2
51671,2
51672,2
51673,2
51674,2
51675,3
51676,2
51677,3
51678,3
51679,3
51680,2
51681,2
51682,3
51683,2
51684,2
51685,2
51686,2
51687,2
51688,2
51689,2
51690,2
51691,2
51692,2
51693,2
51694,2
51695,2
51696,2
51697,2
51698,2
51699,2
51700,3
51701,3
51702,0
51703,3
51704,2
51705,3
51706,3
51707,3
51708,2
51709,2
51710,2
51711,3
51712,3
51713,3
51714,3
51715,3
51716,3
51717,2
51718,2
51719,2
51720,2
51721,2
51722,2
51723,2
51724,2
51725,2
51726,2
51727,2
51728,2
51729,2
51730,2
51731,2
51732,3
51733,2
51734,2
51735,2
51736,2
51737,3
51738,2
51739,2
51740,2
51741,2
51742,3
51743,2
51744,2
51745,2
51746,3
51747,3
51748,2
51749,2
51750,3
51751,3
51752,2
51753,2
51754,2
51755,2
51756,2
51757,3
51758,2
51759,2
51760,2
51761,3
51762,2
51763,2
51764,3
51765,2
51766,2
51767,2
51768,3
51769,2
51770,2
51771,2
51772,2
51773,2
51774,2
51775,2
51776,2
51777,2
51778,2
51779,2
51780,2
51781,2
51782,2
51783,2
51784,2
51785,2
51786,2
51787,2
51788,3
51789,3
51790,2
51791,2
51792,2
51793,2
51794,2
51795,2
51796,3
51797,3
51798,3
51799,3
51800,3
51801,3
51802,3
51803,3
51804,3
51805,3
51806,3
51807,3
51808,3
51809,3
51810,3
51811,3
51812,3
51813,3
51814,3
51815,3
51816,3
51817,3
51818,3
51819,3
51820,3
51821,3
51822,3
51823,3
51824,3
51825,3
51826,3
51827,3
51828,3
51829,3
51830,3
51831,3
51832,3
51833,3
51834,3
51835,3
51836,3
51837,3
51838,3
51839,3
51840,3
51841,3
51842,3
51843,3
51844,3
51845,3
51846,3
51847,3
51848,3
51849,3
51850,3
51851,3
51852,3
51853,3
51854,3
51855,3
51856,3
51857,3
51858,3
51859,3
51860,3
51861,3
51862,3
51863,3
51864,3
51865,3
51866,3
51867,3
51868,3
51869,3
51870,3
51871,3
51872,3
51873,3
51874,3
51875,3
51876,3
51877,3
51878,3
51879,3
51880,3
51881,3
51882,3
51883,3
51884,3
51885,3
51886,3
51887,3
51888,3
51889,3
51890,3
51891,3
51892,3
51893,3
51894,3
51895,3
51896,3
51897,3
51898,3
51899,3
51900,3
51901,3
51902,3
51903,3
51904,3
51905,3
51906,3
51907,3
51908,3
51909,3
51910,3
51911,3
51912,3
51913,3
51914,3
51915,3
51916,3
51917,3
51918,3
51919,3
51920,3
51921,3
51922,3
51923,3
51924,3
51925,3
51926,3
51927,3
51928,3
51929,3
51930,3
51931,3
51932,3
51933,3
51934,3
51935,3
51936,3
51937,3
51938,3
51939,3
51940,3
51941,3
51942,3
51943,3
51944,3
51945,3
51946,3
51947,3
51948,3
51949,3
51950,3
51951,3
51952,3
51953,3
51954,3
51955,3
51956,3
51957,3
51958,3
51959,3
51960,3
51961,3
51962,3
51963,3
51964,3
51965,3
51966,3
51967,3
51968,3
51969,3
51970,3
51971,3
51972,3
51973,3
51974,3
51975,3
51976,3
51977,3
51978,3
51979,3
51980,3
51981,3
51982,3
51983,3
51984,3
51985,3
51986,3
51987,3
51988,3
51989,3
51990,3
51991,3
51992,3
51993,3
51994,3
51995,3
51996,3
51997,3
51998,3
51999,3
52000,3
52001,3
52002,3
52003,3
52004,3
52005,3
52006,3
52007,3
52008,3
52009,3
52010,3
52011,3
52012,3
52013,3
52014,3
52015,3
52016,3
52017,3
52018,3
52019,3
52020,3
52021,3
52022,3
52023,3
52024,3
52025,3
52026,3
52027,3
52028,3
52029,3
52030,3
52031,3
52032,3
52033,3
52034,3
52035,3
52036,3
52037,3
52038,3
52039,3
52040,3
52041,3
52042,3
52043,3
52044,3
52045,3
52046,3
52047,3
52048,3
52049,3
52050,3
52051,3
52052,3
52053,3
52054,3
52055,3
52056,3
52057,3
52058,3
52059,3
52060,3
52061,3
52062,3
52063,3
52064,3
52065,3
52066,3
52067,3
52068,3
52069,3
52070,3
52071,3
52072,3
52073,3
52074,3
52075,3
52076,3
52077,3
52078,3
52079,3
52080,3
52081,3
52082,3
52083,3
52084,3
52085,3
52086,3
52087,3
52088,3
52089,3
52090,3
52091,3
52092,3
52093,3
52094,3
52095,3
52096,3
52097,3
52098,3
52099,3
52100,3
52101,3
52102,3
52103,3
52104,3
52105,3
52106,3
52107,3
52108,3
52109,3
52110,3
52111,3
52112,3
52113,3
52114,3
52115,3
52116,3
52117,3
52118,3
52119,3
52120,3
52121,3
52122,3
52123,3
52124,3
52125,3
52126,3
52127,3
52128,3
52129,3
52130,3
52131,3
52132,3
52133,3
52134,3
52135,3
52136,3
52137,3
52138,3
52139,3
52140,3
52141,3
52142,3
52143,3
52144,3
52145,3
52146,3
52147,3
52148,3
52149,3
52150,3
52151,3
52152,3
52153,3
52154,3
52155,3
52156,3
52157,3
52158,3
52159,3
52160,3
52161,3
52162,3
52163,3
52164,3
52165,3
52166,3
52167,3
52168,3
52169,3
52170,3
52171,3
52172,3
52173,3
52174,3
52175,3
52176,3
52177,3
52178,3
52179,3
52180,3
52181,3
52182,3
52183,3
52184,3
52185,3
52186,3
52187,3
52188,3
52189,3
52190,3
52191,3
52192,3
52193,3
52194,3
52195,3
52196,3
52197,3
52198,3
52199,3
52200,3
52201,3
52202,3
52203,3
52204,3
52205,3
52206,3
52207,3
52208,3
52209,3
52210,3
52211,3
52212,3
52213,3
52214,3
52215,3
52216,3
52217,3
52218,3
52219,3
52220,3
52221,3
52222,3
52223,3
52224,3
52225,3
52226,3
52227,3
52228,3
52229,3
52230,3
52231,3
52232,3
52233,3
52234,3
52235,3
52236,3
52237,3
52238,3
52239,3
52240,3
52241,3
52242,3
52243,3
52244,3
52245,3
52246,3
52247,3
52248,3
52249,3
52250,3
52251,3
52252,3
52253,3
52254,3
52255,3
52256,3
52257,3
52258,3
52259,3
52260,3
52261,3
52262,3
52263,3
52264,3
52265,3
52266,3
52267,3
52268,3
52269,3
52270,3
52271,3
52272,3
52273,3
52274,3
52275,3
52276,3
52277,3
52278,3
52279,3
52280,3
52281,3
52282,3
52283,3
52284,3
52285,3
52286,3
52287,3
52288,3
52289,3
52290,3
52291,3
52292,3
52293,3
52294,3
52295,3
52296,3
52297,3
52298,3
52299,3
52300,3
52301,3
52302,3
52303,3
52304,3
52305,3
52306,3
52307,3
52308,3
52309,3
52310,3
52311,3
52312,3
52313,3
52314,3
52315,3
52316,3
52317,3
52318,3
52319,3
52320,3
52321,3
52322,3
52323,3
52324,3
52325,3
52326,3
52327,3
52328,3
52329,3
52330,3
52331,3
52332,3
52333,3
52334,3
52335,3
52336,3
52337,3
52338,3
52339,3
52340,3
52341,3
52342,3
52343,3
52344,3
52345,3
52346,3
52347,3
52348,3
52349,3
52350,3
52351,3
52352,3
52353,3
52354,3
52355,3
52356,3
52357,3
52358,3
52359,3
52360,3
52361,3
52362,3
52363,3
52364,3
52365,3
52366,3
52367,3
52368,3
52369,3
52370,3
52371,3
52372,3
52373,3
52374,3
52375,3
52376,3
52377,3
52378,3
52379,3
52380,3
52381,3
52382,3
52383,3
52384,3
52385,3
52386,3
52387,3
52388,3
52389,3
52390,3
52391,3
52392,3
52393,3
52394,3
52395,3
52396,3
52397,3
52398,3
52399,3
52400,3
52401,3
52402,3
52403,3
52404,3
52405,3
52406,3
52407,3
52408,3
52409,3
52410,3
52411,3
52412,3
52413,3
52414,3
52415,3
52416,3
52417,3
52418,3
52419,3
52420,3
52421,3
52422,3
52423,3
52424,3
52425,3
52426,3
52427,3
52428,3
52429,3
52430,3
52431,3
52432,3
52433,3
52434,3
52435,3
52436,3
52437,3
52438,3
52439,3
52440,3
52441,3
52442,3
52443,3
52444,3
52445,3
52446,3
52447,3
52448,3
52449,3
52450,3
52451,3
52452,3
52453,3
52454,3
52455,3
52456,3
52457,3
52458,3
52459,3
52460,3
52461,3
52462,3
52463,3
52464,3
52465,3
52466,3
52467,3
52468,3
52469,3
52470,3
52471,3
52472,3
52473,3
52474,3
52475,3
52476,3
52477,3
52478,3
52479,3
52480,3
52481,3
52482,3
52483,3
52484,3
52485,3
52486,3
52487,3
52488,3
52489,3
52490,3
52491,3
52492,3
52493,3
52494,3
52495,3
52496,3
52497,3
52498,3
52499,3
52500,3
52501,3
52502,3
52503,3
52504,3
52505,3
52506,3
52507,3
52508,3
52509,3
52510,3
52511,3
52512,3
52513,3
52514,3
52515,3
52516,3
52517,3
52518,3
52519,3
52520,3
52521,3
52522,3
52523,3
52524,3
52525,3
52526,3
52527,3
52528,3
52529,3
52530,3
52531,3
52532,3
52533,3
52534,3
52535,3
52536,3
52537,3
52538,3
52539,3
52540,3
52541,3
52542,3
52543,3
52544,3
52545,3
52546,3
52547,3
52548,3
52549,3
52550,3
52551,3
52552,3
52553,3
52554,3
52555,3
52556,3
52557,3
52558,3
52559,3
52560,3
52561,3
52562,3
52563,3
52564,3
52565,3
52566,3
52567,3
52568,3
52569,3
52570,3
52571,3
52572,3
52573,3
52574,3
52575,3
52576,3
52577,3
52578,3
52579,3
52580,3
52581,3
52582,3
52583,3
52584,3
52585,3
52586,3
52587,3
52588,3
52589,3
52590,3
52591,3
52592,3
52593,3
52594,3
52595,3
52596,3
52597,3
52598,3
52599,3
52600,3
52601,3
52602,3
52603,3
52604,3
52605,3
52606,3
52607,3
52608,3
52609,3
52610,3
52611,3
52612,3
52613,3
52614,3
52615,3
52616,3
52617,3
52618,3
52619,3
52620,3
52621,3
52622,3
52623,3
52624,3
52625,3
52626,3
52627,3
52628,3
52629,3
52630,3
52631,3
52632,3
52633,3
52634,3
52635,3
52636,3
52637,3
52638,3
52639,3
52640,3
52641,3
52642,3
52643,3
52644,3
52645,3
52646,3
52647,3
52648,3
52649,3
52650,3
52651,3
52652,3
52653,3
52654,3
52655,3
52656,3
52657,3
52658,3
52659,3
52660,3
52661,3
52662,3
52663,3
52664,3
52665,3
52666,3
52667,3
52668,3
52669,3
52670,3
52671,3
52672,3
52673,3
52674,3
52675,3
52676,3
52677,3
52678,3
52679,3
52680,3
52681,3
52682,3
52683,3
52684,3
52685,3
52686,3
52687,3
52688,3
52689,3
52690,3
52691,3
52692,3
52693,3
52694,3
52695,3
52696,3
52697,3
52698,3
52699,3
52700,3
52701,3
52702,3
52703,3
52704,3
52705,3
52706,3
52707,3
52708,3
52709,3
52710,3
52711,3
52712,3
52713,3
52714,3
52715,3
52716,3
52717,3
52718,3
52719,3
52720,3
52721,3
52722,3
52723,3
52724,3
52725,3
52726,3
52727,3
52728,3
52729,3
52730,3
52731,3
52732,3
52733,3
52734,3
52735,3
52736,3
52737,3
52738,3
52739,3
52740,3
52741,3
52742,3
52743,3
52744,3
52745,3
52746,3
52747,3
52748,3
52749,3
52750,3
52751,3
52752,3
52753,3
52754,3
52755,3
52756,3
52757,3
52758,3
52759,3
52760,3
52761,3
52762,3
52763,3
52764,3
52765,3
52766,3
52767,3
52768,3
52769,3
52770,3
52771,3
52772,3
52773,3
52774,3
52775,3
52776,3
52777,3
52778,3
52779,3
52780,3
52781,3
52782,3
52783,3
52784,3
52785,3
52786,3
52787,3
52788,3
52789,3
52790,3
52791,3
52792,3
52793,3
52794,3
52795,3
52796,3
52797,3
52798,3
52799,3
52800,3
52801,3
52802,3
52803,3
52804,3
52805,3
52806,3
52807,3
52808,3
52809,3
52810,3
52811,3
52812,3
52813,3
52814,3
52815,3
52816,3
52817,3
52818,3
52819,3
52820,3
52821,3
52822,3
52823,3
52824,3
52825,3
52826,3
52827,3
52828,3
52829,3
52830,3
52831,3
52832,3
52833,3
52834,3
52835,3
52836,3
52837,3
52838,3
52839,3
52840,3
52841,3
52842,3
52843,3
52844,3
52845,3
52846,3
52847,3
52848,3
52849,3
52850,3
52851,3
52852,3
52853,3
52854,3
52855,3
52856,3
52857,3
52858,3
52859,3
52860,3
52861,3
52862,3
52863,3
52864,3
52865,3
52866,3
52867,3
52868,3
52869,3
52870,3
52871,3
52872,3
52873,3
52874,3
52875,3
52876,3
52877,3
52878,3
52879,3
52880,3
52881,3
52882,3
52883,3
52884,3
52885,3
52886,3
52887,3
52888,3
52889,3
52890,3
52891,3
52892,3
52893,3
52894,3
52895,3
52896,3
52897,3
52898,3
52899,3
52900,3
52901,3
52902,3
52903,3
52904,3
52905,3
52906,3
52907,3
52908,3
52909,3
52910,3
52911,3
52912,3
52913,3
52914,3
52915,3
52916,3
52917,3
52918,3
52919,3
52920,3
52921,3
52922,3
52923,3
52924,3
52925,3
52926,3
52927,3
52928,3
52929,3
52930,3
52931,3
52932,3
52933,3
52934,3
52935,3
52936,3
52937,3
52938,3
52939,3
52940,3
52941,3
52942,3
52943,3
52944,3
52945,3
52946,3
52947,3
52948,3
52949,3
52950,3
52951,3
52952,3
52953,3
52954,3
52955,3
52956,3
52957,3
52958,3
52959,3
52960,3
52961,3
52962,3
52963,3
52964,3
52965,3
52966,3
52967,3
52968,3
52969,3
52970,3
52971,3
52972,3
52973,3
52974,3
52975,3
52976,3
52977,3
52978,3
52979,3
52980,3
52981,3
52982,3
52983,3
52984,3
52985,3
52986,3
52987,3
52988,3
52989,3
52990,3
52991,3
52992,3
52993,3
52994,3
52995,3
52996,3
52997,3
52998,3
52999,3
53000,3
53001,3
53002,3
53003,3
53004,3
53005,3
53006,3
53007,3
53008,3
53009,3
53010,3
53011,3
53012,3
53013,3
53014,3
53015,3
53016,3
53017,3
53018,3
53019,3
53020,3
53021,3
53022,3
53023,3
53024,3
53025,3
53026,3
53027,3
53028,3
53029,3
53030,3
53031,3
53032,3
53033,3
53034,3
53035,3
53036,3
53037,3
53038,3
53039,3
53040,3
53041,3
53042,3
53043,3
53044,3
53045,3
53046,3
53047,3
53048,3
53049,3
53050,3
53051,3
53052,3
53053,3
53054,3
53055,3
53056,3
53057,3
53058,3
53059,3
53060,3
53061,3
53062,3
53063,3
53064,3
53065,3
53066,3
53067,3
53068,3
53069,3
53070,3
53071,3
53072,3
53073,3
53074,3
53075,3
53076,3
53077,3
53078,3
53079,3
53080,3
53081,3
53082,3
53083,3
53084,3
53085,3
53086,3
53087,3
53088,3
53089,3
53090,3
53091,3
53092,3
53093,3
53094,3
53095,3
53096,3
53097,3
53098,3
53099,3
53100,3
53101,3
53102,3
53103,3
53104,3
53105,3
53106,3
53107,3
53108,3
53109,3
53110,3
53111,3
53112,3
53113,3
53114,3
53115,3
53116,3
53117,3
53118,3
53119,3
53120,3
53121,3
53122,3
53123,3
53124,3
53125,3
53126,3
53127,3
53128,3
53129,3
53130,3
53131,3
53132,3
53133,3
53134,3
53135,3
53136,3
53137,3
53138,3
53139,3
53140,3
53141,3
53142,3
53143,3
53144,3
53145,3
53146,3
53147,3
53148,3
53149,3
53150,3
53151,3
53152,3
53153,3
53154,3
53155,3
53156,3
53157,3
53158,3
53159,3
53160,3
53161,3
53162,3
53163,3
53164,3
53165,3
53166,3
53167,3
53168,3
53169,3
53170,3
53171,3
53172,3
53173,3
53174,3
53175,3
53176,3
53177,3
53178,3
53179,3
53180,3
53181,3
53182,3
53183,3
53184,3
53185,3
53186,3
53187,3
53188,3
53189,3
53190,3
53191,3
53192,3
53193,3
53194,3
53195,3
53196,3
53197,3
53198,3
53199,3
53200,3
53201,3
53202,3
53203,3
53204,3
53205,3
53206,3
53207,3
53208,3
53209,3
53210,3
53211,3
53212,3
53213,3
53214,3
53215,3
53216,3
53217,3
53218,3
53219,3
53220,3
53221,3
53222,3
53223,3
53224,3
53225,3
53226,3
53227,3
53228,3
53229,3
53230,3
53231,3
53232,3
53233,3
53234,3
53235,3
53236,3
53237,3
53238,3
53239,3
53240,3
53241,3
53242,3
53243,3
53244,3
53245,3
53246,3
53247,3
53248,3
53249,3
53250,3
53251,3
53252,3
53253,3
53254,3
53255,3
53256,3
53257,3
53258,3
53259,3
53260,3
53261,3
53262,3
53263,3
53264,3
53265,3
53266,3
53267,3
53268,3
53269,3
53270,3
53271,3
53272,3
53273,3
53274,3
53275,3
53276,3
53277,3
53278,3
53279,3
53280,3
53281,3
53282,3
53283,3
53284,3
53285,3
53286,3
53287,3
53288,3
53289,3
53290,3
53291,3
53292,3
53293,3
53294,3
53295,3
53296,3
53297,3
53298,3
53299,3
53300,3
53301,3
53302,3
53303,3
53304,3
53305,3
53306,3
53307,3
53308,3
53309,3
53310,3
53311,3
53312,3
53313,3
53314,3
53315,3
53316,3
53317,3
53318,3
53319,3
53320,3
53321,3
53322,3
53323,3
53324,3
53325,3
53326,3
53327,3
53328,3
53329,3
53330,3
53331,3
53332,3
53333,3
53334,3
53335,3
53336,3
53337,3
53338,3
53339,3
53340,3
53341,3
53342,3
53343,3
53344,3
53345,3
53346,3
53347,3
53348,3
53349,3
53350,3
53351,3
53352,3
53353,3
53354,3
53355,3
53356,3
53357,3
53358,3
53359,3
53360,3
53361,3
53362,3
53363,3
53364,3
53365,3
53366,3
53367,3
53368,3
53369,3
53370,3
53371,3
53372,3
53373,3
53374,3
53375,3
53376,3
53377,3
53378,3
53379,3
53380,3
53381,3
53382,3
53383,3
53384,3
53385,3
53386,3
53387,3
53388,3
53389,3
53390,3
53391,3
53392,3
53393,3
53394,3
53395,3
53396,3
53397,3
53398,3
53399,3
53400,3
53401,3
53402,3
53403,3
53404,3
53405,3
53406,3
53407,3
53408,3
53409,3
53410,3
53411,3
53412,3
53413,3
53414,3
53415,3
53416,3
53417,3
53418,3
53419,3
53420,3
53421,3
53422,3
53423,3
53424,3
53425,3
53426,3
53427,3
53428,3
53429,3
53430,3
53431,3
53432,3
53433,3
53434,3
53435,3
53436,3
53437,3
53438,3
53439,3
53440,3
53441,3
53442,3
53443,3
53444,3
53445,3
53446,3
53447,3
53448,3
53449,3
53450,3
53451,3
53452,3
53453,3
53454,3
53455,3
53456,3
53457,3
53458,3
53459,3
53460,3
53461,3
53462,3
53463,3
53464,3
53465,3
53466,3
53467,3
53468,3
53469,3
53470,3
53471,3
53472,3
53473,3
53474,3
53475,3
53476,3
53477,3
53478,3
53479,3
53480,3
53481,3
53482,3
53483,3
53484,3
53485,3
53486,3
53487,3
53488,3
53489,3
53490,3
53491,3
53492,3
53493,3
53494,3
53495,3
53496,3
53497,3
53498,3
53499,3
53500,3
53501,3
53502,3
53503,3
53504,3
53505,3
53506,3
53507,3
53508,3
53509,3
53510,3
53511,3
53512,3
53513,3
53514,3
53515,3
53516,3
53517,3
53518,3
53519,3
53520,3
53521,3
53522,3
53523,3
53524,3
53525,3
53526,3
53527,3
53528,3
53529,3
53530,3
53531,3
53532,3
53533,3
53534,3
53535,3
53536,3
53537,3
53538,3
53539,3
53540,3
53541,3
53542,3
53543,3
53544,3
53545,3
53546,3
53547,3
53548,3
53549,3
53550,3
53551,3
53552,3
53553,3
53554,3
53555,3
53556,3
53557,3
53558,3
53559,3
53560,3
53561,3
53562,3
53563,3
53564,3
53565,3
53566,3
53567,3
53568,3
53569,3
53570,3
53571,3
53572,3
53573,3
53574,3
53575,3
53576,3
53577,3
53578,3
53579,3
53580,3
53581,3
53582,3
53583,3
53584,3
53585,3
53586,3
53587,3
53588,3
53589,3
53590,3
53591,3
53592,3
53593,3
53594,3
53595,3
53596,3
53597,3
53598,3
53599,3
53600,3
53601,3
53602,3
53603,3
53604,3
53605,3
53606,3
53607,3
53608,3
53609,3
53610,3
53611,3
53612,3
53613,3
53614,3
53615,3
53616,3
53617,3
53618,3
53619,3
53620,3
53621,3
53622,3
53623,3
53624,3
53625,3
53626,3
53627,3
53628,3
53629,3
53630,3
53631,3
53632,3
53633,3
53634,3
53635,3
53636,3
53637,3
53638,3
53639,3
53640,3
53641,3
53642,3
53643,3
53644,3
53645,3
53646,3
53647,3
53648,3
53649,3
53650,3
53651,3
53652,3
53653,3
53654,3
53655,3
53656,3
53657,3
53658,3
53659,3
53660,3
53661,3
53662,3
53663,3
53664,3
53665,3
53666,3
53667,3
53668,3
53669,3
53670,3
53671,3
53672,3
53673,3
53674,3
53675,3
53676,3
53677,3
53678,3
53679,3
53680,3
53681,3
53682,3
53683,3
53684,3
53685,3
53686,3
53687,3
53688,3
53689,3
53690,3
53691,3
53692,3
53693,3
53694,3
53695,3
53696,3
53697,3
53698,3
53699,3
53700,3
53701,3
53702,3
53703,3
53704,3
53705,3
53706,3
53707,3
53708,3
53709,3
53710,3
53711,3
53712,3
53713,3
53714,3
53715,3
53716,3
53717,3
53718,3
53719,3
53720,3
53721,3
53722,3
53723,3
53724,3
53725,3
53726,3
53727,3
53728,3
53729,3
53730,3
53731,3
53732,3
53733,3
53734,3
53735,3
53736,3
53737,3
53738,3
53739,3
53740,3
53741,3
53742,3
53743,3
53744,3
53745,3
53746,3
53747,3
53748,3
53749,3
53750,3
53751,3
53752,3
53753,3
53754,3
53755,3
53756,3
53757,3
53758,3
53759,3
53760,3
53761,3
53762,3
53763,3
53764,3
53765,3
53766,3
53767,3
53768,3
53769,3
53770,3
53771,3
53772,3
53773,3
53774,3
53775,3
53776,3
53777,3
53778,3
53779,3
53780,3
53781,3
53782,3
53783,3
53784,3
53785,3
53786,3
53787,3
53788,3
53789,3
53790,3
53791,3
53792,3
53793,3
53794,3
53795,3
53796,3
53797,3
53798,3
53799,3
53800,3
53801,3
53802,3
53803,3
53804,2
53805,3
53806,3
53807,3
53808,3
53809,3
53810,3
53811,3
53812,3
53813,3
53814,3
53815,3
53816,3
53817,3
53818,3
53819,3
53820,3
53821,3
53822,3
53823,3
53824,3
53825,3
53826,3
53827,3
53828,3
53829,3
53830,3
53831,3
53832,3
53833,3
53834,3
53835,3
53836,3
53837,3
53838,3
53839,3
53840,3
53841,3
53842,3
53843,3
53844,3
53845,3
53846,3
53847,3
53848,3
53849,3
53850,3
53851,3
53852,3
53853,3
53854,3
53855,3
53856,3
53857,3
53858,3
53859,3
53860,3
53861,3
53862,3
53863,3
53864,3
53865,3
53866,3
53867,3
53868,3
53869,3
53870,3
53871,3
53872,3
53873,3
53874,3
53875,3
53876,3
53877,3
53878,3
53879,3
53880,3
53881,3
53882,3
53883,3
53884,3
53885,3
53886,3
53887,3
53888,3
53889,3
53890,3
53891,3
53892,3
53893,3
53894,3
53895,3
53896,3
53897,3
53898,3
53899,3
53900,3
53901,3
53902,3
53903,3
53904,3
53905,3
53906,3
53907,3
53908,3
53909,3
53910,3
53911,3
53912,3
53913,3
53914,3
53915,3
53916,3
53917,3
53918,3
53919,3
53920,3
53921,3
53922,3
53923,3
53924,3
53925,3
53926,3
53927,3
53928,3
53929,3
53930,3
53931,3
53932,3
53933,3
53934,3
53935,3
53936,3
53937,3
53938,3
53939,3
53940,3
53941,3
53942,3
53943,3
53944,3
53945,3
53946,3
53947,3
53948,3
53949,3
53950,3
53951,3
53952,3
53953,3
53954,3
53955,3
53956,3
53957,3
53958,3
53959,3
53960,3
53961,3
53962,3
53963,3
53964,3
53965,3
53966,3
53967,3
53968,3
53969,3
53970,3
53971,3
53972,3
53973,3
53974,3
53975,3
53976,3
53977,3
53978,3
53979,3
53980,3
53981,3
53982,3
53983,3
53984,3
53985,3
53986,3
53987,3
53988,3
53989,3
53990,3
53991,3
53992,3
53993,3
53994,3
53995,3
53996,3
53997,3
53998,3
53999,3
54000,3
54001,3
54002,3
54003,3
54004,3
54005,3
54006,3
54007,3
54008,3
54009,3
54010,0
54011,3
54012,3
54013,3
54014,3
54015,3
54016,3
54017,3
54018,3
54019,3
54020,3
54021,3
54022,3
54023,3
54024,3
54025,3
54026,3
54027,3
54028,3
54029,3
54030,3
54031,3
54032,3
54033,3
54034,3
54035,3
54036,3
54037,3
54038,3
54039,3
54040,3
54041,3
54042,3
54043,3
54044,3
54045,3
54046,3
54047,3
54048,3
54049,3
54050,3
54051,3
54052,3
54053,3
54054,3
54055,3
54056,3
54057,3
54058,3
54059,3
54060,3
54061,3
54062,3
54063,3
54064,3
54065,3
54066,3
54067,3
54068,3
54069,3
54070,3
54071,3
54072,3
54073,3
54074,3
54075,3
54076,3
54077,3
54078,3
54079,3
54080,3
54081,3
54082,3
54083,3
54084,3
54085,3
54086,3
54087,3
54088,3
54089,3
54090,3
54091,3
54092,3
54093,3
54094,3
54095,3
54096,3
54097,3
54098,3
54099,3
54100,3
54101,3
54102,3
54103,3
54104,3
54105,3
54106,3
54107,3
54108,3
54109,3
54110,3
54111,3
54112,3
54113,3
54114,3
54115,3
54116,3
54117,3
54118,3
54119,3
54120,3
54121,3
54122,3
54123,3
54124,3
54125,3
54126,3
54127,3
54128,3
54129,3
54130,3
54131,3
54132,3
54133,3
54134,3
54135,3
54136,3
54137,3
54138,3
54139,3
54140,3
54141,3
54142,3
54143,3
54144,0
54145,3
54146,3
54147,3
54148,3
54149,3
54150,3
54151,3
54152,3
54153,3
54154,3
54155,3
54156,3
54157,3
54158,3
54159,3
54160,3
54161,3
54162,3
54163,3
54164,3
54165,3
54166,3
54167,3
54168,3
54169,3
54170,3
54171,3
54172,3
54173,3
54174,3
54175,3
54176,3
54177,3
54178,3
54179,3
54180,3
54181,3
54182,3
54183,3
54184,3
54185,3
54186,3
54187,3
54188,3
54189,3
54190,3
54191,3
54192,3
54193,3
54194,3
54195,3
54196,3
54197,3
54198,3
54199,3
54200,3
54201,3
54202,3
54203,3
54204,3
54205,3
54206,3
54207,3
54208,3
54209,3
54210,3
54211,3
54212,3
54213,3
54214,3
54215,3
54216,3
54217,3
54218,3
54219,3
54220,3
54221,3
54222,3
54223,3
54224,3
54225,3
54226,3
54227,3
54228,3
54229,3
54230,3
54231,3
54232,3
54233,3
54234,3
54235,3
54236,3
54237,3
54238,3
54239,3
54240,3
54241,3
54242,3
54243,3
54244,3
54245,3
54246,3
54247,3
54248,3
54249,3
54250,3
54251,3
54252,3
54253,3
54254,3
54255,3
54256,3
54257,3
54258,3
54259,3
54260,3
54261,3
54262,3
54263,3
54264,3
54265,3
54266,3
54267,3
54268,3
54269,3
54270,3
54271,3
54272,3
54273,3
54274,3
54275,3
54276,3
54277,3
54278,3
54279,3
54280,3
54281,3
54282,3
54283,3
54284,3
54285,3
54286,3
54287,3
54288,3
54289,3
54290,3
54291,3
54292,3
54293,0
54294,0
54295,0
54296,3
54297,3
54298,3
54299,3
54300,3
54301,3
54302,3
54303,3
54304,3
54305,3
54306,3
54307,3
54308,3
54309,3
54310,3
54311,3
54312,3
54313,3
54314,3
54315,3
54316,3
54317,3
54318,3
54319,3
54320,3
54321,3
54322,3
54323,3
54324,3
54325,3
54326,3
54327,3
54328,3
54329,3
54330,3
54331,3
54332,3
54333,3
54334,3
54335,3
54336,3
54337,3
54338,3
54339,3
54340,3
54341,3
54342,3
54343,3
54344,3
54345,3
54346,3
54347,3
54348,3
54349,3
54350,3
54351,3
54352,3
54353,3
54354,3
54355,3
54356,3
54357,3
54358,3
54359,3
54360,3
54361,3
54362,3
54363,3
54364,3
54365,3
54366,3
54367,3
54368,3
54369,3
54370,3
54371,3
54372,3
54373,3
54374,3
54375,3
54376,3
54377,3
54378,3
54379,3
54380,3
54381,3
54382,3
54383,3
54384,3
54385,3
54386,3
54387,3
54388,3
54389,3
54390,3
54391,3
54392,3
54393,3
54394,3
54395,3
54396,3
54397,3
54398,3
54399,3
54400,3
54401,3
54402,3
54403,3
54404,3
54405,3
54406,3
54407,3
54408,3
54409,3
54410,3
54411,3
54412,3
54413,3
54414,3
54415,3
54416,3
54417,3
54418,3
54419,3
54420,3
54421,3
54422,3
54423,3
54424,3
54425,3
54426,0
54427,3
54428,3
54429,0
54430,0
54431,3
54432,3
54433,3
54434,3
54435,2
54436,3
54437,3
54438,3
54439,3
54440,3
54441,3
54442,3
54443,3
54444,3
54445,3
54446,3
54447,3
54448,3
54449,3
54450,3
54451,3
54452,3
54453,3
54454,3
54455,3
54456,3
54457,3
54458,3
54459,3
54460,3
54461,3
54462,3
54463,3
54464,3
54465,3
54466,3
54467,3
54468,3
54469,3
54470,3
54471,3
54472,3
54473,3
54474,3
54475,3
54476,3
54477,3
54478,3
54479,3
54480,3
54481,3
54482,3
54483,3
54484,3
54485,3
54486,3
54487,3
54488,3
54489,3
54490,3
54491,3
54492,3
54493,3
54494,3
54495,3
54496,3
54497,3
54498,3
54499,3
54500,3
54501,3
54502,3
54503,2
54504,3
54505,3
54506,3
54507,3
54508,3
54509,3
54510,3
54511,3
54512,3
54513,3
54514,3
54515,3
54516,3
54517,3
54518,3
54519,2
54520,2
54521,3
54522,3
54523,2
54524,3
54525,3
54526,3
54527,3
54528,3
54529,3
54530,3
54531,3
54532,3
54533,3
54534,3
54535,3
54536,3
54537,3
54538,3
54539,3
54540,3
54541,3
54542,3
54543,3
54544,3
54545,3
54546,3
54547,3
54548,3
54549,3
54550,3
54551,3
54552,3
54553,3
54554,3
54555,3
54556,3
54557,3
54558,3
54559,3
54560,3
54561,3
54562,3
54563,3
54564,3
54565,3
54566,3
54567,3
54568,3
54569,3
54570,3
54571,3
54572,3
54573,3
54574,3
54575,3
54576,3
54577,3
54578,3
54579,3
54580,3
54581,3
54582,3
54583,3
54584,3
54585,3
54586,3
54587,3
54588,3
54589,3
54590,3
54591,3
54592,3
54593,3
54594,3
54595,3
54596,3
54597,3
54598,3
54599,3
54600,2
54601,3
54602,3
54603,3
54604,3
54605,3
54606,3
54607,3
54608,3
54609,3
54610,3
54611,3
54612,3
54613,3
54614,3
54615,3
54616,3
54617,3
54618,3
54619,3
54620,3
54621,3
54622,3
54623,3
54624,3
54625,3
54626,3
54627,3
54628,3
54629,3
54630,3
54631,3
54632,3
54633,3
54634,3
54635,3
54636,3
54637,3
54638,3
54639,3
54640,3
54641,3
54642,3
54643,3
54644,3
54645,3
54646,3
54647,3
54648,3
54649,3
54650,3
54651,3
54652,3
54653,3
54654,3
54655,3
54656,3
54657,3
54658,3
54659,3
54660,3
54661,3
54662,3
54663,3
54664,3
54665,3
54666,3
54667,3
54668,3
54669,3
54670,3
54671,3
54672,3
54673,3
54674,3
54675,3
54676,3
54677,3
54678,3
54679,3
54680,3
54681,3
54682,3
54683,3
54684,3
54685,3
54686,3
54687,3
54688,3
54689,3
54690,3
54691,3
54692,3
54693,3
54694,3
54695,3
54696,3
54697,3
54698,3
54699,3
54700,3
54701,3
54702,3
54703,3
54704,3
54705,3
54706,3
54707,3
54708,3
54709,3
54710,3
54711,3
54712,3
54713,3
54714,3
54715,3
54716,3
54717,3
54718,3
54719,3
54720,3
54721,3
54722,3
54723,3
54724,3
54725,3
54726,3
54727,3
54728,3
54729,3
54730,3
54731,3
54732,3
54733,3
54734,3
54735,3
54736,3
54737,3
54738,3
54739,3
54740,3
54741,3
54742,3
54743,3
54744,3
54745,3
54746,3
54747,3
54748,3
54749,3
54750,3
54751,3
54752,3
54753,3
54754,3
54755,3
54756,3
54757,3
54758,3
54759,3
54760,3
54761,3
54762,3
54763,3
54764,3
54765,3
54766,3
54767,3
54768,3
54769,3
54770,3
54771,3
54772,3
54773,3
54774,3
54775,3
54776,3
54777,3
54778,3
54779,3
54780,3
54781,3
54782,3
54783,3
54784,3
54785,3
54786,3
54787,3
54788,3
54789,3
54790,3
54791,3
54792,3
54793,3
54794,3
54795,3
54796,3
54797,3
54798,3
54799,3
54800,3
54801,3
54802,3
54803,3
54804,3
54805,3
54806,3
54807,3
54808,3
54809,3
54810,3
54811,3
54812,3
54813,3
54814,3
54815,3
54816,3
54817,3
54818,3
54819,3
54820,3
54821,3
54822,3
54823,3
54824,3
54825,3
54826,3
54827,3
54828,3
54829,3
54830,3
54831,3
54832,3
54833,3
54834,3
54835,3
54836,3
54837,3
54838,3
54839,3
54840,3
54841,3
54842,3
54843,3
54844,3
54845,3
54846,3
54847,3
54848,3
54849,3
54850,3
54851,3
54852,3
54853,3
54854,3
54855,3
54856,3
54857,3
54858,3
54859,3
54860,3
54861,3
54862,3
54863,3
54864,3
54865,3
54866,3
54867,3
54868,3
54869,3
54870,3
54871,3
54872,3
54873,3
54874,3
54875,3
54876,3
54877,3
54878,3
54879,3
54880,3
54881,3
54882,3
54883,3
54884,3
54885,3
54886,3
54887,3
54888,3
54889,3
54890,3
54891,3
54892,3
54893,3
54894,3
54895,3
54896,3
54897,3
54898,3
54899,3
54900,3
54901,3
54902,3
54903,3
54904,3
54905,3
54906,3
54907,3
54908,3
54909,3
54910,3
54911,3
54912,3
54913,3
54914,3
54915,3
54916,3
54917,3
54918,3
54919,3
54920,3
54921,3
54922,3
54923,3
54924,3
54925,3
54926,3
54927,3
54928,3
54929,3
54930,3
54931,3
54932,3
54933,3
54934,3
54935,3
54936,3
54937,3
54938,3
54939,3
54940,3
54941,3
54942,3
54943,3
54944,3
54945,3
54946,3
54947,3
54948,3
54949,3
54950,3
54951,3
54952,3
54953,3
54954,3
54955,3
54956,3
54957,3
54958,3
54959,3
54960,3
54961,3
54962,3
54963,3
54964,3
54965,3
54966,3
54967,3
54968,3
54969,3
54970,3
54971,3
54972,3
54973,3
54974,3
54975,3
54976,3
54977,3
54978,3
54979,3
54980,3
54981,3
54982,3
54983,3
54984,3
54985,3
54986,3
54987,3
54988,3
54989,3
54990,3
54991,3
54992,3
54993,3
54994,3
54995,3
54996,3
54997,3
54998,3
54999,3
55000,3
55001,3
55002,3
55003,3
55004,3
55005,3
55006,3
55007,3
55008,3
55009,3
55010,3
55011,3
55012,3
55013,3
55014,3
55015,3
55016,3
55017,3
55018,3
55019,3
55020,3
55021,3
55022,3
55023,3
55024,3
55025,3
55026,3
55027,3
55028,3
55029,3
55030,3
55031,3
55032,3
55033,3
55034,3
55035,3
55036,3
55037,3
55038,3
55039,3
55040,3
55041,3
55042,3
55043,3
55044,3
55045,3
55046,3
55047,3
55048,3
55049,3
55050,3
55051,3
55052,3
55053,3
55054,3
55055,3
55056,3
55057,3
55058,3
55059,3
55060,3
55061,3
55062,3
55063,3
55064,3
55065,3
55066,3
55067,3
55068,3
55069,3
55070,3
55071,3
55072,3
55073,3
55074,3
55075,3
55076,3
55077,3
55078,3
55079,3
55080,3
55081,3
55082,3
55083,3
55084,3
55085,3
55086,3
55087,3
55088,3
55089,3
55090,3
55091,3
55092,3
55093,3
55094,3
55095,3
55096,3
55097,3
55098,3
55099,3
55100,3
55101,3
55102,3
55103,3
55104,3
55105,3
55106,3
55107,3
55108,3
55109,3
55110,3
55111,3
55112,3
55113,3
55114,3
55115,3
55116,3
55117,3
55118,3
55119,3
55120,3
55121,3
55122,3
55123,3
55124,3
55125,3
55126,3
55127,3
55128,3
55129,3
55130,3
55131,3
55132,3
55133,3
55134,3
55135,3
55136,3
55137,3
55138,3
55139,3
55140,3
55141,3
55142,3
55143,3
55144,3
55145,3
55146,3
55147,3
55148,3
55149,3
55150,3
55151,3
55152,3
55153,3
55154,3
55155,3
55156,3
55157,3
55158,3
55159,3
55160,3
55161,3
55162,3
55163,3
55164,3
55165,3
55166,3
55167,3
55168,3
55169,3
55170,3
55171,3
55172,3
55173,3
55174,3
55175,3
55176,3
55177,3
55178,3
55179,3
55180,3
55181,3
55182,3
55183,3
55184,3
55185,3
55186,3
55187,3
55188,3
55189,3
55190,3
55191,3
55192,3
55193,3
55194,3
55195,3
55196,3
55197,3
55198,3
55199,3
55200,3
55201,3
55202,3
55203,3
55204,3
55205,3
55206,3
55207,3
55208,3
55209,3
55210,3
55211,3
55212,3
55213,3
55214,3
55215,3
55216,3
55217,3
55218,3
55219,3
55220,3
55221,3
55222,3
55223,3
55224,3
55225,3
55226,3
55227,3
55228,3
55229,3
55230,3
55231,3
55232,3
55233,3
55234,3
55235,3
55236,3
55237,3
55238,3
55239,3
55240,3
55241,3
55242,3
55243,3
55244,3
55245,3
55246,3
55247,3
55248,3
55249,3
55250,3
55251,3
55252,3
55253,3
55254,3
55255,3
55256,3
55257,3
55258,3
55259,3
55260,3
55261,3
55262,3
55263,3
55264,3
55265,3
55266,3
55267,3
55268,3
55269,3
55270,3
55271,3
55272,3
55273,3
55274,3
55275,3
55276,3
55277,3
55278,3
55279,3
55280,3
55281,3
55282,3
55283,3
55284,3
55285,3
55286,3
55287,3
55288,3
55289,3
55290,3
55291,3
55292,3
55293,3
55294,3
55295,3
55296,3
55297,3
55298,3
55299,3
55300,3
55301,3
55302,3
55303,3
55304,3
55305,3
55306,3
55307,3
55308,3
55309,3
55310,3
55311,3
55312,3
55313,3
55314,3
55315,3
55316,3
55317,3
55318,3
55319,3
55320,3
55321,3
55322,3
55323,3
55324,3
55325,3
55326,3
55327,3
55328,3
55329,3
55330,3
55331,3
55332,3
55333,3
55334,3
55335,3
55336,3
55337,3
55338,3
55339,3
55340,3
55341,3
55342,3
55343,3
55344,3
55345,3
55346,3
55347,3
55348,3
55349,3
55350,3
55351,3
55352,3
55353,3
55354,3
55355,3
55356,3
55357,3
55358,3
55359,3
55360,3
55361,3
55362,3
55363,3
55364,3
55365,3
55366,3
55367,3
55368,3
55369,3
55370,3
55371,3
55372,3
55373,3
55374,3
55375,3
55376,3
55377,3
55378,3
55379,3
55380,3
55381,3
55382,3
55383,3
55384,3
55385,3
55386,3
55387,3
55388,3
55389,3
55390,3
55391,3
55392,3
55393,3
55394,3
55395,3
55396,3
55397,3
55398,3
55399,3
55400,3
55401,3
55402,3
55403,3
55404,3
55405,3
55406,3
55407,3
55408,3
55409,3
55410,3
55411,3
55412,3
55413,3
55414,3
55415,3
55416,3
55417,3
55418,3
55419,3
55420,3
55421,3
55422,3
55423,3
55424,3
55425,3
55426,3
55427,3
55428,3
55429,3
55430,3
55431,3
55432,3
55433,3
55434,3
55435,3
55436,3
55437,3
55438,3
55439,3
55440,3
55441,3
55442,3
55443,3
55444,3
55445,3
55446,3
55447,3
55448,3
55449,3
55450,3
55451,3
55452,3
55453,3
55454,3
55455,3
55456,3
55457,3
55458,3
55459,3
55460,3
55461,3
55462,3
55463,3
55464,3
55465,3
55466,3
55467,3
55468,3
55469,3
55470,3
55471,3
55472,3
55473,3
55474,3
55475,3
55476,3
55477,3
55478,3
55479,3
55480,3
55481,3
55482,3
55483,3
55484,3
55485,3
55486,3
55487,3
55488,3
55489,3
55490,3
55491,3
55492,3
55493,3
55494,3
55495,3
55496,3
55497,3
55498,3
55499,3
55500,3
55501,3
55502,3
55503,3
55504,3
55505,3
55506,3
55507,3
55508,3
55509,3
55510,3
55511,3
55512,3
55513,3
55514,3
55515,3
55516,3
55517,3
55518,3
55519,3
55520,3
55521,3
55522,3
55523,3
55524,3
55525,3
55526,3
55527,3
55528,3
55529,3
55530,3
55531,3
55532,3
55533,3
55534,3
55535,3
55536,3
55537,3
55538,3
55539,3
55540,3
55541,3
55542,3
55543,3
55544,3
55545,3
55546,3
55547,3
55548,3
55549,3
55550,3
55551,3
55552,3
55553,3
55554,3
55555,3
55556,3
55557,3
55558,3
55559,3
55560,3
55561,3
55562,3
55563,3
55564,3
55565,3
55566,3
55567,3
55568,3
55569,3
55570,3
55571,3
55572,3
55573,3
55574,3
55575,3
55576,3
55577,3
55578,3
55579,3
55580,3
55581,3
55582,3
55583,3
55584,3
55585,3
55586,3
55587,3
55588,3
55589,3
55590,3
55591,3
55592,3
55593,3
55594,3
55595,3
55596,3
55597,3
55598,3
55599,3
55600,3
55601,3
55602,3
55603,3
55604,3
55605,3
55606,3
55607,3
55608,3
55609,3
55610,3
55611,3
55612,3
55613,3
55614,3
55615,3
55616,3
55617,3
55618,3
55619,3
55620,3
55621,3
55622,3
55623,3
55624,3
55625,3
55626,3
55627,3
55628,3
55629,3
55630,3
55631,3
55632,3
55633,3
55634,3
55635,3
55636,3
55637,3
55638,3
55639,3
55640,3
55641,3
55642,3
55643,3
55644,3
55645,3
55646,3
55647,3
55648,3
55649,3
55650,3
55651,3
55652,3
55653,3
55654,3
55655,3
55656,3
55657,3
55658,3
55659,3
55660,3
55661,3
55662,3
55663,3
55664,3
55665,3
55666,3
55667,3
55668,3
55669,3
55670,3
55671,3
55672,3
55673,3
55674,3
55675,3
55676,3
55677,3
55678,3
55679,3
55680,3
55681,3
55682,3
55683,3
55684,3
55685,3
55686,3
55687,3
55688,3
55689,3
55690,3
55691,3
55692,3
55693,3
55694,3
55695,3
55696,3
55697,3
55698,3
55699,3
55700,3
55701,3
55702,3
55703,3
55704,3
55705,3
55706,3
55707,3
55708,3
55709,3
55710,3
55711,3
55712,3
55713,3
55714,3
55715,3
55716,3
55717,3
55718,3
55719,3
55720,3
55721,3
55722,3
55723,3
55724,3
55725,3
55726,3
55727,3
55728,3
55729,3
55730,3
55731,3
55732,3
55733,3
55734,3
55735,3
55736,3
55737,3
55738,3
55739,3
55740,3
55741,3
55742,3
55743,3
55744,3
55745,3
55746,3
55747,3
55748,3
55749,3
55750,3
55751,3
55752,3
55753,3
55754,3
55755,3
55756,3
55757,3
55758,3
55759,3
55760,3
55761,3
55762,3
55763,3
55764,3
55765,3
55766,3
55767,3
55768,3
55769,3
55770,3
55771,3
55772,3
55773,3
55774,3
55775,3
55776,3
55777,3
55778,3
55779,3
55780,3
55781,3
55782,3
55783,3
55784,3
55785,3
55786,3
55787,3
55788,3
55789,3
55790,3
55791,3
55792,3
55793,3
55794,3
55795,3
55796,3
55797,3
55798,3
55799,3
55800,3
55801,3
55802,3
55803,3
55804,3
55805,3
55806,3
55807,3
55808,3
55809,3
55810,3
55811,3
55812,3
55813,3
55814,3
55815,3
55816,3
55817,3
55818,3
55819,3
55820,3
55821,3
55822,3
55823,3
55824,3
55825,3
55826,3
55827,3
55828,3
55829,3
55830,3
55831,3
55832,3
55833,3
55834,3
55835,3
55836,3
55837,3
55838,3
55839,3
55840,3
55841,3
55842,3
55843,3
55844,3
55845,3
55846,3
55847,3
55848,3
55849,3
55850,3
55851,3
55852,3
55853,3
55854,3
55855,3
55856,3
55857,3
55858,3
55859,3
55860,3
55861,3
55862,3
55863,3
55864,3
55865,3
55866,3
55867,3
55868,3
55869,3
55870,3
55871,3
55872,3
55873,3
55874,3
55875,3
55876,3
55877,3
55878,3
55879,3
55880,3
55881,3
55882,3
55883,3
55884,3
55885,3
55886,3
55887,3
55888,3
55889,3
55890,3
55891,3
55892,3
55893,3
55894,3
55895,3
55896,3
55897,3
55898,3
55899,3
55900,3
55901,3
55902,3
55903,3
55904,3
55905,3
55906,3
55907,3
55908,3
55909,3
55910,3
55911,3
55912,3
55913,3
55914,3
55915,3
55916,3
55917,3
55918,3
55919,3
55920,3
55921,3
55922,3
55923,3
55924,3
55925,3
55926,3
55927,3
55928,3
55929,3
55930,3
55931,3
55932,3
55933,3
55934,3
55935,3
55936,3
55937,3
55938,3
55939,3
55940,3
55941,3
55942,3
55943,3
55944,3
55945,3
55946,3
55947,3
55948,3
55949,3
55950,3
55951,3
55952,3
55953,3
55954,3
55955,3
55956,3
55957,3
55958,3
55959,3
55960,3
55961,3
55962,3
55963,3
55964,3
55965,3
55966,3
55967,3
55968,3
55969,3
55970,3
55971,3
55972,3
55973,3
55974,3
55975,3
55976,3
55977,3
55978,3
55979,3
55980,3
55981,3
55982,3
55983,3
55984,3
55985,3
55986,3
55987,3
55988,3
55989,3
55990,3
55991,3
55992,3
55993,3
55994,3
55995,3
55996,3
55997,3
55998,3
55999,3
56000,3
56001,3
56002,3
56003,3
56004,3
56005,3
56006,3
56007,3
56008,3
56009,3
56010,3
56011,3
56012,3
56013,3
56014,3
56015,3
56016,3
56017,3
56018,3
56019,3
56020,3
56021,3
56022,3
56023,3
56024,3
56025,3
56026,3
56027,3
56028,3
56029,3
56030,3
56031,3
56032,3
56033,3
56034,3
56035,3
56036,3
56037,3
56038,3
56039,3
56040,3
56041,3
56042,3
56043,3
56044,3
56045,3
56046,3
56047,3
56048,3
56049,3
56050,3
56051,3
56052,3
56053,3
56054,3
56055,3
56056,3
56057,3
56058,3
56059,3
56060,3
56061,3
56062,3
56063,3
56064,3
56065,3
56066,3
56067,3
56068,3
56069,3
56070,3
56071,3
56072,3
56073,3
56074,3
56075,3
56076,3
56077,3
56078,3
56079,3
56080,3
56081,3
56082,3
56083,3
56084,3
56085,3
56086,3
56087,3
56088,3
56089,3
56090,3
56091,3
56092,3
56093,3
56094,3
56095,3
56096,3
56097,3
56098,3
56099,3
56100,3
56101,3
56102,3
56103,3
56104,3
56105,3
56106,3
56107,3
56108,3
56109,3
56110,3
56111,3
56112,3
56113,3
56114,3
56115,3
56116,3
56117,3
56118,3
56119,3
56120,3
56121,3
56122,3
56123,3
56124,3
56125,3
56126,3
56127,3
56128,3
56129,3
56130,3
56131,3
56132,3
56133,3
56134,3
56135,3
56136,3
56137,3
56138,3
56139,3
56140,3
56141,3
56142,3
56143,3
56144,3
56145,3
56146,3
56147,3
56148,3
56149,3
56150,3
56151,3
56152,3
56153,3
56154,3
56155,3
56156,3
56157,3
56158,3
56159,3
56160,3
56161,3
56162,3
56163,3
56164,3
56165,3
56166,3
56167,3
56168,3
56169,3
56170,3
56171,3
56172,3
56173,3
56174,3
56175,3
56176,3
56177,3
56178,3
56179,3
56180,3
56181,3
56182,3
56183,3
56184,3
56185,3
56186,3
56187,3
56188,3
56189,3
56190,3
56191,3
56192,3
56193,3
56194,3
56195,3
56196,3
56197,3
56198,3
56199,3
56200,3
56201,3
56202,3
56203,3
56204,3
56205,3
56206,3
56207,3
56208,3
56209,3
56210,3
56211,3
56212,3
56213,3
56214,3
56215,3
56216,3
56217,3
56218,3
56219,3
56220,3
56221,3
56222,3
56223,3
56224,3
56225,3
56226,3
56227,3
56228,3
56229,3
56230,3
56231,3
56232,3
56233,3
56234,3
56235,3
56236,3
56237,3
56238,3
56239,3
56240,3
56241,3
56242,3
56243,3
56244,3
56245,3
56246,3
56247,3
56248,3
56249,3
56250,3
56251,3
56252,3
56253,3
56254,3
56255,3
56256,3
56257,3
56258,3
56259,3
56260,3
56261,3
56262,3
56263,3
56264,3
56265,3
56266,3
56267,3
56268,3
56269,3
56270,3
56271,3
56272,3
56273,3
56274,3
56275,3
56276,3
56277,3
56278,3
56279,3
56280,3
56281,3
56282,3
56283,3
56284,3
56285,3
56286,3
56287,3
56288,3
56289,3
56290,3
56291,3
56292,3
56293,3
56294,3
56295,3
56296,3
56297,3
56298,3
56299,3
56300,3
56301,3
56302,3
56303,3
56304,3
56305,3
56306,3
56307,3
56308,3
56309,3
56310,3
56311,3
56312,3
56313,3
56314,3
56315,3
56316,3
56317,3
56318,3
56319,3
56320,3
56321,3
56322,3
56323,3
56324,3
56325,3
56326,3
56327,3
56328,3
56329,3
56330,3
56331,3
56332,3
56333,3
56334,3
56335,3
56336,3
56337,3
56338,3
56339,3
56340,3
56341,3
56342,3
56343,3
56344,3
56345,3
56346,3
56347,3
56348,3
56349,3
56350,3
56351,3
56352,3
56353,3
56354,3
56355,3
56356,3
56357,3
56358,3
56359,3
56360,3
56361,3
56362,3
56363,3
56364,3
56365,3
56366,3
56367,3
56368,3
56369,3
56370,3
56371,3
56372,3
56373,3
56374,3
56375,3
56376,3
56377,3
56378,3
56379,3
56380,3
56381,3
56382,3
56383,3
56384,3
56385,3
56386,3
56387,3
56388,3
56389,3
56390,3
56391,3
56392,3
56393,3
56394,3
56395,3
56396,3
56397,3
56398,3
56399,3
56400,3
56401,3
56402,3
56403,3
56404,3
56405,3
56406,3
56407,3
56408,3
56409,3
56410,3
56411,3
56412,3
56413,3
56414,3
56415,3
56416,3
56417,3
56418,3
56419,3
56420,3
56421,3
56422,3
56423,3
56424,3
56425,3
56426,3
56427,3
56428,3
56429,3
56430,3
56431,3
56432,3
56433,3
56434,3
56435,3
56436,3
56437,3
56438,3
56439,3
56440,3
56441,3
56442,3
56443,3
56444,3
56445,3
56446,3
56447,3
56448,3
56449,3
56450,3
56451,3
56452,3
56453,3
56454,3
56455,3
56456,3
56457,3
56458,3
56459,3
56460,3
56461,3
56462,3
56463,3
56464,3
56465,3
56466,3
56467,3
56468,3
56469,3
56470,3
56471,3
56472,3
56473,3
56474,3
56475,3
56476,3
56477,3
56478,3
56479,3
56480,3
56481,3
56482,3
56483,3
56484,3
56485,3
56486,3
56487,3
56488,3
56489,3
56490,3
56491,3
56492,3
56493,3
56494,3
56495,3
56496,3
56497,3
56498,3
56499,3
56500,3
56501,3
56502,3
56503,3
56504,3
56505,3
56506,3
56507,3
56508,3
56509,3
56510,3
56511,3
56512,3
56513,3
56514,3
56515,3
56516,3
56517,3
56518,3
56519,3
56520,3
56521,3
56522,3
56523,3
56524,3
56525,3
56526,3
56527,3
56528,3
56529,3
56530,3
56531,3
56532,3
56533,3
56534,3
56535,3
56536,3
56537,3
56538,3
56539,3
56540,3
56541,3
56542,3
56543,3
56544,3
56545,3
56546,3
56547,3
56548,3
56549,3
56550,3
56551,3
56552,3
56553,3
56554,3
56555,3
56556,3
56557,3
56558,3
56559,3
56560,3
56561,3
56562,3
56563,3
56564,3
56565,3
56566,3
56567,3
56568,3
56569,3
56570,3
56571,3
56572,3
56573,3
56574,3
56575,3
56576,3
56577,3
56578,3
56579,3
56580,3
56581,3
56582,3
56583,3
56584,3
56585,3
56586,3
56587,3
56588,3
56589,3
56590,3
56591,3
56592,3
56593,3
56594,3
56595,3
56596,3
56597,3
56598,3
56599,3
56600,3
56601,3
56602,3
56603,3
56604,3
56605,3
56606,3
56607,3
56608,3
56609,3
56610,3
56611,3
56612,3
56613,3
56614,3
56615,3
56616,3
56617,3
56618,3
56619,3
56620,3
56621,3
56622,3
56623,3
56624,3
56625,3
56626,3
56627,3
56628,3
56629,3
56630,3
56631,3
56632,3
56633,3
56634,3
56635,3
56636,3
56637,3
56638,3
56639,3
56640,3
56641,3
56642,3
56643,3
56644,3
56645,3
56646,3
56647,3
56648,3
56649,3
56650,3
56651,3
56652,3
56653,3
56654,3
56655,3
56656,3
56657,3
56658,3
56659,3
56660,3
56661,3
56662,3
56663,3
56664,3
56665,3
56666,3
56667,3
56668,3
56669,3
56670,3
56671,3
56672,3
56673,3
56674,3
56675,3
56676,3
56677,3
56678,3
56679,3
56680,3
56681,3
56682,3
56683,3
56684,3
56685,3
56686,3
56687,3
56688,3
56689,3
56690,3
56691,3
56692,3
56693,3
56694,3
56695,3
56696,3
56697,3
56698,3
56699,3
56700,3
56701,3
56702,3
56703,3
56704,3
56705,3
56706,3
56707,2
56708,3
56709,3
56710,2
56711,2
56712,3
56713,2
56714,3
56715,2
56716,3
56717,3
56718,3
56719,3
56720,3
56721,3
56722,3
56723,3
56724,3
56725,3
56726,3
56727,3
56728,3
56729,3
56730,3
56731,3
56732,3
56733,3
56734,3
56735,3
56736,3
56737,3
56738,3
56739,3
56740,3
56741,3
56742,3
56743,3
56744,3
56745,3
56746,3
56747,3
56748,3
56749,3
56750,3
56751,3
56752,3
56753,3
56754,3
56755,3
56756,3
56757,3
56758,3
56759,3
56760,3
56761,3
56762,3
56763,3
56764,3
56765,3
56766,3
56767,3
56768,3
56769,2
56770,3
56771,2
56772,3
56773,3
56774,3
56775,3
56776,3
56777,3
56778,3
56779,3
56780,3
56781,3
56782,3
56783,3
56784,3
56785,3
56786,3
56787,3
56788,3
56789,3
56790,3
56791,3
56792,3
56793,3
56794,3
56795,3
56796,3
56797,3
56798,3
56799,3
56800,3
56801,3
56802,3
56803,3
56804,3
56805,3
56806,3
56807,3
56808,3
56809,3
56810,3
56811,2
56812,3
56813,2
56814,3
56815,3
56816,3
56817,3
56818,3
56819,3
56820,3
56821,3
56822,3
56823,3
56824,3
56825,2
56826,3
56827,3
56828,3
56829,3
56830,3
56831,3
56832,3
56833,3
56834,3
56835,3
56836,3
56837,3
56838,3
56839,3
56840,3
56841,3
56842,3
56843,3
56844,3
56845,3
56846,3
56847,3
56848,3
56849,3
56850,3
56851,3
56852,3
56853,3
56854,3
56855,3
56856,3
56857,3
56858,3
56859,3
56860,3
56861,3
56862,3
56863,3
56864,3
56865,3
56866,3
56867,3
56868,3
56869,3
56870,3
56871,3
56872,3
56873,3
56874,3
56875,3
56876,3
56877,3
56878,3
56879,3
56880,3
56881,3
56882,3
56883,3
56884,3
56885,3
56886,3
56887,3
56888,3
56889,3
56890,3
56891,3
56892,3
56893,3
56894,3
56895,3
56896,3
56897,3
56898,3
56899,3
56900,3
56901,3
56902,3
56903,3
56904,3
56905,3
56906,3
56907,3
56908,3
56909,3
56910,3
56911,3
56912,3
56913,3
56914,3
56915,3
56916,3
56917,3
56918,3
56919,3
56920,3
56921,3
56922,3
56923,3
56924,3
56925,2
56926,3
56927,3
56928,3
56929,3
56930,3
56931,3
56932,3
56933,2
56934,3
56935,3
56936,3
56937,3
56938,3
56939,3
56940,3
56941,3
56942,3
56943,3
56944,3
56945,3
56946,3
56947,3
56948,3
56949,3
56950,3
56951,3
56952,3
56953,3
56954,3
56955,3
56956,3
56957,3
56958,3
56959,3
56960,3
56961,3
56962,3
56963,3
56964,3
56965,3
56966,3
56967,3
56968,3
56969,3
56970,3
56971,3
56972,3
56973,3
56974,3
56975,3
56976,3
56977,3
56978,3
56979,3
56980,3
56981,3
56982,3
56983,3
56984,3
56985,3
56986,3
56987,3
56988,3
56989,3
56990,3
56991,3
56992,3
56993,3
56994,3
56995,3
56996,3
56997,3
56998,3
56999,3
57000,3
57001,3
57002,3
57003,3
57004,3
57005,3
57006,3
57007,3
57008,3
57009,3
57010,3
57011,3
57012,3
57013,3
57014,3
57015,3
57016,3
57017,3
57018,3
57019,3
57020,3
57021,3
57022,3
57023,3
57024,3
57025,3
57026,3
57027,3
57028,3
57029,3
57030,3
57031,3
57032,3
57033,3
57034,3
57035,3
57036,3
57037,3
57038,3
57039,3
57040,3
57041,3
57042,3
57043,3
57044,3
57045,3
57046,3
57047,3
57048,3
57049,3
57050,3
57051,3
57052,3
57053,3
57054,3
57055,3
57056,3
57057,3
57058,3
57059,3
57060,3
57061,3
57062,3
57063,3
57064,3
57065,3
57066,3
57067,3
57068,3
57069,3
57070,3
57071,3
57072,3
57073,3
57074,3
57075,3
57076,3
57077,3
57078,3
57079,3
57080,3
57081,3
57082,3
57083,3
57084,3
57085,3
57086,3
57087,3
57088,3
57089,3
57090,3
57091,3
57092,3
57093,3
57094,3
57095,3
57096,3
57097,3
57098,3
57099,3
57100,3
57101,3
57102,3
57103,3
57104,3
57105,3
57106,3
57107,3
57108,3
57109,3
57110,3
57111,3
57112,3
57113,3
57114,3
57115,3
57116,3
57117,3
57118,3
57119,3
57120,3
57121,3
57122,3
57123,3
57124,3
57125,3
57126,3
57127,3
57128,3
57129,3
57130,3
57131,3
57132,3
57133,3
57134,3
57135,3
57136,3
57137,3
57138,3
57139,3
57140,3
57141,3
57142,3
57143,3
57144,3
57145,3
57146,3
57147,3
57148,3
57149,3
57150,3
57151,3
57152,3
57153,3
57154,3
57155,2
57156,3
57157,3
57158,3
57159,3
57160,3
57161,3
57162,3
57163,3
57164,3
57165,3
57166,3
57167,3
57168,3
57169,3
57170,3
57171,3
57172,3
57173,3
57174,3
57175,3
57176,3
57177,3
57178,3
57179,3
57180,3
57181,3
57182,3
57183,0
57184,3
57185,3
57186,3
57187,3
57188,3
57189,0
57190,3
57191,3
57192,3
57193,3
57194,3
57195,3
57196,3
57197,3
57198,3
57199,3
57200,3
57201,3
57202,3
57203,3
57204,3
57205,3
57206,3
57207,3
57208,3
57209,3
57210,3
57211,3
57212,3
57213,2
57214,3
57215,3
57216,3
57217,3
57218,3
57219,3
57220,3
57221,3
57222,3
57223,3
57224,3
57225,3
57226,3
57227,3
57228,3
57229,3
57230,3
57231,3
57232,3
57233,3
57234,3
57235,3
57236,3
57237,3
57238,3
57239,3
57240,3
57241,3
57242,3
57243,3
57244,3
57245,3
57246,3
57247,3
57248,3
57249,3
57250,3
57251,3
57252,3
57253,3
57254,3
57255,3
57256,3
57257,3
57258,3
57259,3
57260,3
57261,3
57262,3
57263,3
57264,3
57265,3
57266,3
57267,3
57268,3
57269,3
57270,3
57271,3
57272,3
57273,3
57274,3
57275,3
57276,3
57277,3
57278,3
57279,3
57280,3
57281,3
57282,3
57283,3
57284,3
57285,3
57286,3
57287,3
57288,3
57289,3
57290,3
57291,3
57292,3
57293,3
57294,3
57295,3
57296,3
57297,3
57298,3
57299,3
57300,3
57301,3
57302,3
57303,3
57304,3
57305,3
57306,3
57307,3
57308,3
57309,3
57310,3
57311,3
57312,3
57313,3
57314,3
57315,3
57316,2
57317,3
57318,3
57319,3
57320,3
57321,3
57322,3
57323,3
57324,3
57325,3
57326,3
57327,3
57328,3
57329,3
57330,3
57331,3
57332,3
57333,3
57334,3
57335,3
57336,3
57337,3
57338,3
57339,3
57340,3
57341,3
57342,3
57343,3
57344,3
57345,3
57346,3
57347,3
57348,3
57349,3
57350,3
57351,3
57352,3
57353,3
57354,3
57355,3
57356,3
57357,3
57358,3
57359,3
57360,3
57361,3
57362,3
57363,3
57364,3
57365,3
57366,3
57367,3
57368,3
57369,3
57370,3
57371,3
57372,3
57373,3
57374,3
57375,3
57376,3
57377,3
57378,3
57379,3
57380,3
57381,3
57382,3
57383,3
57384,3
57385,3
57386,3
57387,3
57388,3
57389,3
57390,3
57391,3
57392,3
57393,3
57394,3
57395,3
57396,3
57397,3
57398,3
57399,3
57400,3
57401,3
57402,3
57403,3
57404,3
57405,3
57406,3
57407,3
57408,3
57409,3
57410,3
57411,3
57412,3
57413,3
57414,3
57415,3
57416,3
57417,3
57418,3
57419,3
57420,3
57421,3
57422,3
57423,3
57424,3
57425,3
57426,3
57427,3
57428,3
57429,3
57430,3
57431,3
57432,3
57433,3
57434,3
57435,3
57436,3
57437,3
57438,3
57439,3
57440,3
57441,3
57442,3
57443,3
57444,3
57445,3
57446,3
57447,3
57448,3
57449,3
57450,3
57451,3
57452,3
57453,3
57454,3
57455,3
57456,3
57457,3
57458,3
57459,3
57460,3
57461,3
57462,3
57463,3
57464,3
57465,3
57466,3
57467,3
57468,3
57469,3
57470,3
57471,3
57472,3
57473,3
57474,3
57475,3
57476,3
57477,3
57478,3
57479,3
57480,3
57481,3
57482,3
57483,3
57484,3
57485,3
57486,3
57487,3
57488,3
57489,3
57490,3
57491,3
57492,3
57493,3
57494,3
57495,3
57496,3
57497,3
57498,3
57499,3
57500,3
57501,3
57502,3
57503,3
57504,3
57505,3
57506,3
57507,3
57508,3
57509,3
57510,3
57511,3
57512,3
57513,2
57514,3
57515,3
57516,3
57517,3
57518,3
57519,3
57520,3
57521,3
57522,3
57523,3
57524,3
57525,3
57526,3
57527,3
57528,3
57529,3
57530,3
57531,3
57532,3
57533,3
57534,3
57535,3
57536,3
57537,3
57538,3
57539,3
57540,3
57541,3
57542,3
57543,3
57544,3
57545,3
57546,3
57547,3
57548,3
57549,3
57550,3
57551,3
57552,3
57553,3
57554,3
57555,3
57556,3
57557,2
57558,3
57559,3
57560,3
57561,3
57562,3
57563,3
57564,3
57565,3
57566,3
57567,3
57568,3
57569,3
57570,3
57571,3
57572,3
57573,3
57574,3
57575,3
57576,3
57577,3
57578,3
57579,3
57580,3
57581,3
57582,3
57583,3
57584,3
57585,3
57586,3
57587,3
57588,3
57589,3
57590,3
57591,3
57592,3
57593,3
57594,3
57595,3
57596,3
57597,3
57598,3
57599,3
57600,3
57601,3
57602,3
57603,3
57604,3
57605,3
57606,3
57607,3
57608,3
57609,2
57610,3
57611,3
57612,3
57613,3
57614,3
57615,3
57616,3
57617,3
57618,3
57619,2
57620,2
57621,2
57622,3
57623,2
57624,3
57625,3
57626,3
57627,2
57628,2
57629,2
57630,2
57631,2
57632,2
57633,2
57634,2
57635,2
57636,3
57637,3
57638,3
57639,2
57640,3
57641,3
57642,3
57643,3
57644,3
57645,3
57646,3
57647,3
57648,3
57649,3
57650,3
57651,3
57652,3
57653,3
57654,2
57655,3
57656,3
57657,3
57658,3
57659,3
57660,3
57661,2
57662,3
57663,3
57664,3
57665,3
57666,3
57667,3
57668,3
57669,3
57670,3
57671,3
57672,3
57673,3
57674,3
57675,3
57676,3
57677,3
57678,3
57679,2
57680,3
57681,3
57682,3
57683,3
57684,3
57685,3
57686,3
57687,3
57688,3
57689,3
57690,3
57691,3
57692,3
57693,3
57694,3
57695,3
57696,3
57697,3
57698,3
57699,3
57700,3
57701,3
57702,3
57703,3
57704,3
57705,3
57706,3
57707,3
57708,3
57709,3
57710,3
57711,3
57712,3
57713,3
57714,3
57715,3
57716,3
57717,3
57718,3
57719,3
57720,3
57721,3
57722,3
57723,3
57724,3
57725,3
57726,3
57727,3
57728,3
57729,3
57730,3
57731,3
57732,3
57733,3
57734,2
57735,3
57736,3
57737,3
57738,3
57739,3
57740,3
57741,3
57742,3
57743,3
57744,3
57745,3
57746,3
57747,3
57748,2
57749,3
57750,3
57751,3
57752,3
57753,3
57754,3
57755,3
57756,3
57757,3
57758,3
57759,3
57760,3
57761,3
57762,3
57763,3
57764,3
57765,3
57766,3
57767,3
57768,3
57769,3
57770,3
57771,3
57772,3
57773,3
57774,3
57775,3
57776,3
57777,3
57778,3
57779,3
57780,3
57781,3
57782,3
57783,3
57784,3
57785,3
57786,3
57787,3
57788,3
57789,3
57790,3
57791,3
57792,3
57793,3
57794,3
57795,3
57796,3
57797,3
57798,3
57799,3
57800,3
57801,3
57802,3
57803,3
57804,3
57805,3
57806,3
57807,3
57808,3
57809,3
57810,3
57811,3
57812,3
57813,3
57814,3
57815,3
57816,3
57817,3
57818,3
57819,3
57820,3
57821,3
57822,3
57823,3
57824,3
57825,3
57826,3
57827,3
57828,3
57829,3
57830,3
57831,3
57832,3
57833,3
57834,3
57835,3
57836,3
57837,3
57838,3
57839,3
57840,3
57841,3
57842,3
57843,3
57844,3
57845,3
57846,3
57847,3
57848,3
57849,3
57850,3
57851,3
57852,3
57853,3
57854,3
57855,3
57856,3
57857,3
57858,3
57859,3
57860,3
57861,3
57862,3
57863,3
57864,3
57865,3
57866,3
57867,3
57868,3
57869,3
57870,3
57871,3
57872,3
57873,3
57874,3
57875,3
57876,3
57877,3
57878,3
57879,3
57880,3
57881,3
57882,3
57883,3
57884,3
57885,3
57886,3
57887,3
57888,3
57889,3
57890,3
57891,3
57892,3
57893,3
57894,3
57895,3
57896,3
57897,3
57898,3
57899,3
57900,3
57901,3
57902,3
57903,3
57904,3
57905,3
57906,3
57907,3
57908,3
57909,3
57910,3
57911,3
57912,3
57913,3
57914,3
57915,3
57916,3
57917,3
57918,3
57919,3
57920,3
57921,3
57922,3
57923,3
57924,3
57925,3
57926,3
57927,3
57928,3
57929,3
57930,3
57931,3
57932,3
57933,3
57934,3
57935,3
57936,3
57937,3
57938,3
57939,3
57940,3
57941,3
57942,3
57943,3
57944,3
57945,3
57946,3
57947,3
57948,3
57949,3
57950,3
57951,3
57952,3
57953,3
57954,3
57955,3
57956,3
57957,3
57958,2
57959,3
57960,3
57961,3
57962,3
57963,3
57964,2
57965,3
57966,3
57967,3
57968,3
57969,3
57970,2
57971,3
57972,3
57973,3
57974,3
57975,3
57976,3
57977,3
57978,3
57979,3
57980,3
57981,3
57982,3
57983,3
57984,3
57985,3
57986,3
57987,3
57988,3
57989,3
57990,3
57991,3
57992,3
57993,3
57994,3
57995,3
57996,3
57997,3
57998,3
57999,3
58000,3
58001,3
58002,3
58003,3
58004,3
58005,3
58006,3
58007,3
58008,3
58009,3
58010,3
58011,3
58012,3
58013,3
58014,3
58015,3
58016,3
58017,3
58018,3
58019,3
58020,3
58021,3
58022,3
58023,3
58024,3
58025,3
58026,3
58027,3
58028,3
58029,3
58030,3
58031,3
58032,3
58033,3
58034,3
58035,3
58036,3
58037,3
58038,2
58039,2
58040,3
58041,3
58042,3
58043,3
58044,2
58045,3
58046,3
58047,3
58048,3
58049,3
58050,3
58051,3
58052,3
58053,3
58054,3
58055,3
58056,3
58057,3
58058,3
58059,3
58060,3
58061,3
58062,3
58063,3
58064,3
58065,3
58066,3
58067,3
58068,3
58069,3
58070,3
58071,3
58072,3
58073,3
58074,3
58075,3
58076,3
58077,3
58078,3
58079,3
58080,3
58081,3
58082,3
58083,3
58084,3
58085,3
58086,3
58087,3
58088,3
58089,3
58090,3
58091,3
58092,3
58093,3
58094,3
58095,3
58096,3
58097,3
58098,3
58099,3
58100,3
58101,3
58102,3
58103,3
58104,3
58105,3
58106,3
58107,3
58108,3
58109,3
58110,3
58111,3
58112,3
58113,3
58114,3
58115,3
58116,2
58117,3
58118,3
58119,2
58120,3
58121,3
58122,3
58123,3
58124,3
58125,3
58126,2
58127,3
58128,2
58129,3
58130,3
58131,3
58132,3
58133,3
58134,3
58135,3
58136,3
58137,3
58138,3
58139,3
58140,3
58141,3
58142,3
58143,3
58144,3
58145,3
58146,3
58147,3
58148,3
58149,3
58150,3
58151,3
58152,3
58153,3
58154,3
58155,3
58156,2
58157,3
58158,2
58159,3
58160,3
58161,3
58162,3
58163,2
58164,2
58165,2
58166,3
58167,3
58168,3
58169,3
58170,3
58171,3
58172,3
58173,3
58174,2
58175,3
58176,3
58177,3
58178,3
58179,3
58180,3
58181,3
58182,3
58183,3
58184,3
58185,3
58186,2
58187,3
58188,3
58189,3
58190,2
58191,3
58192,3
58193,3
58194,2
58195,3
58196,2
58197,2
58198,2
58199,3
58200,3
58201,3
58202,2
58203,3
58204,3
58205,2
58206,3
58207,2
58208,3
58209,3
58210,3
58211,3
58212,3
58213,3
58214,3
58215,3
58216,3
58217,3
58218,3
58219,3
58220,2
58221,2
58222,3
58223,2
58224,2
58225,3
58226,2
58227,2
58228,3
58229,3
58230,2
58231,2
58232,3
58233,2
58234,2
58235,3
58236,3
58237,2
58238,3
58239,3
58240,2
58241,3
58242,3
58243,3
58244,3
58245,3
58246,3
58247,3
58248,2
58249,3
58250,3
58251,3
58252,3
58253,3
58254,3
58255,2
58256,3
58257,3
58258,3
58259,3
58260,3
58261,3
58262,3
58263,3
58264,3
58265,3
58266,3
58267,3
58268,2
58269,3
58270,3
58271,3
58272,3
58273,3
58274,3
58275,2
58276,3
58277,3
58278,2
58279,2
58280,2
58281,3
58282,3
58283,3
58284,3
58285,3
58286,3
58287,3
58288,3
58289,3
58290,3
58291,3
58292,3
58293,3
58294,3
58295,3
58296,3
58297,3
58298,3
58299,3
58300,3
58301,3
58302,3
58303,3
58304,3
58305,3
58306,3
58307,3
58308,3
58309,3
58310,3
58311,3
58312,3
58313,3
58314,3
58315,3
58316,3
58317,3
58318,3
58319,3
58320,3
58321,3
58322,3
58323,3
58324,3
58325,3
58326,3
58327,3
58328,3
58329,3
58330,3
58331,3
58332,3
58333,3
58334,3
58335,3
58336,3
58337,3
58338,3
58339,3
58340,3
58341,3
58342,3
58343,3
58344,3
58345,3
58346,3
58347,3
58348,3
58349,3
58350,3
58351,3
58352,3
58353,3
58354,3
58355,3
58356,3
58357,3
58358,3
58359,3
58360,3
58361,3
58362,3
58363,3
58364,3
58365,3
58366,3
58367,3
58368,3
58369,3
58370,3
58371,3
58372,3
58373,3
58374,3
58375,3
58376,3
58377,3
58378,3
58379,3
58380,3
58381,3
58382,3
58383,3
58384,3
58385,3
58386,3
58387,3
58388,3
58389,3
58390,3
58391,3
58392,3
58393,3
58394,3
58395,3
58396,3
58397,3
58398,3
58399,3
58400,3
58401,3
58402,3
58403,3
58404,3
58405,3
58406,3
58407,3
58408,3
58409,0
58410,3
58411,0
58412,3
58413,3
58414,3
58415,3
58416,3
58417,3
58418,3
58419,3
58420,3
58421,3
58422,3
58423,3
58424,3
58425,3
58426,3
58427,3
58428,3
58429,3
58430,3
58431,3
58432,3
58433,3
58434,3
58435,3
58436,3
58437,3
58438,3
58439,3
58440,3
58441,3
58442,3
58443,3
58444,3
58445,3
58446,3
58447,3
58448,3
58449,3
58450,3
58451,3
58452,3
58453,3
58454,3
58455,3
58456,3
58457,3
58458,3
58459,3
58460,3
58461,3
58462,3
58463,3
58464,3
58465,3
58466,3
58467,3
58468,3
58469,3
58470,3
58471,3
58472,3
58473,3
58474,3
58475,3
58476,3
58477,3
58478,3
58479,3
58480,3
58481,3
58482,3
58483,3
58484,3
58485,3
58486,3
58487,3
58488,3
58489,3
58490,3
58491,3
58492,3
58493,3
58494,3
58495,3
58496,3
58497,3
58498,3
58499,3
58500,3
58501,3
58502,3
58503,3
58504,3
58505,3
58506,3
58507,3
58508,3
58509,3
58510,3
58511,3
58512,3
58513,3
58514,3
58515,3
58516,3
58517,3
58518,3
58519,3
58520,3
58521,3
58522,3
58523,3
58524,3
58525,3
58526,3
58527,3
58528,3
58529,3
58530,3
58531,3
58532,3
58533,3
58534,3
58535,3
58536,3
58537,3
58538,3
58539,3
58540,3
58541,3
58542,3
58543,3
58544,3
58545,3
58546,3
58547,3
58548,3
58549,3
58550,3
58551,3
58552,3
58553,3
58554,3
58555,3
58556,3
58557,2
58558,3
58559,3
58560,3
58561,3
58562,3
58563,3
58564,3
58565,3
58566,3
58567,2
58568,3
58569,3
58570,3
58571,3
58572,2
58573,3
58574,3
58575,3
58576,3
58577,3
58578,3
58579,3
58580,3
58581,2
58582,3
58583,2
58584,3
58585,0
58586,3
58587,3
58588,3
58589,2
58590,3
58591,3
58592,3
58593,2
58594,3
58595,3
58596,3
58597,3
58598,2
58599,3
58600,3
58601,3
58602,3
58603,3
58604,3
58605,3
58606,3
58607,3
58608,3
58609,3
58610,2
58611,3
58612,3
58613,3
58614,3
58615,3
58616,2
58617,3
58618,3
58619,3
58620,3
58621,2
58622,3
58623,3
58624,3
58625,3
58626,3
58627,3
58628,3
58629,3
58630,3
58631,3
58632,3
58633,3
58634,3
58635,3
58636,3
58637,3
58638,3
58639,3
58640,3
58641,3
58642,3
58643,3
58644,3
58645,3
58646,3
58647,3
58648,3
58649,3
58650,3
58651,3
58652,3
58653,3
58654,3
58655,2
58656,2
58657,2
58658,3
58659,3
58660,3
58661,3
58662,3
58663,3
58664,3
58665,3
58666,3
58667,3
58668,3
58669,2
58670,3
58671,3
58672,3
58673,2
58674,2
58675,3
58676,3
58677,3
58678,3
58679,3
58680,3
58681,3
58682,3
58683,3
58684,3
58685,3
58686,3
58687,3
58688,0
58689,3
58690,3
58691,3
58692,3
58693,3
58694,3
58695,3
58696,3
58697,3
58698,3
58699,3
58700,3
58701,3
58702,3
58703,3
58704,3
58705,3
58706,3
58707,3
58708,3
58709,3
58710,3
58711,3
58712,3
58713,3
58714,3
58715,3
58716,3
58717,3
58718,3
58719,3
58720,3
58721,3
58722,3
58723,3
58724,3
58725,3
58726,3
58727,3
58728,3
58729,3
58730,3
58731,3
58732,3
58733,3
58734,3
58735,3
58736,3
58737,3
58738,3
58739,3
58740,3
58741,3
58742,3
58743,3
58744,3
58745,3
58746,3
58747,3
58748,3
58749,3
58750,3
58751,3
58752,3
58753,3
58754,3
58755,3
58756,3
58757,3
58758,3
58759,3
58760,3
58761,3
58762,3
58763,3
58764,3
58765,3
58766,3
58767,3
58768,3
58769,3
58770,3
58771,3
58772,3
58773,3
58774,3
58775,3
58776,3
58777,3
58778,3
58779,3
58780,3
58781,3
58782,3
58783,3
58784,3
58785,3
58786,3
58787,3
58788,3
58789,3
58790,0
58791,3
58792,2
58793,3
58794,2
58795,3
58796,2
58797,3
58798,2
58799,3
58800,2
58801,3
58802,3
58803,3
58804,3
58805,3
58806,3
58807,3
58808,3
58809,3
58810,3
58811,3
58812,3
58813,3
58814,3
58815,3
58816,3
58817,3
58818,3
58819,3
58820,3
58821,3
58822,3
58823,3
58824,3
58825,3
58826,3
58827,3
58828,3
58829,3
58830,3
58831,3
58832,3
58833,3
58834,3
58835,3
58836,3
58837,3
58838,3
58839,3
58840,2
58841,2
58842,2
58843,2
58844,3
58845,2
58846,3
58847,3
58848,3
58849,3
58850,3
58851,3
58852,3
58853,3
58854,3
58855,3
58856,3
58857,3
58858,3
58859,3
58860,2
58861,3
58862,3
58863,3
58864,3
58865,3
58866,3
58867,2
58868,3
58869,3
58870,3
58871,3
58872,3
58873,3
58874,3
58875,2
58876,3
58877,3
58878,3
58879,3
58880,3
58881,2
58882,3
58883,3
58884,3
58885,2
58886,3
58887,3
58888,3
58889,3
58890,3
58891,2
58892,3
58893,3
58894,3
58895,3
58896,3
58897,3
58898,3
58899,3
58900,3
58901,3
58902,3
58903,3
58904,2
58905,3
58906,3
58907,2
58908,2
58909,3
58910,3
58911,2
58912,2
58913,2
58914,2
58915,2
58916,3
58917,3
58918,3
58919,2
58920,3
58921,2
58922,3
58923,3
58924,3
58925,2
58926,3
58927,2
58928,2
58929,3
58930,3
58931,3
58932,3
58933,3
58934,2
58935,3
58936,3
58937,3
58938,3
58939,2
58940,2
58941,3
58942,2
58943,3
58944,3
58945,3
58946,3
58947,3
58948,3
58949,2
58950,2
58951,2
58952,2
58953,3
58954,2
58955,3
58956,2
58957,2
58958,3
58959,2
58960,2
58961,3
58962,3
58963,3
58964,2
58965,3
58966,3
58967,2
58968,2
58969,2
58970,2
58971,2
58972,2
58973,2
58974,2
58975,2
58976,3
58977,2
58978,3
58979,3
58980,3
58981,2
58982,3
58983,2
58984,3
58985,3
58986,3
58987,2
58988,3
58989,3
58990,2
58991,3
58992,3
58993,3
58994,3
58995,2
58996,3
58997,3
58998,2
58999,3
59000,3
59001,3
59002,3
59003,3
59004,3
59005,3
59006,2
59007,3
59008,2
59009,3
59010,3
59011,3
59012,2
59013,3
59014,3
59015,2
59016,2
59017,2
59018,2
59019,2
59020,3
59021,3
59022,3
59023,3
59024,3
59025,3
59026,3
59027,3
59028,3
59029,3
59030,3
59031,3
59032,2
59033,2
59034,3
59035,2
59036,3
59037,3
59038,3
59039,3
59040,3
59041,3
59042,3
59043,3
59044,3
59045,3
59046,3
59047,3
59048,3
59049,3
59050,3
59051,2
59052,3
59053,3
59054,3
59055,3
59056,3
59057,3
59058,3
59059,3
59060,2
59061,3
59062,3
59063,3
59064,3
59065,3
59066,3
59067,3
59068,3
59069,3
59070,3
59071,2
59072,2
59073,2
59074,3
59075,3
59076,3
59077,3
59078,3
59079,3
59080,2
59081,2
59082,2
59083,2
59084,3
59085,3
59086,2
59087,2
59088,2
59089,3
59090,3
59091,3
59092,2
59093,2
59094,2
59095,3
59096,2
59097,3
59098,3
59099,2
59100,2
59101,2
59102,3
59103,3
59104,3
59105,3
59106,3
59107,3
59108,2
59109,3
59110,3
59111,3
59112,3
59113,3
59114,3
59115,3
59116,3
59117,3
59118,3
59119,3
59120,3
59121,3
59122,3
59123,3
59124,3
59125,3
59126,3
59127,3
59128,3
59129,3
59130,3
59131,2
59132,3
59133,2
59134,2
59135,2
59136,2
59137,2
59138,3
59139,2
59140,2
59141,2
59142,2
59143,3
59144,3
59145,3
59146,3
59147,3
59148,3
59149,3
59150,3
59151,3
59152,3
59153,3
59154,3
59155,3
59156,3
59157,3
59158,3
59159,3
59160,3
59161,3
59162,3
59163,3
59164,3
59165,3
59166,3
59167,3
59168,3
59169,3
59170,3
59171,3
59172,3
59173,3
59174,3
59175,3
59176,3
59177,3
59178,3
59179,3
59180,3
59181,3
59182,3
59183,3
59184,3
59185,3
59186,3
59187,3
59188,2
59189,2
59190,0
59191,3
59192,3
59193,3
59194,3
59195,3
59196,3
59197,3
59198,3
59199,3
59200,3
59201,2
59202,3
59203,2
59204,2
59205,2
59206,3
59207,3
59208,3
59209,3
59210,3
59211,3
59212,3
59213,3
59214,3
59215,3
59216,3
59217,3
59218,3
59219,3
59220,3
59221,3
59222,3
59223,3
59224,3
59225,3
59226,3
59227,3
59228,3
59229,3
59230,3
59231,3
59232,3
59233,2
59234,2
59235,2
59236,3
59237,3
59238,3
59239,3
59240,2
59241,2
59242,3
59243,3
59244,3
59245,3
59246,3
59247,3
59248,3
59249,3
59250,3
59251,3
59252,3
59253,3
59254,3
59255,3
59256,3
59257,3
59258,3
59259,3
59260,3
59261,3
59262,3
59263,3
59264,3
59265,3
59266,3
59267,3
59268,3
59269,3
59270,3
59271,3
59272,3
59273,3
59274,3
59275,3
59276,3
59277,3
59278,3
59279,3
59280,3
59281,3
59282,3
59283,3
59284,3
59285,3
59286,3
59287,3
59288,3
59289,3
59290,3
59291,3
59292,3
59293,3
59294,3
59295,3
59296,3
59297,3
59298,3
59299,3
59300,3
59301,3
59302,3
59303,3
59304,3
59305,3
59306,3
59307,3
59308,3
59309,3
59310,3
59311,3
59312,3
59313,3
59314,3
59315,3
59316,3
59317,3
59318,3
59319,3
59320,3
59321,3
59322,3
59323,3
59324,3
59325,3
59326,3
59327,3
59328,3
59329,3
59330,3
59331,3
59332,3
59333,3
59334,3
59335,3
59336,3
59337,3
59338,3
59339,3
59340,3
59341,3
59342,3
59343,3
59344,3
59345,3
59346,3
59347,3
59348,3
59349,3
59350,3
59351,3
59352,3
59353,3
59354,3
59355,3
59356,3
59357,3
59358,3
59359,3
59360,3
59361,3
59362,3
59363,3
59364,3
59365,3
59366,3
59367,3
59368,3
59369,3
59370,3
59371,3
59372,3
59373,3
59374,3
59375,3
59376,3
59377,3
59378,3
59379,3
59380,3
59381,3
59382,3
59383,3
59384,3
59385,3
59386,3
59387,3
59388,3
59389,3
59390,3
59391,3
59392,3
59393,3
59394,3
59395,3
59396,3
59397,3
59398,3
59399,3
59400,3
59401,3
59402,3
59403,3
59404,3
59405,3
59406,3
59407,3
59408,3
59409,3
59410,3
59411,3
59412,3
59413,3
59414,3
59415,3
59416,3
59417,3
59418,3
59419,3
59420,3
59421,3
59422,3
59423,3
59424,3
59425,3
59426,3
59427,3
59428,3
59429,3
59430,3
59431,3
59432,3
59433,3
59434,3
59435,3
59436,3
59437,3
59438,3
59439,3
59440,3
59441,3
59442,3
59443,3
59444,3
59445,3
59446,3
59447,3
59448,3
59449,3
59450,3
59451,3
59452,3
59453,3
59454,3
59455,3
59456,3
59457,3
59458,3
59459,3
59460,3
59461,3
59462,3
59463,3
59464,3
59465,3
59466,3
59467,3
59468,3
59469,3
59470,3
59471,3
59472,3
59473,3
59474,3
59475,3
59476,3
59477,3
59478,3
59479,3
59480,3
59481,3
59482,3
59483,3
59484,3
59485,3
59486,3
59487,3
59488,3
59489,3
59490,3
59491,3
59492,3
59493,3
59494,3
59495,3
59496,3
59497,3
59498,3
59499,3
59500,3
59501,3
59502,3
59503,3
59504,3
59505,3
59506,3
59507,3
59508,3
59509,3
59510,3
59511,3
59512,3
59513,3
59514,3
59515,3
59516,3
59517,3
59518,3
59519,3
59520,3
59521,3
59522,3
59523,3
59524,3
59525,3
59526,3
59527,3
59528,3
59529,3
59530,3
59531,3
59532,3
59533,3
59534,3
59535,3
59536,3
59537,3
59538,3
59539,3
59540,3
59541,3
59542,3
59543,3
59544,3
59545,3
59546,3
59547,3
59548,3
59549,3
59550,3
59551,3
59552,3
59553,3
59554,3
59555,3
59556,3
59557,3
59558,3
59559,3
59560,3
59561,3
59562,3
59563,3
59564,3
59565,3
59566,3
59567,3
59568,3
59569,3
59570,3
59571,3
59572,3
59573,3
59574,3
59575,3
59576,3
59577,3
59578,3
59579,3
59580,3
59581,3
59582,3
59583,3
59584,3
59585,3
59586,3
59587,3
59588,3
59589,3
59590,3
59591,3
59592,3
59593,3
59594,3
59595,3
59596,3
59597,3
59598,3
59599,3
59600,3
59601,3
59602,3
59603,3
59604,3
59605,3
59606,3
59607,3
59608,3
59609,3
59610,3
59611,3
59612,3
59613,3
59614,3
59615,3
59616,3
59617,3
59618,3
59619,3
59620,3
59621,3
59622,3
59623,3
59624,3
59625,3
59626,3
59627,3
59628,3
59629,3
59630,3
59631,3
59632,3
59633,3
59634,3
59635,3
59636,3
59637,3
59638,3
59639,3
59640,3
59641,3
59642,3
59643,3
59644,3
59645,3
59646,3
59647,3
59648,3
59649,3
59650,3
59651,3
59652,3
59653,3
59654,3
59655,3
59656,3
59657,3
59658,3
59659,3
59660,3
59661,3
59662,3
59663,3
59664,3
59665,3
59666,3
59667,3
59668,3
59669,3
59670,3
59671,3
59672,3
59673,3
59674,3
59675,3
59676,3
59677,3
59678,3
59679,3
59680,3
59681,3
59682,3
59683,3
59684,3
59685,3
59686,3
59687,3
59688,3
59689,3
59690,3
59691,3
59692,3
59693,3
59694,3
59695,3
59696,3
59697,3
59698,3
59699,3
59700,3
59701,3
59702,3
59703,3
59704,3
59705,3
59706,3
59707,3
59708,3
59709,3
59710,3
59711,3
59712,3
59713,3
59714,3
59715,3
59716,3
59717,3
59718,3
59719,3
59720,3
59721,3
59722,3
59723,3
59724,3
59725,3
59726,3
59727,3
59728,3
59729,3
59730,3
59731,3
59732,3
59733,3
59734,3
59735,3
59736,3
59737,3
59738,3
59739,3
59740,3
59741,3
59742,3
59743,3
59744,3
59745,3
59746,3
59747,3
59748,3
59749,3
59750,3
59751,3
59752,3
59753,3
59754,3
59755,3
59756,3
59757,3
59758,3
59759,3
59760,3
59761,3
59762,3
59763,3
59764,3
59765,3
59766,3
59767,3
59768,3
59769,3
59770,3
59771,3
59772,3
59773,3
59774,3
59775,3
59776,3
59777,3
59778,3
59779,3
59780,3
59781,3
59782,3
59783,3
59784,3
59785,3
59786,3
59787,3
59788,3
59789,3
59790,3
59791,3
59792,3
59793,3
59794,3
59795,3
59796,3
59797,3
59798,3
59799,3
59800,3
59801,3
59802,3
59803,3
59804,3
59805,3
59806,3
59807,3
59808,3
59809,3
59810,3
59811,3
59812,3
59813,3
59814,3
59815,3
59816,3
59817,3
59818,3
59819,3
59820,3
59821,3
59822,3
59823,3
59824,3
59825,3
59826,3
59827,3
59828,3
59829,3
59830,3
59831,3
59832,3
59833,3
59834,3
59835,3
59836,3
59837,3
59838,3
59839,3
59840,3
59841,3
59842,3
59843,3
59844,3
59845,3
59846,3
59847,3
59848,3
59849,3
59850,3
59851,3
59852,3
59853,3
59854,3
59855,3
59856,3
59857,3
59858,3
59859,3
59860,3
59861,3
59862,3
59863,3
59864,3
59865,3
59866,3
59867,3
59868,3
59869,3
59870,3
59871,3
59872,3
59873,3
59874,3
59875,3
59876,3
59877,3
59878,3
59879,3
59880,3
59881,3
59882,3
59883,3
59884,3
59885,3
59886,3
59887,3
59888,3
59889,3
59890,3
59891,3
59892,3
59893,3
59894,3
59895,3
59896,3
59897,3
59898,3
59899,3
59900,3
59901,3
59902,3
59903,3
59904,3
59905,3
59906,3
59907,3
59908,3
59909,3
59910,3
59911,3
59912,3
59913,3
59914,3
59915,3
59916,3
59917,3
59918,3
59919,3
59920,3
59921,3
59922,3
59923,3
59924,3
59925,3
59926,3
59927,3
59928,3
59929,3
59930,3
59931,3
59932,3
59933,3
59934,3
59935,3
59936,3
59937,3
59938,3
59939,3
59940,3
59941,3
59942,3
59943,3
59944,3
59945,3
59946,3
59947,3
59948,3
59949,3
59950,3
59951,3
59952,3
59953,3
59954,3
59955,3
59956,3
59957,3
59958,3
59959,3
59960,3
59961,3
59962,3
59963,3
59964,3
59965,3
59966,3
59967,3
59968,3
59969,3
59970,3
59971,3
59972,3
59973,3
59974,3
59975,3
59976,3
59977,3
59978,3
59979,3
59980,3
59981,3
59982,3
59983,3
59984,3
59985,3
59986,3
59987,3
59988,3
59989,3
59990,3
59991,3
59992,3
59993,3
59994,3
59995,3
59996,3
59997,3
59998,3
59999,3
60000,3
60001,3
60002,3
60003,3
60004,3
60005,3
60006,3
60007,3
60008,3
60009,3
60010,3
60011,3
60012,3
60013,3
60014,3
60015,3
60016,3
60017,3
60018,3
60019,3
60020,3
60021,3
60022,3
60023,3
60024,3
60025,3
60026,3
60027,3
60028,3
60029,3
60030,3
60031,3
60032,3
60033,3
60034,3
60035,3
60036,3
60037,3
60038,3
60039,2
60040,3
60041,2
60042,3
60043,3
60044,3
60045,3
60046,3
60047,3
60048,3
60049,3
60050,3
60051,3
60052,3
60053,3
60054,3
60055,3
60056,3
60057,3
60058,3
60059,3
60060,3
60061,3
60062,3
60063,3
60064,2
60065,2
60066,2
60067,2
60068,2
60069,2
60070,2
60071,2
60072,2
60073,3
60074,2
60075,2
60076,2
60077,2
60078,2
60079,2
60080,2
60081,2
60082,2
60083,2
60084,2
60085,2
60086,3
60087,3
60088,3
60089,3
60090,3
60091,3
60092,2
60093,3
60094,3
60095,3
60096,3
60097,3
60098,3
60099,2
60100,2
60101,3
60102,3
60103,2
60104,3
60105,3
60106,3
60107,3
60108,3
60109,3
60110,3
60111,3
60112,2
60113,2
60114,3
60115,2
60116,3
60117,2
60118,3
60119,3
60120,3
60121,3
60122,3
60123,3
60124,3
60125,3
60126,3
60127,3
60128,3
60129,3
60130,3
60131,3
60132,3
60133,3
60134,3
60135,3
60136,3
60137,3
60138,3
60139,3
60140,3
60141,3
60142,3
60143,3
60144,3
60145,3
60146,3
60147,2
60148,3
60149,3
60150,3
60151,3
60152,3
60153,3
60154,3
60155,3
60156,3
60157,3
60158,3
60159,3
60160,3
60161,3
60162,3
60163,3
60164,3
60165,3
60166,3
60167,3
60168,3
60169,3
60170,3
60171,3
60172,3
60173,3
60174,3
60175,3
60176,3
60177,3
60178,3
60179,3
60180,3
60181,3
60182,3
60183,3
60184,3
60185,3
60186,3
60187,3
60188,3
60189,3
60190,3
60191,3
60192,3
60193,3
60194,3
60195,3
60196,3
60197,3
60198,3
60199,3
60200,3
60201,3
60202,3
60203,3
60204,3
60205,3
60206,3
60207,3
60208,3
60209,3
60210,3
60211,3
60212,3
60213,3
60214,3
60215,3
60216,3
60217,3
60218,3
60219,3
60220,3
60221,3
60222,3
60223,3
60224,3
60225,3
60226,3
60227,3
60228,3
60229,3
60230,3
60231,3
60232,3
60233,3
60234,2
60235,3
60236,3
60237,3
60238,3
60239,3
60240,3
60241,3
60242,3
60243,3
60244,3
60245,3
60246,3
60247,3
60248,3
60249,3
60250,3
60251,3
60252,3
60253,3
60254,3
60255,3
60256,3
60257,3
60258,3
60259,3
60260,3
60261,3
60262,3
60263,3
60264,3
60265,3
60266,3
60267,3
60268,3
60269,3
60270,3
60271,3
60272,3
60273,3
60274,3
60275,3
60276,3
60277,3
60278,3
60279,3
60280,3
60281,3
60282,3
60283,3
60284,3
60285,3
60286,3
60287,3
60288,3
60289,3
60290,3
60291,3
60292,3
60293,3
60294,3
60295,3
60296,3
60297,3
60298,3
60299,3
60300,3
60301,2
60302,3
60303,3
60304,3
60305,3
60306,3
60307,3
60308,3
60309,3
60310,2
60311,2
60312,2
60313,3
60314,3
60315,3
60316,2
60317,3
60318,3
60319,3
60320,3
60321,3
60322,3
60323,3
60324,3
60325,3
60326,2
60327,3
60328,3
60329,3
60330,3
60331,3
60332,3
60333,3
60334,2
60335,2
60336,3
60337,3
60338,3
60339,3
60340,3
60341,3
60342,3
60343,3
60344,3
60345,3
60346,2
60347,3
60348,3
60349,3
60350,3
60351,3
60352,3
60353,3
60354,3
60355,2
60356,3
60357,3
60358,2
60359,3
60360,3
60361,3
60362,3
60363,3
60364,3
60365,3
60366,2
60367,3
60368,2
60369,3
60370,2
60371,2
60372,2
60373,3
60374,2
60375,2
60376,2
60377,2
60378,3
60379,3
60380,3
60381,2
60382,2
60383,3
60384,3
60385,3
60386,3
60387,3
60388,3
60389,3
60390,3
60391,3
60392,3
60393,3
60394,2
60395,3
60396,3
60397,3
60398,2
60399,2
60400,2
60401,3
60402,2
60403,3
60404,2
60405,2
60406,3
60407,2
60408,3
60409,3
60410,2
60411,2
60412,2
60413,3
60414,3
60415,2
60416,3
60417,2
60418,2
60419,3
60420,2
60421,2
60422,2
60423,2
60424,3
60425,3
60426,3
60427,3
60428,3
60429,2
60430,3
60431,3
60432,2
60433,2
60434,2
60435,3
60436,2
60437,2
60438,2
60439,2
60440,3
60441,3
60442,2
60443,2
60444,2
60445,3
60446,2
60447,2
60448,2
60449,3
60450,3
60451,3
60452,3
60453,2
60454,2
60455,2
60456,2
60457,3
60458,3
60459,2
60460,3
60461,3
60462,3
60463,2
60464,2
60465,2
60466,2
60467,2
60468,2
60469,3
60470,2
60471,3
60472,3
60473,2
60474,2
60475,2
60476,2
60477,3
60478,2
60479,2
60480,2
60481,2
60482,2
60483,3
60484,3
60485,3
60486,3
60487,2
60488,2
60489,2
60490,3
60491,3
60492,2
60493,2
60494,2
60495,2
60496,2
60497,2
60498,2
60499,2
60500,3
60501,3
60502,3
60503,2
60504,2
60505,2
60506,2
60507,2
60508,2
60509,2
60510,2
60511,2
60512,2
60513,2
60514,2
60515,2
60516,2
60517,2
60518,2
60519,2
60520,2
60521,2
60522,3
60523,2
60524,2
60525,2
60526,2
60527,2
60528,3
60529,2
60530,2
60531,2
60532,0
60533,2
60534,2
60535,3
60536,2
60537,2
60538,2
60539,2
60540,2
60541,2
60542,2
60543,2
60544,2
60545,2
60546,2
60547,2
60548,3
60549,2
60550,2
60551,2
60552,3
60553,3
60554,2
60555,2
60556,2
60557,2
60558,3
60559,2
60560,2
60561,2
60562,2
60563,2
60564,2
60565,2
60566,2
60567,2
60568,2
60569,3
60570,2
60571,2
60572,2
60573,2
60574,2
60575,2
60576,2
60577,3
60578,2
60579,3
60580,2
60581,2
60582,2
60583,2
60584,2
60585,2
60586,2
60587,2
60588,2
60589,2
60590,2
60591,2
60592,2
60593,2
60594,2
60595,2
60596,2
60597,2
60598,2
60599,3
60600,2
60601,2
60602,2
60603,2
60604,2
60605,2
60606,2
60607,3
60608,2
60609,2
60610,2
60611,2
60612,2
60613,2
60614,2
60615,2
60616,3
60617,2
60618,2
60619,2
60620,2
60621,2
60622,3
60623,3
60624,2
60625,2
60626,2
60627,0
60628,2
60629,2
60630,3
60631,3
60632,2
60633,0
60634,0
60635,2
60636,2
60637,2
60638,2
60639,2
60640,2
60641,2
60642,2
60643,3
60644,2
60645,2
60646,2
60647,2
60648,3
60649,2
60650,2
60651,3
60652,2
60653,2
60654,2
60655,2
60656,2
60657,2
60658,0
60659,2
60660,2
60661,2
60662,2
60663,2
60664,2
60665,2
60666,2
60667,2
60668,3
60669,2
60670,2
60671,2
60672,2
60673,2
60674,2
60675,2
60676,2
60677,2
60678,2
60679,2
60680,2
60681,3
60682,2
60683,2
60684,2
60685,2
60686,2
60687,2
60688,2
60689,2
60690,2
60691,2
60692,2
60693,2
60694,2
60695,2
60696,2
60697,2
60698,2
60699,2
60700,2
60701,2
60702,2
60703,2
60704,2
60705,2
60706,2
60707,2
60708,2
60709,2
60710,2
60711,2
60712,2
60713,2
60714,2
60715,2
60716,2
60717,2
60718,2
60719,2
60720,2
60721,2
60722,2
60723,2
60724,2
60725,3
60726,3
60727,2
60728,2
60729,2
60730,2
60731,2
60732,2
60733,2
60734,2
60735,2
60736,2
60737,2
60738,2
60739,2
60740,2
60741,2
60742,3
60743,3
60744,3
60745,3
60746,3
60747,3
60748,3
60749,3
60750,3
60751,3
60752,3
60753,3
60754,3
60755,3
60756,3
60757,3
60758,3
60759,3
60760,3
60761,3
60762,3
60763,3
60764,3
60765,3
60766,3
60767,3
60768,3
60769,3
60770,3
60771,3
60772,3
60773,3
60774,3
60775,3
60776,3
60777,3
60778,3
60779,3
60780,3
60781,3
60782,3
60783,3
60784,3
60785,3
60786,3
60787,3
60788,3
60789,3
60790,3
60791,3
60792,3
60793,3
60794,3
60795,3
60796,3
60797,3
60798,3
60799,3
60800,3
60801,3
60802,3
60803,3
60804,3
60805,3
60806,3
60807,3
60808,3
60809,3
60810,3
60811,3
60812,3
60813,3
60814,3
60815,3
60816,3
60817,3
60818,3
60819,3
60820,3
60821,3
60822,3
60823,3
60824,3
60825,3
60826,3
60827,3
60828,3
60829,3
60830,3
60831,3
60832,3
60833,3
60834,3
60835,3
60836,3
60837,3
60838,3
60839,3
60840,3
60841,3
60842,3
60843,3
60844,3
60845,3
60846,3
60847,3
60848,3
60849,3
60850,3
60851,3
60852,3
60853,3
60854,3
60855,3
60856,3
60857,3
60858,3
60859,3
60860,3
60861,3
60862,3
60863,3
60864,3
60865,3
60866,3
60867,3
60868,3
60869,3
60870,3
60871,3
60872,3
60873,3
60874,3
60875,3
60876,3
60877,3
60878,3
60879,3
60880,3
60881,3
60882,3
60883,3
60884,3
60885,3
60886,3
60887,3
60888,3
60889,3
60890,3
60891,3
60892,3
60893,3
60894,3
60895,3
60896,3
60897,3
60898,3
60899,3
60900,3
60901,3
60902,3
60903,3
60904,3
60905,3
60906,3
60907,3
60908,3
60909,3
60910,3
60911,3
60912,3
60913,3
60914,3
60915,3
60916,3
60917,3
60918,3
60919,3
60920,3
60921,3
60922,3
60923,3
60924,3
60925,3
60926,3
60927,3
60928,3
60929,3
60930,3
60931,3
60932,3
60933,3
60934,3
60935,3
60936,3
60937,3
60938,3
60939,3
60940,3
60941,3
60942,3
60943,3
60944,3
60945,3
60946,3
60947,3
60948,3
60949,3
60950,3
60951,3
60952,3
60953,3
60954,3
60955,3
60956,3
60957,3
60958,3
60959,3
60960,3
60961,3
60962,3
60963,3
60964,3
60965,3
60966,3
60967,3
60968,3
60969,3
60970,3
60971,3
60972,3
60973,3
60974,3
60975,3
60976,3
60977,3
60978,3
60979,3
60980,3
60981,3
60982,3
60983,3
60984,3
60985,3
60986,3
60987,3
60988,3
60989,3
60990,3
60991,3
60992,3
60993,3
60994,3
60995,3
60996,3
60997,3
60998,3
60999,3
61000,3
61001,3
61002,3
61003,3
61004,3
61005,3
61006,3
61007,3
61008,3
61009,3
61010,3
61011,3
61012,3
61013,3
61014,3
61015,3
61016,3
61017,3
61018,3
61019,3
61020,3
61021,3
61022,3
61023,3
61024,3
61025,3
61026,3
61027,3
61028,3
61029,3
61030,3
61031,3
61032,3
61033,3
61034,3
61035,3
61036,3
61037,3
61038,3
61039,3
61040,3
61041,3
61042,3
61043,3
61044,3
61045,3
61046,3
61047,3
61048,3
61049,3
61050,3
61051,3
61052,3
61053,3
61054,3
61055,3
61056,3
61057,3
61058,3
61059,3
61060,3
61061,3
61062,3
61063,3
61064,3
61065,3
61066,3
61067,3
61068,3
61069,3
61070,3
61071,3
61072,3
61073,3
61074,3
61075,3
61076,3
61077,3
61078,3
61079,3
61080,3
61081,3
61082,3
61083,3
61084,3
61085,3
61086,3
61087,3
61088,3
61089,3
61090,3
61091,3
61092,3
61093,3
61094,3
61095,3
61096,3
61097,3
61098,3
61099,3
61100,3
61101,3
61102,3
61103,3
61104,3
61105,3
61106,3
61107,3
61108,3
61109,3
61110,3
61111,3
61112,3
61113,3
61114,3
61115,3
61116,3
61117,3
61118,3
61119,3
61120,3
61121,3
61122,3
61123,3
61124,3
61125,3
61126,3
61127,3
61128,3
61129,3
61130,3
61131,3
61132,3
61133,3
61134,3
61135,3
61136,3
61137,3
61138,3
61139,3
61140,3
61141,3
61142,3
61143,3
61144,3
61145,3
61146,3
61147,3
61148,3
61149,3
61150,3
61151,3
61152,3
61153,3
61154,3
61155,3
61156,3
61157,3
61158,3
61159,3
61160,3
61161,3
61162,3
61163,3
61164,3
61165,3
61166,3
61167,3
61168,3
61169,3
61170,3
61171,3
61172,3
61173,3
61174,3
61175,3
61176,3
61177,3
61178,3
61179,3
61180,3
61181,3
61182,3
61183,3
61184,3
61185,3
61186,3
61187,3
61188,3
61189,3
61190,3
61191,3
61192,3
61193,3
61194,3
61195,3
61196,3
61197,3
61198,3
61199,3
61200,3
61201,3
61202,3
61203,3
61204,3
61205,3
61206,3
61207,3
61208,3
61209,3
61210,3
61211,3
61212,3
61213,3
61214,3
61215,3
61216,3
61217,3
61218,3
61219,3
61220,3
61221,3
61222,3
61223,3
61224,3
61225,3
61226,3
61227,3
61228,3
61229,3
61230,3
61231,3
61232,3
61233,3
61234,3
61235,3
61236,3
61237,3
61238,3
61239,3
61240,3
61241,3
61242,3
61243,3
61244,3
61245,3
61246,3
61247,3
61248,3
61249,3
61250,3
61251,3
61252,3
61253,3
61254,3
61255,3
61256,3
61257,3
61258,3
61259,3
61260,3
61261,3
61262,3
61263,3
61264,3
61265,3
61266,3
61267,3
61268,3
61269,3
61270,3
61271,3
61272,3
61273,3
61274,3
61275,3
61276,3
61277,3
61278,3
61279,3
61280,3
61281,3
61282,3
61283,3
61284,3
61285,3
61286,3
61287,3
61288,3
61289,3
61290,3
61291,3
61292,3
61293,3
61294,3
61295,3
61296,3
61297,3
61298,3
61299,3
61300,3
61301,3
61302,3
61303,3
61304,3
61305,3
61306,3
61307,3
61308,3
61309,3
61310,3
61311,3
61312,3
61313,3
61314,3
61315,3
61316,3
61317,3
61318,3
61319,3
61320,3
61321,3
61322,3
61323,3
61324,3
61325,3
61326,3
61327,3
61328,3
61329,3
61330,3
61331,3
61332,3
61333,3
61334,3
61335,3
61336,3
61337,3
61338,3
61339,3
61340,3
61341,3
61342,3
61343,3
61344,3
61345,3
61346,3
61347,3
61348,3
61349,3
61350,3
61351,3
61352,3
61353,3
61354,3
61355,3
61356,3
61357,3
61358,3
61359,3
61360,3
61361,3
61362,3
61363,3
61364,3
61365,3
61366,3
61367,3
61368,3
61369,3
61370,3
61371,3
61372,3
61373,3
61374,3
61375,3
61376,3
61377,3
61378,3
61379,3
61380,3
61381,3
61382,3
61383,3
61384,3
61385,3
61386,3
61387,3
61388,3
61389,3
61390,3
61391,3
61392,3
61393,3
61394,3
61395,3
61396,3
61397,3
61398,3
61399,3
61400,3
61401,3
61402,3
61403,3
61404,3
61405,3
61406,3
61407,3
61408,3
61409,3
61410,3
61411,3
61412,3
61413,3
61414,3
61415,3
61416,3
61417,3
61418,3
61419,3
61420,3
61421,3
61422,3
61423,3
61424,3
61425,3
61426,3
61427,3
61428,3
61429,3
61430,3
61431,3
61432,3
61433,3
61434,3
61435,3
61436,3
61437,3
61438,3
61439,3
61440,3
61441,3
61442,3
61443,3
61444,3
61445,3
61446,3
61447,3
61448,3
61449,3
61450,3
61451,3
61452,3
61453,3
61454,3
61455,3
61456,3
61457,3
61458,3
61459,3
61460,3
61461,3
61462,3
61463,3
61464,3
61465,3
61466,3
61467,3
61468,3
61469,3
61470,3
61471,3
61472,3
61473,3
61474,3
61475,3
61476,3
61477,3
61478,3
61479,3
61480,3
61481,3
61482,3
61483,3
61484,3
61485,3
61486,3
61487,3
61488,3
61489,3
61490,3
61491,3
61492,3
61493,3
61494,3
61495,3
61496,3
61497,3
61498,3
61499,3
61500,3
61501,3
61502,3
61503,3
61504,3
61505,3
61506,3
61507,3
61508,3
61509,3
61510,3
61511,3
61512,3
61513,3
61514,3
61515,3
61516,3
61517,3
61518,3
61519,3
61520,3
61521,3
61522,3
61523,3
61524,3
61525,3
61526,3
61527,3
61528,3
61529,3
61530,3
61531,3
61532,3
61533,3
61534,3
61535,3
61536,3
61537,3
61538,3
61539,3
61540,3
61541,3
61542,3
61543,3
61544,3
61545,3
61546,3
61547,3
61548,3
61549,3
61550,3
61551,3
61552,3
61553,3
61554,3
61555,3
61556,3
61557,3
61558,3
61559,3
61560,3
61561,3
61562,3
61563,3
61564,3
61565,3
61566,3
61567,3
61568,3
61569,3
61570,3
61571,3
61572,3
61573,3
61574,3
61575,3
61576,3
61577,3
61578,3
61579,3
61580,3
61581,3
61582,3
61583,3
61584,3
61585,3
61586,3
61587,3
61588,3
61589,3
61590,3
61591,3
61592,3
61593,3
61594,3
61595,3
61596,3
61597,3
61598,3
61599,3
61600,3
61601,3
61602,3
61603,3
61604,3
61605,3
61606,3
61607,3
61608,3
61609,3
61610,3
61611,3
61612,3
61613,3
61614,3
61615,3
61616,3
61617,3
61618,3
61619,3
61620,3
61621,3
61622,3
61623,2
61624,3
61625,3
61626,3
61627,3
61628,3
61629,3
61630,3
61631,3
61632,3
61633,3
61634,3
61635,3
61636,3
61637,3
61638,3
61639,3
61640,3
61641,3
61642,3
61643,2
61644,3
61645,3
61646,3
61647,3
61648,3
61649,3
61650,3
61651,3
61652,3
61653,3
61654,3
61655,3
61656,3
61657,3
61658,3
61659,3
61660,3
61661,3
61662,3
61663,3
61664,3
61665,2
61666,3
61667,2
61668,3
61669,3
61670,3
61671,2
61672,3
61673,3
61674,2
61675,2
61676,2
61677,3
61678,3
61679,2
61680,3
61681,2
61682,2
61683,3
61684,3
61685,3
61686,3
61687,3
61688,3
61689,3
61690,3
61691,3
61692,2
61693,3
61694,3
61695,3
61696,3
61697,3
61698,3
61699,3
61700,3
61701,3
61702,3
61703,3
61704,3
61705,3
61706,3
61707,3
61708,3
61709,3
61710,3
61711,2
61712,3
61713,3
61714,3
61715,3
61716,3
61717,3
61718,3
61719,3
61720,3
61721,3
61722,2
61723,2
61724,2
61725,3
61726,3
61727,3
61728,3
61729,3
61730,3
61731,3
61732,3
61733,3
61734,3
61735,3
61736,3
61737,3
61738,3
61739,3
61740,3
61741,3
61742,3
61743,3
61744,3
61745,3
61746,3
61747,3
61748,3
61749,3
61750,3
61751,3
61752,3
61753,3
61754,3
61755,3
61756,3
61757,3
61758,3
61759,3
61760,3
61761,3
61762,3
61763,3
61764,3
61765,3
61766,3
61767,3
61768,3
61769,3
61770,3
61771,3
61772,3
61773,3
61774,3
61775,3
61776,3
61777,3
61778,3
61779,3
61780,3
61781,3
61782,3
61783,3
61784,3
61785,2
61786,3
61787,2
61788,3
61789,2
61790,3
61791,3
61792,3
61793,2
61794,2
61795,2
61796,3
61797,2
61798,2
61799,2
61800,2
61801,3
61802,3
61803,3
61804,3
61805,3
61806,3
61807,3
61808,3
61809,3
61810,3
61811,3
61812,3
61813,3
61814,3
61815,3
61816,3
61817,3
61818,3
61819,3
61820,3
61821,3
61822,3
61823,3
61824,3
61825,3
61826,3
61827,3
61828,3
61829,3
61830,3
61831,3
61832,3
61833,3
61834,3
61835,3
61836,3
61837,3
61838,3
61839,3
61840,3
61841,3
61842,3
61843,3
61844,3
61845,3
61846,3
61847,3
61848,3
61849,3
61850,3
61851,3
61852,3
61853,3
61854,3
61855,3
61856,3
61857,3
61858,3
61859,3
61860,3
61861,3
61862,3
61863,3
61864,3
61865,3
61866,3
61867,3
61868,3
61869,3
61870,3
61871,2
61872,2
61873,2
61874,2
61875,3
61876,2
61877,2
61878,3
61879,3
61880,3
61881,3
61882,3
61883,3
61884,3
61885,3
61886,3
61887,3
61888,3
61889,2
61890,3
61891,2
61892,3
61893,3
61894,3
61895,3
61896,3
61897,3
61898,3
61899,3
61900,3
61901,3
61902,3
61903,3
61904,3
61905,3
61906,3
61907,3
61908,3
61909,3
61910,3
61911,3
61912,3
61913,3
61914,3
61915,3
61916,3
61917,3
61918,3
61919,2
61920,2
61921,3
61922,2
61923,3
61924,3
61925,2
61926,3
61927,2
61928,2
61929,3
61930,3
61931,3
61932,2
61933,3
61934,3
61935,2
61936,3
61937,3
61938,3
61939,3
61940,3
61941,3
61942,3
61943,3
61944,2
61945,3
61946,3
61947,3
61948,2
61949,3
61950,3
61951,2
61952,3
61953,2
61954,2
61955,3
61956,3
61957,2
61958,3
61959,3
61960,3
61961,3
61962,3
61963,3
61964,3
61965,3
61966,3
61967,3
61968,3
61969,3
61970,3
61971,3
61972,3
61973,3
61974,3
61975,3
61976,3
61977,3
61978,3
61979,3
61980,3
61981,3
61982,3
61983,3
61984,3
61985,3
61986,3
61987,3
61988,3
61989,3
61990,3
61991,3
61992,3
61993,2
61994,3
61995,3
61996,3
61997,3
61998,3
61999,3
62000,2
62001,3
62002,2
62003,3
62004,3
62005,3
62006,3
62007,3
62008,3
62009,3
62010,3
62011,3
62012,3
62013,3
62014,3
62015,3
62016,3
62017,3
62018,3
62019,3
62020,2
62021,3
62022,3
62023,3
62024,2
62025,3
62026,2
62027,2
62028,3
62029,2
62030,2
62031,2
62032,3
62033,2
62034,2
62035,2
62036,2
62037,3
62038,2
62039,3
62040,3
62041,2
62042,3
62043,2
62044,3
62045,3
62046,3
62047,3
62048,3
62049,3
62050,3
62051,3
62052,2
62053,3
62054,2
62055,2
62056,2
62057,2
62058,2
62059,2
62060,3
62061,3
62062,3
62063,2
62064,2
62065,3
62066,3
62067,2
62068,3
62069,2
62070,3
62071,3
62072,3
62073,3
62074,3
62075,3
62076,3
62077,3
62078,3
62079,3
62080,3
62081,3
62082,2
62083,2
62084,2
62085,3
62086,3
62087,3
62088,3
62089,3
62090,3
62091,3
62092,3
62093,3
62094,3
62095,3
62096,3
62097,3
62098,3
62099,3
62100,3
62101,3
62102,2
62103,2
62104,3
62105,3
62106,3
62107,3
62108,3
62109,3
62110,3
62111,3
62112,3
62113,3
62114,3
62115,2
62116,2
62117,3
62118,3
62119,3
62120,2
62121,2
62122,3
62123,2
62124,2
62125,2
62126,3
62127,3
62128,3
62129,2
62130,2
62131,3
62132,3
62133,2
62134,3
62135,2
62136,2
62137,2
62138,3
62139,2
62140,2
62141,2
62142,3
62143,3
62144,3
62145,2
62146,2
62147,2
62148,3
62149,3
62150,2
62151,3
62152,3
62153,3
62154,2
62155,2
62156,2
62157,3
62158,2
62159,2
62160,2
62161,3
62162,2
62163,2
62164,2
62165,2
62166,2
62167,2
62168,2
62169,2
62170,2
62171,2
62172,3
62173,2
62174,2
62175,3
62176,3
62177,3
62178,3
62179,3
62180,2
62181,3
62182,3
62183,3
62184,2
62185,2
62186,2
62187,2
62188,2
62189,3
62190,2
62191,2
62192,2
62193,2
62194,3
62195,2
62196,3
62197,3
62198,3
62199,3
62200,2
62201,3
62202,3
62203,3
62204,3
62205,3
62206,3
62207,3
62208,3
62209,3
62210,3
62211,3
62212,3
62213,3
62214,3
62215,3
62216,2
62217,3
62218,3
62219,2
62220,2
62221,2
62222,2
62223,2
62224,3
62225,2
62226,2
62227,2
62228,3
62229,2
62230,2
62231,2
62232,2
62233,2
62234,3
62235,2
62236,3
62237,3
62238,2
62239,2
62240,2
62241,2
62242,3
62243,3
62244,2
62245,2
62246,2
62247,2
62248,2
62249,3
62250,2
62251,2
62252,2
62253,2
62254,2
62255,2
62256,3
62257,3
62258,2
62259,3
62260,3
62261,2
62262,3
62263,3
62264,2
62265,2
62266,3
62267,2
62268,3
62269,2
62270,2
62271,3
62272,3
62273,2
62274,3
62275,3
62276,2
62277,2
62278,2
62279,2
62280,2
62281,3
62282,2
62283,2
62284,2
62285,2
62286,2
62287,2
62288,2
62289,2
62290,2
62291,2
62292,2
62293,2
62294,2
62295,2
62296,2
62297,2
62298,2
62299,2
62300,2
62301,2
62302,2
62303,2
62304,2
62305,2
62306,2
62307,2
62308,2
62309,2
62310,2
62311,2
62312,2
62313,2
62314,2
62315,2
62316,2
62317,2
62318,2
62319,2
62320,2
62321,2
62322,2
62323,2
62324,2
62325,2
62326,2
62327,2
62328,2
62329,2
62330,2
62331,2
62332,2
62333,2
62334,2
62335,2
62336,2
62337,2
62338,2
62339,2
62340,2
62341,2
62342,2
62343,2
62344,2
62345,2
62346,2
62347,2
62348,2
62349,2
62350,2
62351,2
62352,2
62353,2
62354,2
62355,2
62356,2
62357,2
62358,2
62359,2
62360,2
62361,2
62362,2
62363,2
62364,2
62365,2
62366,2
62367,2
62368,2
62369,2
62370,2
62371,2
62372,2
62373,2
62374,2
62375,2
62376,2
62377,2
62378,2
62379,2
62380,2
62381,2
62382,2
62383,2
62384,2
62385,2
62386,2
62387,2
62388,2
62389,2
62390,2
62391,2
62392,2
62393,2
62394,2
62395,2
62396,2
62397,2
62398,2
62399,2
62400,2
62401,2
62402,2
62403,2
62404,2
62405,2
62406,2
62407,2
62408,2
62409,2
62410,2
62411,2
62412,2
62413,2
62414,2
62415,2
62416,2
62417,2
62418,2
62419,2
62420,2
62421,2
62422,2
62423,2
62424,2
62425,2
62426,2
62427,2
62428,2
62429,2
62430,2
62431,2
62432,2
62433,2
62434,2
62435,2
62436,2
62437,2
62438,2
62439,2
62440,2
62441,2
62442,2
62443,2
62444,2
62445,2
62446,2
62447,2
62448,2
62449,2
62450,2
62451,2
62452,2
62453,2
62454,2
62455,2
62456,2
62457,2
62458,2
62459,2
62460,2
62461,2
62462,2
62463,2
62464,2
62465,2
62466,2
62467,2
62468,2
62469,2
62470,2
62471,2
62472,2
62473,2
62474,2
62475,2
62476,2
62477,2
62478,2
62479,2
62480,2
62481,2
62482,2
62483,2
62484,2
62485,2
62486,2
62487,2
62488,2
62489,2
62490,2
62491,2
62492,2
62493,2
62494,2
62495,2
62496,2
62497,2
62498,2
62499,2
62500,2
62501,2
62502,2
62503,2
62504,2
62505,2
62506,2
62507,2
62508,2
62509,2
62510,2
62511,2
62512,2
62513,2
62514,2
62515,2
62516,2
62517,2
62518,2
62519,2
62520,2
62521,2
62522,2
62523,2
62524,2
62525,2
62526,2
62527,2
62528,2
62529,2
62530,2
62531,2
62532,2
62533,2
62534,2
62535,2
62536,2
62537,2
62538,2
62539,2
62540,2
62541,2
62542,2
62543,2
62544,2
62545,2
62546,2
62547,2
62548,2
62549,2
62550,2
62551,2
62552,2
62553,2
62554,2
62555,2
62556,2
62557,2
62558,2
62559,2
62560,2
62561,2
62562,2
62563,2
62564,2
62565,2
62566,2
62567,2
62568,2
62569,2
62570,2
62571,2
62572,2
62573,2
62574,2
62575,2
62576,2
62577,2
62578,2
62579,2
62580,2
62581,2
62582,2
62583,2
62584,2
62585,2
62586,2
62587,2
62588,2
62589,2
62590,2
62591,2
62592,2
62593,2
62594,2
62595,2
62596,2
62597,2
62598,2
62599,2
62600,2
62601,2
62602,2
62603,2
62604,2
62605,2
62606,2
62607,2
62608,2
62609,2
62610,2
62611,2
62612,2
62613,2
62614,2
62615,2
62616,2
62617,2
62618,2
62619,2
62620,2
62621,2
62622,2
62623,2
62624,2
62625,2
62626,2
62627,2
62628,2
62629,2
62630,2
62631,2
62632,2
62633,3
62634,3
62635,3
62636,3
62637,3
62638,2
62639,3
62640,3
62641,2
62642,2
62643,2
62644,2
62645,2
62646,2
62647,2
62648,2
62649,2
62650,2
62651,3
62652,3
62653,2
62654,2
62655,3
62656,2
62657,2
62658,2
62659,2
62660,2
62661,2
62662,3
62663,2
62664,3
62665,2
62666,3
62667,3
62668,3
62669,2
62670,2
62671,2
62672,0
62673,2
62674,0
62675,3
62676,2
62677,3
62678,3
62679,2
62680,2
62681,2
62682,2
62683,2
62684,3
62685,2
62686,3
62687,2
62688,2
62689,2
62690,3
62691,2
62692,2
62693,3
62694,3
62695,3
62696,3
62697,3
62698,3
62699,3
62700,3
62701,3
62702,3
62703,3
62704,2
62705,3
62706,3
62707,3
62708,2
62709,3
62710,2
62711,3
62712,3
62713,3
62714,2
62715,3
62716,3
62717,3
62718,3
62719,3
62720,2
62721,2
62722,3
62723,2
62724,2
62725,2
62726,2
62727,2
62728,2
62729,3
62730,3
62731,2
62732,2
62733,2
62734,2
62735,2
62736,3
62737,2
62738,2
62739,3
62740,2
62741,2
62742,2
62743,2
62744,2
62745,3
62746,3
62747,3
62748,2
62749,2
62750,2
62751,2
62752,2
62753,3
62754,2
62755,3
62756,2
62757,3
62758,2
62759,3
62760,3
62761,3
62762,3
62763,3
62764,3
62765,3
62766,3
62767,3
62768,3
62769,3
62770,3
62771,3
62772,3
62773,3
62774,3
62775,3
62776,3
62777,3
62778,3
62779,2
62780,3
62781,3
62782,3
62783,3
62784,3
62785,2
62786,2
62787,2
62788,2
62789,2
62790,3
62791,2
62792,2
62793,3
62794,2
62795,2
62796,2
62797,3
62798,2
62799,3
62800,3
62801,3
62802,3
62803,3
62804,3
62805,2
62806,2
62807,2
62808,2
62809,3
62810,2
62811,2
62812,3
62813,3
62814,2
62815,2
62816,2
62817,2
62818,2
62819,2
62820,2
62821,2
62822,2
62823,2
62824,3
62825,3
62826,2
62827,3
62828,3
62829,2
62830,3
62831,3
62832,3
62833,3
62834,2
62835,2
62836,2
62837,2
62838,2
62839,2
62840,2
62841,2
62842,2
62843,2
62844,2
62845,2
62846,3
62847,2
62848,2
62849,3
62850,2
62851,3
62852,3
62853,3
62854,3
62855,3
62856,3
62857,3
62858,2
62859,2
62860,2
62861,2
62862,2
62863,3
62864,2
62865,2
62866,2
62867,3
62868,3
62869,2
62870,3
62871,3
62872,2
62873,3
62874,2
62875,3
62876,3
62877,3
62878,0
62879,2
62880,3
62881,2
62882,2
62883,2
62884,2
62885,2
62886,3
62887,2
62888,2
62889,2
62890,2
62891,2
62892,3
62893,3
62894,3
62895,2
62896,2
62897,2
62898,2
62899,3
62900,2
62901,3
62902,3
62903,2
62904,3
62905,2
62906,2
62907,2
62908,2
62909,2
62910,2
62911,2
62912,2
62913,2
62914,2
62915,2
62916,2
62917,2
62918,2
62919,2
62920,2
62921,3
62922,3
62923,3
62924,3
62925,3
62926,3
62927,3
62928,2
62929,2
62930,3
62931,3
62932,3
62933,3
62934,3
62935,3
62936,3
62937,3
62938,3
62939,3
62940,2
62941,3
62942,2
62943,2
62944,2
62945,2
62946,3
62947,3
62948,3
62949,2
62950,2
62951,3
62952,3
62953,2
62954,2
62955,2
62956,3
62957,2
62958,2
62959,2
62960,2
62961,2
62962,2
62963,2
62964,2
62965,2
62966,2
62967,2
62968,2
62969,3
62970,3
62971,2
62972,2
62973,2
62974,2
62975,2
62976,3
62977,2
62978,2
62979,2
62980,2
62981,2
62982,2
62983,2
62984,2
62985,2
62986,2
62987,2
62988,2
62989,2
62990,2
62991,2
62992,2
62993,2
62994,3
62995,3
62996,3
62997,3
62998,3
62999,3
63000,3
63001,3
63002,3
63003,3
63004,3
63005,3
63006,3
63007,3
63008,3
63009,3
63010,3
63011,3
63012,3
63013,3
63014,3
63015,3
63016,3
63017,3
63018,3
63019,3
63020,3
63021,3
63022,3
63023,3
63024,3
63025,3
63026,3
63027,3
63028,3
63029,3
63030,3
63031,3
63032,3
63033,3
63034,3
63035,3
63036,3
63037,3
63038,3
63039,3
63040,3
63041,3
63042,3
63043,3
63044,3
63045,3
63046,3
63047,3
63048,3
63049,3
63050,3
63051,3
63052,3
63053,3
63054,3
63055,3
63056,3
63057,3
63058,3
63059,3
63060,3
63061,3
63062,3
63063,3
63064,3
63065,3
63066,3
63067,3
63068,3
63069,3
63070,3
63071,3
63072,3
63073,3
63074,3
63075,3
63076,3
63077,3
63078,3
63079,3
63080,3
63081,3
63082,3
63083,3
63084,3
63085,3
63086,3
63087,3
63088,3
63089,3
63090,3
63091,3
63092,3
63093,3
63094,3
63095,3
63096,3
63097,3
63098,3
63099,3
63100,3
63101,3
63102,3
63103,3
63104,3
63105,3
63106,3
63107,3
63108,3
63109,3
63110,3
63111,3
63112,3
63113,3
63114,3
63115,3
63116,3
63117,3
63118,3
63119,3
63120,3
63121,3
63122,3
63123,3
63124,3
63125,3
63126,3
63127,3
63128,3
63129,3
63130,3
63131,3
63132,3
63133,3
63134,3
63135,3
63136,3
63137,3
63138,3
63139,3
63140,3
63141,3
63142,3
63143,3
63144,3
63145,3
63146,3
63147,3
63148,3
63149,3
63150,3
63151,3
63152,3
63153,3
63154,3
63155,3
63156,3
63157,3
63158,3
63159,3
63160,3
63161,3
63162,3
63163,3
63164,3
63165,3
63166,3
63167,3
63168,3
63169,3
63170,3
63171,3
63172,3
63173,3
63174,3
63175,3
63176,3
63177,3
63178,3
63179,3
63180,3
63181,3
63182,3
63183,3
63184,3
63185,3
63186,3
63187,3
63188,3
63189,3
63190,3
63191,3
63192,3
63193,3
63194,3
63195,3
63196,3
63197,3
63198,3
63199,3
63200,3
63201,3
63202,3
63203,3
63204,3
63205,3
63206,3
63207,3
63208,3
63209,3
63210,3
63211,3
63212,3
63213,3
63214,3
63215,3
63216,3
63217,3
63218,3
63219,3
63220,3
63221,3
63222,3
63223,3
63224,3
63225,3
63226,3
63227,3
63228,3
63229,3
63230,3
63231,3
63232,3
63233,3
63234,3
63235,3
63236,3
63237,3
63238,3
63239,3
63240,3
63241,3
63242,3
63243,3
63244,3
63245,3
63246,3
63247,3
63248,3
63249,3
63250,3
63251,3
63252,3
63253,3
63254,3
63255,3
63256,3
63257,3
63258,3
63259,3
63260,3
63261,3
63262,3
63263,3
63264,3
63265,3
63266,3
63267,3
63268,3
63269,3
63270,3
63271,3
63272,3
63273,3
63274,3
63275,3
63276,3
63277,3
63278,3
63279,3
63280,3
63281,3
63282,3
63283,3
63284,3
63285,3
63286,3
63287,3
63288,3
63289,3
63290,3
63291,3
63292,3
63293,3
63294,3
63295,3
63296,3
63297,3
63298,3
63299,3
63300,3
63301,3
63302,3
63303,3
63304,3
63305,3
63306,3
63307,3
63308,3
63309,3
63310,3
63311,3
63312,3
63313,3
63314,3
63315,3
63316,3
63317,3
63318,3
63319,3
63320,3
63321,3
63322,3
63323,3
63324,3
63325,3
63326,3
63327,3
63328,3
63329,3
63330,3
63331,3
63332,3
63333,3
63334,3
63335,3
63336,3
63337,3
63338,3
63339,3
63340,3
63341,3
63342,3
63343,3
63344,3
63345,3
63346,3
63347,3
63348,3
63349,3
63350,3
63351,3
63352,3
63353,3
63354,3
63355,3
63356,3
63357,3
63358,3
63359,3
63360,3
63361,3
63362,3
63363,3
63364,3
63365,3
63366,3
63367,3
63368,3
63369,3
63370,3
63371,3
63372,3
63373,3
63374,3
63375,3
63376,3
63377,3
63378,3
63379,3
63380,3
63381,3
63382,3
63383,3
63384,3
63385,3
63386,3
63387,3
63388,3
63389,3
63390,3
63391,3
63392,3
63393,3
63394,3
63395,3
63396,3
63397,3
63398,3
63399,3
63400,3
63401,3
63402,3
63403,3
63404,3
63405,3
63406,3
63407,3
63408,3
63409,3
63410,3
63411,3
63412,3
63413,3
63414,3
63415,3
63416,3
63417,3
63418,3
63419,3
63420,3
63421,3
63422,3
63423,3
63424,3
63425,3
63426,3
63427,3
63428,3
63429,3
63430,3
63431,3
63432,3
63433,3
63434,3
63435,3
63436,3
63437,3
63438,3
63439,3
63440,3
63441,3
63442,3
63443,3
63444,3
63445,3
63446,3
63447,3
63448,3
63449,3
63450,3
63451,3
63452,3
63453,3
63454,3
63455,3
63456,3
63457,3
63458,3
63459,3
63460,3
63461,3
63462,3
63463,3
63464,3
63465,3
63466,3
63467,3
63468,3
63469,3
63470,3
63471,3
63472,3
63473,3
63474,3
63475,3
63476,3
63477,3
63478,3
63479,3
63480,3
63481,3
63482,3
63483,3
63484,3
63485,3
63486,3
63487,3
63488,3
63489,3
63490,3
63491,3
63492,3
63493,3
63494,3
63495,3
63496,3
63497,3
63498,3
63499,3
63500,3
63501,3
63502,3
63503,3
63504,3
63505,3
63506,3
63507,3
63508,3
63509,3
63510,3
63511,3
63512,3
63513,3
63514,3
63515,3
63516,3
63517,3
63518,3
63519,3
63520,3
63521,3
63522,3
63523,3
63524,2
63525,3
63526,3
63527,3
63528,3
63529,3
63530,3
63531,3
63532,3
63533,3
63534,3
63535,3
63536,3
63537,3
63538,3
63539,3
63540,3
63541,3
63542,3
63543,3
63544,3
63545,3
63546,3
63547,3
63548,3
63549,3
63550,3
63551,3
63552,3
63553,3
63554,3
63555,3
63556,3
63557,3
63558,3
63559,3
63560,3
63561,3
63562,3
63563,3
63564,3
63565,3
63566,3
63567,3
63568,3
63569,3
63570,3
63571,3
63572,3
63573,3
63574,3
63575,3
63576,3
63577,3
63578,3
63579,3
63580,3
63581,3
63582,3
63583,3
63584,3
63585,3
63586,3
63587,3
63588,3
63589,3
63590,3
63591,3
63592,3
63593,3
63594,3
63595,3
63596,3
63597,3
63598,3
63599,3
63600,3
63601,3
63602,3
63603,3
63604,3
63605,3
63606,3
63607,3
63608,3
63609,3
63610,3
63611,3
63612,3
63613,3
63614,3
63615,3
63616,3
63617,3
63618,3
63619,3
63620,3
63621,3
63622,3
63623,3
63624,3
63625,3
63626,3
63627,3
63628,3
63629,3
63630,3
63631,3
63632,3
63633,3
63634,3
63635,3
63636,3
63637,3
63638,3
63639,3
63640,3
63641,3
63642,3
63643,3
63644,3
63645,3
63646,3
63647,3
63648,3
63649,3
63650,3
63651,3
63652,3
63653,3
63654,3
63655,3
63656,3
63657,3
63658,3
63659,3
63660,3
63661,3
63662,3
63663,3
63664,3
63665,3
63666,3
63667,3
63668,3
63669,3
63670,3
63671,3
63672,3
63673,3
63674,3
63675,3
63676,3
63677,3
63678,3
63679,3
63680,3
63681,3
63682,3
63683,3
63684,3
63685,3
63686,3
63687,3
63688,3
63689,3
63690,3
63691,3
63692,3
63693,3
63694,3
63695,3
63696,3
63697,3
63698,3
63699,3
63700,3
63701,3
63702,3
63703,3
63704,3
63705,3
63706,3
63707,3
63708,3
63709,3
63710,3
63711,3
63712,3
63713,3
63714,3
63715,3
63716,3
63717,3
63718,3
63719,3
63720,3
63721,3
63722,3
63723,3
63724,3
63725,3
63726,3
63727,3
63728,3
63729,3
63730,3
63731,3
63732,3
63733,3
63734,3
63735,3
63736,3
63737,3
63738,3
63739,3
63740,3
63741,3
63742,3
63743,3
63744,3
63745,3
63746,3
63747,3
63748,3
63749,3
63750,3
63751,3
63752,3
63753,3
63754,3
63755,3
63756,3
63757,3
63758,3
63759,3
63760,3
63761,3
63762,3
63763,3
63764,3
63765,3
63766,3
63767,3
63768,3
63769,3
63770,3
63771,3
63772,3
63773,3
63774,3
63775,3
63776,3
63777,3
63778,3
63779,3
63780,3
63781,3
63782,3
63783,3
63784,3
63785,3
63786,3
63787,3
63788,3
63789,3
63790,3
63791,3
63792,3
63793,3
63794,3
63795,3
63796,3
63797,3
63798,3
63799,3
63800,3
63801,3
63802,3
63803,3
63804,3
63805,3
63806,3
63807,3
63808,3
63809,3
63810,3
63811,3
63812,3
63813,3
63814,3
63815,3
63816,3
63817,3
63818,3
63819,3
63820,3
63821,3
63822,3
63823,3
63824,3
63825,3
63826,3
63827,3
63828,3
63829,3
63830,3
63831,3
63832,3
63833,3
63834,3
63835,3
63836,3
63837,3
63838,3
63839,3
63840,3
63841,3
63842,3
63843,3
63844,3
63845,3
63846,3
63847,3
63848,3
63849,3
63850,3
63851,3
63852,3
63853,3
63854,3
63855,3
63856,3
63857,3
63858,3
63859,3
63860,3
63861,3
63862,3
63863,3
63864,3
63865,3
63866,3
63867,3
63868,3
63869,3
63870,3
63871,3
63872,3
63873,3
63874,3
63875,3
63876,3
63877,3
63878,3
63879,3
63880,3
63881,3
63882,3
63883,3
63884,3
63885,3
63886,3
63887,3
63888,3
63889,3
63890,3
63891,3
63892,3
63893,3
63894,3
63895,3
63896,3
63897,3
63898,3
63899,3
63900,3
63901,3
63902,3
63903,3
63904,3
63905,3
63906,3
63907,3
63908,3
63909,3
63910,3
63911,3
63912,3
63913,3
63914,3
63915,3
63916,3
63917,3
63918,3
63919,3
63920,3
63921,3
63922,3
63923,3
63924,3
63925,3
63926,3
63927,3
63928,3
63929,3
63930,3
63931,3
63932,3
63933,3
63934,3
63935,3
63936,3
63937,3
63938,3
63939,3
63940,3
63941,3
63942,3
63943,3
63944,3
63945,3
63946,3
63947,3
63948,3
63949,3
63950,3
63951,3
63952,3
63953,3
63954,3
63955,3
63956,3
63957,3
63958,3
63959,3
63960,3
63961,3
63962,3
63963,3
63964,3
63965,3
63966,3
63967,3
63968,3
63969,3
63970,3
63971,3
63972,3
63973,3
63974,3
63975,3
63976,3
63977,3
63978,3
63979,3
63980,3
63981,3
63982,3
63983,3
63984,3
63985,3
63986,3
63987,3
63988,3
63989,3
63990,3
63991,3
63992,3
63993,3
63994,3
63995,3
63996,3
63997,3
63998,3
63999,3
64000,3
64001,3
64002,3
64003,3
64004,3
64005,3
64006,3
64007,3
64008,3
64009,3
64010,3
64011,3
64012,3
64013,3
64014,3
64015,3
64016,3
64017,3
64018,3
64019,3
64020,3
64021,3
64022,3
64023,3
64024,3
64025,3
64026,3
64027,3
64028,3
64029,3
64030,3
64031,3
64032,3
64033,3
64034,3
64035,3
64036,3
64037,3
64038,3
64039,3
64040,3
64041,3
64042,3
64043,3
64044,3
64045,3
64046,3
64047,3
64048,3
64049,3
64050,3
64051,3
64052,3
64053,3
64054,3
64055,3
64056,3
64057,3
64058,3
64059,3
64060,3
64061,3
64062,3
64063,3
64064,3
64065,3
64066,3
64067,3
64068,3
64069,3
64070,3
64071,3
64072,3
64073,3
64074,3
64075,3
64076,3
64077,3
64078,3
64079,3
64080,3
64081,3
64082,3
64083,3
64084,3
64085,3
64086,3
64087,3
64088,3
64089,3
64090,3
64091,3
64092,3
64093,3
64094,3
64095,3
64096,3
64097,3
64098,3
64099,3
64100,3
64101,3
64102,3
64103,3
64104,3
64105,3
64106,3
64107,3
64108,3
64109,3
64110,3
64111,3
64112,3
64113,3
64114,3
64115,3
64116,3
64117,3
64118,3
64119,3
64120,3
64121,3
64122,3
64123,3
64124,3
64125,3
64126,3
64127,3
64128,3
64129,3
64130,3
64131,3
64132,3
64133,3
64134,3
64135,3
64136,3
64137,3
64138,3
64139,3
64140,3
64141,3
64142,3
64143,3
64144,3
64145,3
64146,3
64147,3
64148,3
64149,3
64150,3
64151,3
64152,3
64153,3
64154,3
64155,3
64156,3
64157,3
64158,3
64159,3
64160,3
64161,3
64162,3
64163,3
64164,3
64165,3
64166,3
64167,3
64168,3
64169,3
64170,3
64171,3
64172,3
64173,3
64174,3
64175,3
64176,3
64177,3
64178,3
64179,3
64180,3
64181,3
64182,3
64183,3
64184,3
64185,3
64186,3
64187,3
64188,3
64189,3
64190,3
64191,3
64192,3
64193,3
64194,3
64195,3
64196,3
64197,3
64198,3
64199,3
64200,3
64201,3
64202,3
64203,3
64204,3
64205,3
64206,3
64207,3
64208,3
64209,3
64210,3
64211,3
64212,3
64213,3
64214,3
64215,3
64216,3
64217,3
64218,3
64219,3
64220,3
64221,3
64222,3
64223,3
64224,3
64225,3
64226,3
64227,3
64228,3
64229,3
64230,3
64231,3
64232,3
64233,3
64234,3
64235,3
64236,3
64237,3
64238,3
64239,3
64240,3
64241,3
64242,3
64243,3
64244,3
64245,3
64246,3
64247,3
64248,3
64249,3
64250,3
64251,3
64252,3
64253,3
64254,3
64255,3
64256,3
64257,3
64258,3
64259,3
64260,3
64261,3
64262,3
64263,3
64264,3
64265,3
64266,3
64267,3
64268,3
64269,3
64270,3
64271,3
64272,3
64273,3
64274,3
64275,3
64276,3
64277,3
64278,3
64279,3
64280,3
64281,3
64282,3
64283,3
64284,3
64285,3
64286,3
64287,3
64288,3
64289,3
64290,3
64291,3
64292,3
64293,3
64294,3
64295,3
64296,3
64297,3
64298,3
64299,3
64300,3
64301,3
64302,3
64303,3
64304,3
64305,3
64306,3
64307,3
64308,3
64309,3
64310,3
64311,3
64312,3
64313,3
64314,3
64315,3
64316,3
64317,3
64318,3
64319,3
64320,3
64321,3
64322,3
64323,3
64324,3
64325,3
64326,3
64327,3
64328,3
64329,3
64330,3
64331,3
64332,3
64333,3
64334,3
64335,3
64336,3
64337,3
64338,3
64339,3
64340,3
64341,3
64342,3
64343,3
64344,3
64345,3
64346,3
64347,3
64348,3
64349,3
64350,3
64351,3
64352,3
64353,3
64354,3
64355,3
64356,3
64357,3
64358,3
64359,3
64360,3
64361,3
64362,3
64363,3
64364,3
64365,3
64366,3
64367,3
64368,3
64369,3
64370,3
64371,3
64372,3
64373,3
64374,3
64375,3
64376,3
64377,3
64378,3
64379,3
64380,3
64381,3
64382,3
64383,3
64384,3
64385,3
64386,3
64387,3
64388,3
64389,3
64390,3
64391,3
64392,3
64393,3
64394,3
64395,3
64396,3
64397,3
64398,3
64399,3
64400,3
64401,3
64402,3
64403,3
64404,3
64405,3
64406,3
64407,3
64408,3
64409,3
64410,3
64411,3
64412,3
64413,3
64414,3
64415,3
64416,3
64417,3
64418,3
64419,3
64420,3
64421,3
64422,3
64423,3
64424,3
64425,3
64426,3
64427,3
64428,3
64429,3
64430,3
64431,3
64432,3
64433,3
64434,3
64435,3
64436,3
64437,3
64438,3
64439,3
64440,3
64441,3
64442,3
64443,3
64444,3
64445,3
64446,3
64447,3
64448,3
64449,3
64450,3
64451,3
64452,3
64453,3
64454,3
64455,3
64456,3
64457,3
64458,3
64459,3
64460,3
64461,3
64462,3
64463,3
64464,3
64465,3
64466,3
64467,3
64468,3
64469,3
64470,3
64471,3
64472,3
64473,3
64474,3
64475,3
64476,3
64477,3
64478,3
64479,3
64480,3
64481,3
64482,3
64483,3
64484,3
64485,3
64486,3
64487,3
64488,3
64489,3
64490,3
64491,3
64492,3
64493,3
64494,3
64495,3
64496,3
64497,3
64498,3
64499,3
64500,3
64501,3
64502,3
64503,3
64504,3
64505,3
64506,3
64507,3
64508,3
64509,3
64510,3
64511,3
64512,3
64513,3
64514,3
64515,3
64516,3
64517,3
64518,3
64519,3
64520,3
64521,3
64522,3
64523,3
64524,3
64525,3
64526,3
64527,3
64528,3
64529,3
64530,3
64531,3
64532,3
64533,3
64534,3
64535,3
64536,3
64537,3
64538,3
64539,3
64540,3
64541,3
64542,3
64543,3
64544,3
64545,3
64546,3
64547,3
64548,3
64549,3
64550,3
64551,3
64552,3
64553,3
64554,3
64555,3
64556,3
64557,3
64558,3
64559,3
64560,3
64561,3
64562,3
64563,3
64564,3
64565,3
64566,3
64567,3
64568,3
64569,3
64570,3
64571,3
64572,3
64573,3
64574,3
64575,3
64576,3
64577,3
64578,3
64579,3
64580,3
64581,3
64582,3
64583,3
64584,3
64585,3
64586,3
64587,3
64588,3
64589,3
64590,3
64591,3
64592,3
64593,3
64594,3
64595,3
64596,3
64597,3
64598,3
64599,3
64600,3
64601,3
64602,3
64603,3
64604,3
64605,3
64606,3
64607,3
64608,3
64609,3
64610,3
64611,3
64612,3
64613,3
64614,3
64615,3
64616,3
64617,3
64618,3
64619,3
64620,3
64621,3
64622,3
64623,3
64624,3
64625,3
64626,3
64627,3
64628,3
64629,3
64630,3
64631,3
64632,3
64633,3
64634,3
64635,3
64636,3
64637,3
64638,3
64639,3
64640,3
64641,3
64642,3
64643,3
64644,3
64645,3
64646,3
64647,3
64648,3
64649,3
64650,3
64651,3
64652,3
64653,3
64654,3
64655,3
64656,3
64657,3
64658,3
64659,3
64660,3
64661,3
64662,3
64663,3
64664,3
64665,3
64666,3
64667,3
64668,3
64669,3
64670,3
64671,3
64672,3
64673,3
64674,3
64675,3
64676,3
64677,3
64678,3
64679,3
64680,3
64681,3
64682,3
64683,3
64684,3
64685,3
64686,3
64687,3
64688,3
64689,3
64690,3
64691,3
64692,3
64693,3
64694,3
64695,3
64696,3
64697,3
64698,3
64699,3
64700,3
64701,3
64702,3
64703,3
64704,3
64705,3
64706,3
64707,3
64708,3
64709,3
64710,3
64711,3
64712,3
64713,3
64714,3
64715,3
64716,3
64717,3
64718,3
64719,3
64720,3
64721,3
64722,3
64723,3
64724,3
64725,3
64726,3
64727,3
64728,3
64729,3
64730,3
64731,3
64732,3
64733,3
64734,3
64735,3
64736,3
64737,3
64738,3
64739,3
64740,3
64741,3
64742,3
64743,3
64744,3
64745,3
64746,3
64747,3
64748,3
64749,3
64750,3
64751,3
64752,3
64753,3
64754,3
64755,3
64756,3
64757,3
64758,3
64759,3
64760,3
64761,3
64762,3
64763,3
64764,3
64765,3
64766,3
64767,3
64768,3
64769,3
64770,3
64771,3
64772,3
64773,3
64774,3
64775,3
64776,3
64777,3
64778,3
64779,3
64780,3
64781,3
64782,3
64783,3
64784,3
64785,3
64786,3
64787,3
64788,3
64789,3
64790,3
64791,3
64792,3
64793,3
64794,3
64795,3
64796,3
64797,3
64798,3
64799,3
64800,3
64801,3
64802,3
64803,3
64804,3
64805,3
64806,3
64807,3
64808,3
64809,3
64810,3
64811,3
64812,3
64813,3
64814,3
64815,3
64816,3
64817,3
64818,3
64819,3
64820,3
64821,3
64822,3
64823,3
64824,3
64825,3
64826,3
64827,3
64828,3
64829,3
64830,3
64831,3
64832,3
64833,3
64834,3
64835,3
64836,3
64837,3
64838,3
64839,3
64840,3
64841,3
64842,3
64843,3
64844,3
64845,3
64846,3
64847,3
64848,3
64849,3
64850,3
64851,3
64852,3
64853,3
64854,3
64855,3
64856,3
64857,3
64858,3
64859,3
64860,3
64861,3
64862,3
64863,3
64864,3
64865,3
64866,3
64867,3
64868,3
64869,3
64870,3
64871,3
64872,3
64873,3
64874,3
64875,3
64876,3
64877,3
64878,3
64879,3
64880,3
64881,3
64882,3
64883,3
64884,3
64885,3
64886,3
64887,3
64888,3
64889,3
64890,3
64891,3
64892,3
64893,3
64894,3
64895,3
64896,3
64897,3
64898,3
64899,3
64900,3
64901,3
64902,3
64903,3
64904,3
64905,3
64906,3
64907,3
64908,3
64909,3
64910,3
64911,3
64912,3
64913,3
64914,3
64915,3
64916,3
64917,3
64918,3
64919,3
64920,3
64921,3
64922,3
64923,3
64924,3
64925,3
64926,3
64927,3
64928,3
64929,3
64930,3
64931,3
64932,3
64933,3
64934,3
64935,3
64936,3
64937,3
64938,3
64939,3
64940,3
64941,3
64942,3
64943,3
64944,3
64945,3
64946,3
64947,3
64948,3
64949,3
64950,3
64951,3
64952,3
64953,3
64954,3
64955,3
64956,3
64957,3
64958,3
64959,3
64960,3
64961,3
64962,3
64963,3
64964,3
64965,3
64966,3
64967,3
64968,3
64969,3
64970,3
64971,3
64972,3
64973,3
64974,3
64975,3
64976,3
64977,3
64978,3
64979,3
64980,3
64981,3
64982,3
64983,3
64984,3
64985,3
64986,3
64987,3
64988,3
64989,3
64990,3
64991,3
64992,3
64993,3
64994,3
64995,3
64996,3
64997,3
64998,3
64999,3
65000,3
65001,3
65002,3
65003,3
65004,3
65005,3
65006,3
65007,3
65008,3
65009,3
65010,3
65011,3
65012,3
65013,3
65014,3
65015,3
65016,3
65017,3
65018,3
65019,3
65020,3
65021,3
65022,3
65023,3
65024,3
65025,3
65026,3
65027,3
65028,3
65029,3
65030,3
65031,3
65032,3
65033,3
65034,3
65035,3
65036,3
65037,3
65038,3
65039,3
65040,3
65041,3
65042,3
65043,3
65044,3
65045,3
65046,3
65047,3
65048,3
65049,3
65050,3
65051,3
65052,3
65053,3
65054,3
65055,3
65056,3
65057,3
65058,3
65059,3
65060,3
65061,3
65062,3
65063,3
65064,3
65065,3
65066,3
65067,3
65068,3
65069,3
65070,3
65071,3
65072,3
65073,3
65074,3
65075,3
65076,3
65077,3
65078,3
65079,3
65080,3
65081,3
65082,3
65083,3
65084,3
65085,3
65086,3
65087,3
65088,3
65089,3
65090,3
65091,3
65092,3
65093,3
65094,3
65095,3
65096,3
65097,3
65098,3
65099,3
65100,3
65101,3
65102,3
65103,3
65104,3
65105,3
65106,3
65107,3
65108,3
65109,3
65110,3
65111,3
65112,3
65113,3
65114,3
65115,3
65116,3
65117,3
65118,3
65119,3
65120,3
65121,3
65122,3
65123,3
65124,3
65125,3
65126,3
65127,3
65128,3
65129,3
65130,3
65131,3
65132,3
65133,3
65134,3
65135,3
65136,3
65137,3
65138,3
65139,3
65140,3
65141,2
65142,3
65143,3
65144,3
65145,3
65146,3
65147,3
65148,3
65149,3
65150,3
65151,3
65152,3
65153,3
65154,3
65155,3
65156,3
65157,3
65158,3
65159,3
65160,3
65161,3
65162,3
65163,3
65164,3
65165,3
65166,3
65167,3
65168,3
65169,3
65170,3
65171,3
65172,3
65173,3
65174,3
65175,3
65176,3
65177,3
65178,3
65179,3
65180,3
65181,2
65182,3
65183,3
65184,3
65185,3
65186,3
65187,3
65188,3
65189,3
65190,3
65191,3
65192,3
65193,3
65194,3
65195,3
65196,3
65197,3
65198,3
65199,3
65200,3
65201,3
65202,3
65203,3
65204,3
65205,3
65206,3
65207,3
65208,3
65209,3
65210,3
65211,3
65212,3
65213,3
65214,3
65215,3
65216,3
65217,3
65218,3
65219,3
65220,3
65221,3
65222,3
65223,3
65224,3
65225,3
65226,3
65227,3
65228,3
65229,3
65230,3
65231,3
65232,3
65233,3
65234,3
65235,3
65236,3
65237,3
65238,3
65239,3
65240,3
65241,3
65242,3
65243,3
65244,3
65245,3
65246,3
65247,3
65248,3
65249,3
65250,3
65251,3
65252,3
65253,3
65254,3
65255,3
65256,3
65257,3
65258,3
65259,3
65260,3
65261,3
65262,3
65263,3
65264,3
65265,3
65266,3
65267,3
65268,3
65269,3
65270,3
65271,3
65272,3
65273,3
65274,3
65275,3
65276,3
65277,3
65278,3
65279,3
65280,3
65281,3
65282,3
65283,3
65284,3
65285,3
65286,3
65287,3
65288,3
65289,3
65290,3
65291,3
65292,3
65293,3
65294,3
65295,3
65296,3
65297,3
65298,3
65299,3
65300,3
65301,3
65302,3
65303,3
65304,3
65305,3
65306,3
65307,3
65308,3
65309,3
65310,3
65311,3
65312,3
65313,3
65314,3
65315,3
65316,3
65317,3
65318,3
65319,3
65320,3
65321,3
65322,3
65323,3
65324,3
65325,3
65326,3
65327,3
65328,3
65329,3
65330,3
65331,3
65332,3
65333,3
65334,3
65335,3
65336,3
65337,3
65338,3
65339,3
65340,3
65341,3
65342,3
65343,3
65344,3
65345,3
65346,3
65347,3
65348,3
65349,3
65350,3
65351,3
65352,3
65353,3
65354,3
65355,3
65356,3
65357,3
65358,3
65359,3
65360,3
65361,3
65362,3
65363,3
65364,3
65365,3
65366,3
65367,3
65368,3
65369,3
65370,3
65371,3
65372,3
65373,3
65374,3
65375,3
65376,3
65377,3
65378,3
65379,3
65380,3
65381,3
65382,3
65383,3
65384,3
65385,3
65386,3
65387,3
65388,3
65389,3
65390,3
65391,3
65392,3
65393,3
65394,3
65395,3
65396,3
65397,3
65398,3
65399,3
65400,3
65401,3
65402,3
65403,3
65404,3
65405,3
65406,3
65407,3
65408,3
65409,3
65410,3
65411,3
65412,3
65413,3
65414,3
65415,3
65416,3
65417,3
65418,3
65419,3
65420,3
65421,3
65422,3
65423,3
65424,3
65425,3
65426,3
65427,3
65428,3
65429,3
65430,3
65431,3
65432,3
65433,3
65434,3
65435,3
65436,3
65437,3
65438,3
65439,3
65440,3
65441,3
65442,3
65443,3
65444,3
65445,3
65446,3
65447,3
65448,3
65449,3
65450,3
65451,3
65452,3
65453,3
65454,3
65455,3
65456,3
65457,3
65458,3
65459,3
65460,3
65461,3
65462,3
65463,3
65464,3
65465,3
65466,3
65467,3
65468,3
65469,3
65470,3
65471,3
65472,3
65473,3
65474,3
65475,3
65476,3
65477,3
65478,3
65479,3
65480,3
65481,3
65482,3
65483,3
65484,3
65485,3
65486,3
65487,3
65488,3
65489,3
65490,3
65491,3
65492,3
65493,3
65494,3
65495,3
65496,3
65497,3
65498,3
65499,3
65500,3
65501,3
65502,3
65503,3
65504,3
65505,3
65506,3
65507,3
65508,3
65509,3
65510,3
65511,3
65512,3
65513,3
65514,3
65515,3
65516,3
65517,3
65518,3
65519,3
65520,3
65521,3
65522,3
65523,3
65524,3
65525,3
65526,3
65527,3
65528,3
65529,3
65530,3
65531,3
65532,3
65533,3
65534,3
65535,3
65536,3
65537,3
65538,3
65539,3
65540,3
65541,3
65542,3
65543,3
65544,3
65545,3
65546,3
65547,3
65548,3
65549,3
65550,3
65551,3
65552,3
65553,3
65554,3
65555,3
65556,3
65557,3
65558,3
65559,3
65560,3
65561,3
65562,3
65563,3
65564,3
65565,3
65566,3
65567,3
65568,3
65569,3
65570,3
65571,3
65572,3
65573,3
65574,3
65575,3
65576,3
65577,3
65578,3
65579,3
65580,3
65581,3
65582,3
65583,3
65584,3
65585,3
65586,3
65587,3
65588,3
65589,3
65590,3
65591,3
65592,3
65593,3
65594,3
65595,3
65596,3
65597,3
65598,3
65599,3
65600,3
65601,3
65602,3
65603,3
65604,3
65605,3
65606,3
65607,3
65608,3
65609,3
65610,3
65611,3
65612,3
65613,3
65614,3
65615,3
65616,3
65617,3
65618,3
65619,3
65620,3
65621,3
65622,3
65623,3
65624,3
65625,3
65626,3
65627,3
65628,3
65629,3
65630,3
65631,3
65632,3
65633,3
65634,3
65635,3
65636,3
65637,3
65638,3
65639,3
65640,3
65641,3
65642,3
65643,3
65644,3
65645,3
65646,3
65647,3
65648,3
65649,3
65650,3
65651,3
65652,3
65653,3
65654,3
65655,3
65656,3
65657,3
65658,3
65659,3
65660,3
65661,3
65662,3
65663,3
65664,3
65665,3
65666,3
65667,3
65668,3
65669,3
65670,3
65671,3
65672,3
65673,3
65674,3
65675,3
65676,3
65677,3
65678,3
65679,3
65680,3
65681,3
65682,3
65683,3
65684,3
65685,3
65686,3
65687,3
65688,3
65689,3
65690,3
65691,3
65692,3
65693,3
65694,3
65695,3
65696,3
65697,3
65698,3
65699,3
65700,3
65701,3
65702,3
65703,3
65704,3
65705,3
65706,3
65707,3
65708,3
65709,3
65710,3
65711,3
65712,3
65713,3
65714,3
65715,3
65716,3
65717,3
65718,3
65719,3
65720,3
65721,3
65722,3
65723,3
65724,3
65725,3
65726,3
65727,3
65728,3
65729,3
65730,3
65731,3
65732,3
65733,3
65734,3
65735,3
65736,3
65737,3
65738,3
65739,3
65740,3
65741,3
65742,3
65743,3
65744,3
65745,3
65746,3
65747,3
65748,3
65749,3
65750,3
65751,3
65752,3
65753,3
65754,3
65755,3
65756,3
65757,3
65758,3
65759,3
65760,3
65761,3
65762,3
65763,3
65764,3
65765,3
65766,3
65767,3
65768,3
65769,3
65770,3
65771,3
65772,3
65773,3
65774,3
65775,3
65776,3
65777,3
65778,3
65779,3
65780,3
65781,3
65782,3
65783,3
65784,3
65785,3
65786,3
65787,3
65788,3
65789,3
65790,3
65791,3
65792,3
65793,3
65794,3
65795,3
65796,3
65797,3
65798,3
65799,3
65800,3
65801,3
65802,3
65803,3
65804,3
65805,3
65806,3
65807,3
65808,3
65809,3
65810,3
65811,3
65812,3
65813,3
65814,3
65815,3
65816,3
65817,3
65818,3
65819,3
65820,3
65821,3
65822,3
65823,3
65824,3
65825,3
65826,3
65827,3
65828,3
65829,3
65830,3
65831,3
65832,3
65833,3
65834,3
65835,3
65836,3
65837,3
65838,3
65839,3
65840,3
65841,3
65842,3
65843,3
65844,3
65845,3
65846,3
65847,3
65848,3
65849,3
65850,3
65851,3
65852,3
65853,3
65854,3
65855,3
65856,3
65857,3
65858,3
65859,3
65860,3
65861,3
65862,3
65863,3
65864,3
65865,3
65866,3
65867,3
65868,3
65869,3
65870,3
65871,3
65872,3
65873,3
65874,3
65875,3
65876,3
65877,3
65878,3
65879,3
65880,3
65881,3
65882,3
65883,3
65884,3
65885,3
65886,3
65887,3
65888,3
65889,3
65890,3
65891,3
65892,3
65893,3
65894,3
65895,3
65896,3
65897,3
65898,3
65899,3
65900,3
65901,3
65902,3
65903,3
65904,3
65905,3
65906,3
65907,3
65908,3
65909,3
65910,3
65911,3
65912,3
65913,3
65914,3
65915,3
65916,3
65917,3
65918,3
65919,3
65920,3
65921,3
65922,3
65923,3
65924,3
65925,3
65926,3
65927,3
65928,3
65929,3
65930,3
65931,3
65932,3
65933,3
65934,3
65935,3
65936,3
65937,3
65938,3
65939,3
65940,3
65941,3
65942,3
65943,3
65944,3
65945,3
65946,3
65947,3
65948,3
65949,3
65950,3
65951,3
65952,3
65953,3
65954,3
65955,3
65956,3
65957,3
65958,3
65959,3
65960,3
65961,3
65962,3
65963,3
65964,3
65965,3
65966,3
65967,3
65968,3
65969,3
65970,3
65971,3
65972,3
65973,3
65974,3
65975,3
65976,3
65977,3
65978,3
65979,3
65980,3
65981,3
65982,3
65983,3
65984,3
65985,3
65986,3
65987,3
65988,3
65989,3
65990,3
65991,3
65992,3
65993,3
65994,3
65995,3
65996,3
65997,3
65998,3
65999,3
66000,3
66001,3
66002,3
66003,3
66004,3
66005,3
66006,3
66007,3
66008,3
66009,3
66010,3
66011,3
66012,3
66013,3
66014,3
66015,3
66016,3
66017,3
66018,3
66019,3
66020,3
66021,3
66022,3
66023,3
66024,3
66025,3
66026,3
66027,3
66028,3
66029,3
66030,3
66031,3
66032,3
66033,3
66034,3
66035,3
66036,3
66037,3
66038,3
66039,3
66040,3
66041,3
66042,3
66043,3
66044,3
66045,3
66046,3
66047,3
66048,3
66049,3
66050,3
66051,3
66052,3
66053,3
66054,3
66055,3
66056,3
66057,3
66058,3
66059,3
66060,3
66061,3
66062,3
66063,3
66064,3
66065,3
66066,3
66067,3
66068,3
66069,3
66070,3
66071,3
66072,3
66073,3
66074,3
66075,3
66076,3
66077,3
66078,3
66079,3
66080,3
66081,3
66082,3
66083,3
66084,3
66085,3
66086,3
66087,3
66088,3
66089,3
66090,3
66091,3
66092,3
66093,3
66094,3
66095,3
66096,3
66097,3
66098,3
66099,3
66100,3
66101,3
66102,3
66103,3
66104,3
66105,3
66106,3
66107,3
66108,3
66109,3
66110,3
66111,3
66112,3
66113,3
66114,3
66115,3
66116,3
66117,3
66118,3
66119,3
66120,3
66121,3
66122,3
66123,3
66124,3
66125,3
66126,3
66127,3
66128,3
66129,3
66130,3
66131,3
66132,3
66133,3
66134,3
66135,3
66136,3
66137,3
66138,3
66139,3
66140,3
66141,3
66142,3
66143,3
66144,3
66145,3
66146,3
66147,3
66148,3
66149,3
66150,3
66151,3
66152,3
66153,3
66154,2
66155,3
66156,3
66157,3
66158,3
66159,3
66160,3
66161,3
66162,3
66163,3
66164,3
66165,3
66166,3
66167,3
66168,3
66169,3
66170,3
66171,3
66172,3
66173,3
66174,3
66175,3
66176,3
66177,3
66178,3
66179,3
66180,3
66181,3
66182,3
66183,3
66184,3
66185,3
66186,3
66187,3
66188,3
66189,3
66190,3
66191,3
66192,3
66193,3
66194,3
66195,3
66196,3
66197,3
66198,3
66199,3
66200,3
66201,3
66202,3
66203,3
66204,3
66205,3
66206,3
66207,3
66208,3
66209,3
66210,3
66211,3
66212,3
66213,3
66214,3
66215,3
66216,3
66217,3
66218,3
66219,3
66220,3
66221,3
66222,3
66223,3
66224,3
66225,3
66226,3
66227,3
66228,3
66229,3
66230,3
66231,3
66232,3
66233,3
66234,3
66235,3
66236,3
66237,3
66238,3
66239,3
66240,3
66241,3
66242,3
66243,3
66244,3
66245,3
66246,3
66247,3
66248,3
66249,3
66250,3
66251,3
66252,3
66253,3
66254,3
66255,3
66256,3
66257,3
66258,3
66259,3
66260,3
66261,3
66262,3
66263,3
66264,3
66265,3
66266,3
66267,3
66268,3
66269,3
66270,3
66271,3
66272,3
66273,3
66274,3
66275,3
66276,3
66277,3
66278,3
66279,3
66280,3
66281,3
66282,3
66283,3
66284,3
66285,3
66286,3
66287,3
66288,3
66289,3
66290,3
66291,3
66292,3
66293,3
66294,3
66295,3
66296,3
66297,3
66298,3
66299,3
66300,3
66301,3
66302,3
66303,3
66304,3
66305,3
66306,3
66307,3
66308,3
66309,3
66310,3
66311,3
66312,3
66313,3
66314,3
66315,3
66316,3
66317,3
66318,3
66319,3
66320,3
66321,3
66322,3
66323,3
66324,3
66325,3
66326,3
66327,3
66328,3
66329,3
66330,3
66331,3
66332,3
66333,3
66334,3
66335,3
66336,3
66337,3
66338,3
66339,3
66340,3
66341,3
66342,3
66343,3
66344,3
66345,3
66346,3
66347,3
66348,3
66349,3
66350,3
66351,3
66352,3
66353,3
66354,3
66355,3
66356,3
66357,3
66358,3
66359,3
66360,3
66361,3
66362,3
66363,3
66364,3
66365,3
66366,3
66367,3
66368,3
66369,3
66370,3
66371,3
66372,3
66373,3
66374,3
66375,3
66376,3
66377,3
66378,3
66379,3
66380,3
66381,3
66382,3
66383,3
66384,3
66385,3
66386,3
66387,3
66388,3
66389,3
66390,3
66391,3
66392,3
66393,3
66394,3
66395,3
66396,3
66397,3
66398,3
66399,3
66400,3
66401,3
66402,3
66403,3
66404,3
66405,3
66406,3
66407,3
66408,3
66409,3
66410,3
66411,3
66412,3
66413,3
66414,3
66415,3
66416,3
66417,3
66418,3
66419,3
66420,3
66421,3
66422,3
66423,3
66424,3
66425,3
66426,3
66427,3
66428,3
66429,3
66430,3
66431,3
66432,3
66433,3
66434,3
66435,3
66436,3
66437,3
66438,3
66439,3
66440,3
66441,3
66442,3
66443,3
66444,3
66445,3
66446,3
66447,3
66448,3
66449,3
66450,3
66451,3
66452,3
66453,3
66454,3
66455,3
66456,3
66457,3
66458,3
66459,3
66460,3
66461,3
66462,3
66463,3
66464,3
66465,3
66466,3
66467,3
66468,3
66469,3
66470,3
66471,3
66472,3
66473,3
66474,3
66475,3
66476,3
66477,3
66478,3
66479,3
66480,3
66481,3
66482,3
66483,3
66484,3
66485,3
66486,3
66487,3
66488,3
66489,3
66490,3
66491,3
66492,3
66493,3
66494,3
66495,3
66496,3
66497,3
66498,3
66499,3
66500,3
66501,3
66502,3
66503,3
66504,3
66505,3
66506,3
66507,3
66508,3
66509,3
66510,3
66511,3
66512,3
66513,3
66514,3
66515,3
66516,3
66517,3
66518,3
66519,3
66520,3
66521,3
66522,3
66523,3
66524,3
66525,3
66526,3
66527,3
66528,3
66529,3
66530,3
66531,3
66532,3
66533,3
66534,3
66535,3
66536,3
66537,3
66538,3
66539,3
66540,3
66541,3
66542,3
66543,3
66544,3
66545,3
66546,3
66547,3
66548,3
66549,3
66550,3
66551,3
66552,3
66553,3
66554,3
66555,3
66556,3
66557,3
66558,3
66559,3
66560,3
66561,3
66562,3
66563,3
66564,3
66565,3
66566,3
66567,3
66568,3
66569,3
66570,3
66571,3
66572,3
66573,3
66574,3
66575,3
66576,3
66577,3
66578,3
66579,3
66580,3
66581,3
66582,3
66583,3
66584,3
66585,3
66586,3
66587,3
66588,3
66589,3
66590,3
66591,3
66592,3
66593,3
66594,3
66595,3
66596,3
66597,3
66598,3
66599,3
66600,3
66601,3
66602,3
66603,3
66604,3
66605,3
66606,3
66607,3
66608,3
66609,3
66610,3
66611,3
66612,3
66613,3
66614,3
66615,3
66616,3
66617,3
66618,3
66619,3
66620,3
66621,3
66622,3
66623,3
66624,3
66625,3
66626,3
66627,3
66628,3
66629,3
66630,3
66631,3
66632,3
66633,3
66634,3
66635,3
66636,3
66637,3
66638,3
66639,3
66640,3
66641,3
66642,3
66643,3
66644,3
66645,3
66646,3
66647,3
66648,3
66649,3
66650,3
66651,3
66652,3
66653,3
66654,3
66655,3
66656,3
66657,3
66658,3
66659,3
66660,3
66661,3
66662,3
66663,3
66664,3
66665,3
66666,3
66667,3
66668,3
66669,3
66670,3
66671,3
66672,3
66673,3
66674,3
66675,3
66676,2
66677,3
66678,3
66679,3
66680,3
66681,3
66682,3
66683,3
66684,3
66685,3
66686,3
66687,3
66688,3
66689,3
66690,3
66691,3
66692,3
66693,3
66694,3
66695,3
66696,3
66697,3
66698,3
66699,3
66700,3
66701,3
66702,3
66703,3
66704,3
66705,3
66706,3
66707,3
66708,3
66709,3
66710,3
66711,3
66712,3
66713,3
66714,3
66715,3
66716,3
66717,3
66718,2
66719,2
66720,2
66721,2
66722,3
66723,3
66724,3
66725,3
66726,3
66727,3
66728,3
66729,3
66730,3
66731,3
66732,3
66733,3
66734,3
66735,3
66736,3
66737,3
66738,3
66739,3
66740,3
66741,3
66742,3
66743,3
66744,3
66745,3
66746,3
66747,3
66748,3
66749,3
66750,3
66751,3
66752,3
66753,3
66754,3
66755,3
66756,3
66757,3
66758,3
66759,3
66760,3
66761,3
66762,3
66763,3
66764,3
66765,3
66766,3
66767,3
66768,3
66769,3
66770,3
66771,3
66772,3
66773,3
66774,3
66775,3
66776,3
66777,3
66778,3
66779,3
66780,3
66781,3
66782,3
66783,3
66784,3
66785,3
66786,3
66787,3
66788,3
66789,3
66790,3
66791,3
66792,3
66793,3
66794,3
66795,3
66796,3
66797,3
66798,3
66799,3
66800,3
66801,3
66802,3
66803,3
66804,3
66805,3
66806,3
66807,3
66808,3
66809,3
66810,3
66811,3
66812,3
66813,3
66814,3
66815,3
66816,3
66817,3
66818,3
66819,3
66820,3
66821,3
66822,3
66823,3
66824,3
66825,3
66826,3
66827,3
66828,3
66829,3
66830,3
66831,3
66832,3
66833,3
66834,3
66835,3
66836,3
66837,3
66838,3
66839,3
66840,3
66841,3
66842,3
66843,3
66844,3
66845,3
66846,3
66847,3
66848,3
66849,3
66850,3
66851,3
66852,3
66853,3
66854,3
66855,3
66856,3
66857,3
66858,3
66859,3
66860,3
66861,3
66862,3
66863,3
66864,3
66865,3
66866,3
66867,3
66868,3
66869,3
66870,3
66871,3
66872,3
66873,3
66874,3
66875,3
66876,3
66877,3
66878,3
66879,3
66880,3
66881,3
66882,3
66883,3
66884,3
66885,3
66886,3
66887,3
66888,3
66889,3
66890,3
66891,3
66892,3
66893,3
66894,3
66895,3
66896,3
66897,3
66898,3
66899,3
66900,3
66901,3
66902,3
66903,3
66904,3
66905,3
66906,3
66907,3
66908,3
66909,3
66910,3
66911,3
66912,3
66913,3
66914,3
66915,3
66916,3
66917,3
66918,3
66919,3
66920,3
66921,3
66922,3
66923,3
66924,3
66925,3
66926,3
66927,3
66928,3
66929,3
66930,3
66931,3
66932,3
66933,3
66934,3
66935,3
66936,3
66937,3
66938,3
66939,3
66940,3
66941,3
66942,3
66943,3
66944,3
66945,3
66946,3
66947,3
66948,3
66949,3
66950,3
66951,3
66952,3
66953,3
66954,3
66955,3
66956,3
66957,3
66958,3
66959,3
66960,3
66961,3
66962,3
66963,3
66964,3
66965,3
66966,3
66967,3
66968,3
66969,3
66970,3
66971,3
66972,3
66973,3
66974,3
66975,3
66976,3
66977,3
66978,3
66979,3
66980,3
66981,3
66982,3
66983,3
66984,3
66985,3
66986,3
66987,3
66988,3
66989,3
66990,3
66991,3
66992,3
66993,3
66994,3
66995,3
66996,3
66997,3
66998,3
66999,3
67000,3
67001,3
67002,3
67003,3
67004,3
67005,3
67006,3
67007,3
67008,3
67009,3
67010,3
67011,3
67012,3
67013,3
67014,3
67015,3
67016,3
67017,3
67018,3
67019,3
67020,3
67021,3
67022,3
67023,3
67024,3
67025,3
67026,3
67027,3
67028,3
67029,3
67030,3
67031,3
67032,3
67033,3
67034,3
67035,3
67036,3
67037,3
67038,3
67039,3
67040,3
67041,3
67042,3
67043,3
67044,3
67045,3
67046,3
67047,3
67048,3
67049,3
67050,3
67051,3
67052,3
67053,3
67054,3
67055,3
67056,3
67057,3
67058,3
67059,3
67060,3
67061,3
67062,3
67063,3
67064,3
67065,3
67066,3
67067,3
67068,3
67069,3
67070,3
67071,3
67072,3
67073,3
67074,3
67075,3
67076,3
67077,3
67078,3
67079,3
67080,3
67081,3
67082,3
67083,3
67084,3
67085,3
67086,3
67087,3
67088,3
67089,3
67090,3
67091,3
67092,3
67093,3
67094,3
67095,3
67096,3
67097,3
67098,3
67099,3
67100,3
67101,3
67102,3
67103,3
67104,3
67105,3
67106,3
67107,3
67108,3
67109,3
67110,3
67111,3
67112,3
67113,3
67114,3
67115,3
67116,3
67117,3
67118,3
67119,3
67120,3
67121,3
67122,3
67123,3
67124,3
67125,3
67126,3
67127,3
67128,3
67129,3
67130,3
67131,3
67132,3
67133,3
67134,3
67135,3
67136,3
67137,3
67138,3
67139,3
67140,3
67141,3
67142,3
67143,3
67144,3
67145,3
67146,3
67147,3
67148,3
67149,3
67150,3
67151,3
67152,3
67153,3
67154,3
67155,3
67156,3
67157,3
67158,3
67159,3
67160,3
67161,3
67162,3
67163,3
67164,3
67165,3
67166,3
67167,3
67168,3
67169,3
67170,3
67171,3
67172,3
67173,3
67174,3
67175,3
67176,3
67177,3
67178,3
67179,3
67180,3
67181,3
67182,3
67183,3
67184,3
67185,3
67186,3
67187,3
67188,3
67189,3
67190,3
67191,3
67192,3
67193,3
67194,3
67195,3
67196,3
67197,3
67198,3
67199,3
67200,3
67201,3
67202,3
67203,3
67204,3
67205,3
67206,3
67207,3
67208,3
67209,3
67210,3
67211,3
67212,3
67213,3
67214,3
67215,3
67216,3
67217,3
67218,3
67219,3
67220,3
67221,3
67222,3
67223,3
67224,3
67225,3
67226,3
67227,3
67228,3
67229,3
67230,3
67231,3
67232,3
67233,3
67234,3
67235,3
67236,3
67237,3
67238,3
67239,3
67240,3
67241,3
67242,3
67243,3
67244,3
67245,3
67246,3
67247,3
67248,3
67249,3
67250,3
67251,3
67252,3
67253,3
67254,3
67255,3
67256,3
67257,3
67258,3
67259,3
67260,3
67261,3
67262,3
67263,3
67264,3
67265,3
67266,3
67267,3
67268,3
67269,3
67270,3
67271,3
67272,3
67273,3
67274,3
67275,3
67276,3
67277,3
67278,3
67279,3
67280,3
67281,3
67282,3
67283,3
67284,3
67285,3
67286,3
67287,3
67288,3
67289,3
67290,3
67291,3
67292,3
67293,3
67294,3
67295,3
67296,3
67297,3
67298,3
67299,3
67300,3
67301,3
67302,3
67303,3
67304,3
67305,3
67306,3
67307,3
67308,3
67309,3
67310,3
67311,3
67312,3
67313,3
67314,3
67315,3
67316,3
67317,3
67318,3
67319,3
67320,3
67321,3
67322,3
67323,3
67324,3
67325,3
67326,3
67327,3
67328,3
67329,3
67330,3
67331,3
67332,3
67333,3
67334,3
67335,3
67336,3
67337,3
67338,3
67339,3
67340,3
67341,3
67342,3
67343,3
67344,3
67345,3
67346,3
67347,3
67348,3
67349,3
67350,3
67351,3
67352,3
67353,3
67354,3
67355,3
67356,3
67357,3
67358,3
67359,3
67360,3
67361,3
67362,3
67363,3
67364,3
67365,3
67366,3
67367,3
67368,3
67369,3
67370,3
67371,3
67372,3
67373,3
67374,3
67375,3
67376,3
67377,3
67378,3
67379,3
67380,3
67381,3
67382,3
67383,3
67384,3
67385,3
67386,3
67387,3
67388,3
67389,3
67390,3
67391,3
67392,3
67393,3
67394,3
67395,3
67396,3
67397,3
67398,3
67399,3
67400,3
67401,3
67402,3
67403,3
67404,3
67405,3
67406,3
67407,3
67408,3
67409,3
67410,3
67411,2
67412,2
67413,3
67414,3
67415,3
67416,3
67417,3
67418,3
67419,3
67420,3
67421,3
67422,3
67423,3
67424,3
67425,3
67426,3
67427,3
67428,3
67429,3
67430,3
67431,3
67432,3
67433,3
67434,3
67435,3
67436,3
67437,3
67438,3
67439,3
67440,3
67441,3
67442,3
67443,3
67444,3
67445,3
67446,3
67447,3
67448,3
67449,2
67450,2
67451,3
67452,3
67453,3
67454,3
67455,3
67456,3
67457,3
67458,3
67459,3
67460,3
67461,3
67462,3
67463,3
67464,3
67465,3
67466,3
67467,3
67468,3
67469,3
67470,3
67471,3
67472,3
67473,3
67474,3
67475,3
67476,3
67477,3
67478,3
67479,3
67480,3
67481,3
67482,3
67483,3
67484,3
67485,3
67486,3
67487,3
67488,3
67489,3
67490,3
67491,3
67492,3
67493,3
67494,3
67495,3
67496,3
67497,3
67498,3
67499,3
67500,3
67501,3
67502,3
67503,3
67504,3
67505,3
67506,3
67507,3
67508,3
67509,3
67510,3
67511,3
67512,3
67513,3
67514,3
67515,3
67516,3
67517,3
67518,3
67519,3
67520,3
67521,3
67522,3
67523,3
67524,3
67525,3
67526,3
67527,3
67528,3
67529,3
67530,3
67531,3
67532,3
67533,3
67534,3
67535,3
67536,3
67537,3
67538,3
67539,3
67540,3
67541,3
67542,3
67543,3
67544,3
67545,3
67546,3
67547,3
67548,3
67549,3
67550,3
67551,3
67552,3
67553,3
67554,3
67555,3
67556,3
67557,3
67558,3
67559,3
67560,3
67561,3
67562,3
67563,3
67564,3
67565,3
67566,2
67567,2
67568,3
67569,2
67570,2
67571,2
67572,2
67573,2
67574,3
67575,2
67576,2
67577,2
67578,2
67579,2
67580,3
67581,2
67582,2
67583,2
67584,2
67585,2
67586,2
67587,3
67588,3
67589,2
67590,2
67591,2
67592,2
67593,2
67594,2
67595,2
67596,3
67597,2
67598,2
67599,2
67600,2
67601,3
67602,2
67603,2
67604,2
67605,2
67606,3
67607,2
67608,2
67609,2
67610,2
67611,2
67612,2
67613,2
67614,2
67615,2
67616,2
67617,2
67618,2
67619,2
67620,2
67621,2
67622,2
67623,2
67624,2
67625,2
67626,2
67627,3
67628,3
67629,3
67630,2
67631,2
67632,2
67633,3
67634,3
67635,3
67636,3
67637,3
67638,3
67639,3
67640,3
67641,3
67642,3
67643,3
67644,3
67645,3
67646,3
67647,3
67648,3
67649,3
67650,3
67651,3
67652,3
67653,3
67654,3
67655,3
67656,3
67657,3
67658,3
67659,3
67660,3
67661,3
67662,3
67663,3
67664,3
67665,3
67666,3
67667,3
67668,3
67669,3
67670,3
67671,3
67672,3
67673,3
67674,3
67675,3
67676,3
67677,3
67678,3
67679,3
67680,3
67681,3
67682,3
67683,3
67684,3
67685,3
67686,3
67687,3
67688,3
67689,3
67690,3
67691,3
67692,3
67693,3
67694,3
67695,3
67696,3
67697,3
67698,3
67699,3
67700,3
67701,3
67702,3
67703,3
67704,3
67705,3
67706,3
67707,3
67708,3
67709,3
67710,3
67711,3
67712,3
67713,3
67714,3
67715,3
67716,3
67717,3
67718,3
67719,3
67720,3
67721,3
67722,3
67723,3
67724,3
67725,3
67726,3
67727,3
67728,3
67729,3
67730,3
67731,3
67732,3
67733,3
67734,3
67735,3
67736,3
67737,3
67738,3
67739,3
67740,3
67741,3
67742,3
67743,3
67744,3
67745,3
67746,3
67747,3
67748,3
67749,3
67750,3
67751,3
67752,3
67753,3
67754,3
67755,3
67756,3
67757,3
67758,3
67759,3
67760,3
67761,3
67762,3
67763,3
67764,3
67765,3
67766,3
67767,3
67768,3
67769,3
67770,3
67771,3
67772,3
67773,3
67774,3
67775,3
67776,3
67777,3
67778,3
67779,3
67780,3
67781,3
67782,3
67783,3
67784,3
67785,3
67786,3
67787,3
67788,3
67789,3
67790,3
67791,3
67792,3
67793,3
67794,3
67795,3
67796,3
67797,3
67798,3
67799,3
67800,3
67801,3
67802,3
67803,3
67804,3
67805,3
67806,3
67807,3
67808,3
67809,3
67810,3
67811,3
67812,3
67813,3
67814,3
67815,3
67816,3
67817,3
67818,3
67819,3
67820,3
67821,3
67822,3
67823,3
67824,3
67825,3
67826,3
67827,3
67828,3
67829,3
67830,3
67831,3
67832,3
67833,3
67834,3
67835,3
67836,3
67837,3
67838,3
67839,3
67840,3
67841,3
67842,3
67843,3
67844,3
67845,3
67846,3
67847,3
67848,3
67849,3
67850,3
67851,3
67852,3
67853,3
67854,3
67855,3
67856,3
67857,3
67858,3
67859,3
67860,3
67861,3
67862,3
67863,3
67864,3
67865,3
67866,3
67867,3
67868,3
67869,3
67870,3
67871,3
67872,3
67873,3
67874,3
67875,3
67876,3
67877,3
67878,3
67879,3
67880,3
67881,3
67882,3
67883,3
67884,3
67885,3
67886,3
67887,3
67888,3
67889,3
67890,3
67891,3
67892,3
67893,3
67894,3
67895,3
67896,3
67897,3
67898,3
67899,3
67900,3
67901,3
67902,3
67903,3
67904,3
67905,3
67906,3
67907,3
67908,3
67909,3
67910,3
67911,3
67912,3
67913,3
67914,3
67915,3
67916,3
67917,3
67918,3
67919,3
67920,3
67921,3
67922,3
67923,3
67924,3
67925,3
67926,3
67927,3
67928,3
67929,3
67930,3
67931,3
67932,3
67933,3
67934,3
67935,3
67936,3
67937,3
67938,3
67939,3
67940,3
67941,3
67942,3
67943,3
67944,3
67945,3
67946,3
67947,3
67948,3
67949,3
67950,3
67951,3
67952,3
67953,3
67954,3
67955,3
67956,3
67957,3
67958,3
67959,3
67960,3
67961,3
67962,3
67963,3
67964,3
67965,3
67966,3
67967,3
67968,3
67969,3
67970,3
67971,3
67972,3
67973,3
67974,3
67975,3
67976,3
67977,3
67978,3
67979,3
67980,3
67981,3
67982,3
67983,3
67984,3
67985,3
67986,3
67987,3
67988,3
67989,3
67990,3
67991,3
67992,3
67993,3
67994,3
67995,3
67996,3
67997,3
67998,3
67999,3
68000,3
68001,3
68002,3
68003,3
68004,3
68005,3
68006,3
68007,3
68008,3
68009,3
68010,3
68011,3
68012,3
68013,3
68014,3
68015,3
68016,3
68017,3
68018,3
68019,3
68020,3
68021,3
68022,3
68023,3
68024,3
68025,3
68026,3
68027,3
68028,3
68029,3
68030,3
68031,3
68032,3
68033,3
68034,3
68035,3
68036,3
68037,3
68038,3
68039,3
68040,3
68041,3
68042,3
68043,3
68044,3
68045,3
68046,3
68047,3
68048,3
68049,3
68050,3
68051,3
68052,3
68053,3
68054,3
68055,3
68056,3
68057,3
68058,3
68059,3
68060,3
68061,3
68062,3
68063,3
68064,3
68065,3
68066,3
68067,3
68068,3
68069,3
68070,3
68071,3
68072,3
68073,3
68074,3
68075,3
68076,3
68077,3
68078,3
68079,3
68080,3
68081,3
68082,3
68083,3
68084,3
68085,3
68086,3
68087,3
68088,3
68089,3
68090,3
68091,3
68092,3
68093,3
68094,3
68095,3
68096,3
68097,3
68098,3
68099,3
68100,3
68101,3
68102,3
68103,3
68104,3
68105,3
68106,3
68107,3
68108,3
68109,3
68110,3
68111,3
68112,3
68113,3
68114,3
68115,3
68116,3
68117,3
68118,3
68119,3
68120,3
68121,3
68122,3
68123,3
68124,3
68125,3
68126,3
68127,3
68128,3
68129,3
68130,3
68131,3
68132,3
68133,3
68134,3
68135,3
68136,3
68137,3
68138,3
68139,3
68140,3
68141,3
68142,3
68143,3
68144,3
68145,3
68146,3
68147,3
68148,3
68149,3
68150,3
68151,3
68152,3
68153,3
68154,3
68155,3
68156,3
68157,3
68158,3
68159,3
68160,3
68161,3
68162,3
68163,3
68164,3
68165,3
68166,3
68167,3
68168,3
68169,3
68170,3
68171,3
68172,3
68173,3
68174,3
68175,3
68176,3
68177,3
68178,3
68179,3
68180,3
68181,3
68182,3
68183,3
68184,3
68185,3
68186,3
68187,3
68188,3
68189,3
68190,3
68191,3
68192,3
68193,3
68194,3
68195,3
68196,3
68197,3
68198,3
68199,3
68200,3
68201,3
68202,3
68203,3
68204,3
68205,3
68206,3
68207,3
68208,3
68209,3
68210,3
68211,3
68212,3
68213,3
68214,3
68215,3
68216,3
68217,3
68218,3
68219,3
68220,3
68221,3
68222,3
68223,3
68224,3
68225,3
68226,3
68227,3
68228,3
68229,3
68230,3
68231,3
68232,3
68233,3
68234,3
68235,3
68236,3
68237,3
68238,3
68239,3
68240,3
68241,3
68242,3
68243,3
68244,3
68245,3
68246,3
68247,3
68248,3
68249,3
68250,3
68251,3
68252,3
68253,3
68254,3
68255,3
68256,3
68257,3
68258,3
68259,3
68260,3
68261,3
68262,3
68263,3
68264,3
68265,3
68266,3
68267,3
68268,3
68269,3
68270,3
68271,3
68272,3
68273,3
68274,3
68275,3
68276,3
68277,3
68278,3
68279,3
68280,3
68281,3
68282,3
68283,3
68284,3
68285,3
68286,3
68287,3
68288,3
68289,3
68290,3
68291,3
68292,3
68293,3
68294,3
68295,3
68296,3
68297,3
68298,3
68299,3
68300,3
68301,3
68302,3
68303,3
68304,3
68305,3
68306,3
68307,3
68308,3
68309,3
68310,3
68311,3
68312,3
68313,3
68314,3
68315,3
68316,3
68317,3
68318,3
68319,3
68320,3
68321,3
68322,3
68323,3
68324,3
68325,3
68326,3
68327,3
68328,3
68329,3
68330,3
68331,3
68332,3
68333,3
68334,3
68335,3
68336,3
68337,3
68338,3
68339,3
68340,3
68341,3
68342,3
68343,3
68344,3
68345,3
68346,3
68347,3
68348,3
68349,3
68350,3
68351,3
68352,3
68353,3
68354,3
68355,3
68356,3
68357,3
68358,3
68359,3
68360,3
68361,3
68362,3
68363,3
68364,3
68365,3
68366,3
68367,3
68368,3
68369,3
68370,3
68371,3
68372,3
68373,3
68374,3
68375,3
68376,3
68377,3
68378,3
68379,3
68380,3
68381,3
68382,3
68383,3
68384,3
68385,3
68386,3
68387,3
68388,3
68389,3
68390,3
68391,3
68392,3
68393,3
68394,3
68395,3
68396,3
68397,3
68398,3
68399,3
68400,3
68401,3
68402,3
68403,3
68404,3
68405,3
68406,3
68407,3
68408,3
68409,3
68410,3
68411,3
68412,3
68413,3
68414,3
68415,3
68416,3
68417,3
68418,3
68419,3
68420,3
68421,3
68422,3
68423,3
68424,3
68425,3
68426,3
68427,3
68428,3
68429,3
68430,3
68431,3
68432,3
68433,3
68434,3
68435,3
68436,3
68437,3
68438,3
68439,3
68440,3
68441,3
68442,3
68443,3
68444,3
68445,3
68446,3
68447,3
68448,3
68449,3
68450,3
68451,3
68452,3
68453,3
68454,3
68455,3
68456,3
68457,3
68458,3
68459,3
68460,3
68461,3
68462,3
68463,3
68464,3
68465,3
68466,3
68467,3
68468,3
68469,3
68470,3
68471,3
68472,3
68473,3
68474,3
68475,3
68476,3
68477,3
68478,3
68479,3
68480,3
68481,3
68482,3
68483,3
68484,3
68485,3
68486,3
68487,3
68488,3
68489,3
68490,3
68491,3
68492,3
68493,3
68494,3
68495,3
68496,3
68497,3
68498,3
68499,3
68500,3
68501,3
68502,3
68503,3
68504,3
68505,3
68506,3
68507,3
68508,3
68509,3
68510,3
68511,3
68512,3
68513,3
68514,3
68515,3
68516,3
68517,3
68518,3
68519,3
68520,3
68521,3
68522,3
68523,3
68524,3
68525,3
68526,3
68527,3
68528,3
68529,3
68530,3
68531,3
68532,3
68533,3
68534,3
68535,3
68536,3
68537,3
68538,3
68539,3
68540,3
68541,3
68542,3
68543,3
68544,3
68545,3
68546,3
68547,3
68548,3
68549,3
68550,3
68551,3
68552,3
68553,3
68554,3
68555,3
68556,3
68557,3
68558,3
68559,3
68560,3
68561,3
68562,3
68563,3
68564,3
68565,3
68566,3
68567,3
68568,3
68569,3
68570,3
68571,3
68572,3
68573,3
68574,3
68575,3
68576,3
68577,3
68578,3
68579,3
68580,3
68581,3
68582,3
68583,3
68584,3
68585,3
68586,3
68587,3
68588,3
68589,3
68590,3
68591,3
68592,3
68593,3
68594,3
68595,3
68596,3
68597,3
68598,3
68599,3
68600,3
68601,3
68602,3
68603,3
68604,3
68605,3
68606,3
68607,3
68608,3
68609,3
68610,3
68611,3
68612,3
68613,3
68614,3
68615,3
68616,3
68617,3
68618,3
68619,3
68620,3
68621,3
68622,3
68623,3
68624,3
68625,3
68626,3
68627,3
68628,3
68629,3
68630,3
68631,3
68632,3
68633,3
68634,3
68635,3
68636,3
68637,3
68638,3
68639,3
68640,3
68641,3
68642,3
68643,3
68644,3
68645,3
68646,3
68647,3
68648,3
68649,3
68650,3
68651,3
68652,3
68653,3
68654,3
68655,3
68656,3
68657,3
68658,3
68659,3
68660,3
68661,3
68662,3
68663,3
68664,3
68665,3
68666,3
68667,3
68668,3
68669,3
68670,3
68671,3
68672,3
68673,3
68674,3
68675,3
68676,3
68677,3
68678,3
68679,3
68680,3
68681,3
68682,3
68683,3
68684,3
68685,3
68686,3
68687,3
68688,3
68689,3
68690,3
68691,3
68692,3
68693,3
68694,3
68695,3
68696,3
68697,3
68698,3
68699,3
68700,3
68701,3
68702,3
68703,3
68704,3
68705,3
68706,3
68707,3
68708,3
68709,3
68710,3
68711,3
68712,3
68713,3
68714,3
68715,3
68716,3
68717,3
68718,3
68719,3
68720,3
68721,3
68722,3
68723,3
68724,3
68725,3
68726,3
68727,3
68728,3
68729,3
68730,3
68731,3
68732,3
68733,3
68734,3
68735,3
68736,3
68737,3
68738,3
68739,3
68740,3
68741,3
68742,3
68743,3
68744,3
68745,3
68746,3
68747,3
68748,3
68749,3
68750,3
68751,3
68752,3
68753,3
68754,3
68755,3
68756,3
68757,3
68758,3
68759,3
68760,3
68761,3
68762,3
68763,3
68764,3
68765,3
68766,3
68767,3
68768,3
68769,3
68770,3
68771,3
68772,3
68773,3
68774,3
68775,3
68776,3
68777,3
68778,3
68779,3
68780,3
68781,3
68782,3
68783,3
68784,3
68785,3
68786,3
68787,3
68788,3
68789,3
68790,3
68791,3
68792,3
68793,3
68794,3
68795,3
68796,3
68797,3
68798,3
68799,3
68800,3
68801,3
68802,3
68803,3
68804,3
68805,3
68806,3
68807,3
68808,3
68809,3
68810,3
68811,3
68812,3
68813,3
68814,3
68815,3
68816,3
68817,3
68818,3
68819,3
68820,3
68821,3
68822,3
68823,3
68824,3
68825,3
68826,3
68827,3
68828,3
68829,3
68830,3
68831,3
68832,3
68833,3
68834,3
68835,3
68836,3
68837,3
68838,3
68839,3
68840,3
68841,3
68842,3
68843,3
68844,3
68845,3
68846,3
68847,3
68848,3
68849,3
68850,3
68851,3
68852,3
68853,3
68854,3
68855,3
68856,3
68857,3
68858,3
68859,3
68860,3
68861,3
68862,3
68863,3
68864,3
68865,3
68866,3
68867,3
68868,3
68869,3
68870,3
68871,3
68872,3
68873,3
68874,3
68875,3
68876,3
68877,3
68878,3
68879,3
68880,3
68881,3
68882,3
68883,3
68884,3
68885,3
68886,3
68887,3
68888,3
68889,3
68890,3
68891,3
68892,3
68893,3
68894,3
68895,3
68896,3
68897,3
68898,3
68899,3
68900,3
68901,3
68902,3
68903,3
68904,3
68905,3
68906,3
68907,3
68908,3
68909,3
68910,3
68911,3
68912,3
68913,3
68914,3
68915,3
68916,3
68917,3
68918,3
68919,3
68920,3
68921,3
68922,3
68923,3
68924,3
68925,3
68926,3
68927,3
68928,3
68929,3
68930,3
68931,3
68932,3
68933,3
68934,3
68935,3
68936,3
68937,3
68938,3
68939,3
68940,3
68941,3
68942,3
68943,3
68944,3
68945,3
68946,3
68947,3
68948,3
68949,3
68950,3
68951,3
68952,3
68953,3
68954,3
68955,3
68956,3
68957,3
68958,3
68959,3
68960,3
68961,3
68962,3
68963,3
68964,3
68965,3
68966,3
68967,3
68968,3
68969,3
68970,3
68971,3
68972,3
68973,3
68974,3
68975,3
68976,3
68977,3
68978,3
68979,3
68980,3
68981,3
68982,3
68983,3
68984,3
68985,3
68986,3
68987,3
68988,3
68989,3
68990,3
68991,3
68992,3
68993,3
68994,3
68995,3
68996,3
68997,3
68998,3
68999,3
69000,3
69001,3
69002,3
69003,3
69004,3
69005,3
69006,3
69007,3
69008,3
69009,3
69010,3
69011,3
69012,3
69013,3
69014,3
69015,3
69016,3
69017,3
69018,3
69019,3
69020,3
69021,3
69022,3
69023,3
69024,3
69025,3
69026,3
69027,3
69028,3
69029,3
69030,3
69031,3
69032,3
69033,3
69034,3
69035,3
69036,3
69037,3
69038,3
69039,3
69040,3
69041,3
69042,3
69043,3
69044,3
69045,3
69046,3
69047,3
69048,3
69049,3
69050,3
69051,3
69052,3
69053,3
69054,3
69055,3
69056,3
69057,3
69058,3
69059,3
69060,3
69061,3
69062,3
69063,3
69064,3
69065,3
69066,3
69067,3
69068,3
69069,3
69070,3
69071,3
69072,3
69073,3
69074,3
69075,3
69076,3
69077,3
69078,3
69079,3
69080,3
69081,3
69082,3
69083,3
69084,3
69085,3
69086,3
69087,3
69088,3
69089,3
69090,3
69091,3
69092,3
69093,3
69094,3
69095,3
69096,3
69097,3
69098,3
69099,3
69100,3
69101,3
69102,3
69103,3
69104,3
69105,3
69106,3
69107,3
69108,3
69109,3
69110,3
69111,3
69112,3
69113,3
69114,3
69115,3
69116,3
69117,3
69118,3
69119,3
69120,3
69121,3
69122,3
69123,3
69124,3
69125,3
69126,3
69127,3
69128,3
69129,3
69130,3
69131,3
69132,3
69133,3
69134,3
69135,3
69136,3
69137,3
69138,3
69139,3
69140,3
69141,3
69142,3
69143,3
69144,3
69145,3
69146,3
69147,3
69148,3
69149,3
69150,3
69151,3
69152,3
69153,3
69154,3
69155,3
69156,3
69157,3
69158,3
69159,3
69160,3
69161,3
69162,3
69163,3
69164,3
69165,3
69166,3
69167,3
69168,3
69169,3
69170,3
69171,3
69172,3
69173,2
69174,3
69175,3
69176,3
69177,3
69178,3
69179,3
69180,3
69181,3
69182,3
69183,3
69184,3
69185,3
69186,3
69187,3
69188,3
69189,3
69190,3
69191,2
69192,3
69193,3
69194,3
69195,3
69196,3
69197,3
69198,3
69199,3
69200,3
69201,3
69202,3
69203,3
69204,3
69205,3
69206,3
69207,3
69208,3
69209,3
69210,3
69211,3
69212,3
69213,3
69214,3
69215,3
69216,3
69217,3
69218,3
69219,3
69220,3
69221,3
69222,3
69223,3
69224,3
69225,3
69226,3
69227,3
69228,2
69229,3
69230,3
69231,3
69232,3
69233,3
69234,3
69235,3
69236,3
69237,3
69238,3
69239,3
69240,3
69241,3
69242,3
69243,3
69244,3
69245,3
69246,3
69247,3
69248,3
69249,3
69250,3
69251,3
69252,3
69253,3
69254,3
69255,3
69256,3
69257,3
69258,3
69259,3
69260,3
69261,3
69262,3
69263,3
69264,3
69265,3
69266,3
69267,3
69268,3
69269,3
69270,3
69271,3
69272,3
69273,3
69274,3
69275,3
69276,3
69277,3
69278,3
69279,3
69280,3
69281,3
69282,3
69283,3
69284,3
69285,3
69286,3
69287,3
69288,3
69289,3
69290,3
69291,3
69292,3
69293,3
69294,3
69295,3
69296,3
69297,3
69298,3
69299,3
69300,3
69301,3
69302,3
69303,3
69304,3
69305,3
69306,3
69307,3
69308,3
69309,3
69310,3
69311,3
69312,3
69313,3
69314,3
69315,3
69316,3
69317,3
69318,3
69319,3
69320,3
69321,3
69322,3
69323,3
69324,3
69325,3
69326,3
69327,2
69328,3
69329,3
69330,3
69331,3
69332,3
69333,3
69334,3
69335,3
69336,3
69337,3
69338,3
69339,3
69340,3
69341,3
69342,3
69343,3
69344,3
69345,3
69346,3
69347,3
69348,3
69349,3
69350,3
69351,3
69352,3
69353,3
69354,3
69355,3
69356,3
69357,3
69358,3
69359,3
69360,3
69361,3
69362,3
69363,3
69364,3
69365,3
69366,3
69367,3
69368,3
69369,3
69370,3
69371,3
69372,3
69373,3
69374,3
69375,3
69376,3
69377,3
69378,3
69379,3
69380,3
69381,3
69382,3
69383,3
69384,3
69385,3
69386,3
69387,3
69388,3
69389,3
69390,3
69391,3
69392,3
69393,3
69394,3
69395,3
69396,3
69397,3
69398,3
69399,3
69400,3
69401,3
69402,3
69403,3
69404,3
69405,3
69406,3
69407,3
69408,3
69409,3
69410,3
69411,3
69412,3
69413,3
69414,3
69415,3
69416,3
69417,3
69418,3
69419,3
69420,3
69421,3
69422,3
69423,3
69424,3
69425,3
69426,3
69427,3
69428,3
69429,3
69430,3
69431,3
69432,3
69433,3
69434,3
69435,3
69436,3
69437,3
69438,3
69439,3
69440,3
69441,3
69442,3
69443,3
69444,3
69445,3
69446,3
69447,3
69448,3
69449,3
69450,3
69451,3
69452,3
69453,3
69454,3
69455,3
69456,3
69457,3
69458,3
69459,3
69460,3
69461,3
69462,3
69463,3
69464,3
69465,3
69466,3
69467,3
69468,3
69469,3
69470,3
69471,3
69472,3
69473,3
69474,3
69475,3
69476,3
69477,3
69478,3
69479,3
69480,3
69481,3
69482,3
69483,3
69484,3
69485,3
69486,3
69487,3
69488,3
69489,3
69490,3
69491,3
69492,3
69493,3
69494,3
69495,3
69496,3
69497,3
69498,3
69499,3
69500,3
69501,3
69502,3
69503,3
69504,3
69505,3
69506,3
69507,3
69508,3
69509,3
69510,3
69511,3
69512,3
69513,3
69514,3
69515,3
69516,3
69517,3
69518,3
69519,3
69520,3
69521,3
69522,3
69523,3
69524,3
69525,3
69526,3
69527,3
69528,3
69529,3
69530,3
69531,3
69532,3
69533,3
69534,3
69535,3
69536,3
69537,3
69538,3
69539,3
69540,3
69541,3
69542,3
69543,3
69544,3
69545,3
69546,3
69547,3
69548,3
69549,3
69550,3
69551,3
69552,3
69553,3
69554,3
69555,3
69556,3
69557,3
69558,3
69559,3
69560,3
69561,3
69562,3
69563,3
69564,3
69565,3
69566,3
69567,3
69568,3
69569,3
69570,3
69571,3
69572,3
69573,3
69574,3
69575,3
69576,3
69577,3
69578,3
69579,3
69580,3
69581,3
69582,3
69583,3
69584,3
69585,3
69586,3
69587,3
69588,3
69589,3
69590,3
69591,3
69592,3
69593,3
69594,3
69595,3
69596,3
69597,3
69598,3
69599,3
69600,3
69601,3
69602,3
69603,3
69604,3
69605,3
69606,3
69607,3
69608,3
69609,3
69610,3
69611,3
69612,3
69613,3
69614,3
69615,3
69616,3
69617,3
69618,3
69619,3
69620,3
69621,3
69622,3
69623,3
69624,3
69625,3
69626,3
69627,3
69628,3
69629,3
69630,3
69631,3
69632,3
69633,3
69634,3
69635,3
69636,3
69637,3
69638,3
69639,3
69640,3
69641,3
69642,3
69643,3
69644,3
69645,3
69646,3
69647,3
69648,3
69649,3
69650,3
69651,3
69652,3
69653,3
69654,3
69655,3
69656,3
69657,3
69658,3
69659,3
69660,3
69661,3
69662,3
69663,3
69664,3
69665,3
69666,3
69667,3
69668,3
69669,3
69670,3
69671,3
69672,3
69673,3
69674,3
69675,3
69676,3
69677,3
69678,3
69679,3
69680,3
69681,3
69682,3
69683,3
69684,3
69685,3
69686,3
69687,3
69688,3
69689,3
69690,3
69691,3
69692,3
69693,3
69694,3
69695,3
69696,3
69697,3
69698,3
69699,3
69700,3
69701,3
69702,3
69703,3
69704,3
69705,3
69706,3
69707,3
69708,3
69709,3
69710,3
69711,3
69712,3
69713,3
69714,3
69715,3
69716,3
69717,3
69718,3
69719,3
69720,3
69721,3
69722,3
69723,3
69724,3
69725,3
69726,3
69727,3
69728,3
69729,3
69730,3
69731,3
69732,3
69733,3
69734,3
69735,3
69736,3
69737,3
69738,3
69739,3
69740,3
69741,3
69742,3
69743,3
69744,3
69745,3
69746,3
69747,3
69748,3
69749,3
69750,3
69751,3
69752,3
69753,3
69754,3
69755,3
69756,3
69757,3
69758,3
69759,3
69760,3
69761,3
69762,3
69763,3
69764,3
69765,3
69766,3
69767,3
69768,3
69769,3
69770,3
69771,3
69772,3
69773,3
69774,3
69775,3
69776,3
69777,3
69778,3
69779,3
69780,3
69781,3
69782,3
69783,3
69784,3
69785,3
69786,3
69787,3
69788,3
69789,3
69790,3
69791,3
69792,3
69793,3
69794,3
69795,3
69796,3
69797,3
69798,3
69799,3
69800,3
69801,3
69802,3
69803,3
69804,3
69805,3
69806,3
69807,3
69808,3
69809,3
69810,3
69811,3
69812,3
69813,3
69814,3
69815,3
69816,3
69817,3
69818,3
69819,3
69820,3
69821,3
69822,3
69823,3
69824,3
69825,3
69826,3
69827,3
69828,3
69829,3
69830,3
69831,3
69832,3
69833,3
69834,3
69835,3
69836,3
69837,3
69838,3
69839,3
69840,3
69841,3
69842,3
69843,3
69844,3
69845,3
69846,3
69847,3
69848,3
69849,3
69850,3
69851,3
69852,3
69853,3
69854,3
69855,3
69856,3
69857,3
69858,3
69859,3
69860,3
69861,3
69862,3
69863,3
69864,3
69865,3
69866,3
69867,3
69868,3
69869,3
69870,3
69871,3
69872,3
69873,3
69874,3
69875,3
69876,3
69877,3
69878,3
69879,3
69880,3
69881,3
69882,3
69883,3
69884,3
69885,3
69886,3
69887,3
69888,3
69889,3
69890,3
69891,3
69892,3
69893,3
69894,3
69895,3
69896,3
69897,3
69898,3
69899,3
69900,3
69901,3
69902,3
69903,3
69904,3
69905,3
69906,3
69907,3
69908,3
69909,3
69910,3
69911,3
69912,3
69913,3
69914,3
69915,3
69916,3
69917,3
69918,3
69919,3
69920,3
69921,3
69922,3
69923,3
69924,3
69925,3
69926,3
69927,3
69928,3
69929,3
69930,3
69931,3
69932,3
69933,3
69934,3
69935,3
69936,3
69937,3
69938,3
69939,3
69940,3
69941,3
69942,3
69943,3
69944,3
69945,3
69946,3
69947,3
69948,3
69949,3
69950,3
69951,3
69952,3
69953,3
69954,3
69955,3
69956,3
69957,3
69958,3
69959,3
69960,3
69961,3
69962,3
69963,3
69964,3
69965,3
69966,3
69967,3
69968,3
69969,3
69970,3
69971,3
69972,3
69973,3
69974,3
69975,3
69976,3
69977,3
69978,3
69979,3
69980,3
69981,3
69982,3
69983,3
69984,3
69985,3
69986,3
69987,3
69988,3
69989,3
69990,3
69991,3
69992,3
69993,3
69994,3
69995,3
69996,3
69997,3
69998,3
69999,3
70000,3
70001,3
70002,3
70003,3
70004,3
70005,3
70006,3
70007,3
70008,3
70009,3
70010,3
70011,3
70012,3
70013,3
70014,3
70015,3
70016,3
70017,3
70018,3
70019,3
70020,3
70021,3
70022,3
70023,3
70024,3
70025,3
70026,3
70027,3
70028,3
70029,3
70030,3
70031,3
70032,3
70033,3
70034,3
70035,3
70036,3
70037,3
70038,3
70039,3
70040,3
70041,3
70042,3
70043,3
70044,3
70045,3
70046,3
70047,3
70048,3
70049,3
70050,3
70051,3
70052,3
70053,3
70054,3
70055,3
70056,3
70057,3
70058,3
70059,3
70060,3
70061,3
70062,3
70063,3
70064,3
70065,3
70066,3
70067,3
70068,3
70069,3
70070,3
70071,3
70072,3
70073,3
70074,3
70075,3
70076,3
70077,3
70078,3
70079,3
70080,3
70081,3
70082,3
70083,3
70084,3
70085,3
70086,3
70087,3
70088,3
70089,3
70090,3
70091,3
70092,3
70093,3
70094,3
70095,3
70096,3
70097,3
70098,3
70099,3
70100,3
70101,3
70102,3
70103,3
70104,3
70105,3
70106,3
70107,3
70108,3
70109,3
70110,3
70111,3
70112,3
70113,3
70114,3
70115,3
70116,3
70117,3
70118,3
70119,3
70120,3
70121,3
70122,3
70123,3
70124,3
70125,3
70126,3
70127,3
70128,3
70129,3
70130,3
70131,3
70132,3
70133,3
70134,3
70135,3
70136,3
70137,3
70138,3
70139,3
70140,3
70141,3
70142,3
70143,3
70144,3
70145,3
70146,3
70147,3
70148,3
70149,3
70150,3
70151,3
70152,3
70153,3
70154,3
70155,3
70156,3
70157,3
70158,3
70159,3
70160,3
70161,3
70162,3
70163,3
70164,3
70165,3
70166,3
70167,3
70168,3
70169,3
70170,3
70171,3
70172,3
70173,3
70174,3
70175,3
70176,3
70177,3
70178,3
70179,3
70180,3
70181,3
70182,3
70183,3
70184,3
70185,3
70186,3
70187,3
70188,3
70189,3
70190,3
70191,3
70192,3
70193,3
70194,3
70195,3
70196,3
70197,3
70198,3
70199,3
70200,3
70201,3
70202,3
70203,3
70204,3
70205,3
70206,3
70207,3
70208,3
70209,3
70210,3
70211,3
70212,3
70213,3
70214,3
70215,3
70216,3
70217,3
70218,3
70219,3
70220,3
70221,3
70222,3
70223,3
70224,3
70225,3
70226,3
70227,3
70228,3
70229,3
70230,3
70231,3
70232,3
70233,3
70234,3
70235,3
70236,3
70237,3
70238,3
70239,3
70240,3
70241,3
70242,3
70243,3
70244,3
70245,3
70246,3
70247,3
70248,3
70249,3
70250,3
70251,3
70252,3
70253,3
70254,3
70255,3
70256,3
70257,3
70258,3
70259,3
70260,3
70261,3
70262,3
70263,3
70264,3
70265,3
70266,3
70267,3
70268,3
70269,3
70270,3
70271,3
70272,3
70273,3
70274,3
70275,3
70276,3
70277,3
70278,3
70279,3
70280,3
70281,3
70282,3
70283,3
70284,3
70285,3
70286,3
70287,3
70288,3
70289,3
70290,3
70291,3
70292,3
70293,3
70294,3
70295,3
70296,3
70297,3
70298,3
70299,3
70300,3
70301,3
70302,3
70303,3
70304,3
70305,3
70306,3
70307,3
70308,3
70309,3
70310,3
70311,3
70312,3
70313,3
70314,3
70315,3
70316,3
70317,3
70318,3
70319,3
70320,3
70321,3
70322,3
70323,3
70324,3
70325,3
70326,3
70327,3
70328,3
70329,3
70330,3
70331,3
70332,3
70333,3
70334,3
70335,3
70336,3
70337,3
70338,3
70339,3
70340,3
70341,3
70342,3
70343,3
70344,3
70345,3
70346,3
70347,3
70348,3
70349,3
70350,3
70351,3
70352,3
70353,3
70354,3
70355,3
70356,3
70357,3
70358,3
70359,3
70360,3
70361,3
70362,3
70363,3
70364,3
70365,3
70366,3
70367,3
70368,3
70369,3
70370,3
70371,3
70372,3
70373,3
70374,3
70375,3
70376,3
70377,3
70378,3
70379,3
70380,3
70381,3
70382,3
70383,3
70384,3
70385,3
70386,3
70387,3
70388,3
70389,3
70390,3
70391,3
70392,3
70393,3
70394,3
70395,3
70396,3
70397,3
70398,3
70399,3
70400,3
70401,3
70402,3
70403,3
70404,3
70405,3
70406,3
70407,3
70408,3
70409,3
70410,3
70411,3
70412,3
70413,3
70414,3
70415,3
70416,3
70417,3
70418,3
70419,3
70420,3
70421,3
70422,3
70423,3
70424,3
70425,3
70426,3
70427,3
70428,3
70429,3
70430,3
70431,3
70432,3
70433,3
70434,3
70435,3
70436,3
70437,3
70438,3
70439,3
70440,3
70441,3
70442,3
70443,3
70444,3
70445,3
70446,3
70447,3
70448,3
70449,3
70450,3
70451,3
70452,3
70453,3
70454,3
70455,3
70456,3
70457,3
70458,3
70459,3
70460,3
70461,3
70462,3
70463,3
70464,3
70465,3
70466,3
70467,3
70468,3
70469,3
70470,3
70471,3
70472,3
70473,3
70474,3
70475,3
70476,3
70477,3
70478,3
70479,3
70480,3
70481,3
70482,3
70483,3
70484,3
70485,3
70486,3
70487,3
70488,3
70489,3
70490,3
70491,3
70492,3
70493,3
70494,3
70495,3
70496,3
70497,3
70498,3
70499,3
70500,3
70501,3
70502,3
70503,3
70504,3
70505,3
70506,3
70507,3
70508,3
70509,3
70510,3
70511,3
70512,3
70513,3
70514,3
70515,3
70516,3
70517,3
70518,3
70519,3
70520,3
70521,3
70522,3
70523,3
70524,3
70525,3
70526,3
70527,3
70528,3
70529,3
70530,3
70531,3
70532,3
70533,3
70534,3
70535,3
70536,3
70537,3
70538,3
70539,3
70540,3
70541,3
70542,3
70543,3
70544,3
70545,3
70546,3
70547,3
70548,3
70549,3
70550,3
70551,3
70552,3
70553,3
70554,3
70555,3
70556,3
70557,3
70558,3
70559,3
70560,3
70561,3
70562,3
70563,3
70564,3
70565,3
70566,3
70567,3
70568,3
70569,3
70570,3
70571,3
70572,3
70573,3
70574,3
70575,3
70576,3
70577,3
70578,3
70579,3
70580,3
70581,3
70582,3
70583,3
70584,3
70585,3
70586,3
70587,3
70588,3
70589,3
70590,3
70591,3
70592,3
70593,3
70594,3
70595,3
70596,3
70597,3
70598,3
70599,3
70600,3
70601,3
70602,3
70603,3
70604,3
70605,3
70606,3
70607,3
70608,3
70609,3
70610,3
70611,3
70612,3
70613,3
70614,3
70615,3
70616,3
70617,3
70618,3
70619,3
70620,3
70621,3
70622,3
70623,3
70624,3
70625,3
70626,3
70627,3
70628,3
70629,3
70630,3
70631,3
70632,3
70633,3
70634,3
70635,3
70636,3
70637,3
70638,3
70639,3
70640,3
70641,3
70642,3
70643,3
70644,3
70645,3
70646,3
70647,3
70648,3
70649,3
70650,3
70651,3
70652,3
70653,3
70654,3
70655,3
70656,3
70657,3
70658,3
70659,3
70660,3
70661,3
70662,3
70663,3
70664,3
70665,3
70666,3
70667,3
70668,3
70669,3
70670,3
70671,3
70672,3
70673,3
70674,3
70675,3
70676,3
70677,3
70678,3
70679,3
70680,3
70681,3
70682,3
70683,3
70684,3
70685,3
70686,3
70687,3
70688,3
70689,3
70690,3
70691,3
70692,3
70693,3
70694,3
70695,3
70696,3
70697,3
70698,3
70699,3
70700,3
70701,3
70702,3
70703,3
70704,3
70705,3
70706,3
70707,3
70708,3
70709,3
70710,3
70711,3
70712,3
70713,3
70714,3
70715,3
70716,3
70717,3
70718,3
70719,3
70720,3
70721,3
70722,3
70723,3
70724,3
70725,3
70726,3
70727,3
70728,3
70729,3
70730,3
70731,3
70732,3
70733,3
70734,3
70735,3
70736,3
70737,3
70738,3
70739,3
70740,3
70741,3
70742,3
70743,3
70744,3
70745,3
70746,3
70747,3
70748,3
70749,3
70750,3
70751,3
70752,3
70753,3
70754,3
70755,3
70756,3
70757,3
70758,3
70759,3
70760,3
70761,3
70762,3
70763,3
70764,3
70765,3
70766,3
70767,3
70768,3
70769,3
70770,3
70771,3
70772,3
70773,3
70774,3
70775,3
70776,3
70777,3
70778,3
70779,3
70780,3
70781,3
70782,3
70783,3
70784,3
70785,3
70786,3
70787,3
70788,3
70789,3
70790,3
70791,3
70792,3
70793,3
70794,3
70795,3
70796,3
70797,3
70798,3
70799,3
70800,3
70801,3
70802,3
70803,3
70804,3
70805,3
70806,3
70807,3
70808,3
70809,3
70810,3
70811,3
70812,3
70813,3
70814,3
70815,3
70816,3
70817,3
70818,3
70819,3
70820,3
70821,3
70822,3
70823,3
70824,3
70825,3
70826,3
70827,3
70828,3
70829,3
70830,3
70831,3
70832,3
70833,3
70834,3
70835,3
70836,3
70837,3
70838,3
70839,3
70840,3
70841,3
70842,3
70843,3
70844,3
70845,3
70846,3
70847,3
70848,3
70849,3
70850,3
70851,3
70852,3
70853,3
70854,3
70855,3
70856,3
70857,3
70858,3
70859,3
70860,3
70861,3
70862,3
70863,3
70864,3
70865,3
70866,3
70867,3
70868,3
70869,3
70870,3
70871,3
70872,3
70873,3
70874,3
70875,3
70876,3
70877,3
70878,3
70879,3
70880,3
70881,3
70882,3
70883,3
70884,3
70885,3
70886,3
70887,3
70888,3
70889,3
70890,3
70891,3
70892,3
70893,3
70894,3
70895,3
70896,3
70897,3
70898,3
70899,3
70900,3
70901,3
70902,3
70903,3
70904,3
70905,3
70906,3
70907,3
70908,3
70909,3
70910,3
70911,3
70912,3
70913,3
70914,3
70915,3
70916,3
70917,3
70918,3
70919,3
70920,3
70921,3
70922,3
70923,3
70924,3
70925,3
70926,3
70927,3
70928,3
70929,3
70930,3
70931,3
70932,3
70933,3
70934,3
70935,3
70936,3
70937,3
70938,3
70939,3
70940,3
70941,3
70942,3
70943,3
70944,3
70945,3
70946,3
70947,3
70948,3
70949,3
70950,3
70951,3
70952,3
70953,3
70954,3
70955,3
70956,3
70957,3
70958,3
70959,3
70960,3
70961,3
70962,3
70963,3
70964,3
70965,3
70966,3
70967,3
70968,3
70969,3
70970,3
70971,3
70972,3
70973,3
70974,3
70975,3
70976,3
70977,3
70978,3
70979,3
70980,3
70981,3
70982,3
70983,3
70984,3
70985,3
70986,3
70987,3
70988,3
70989,3
70990,3
70991,3
70992,3
70993,3
70994,3
70995,3
70996,3
70997,3
70998,3
70999,3
71000,3
71001,3
71002,3
71003,3
71004,3
71005,3
71006,3
71007,3
71008,3
71009,3
71010,3
71011,3
71012,3
71013,3
71014,3
71015,3
71016,3
71017,3
71018,3
71019,3
71020,3
71021,3
71022,3
71023,3
71024,3
71025,3
71026,3
71027,3
71028,3
71029,3
71030,3
71031,3
71032,3
71033,3
71034,3
71035,3
71036,3
71037,3
71038,3
71039,3
71040,3
71041,3
71042,3
71043,3
71044,3
71045,3
71046,3
71047,3
71048,3
71049,3
71050,3
71051,3
71052,3
71053,3
71054,3
71055,3
71056,3
71057,3
71058,3
71059,3
71060,3
71061,3
71062,3
71063,3
71064,3
71065,3
71066,3
71067,3
71068,3
71069,3
71070,3
71071,3
71072,3
71073,3
71074,3
71075,3
71076,3
71077,3
71078,3
71079,3
71080,3
71081,3
71082,3
71083,3
71084,3
71085,3
71086,3
71087,3
71088,3
71089,3
71090,3
71091,3
71092,3
71093,3
71094,3
71095,3
71096,3
71097,3
71098,3
71099,3
71100,3
71101,3
71102,3
71103,3
71104,3
71105,3
71106,3
71107,3
71108,3
71109,3
71110,3
71111,3
71112,3
71113,3
71114,3
71115,3
71116,3
71117,3
71118,3
71119,3
71120,3
71121,3
71122,3
71123,3
71124,3
71125,3
71126,3
71127,3
71128,3
71129,3
71130,3
71131,3
71132,3
71133,3
71134,3
71135,3
71136,3
71137,3
71138,3
71139,3
71140,3
71141,3
71142,3
71143,3
71144,3
71145,3
71146,3
71147,3
71148,3
71149,3
71150,3
71151,3
71152,3
71153,3
71154,3
71155,3
71156,3
71157,3
71158,3
71159,3
71160,3
71161,3
71162,3
71163,3
71164,3
71165,3
71166,3
71167,3
71168,3
71169,3
71170,3
71171,3
71172,3
71173,3
71174,3
71175,3
71176,3
71177,3
71178,3
71179,3
71180,3
71181,3
71182,3
71183,3
71184,3
71185,3
71186,3
71187,3
71188,3
71189,3
71190,3
71191,3
71192,3
71193,3
71194,3
71195,3
71196,3
71197,3
71198,3
71199,3
71200,3
71201,3
71202,3
71203,3
71204,3
71205,3
71206,3
71207,3
71208,3
71209,3
71210,3
71211,3
71212,3
71213,3
71214,3
71215,3
71216,3
71217,3
71218,3
71219,3
71220,3
71221,3
71222,3
71223,3
71224,3
71225,3
71226,3
71227,3
71228,3
71229,3
71230,3
71231,3
71232,3
71233,3
71234,3
71235,3
71236,3
71237,3
71238,3
71239,3
71240,3
71241,3
71242,3
71243,3
71244,3
71245,3
71246,3
71247,3
71248,3
71249,3
71250,3
71251,3
71252,3
71253,3
71254,3
71255,3
71256,3
71257,3
71258,3
71259,3
71260,3
71261,3
71262,3
71263,3
71264,3
71265,3
71266,0
71267,3
71268,3
71269,3
71270,3
71271,3
71272,3
71273,3
71274,3
71275,3
71276,3
71277,3
71278,3
71279,3
71280,3
71281,3
71282,3
71283,3
71284,3
71285,3
71286,3
71287,3
71288,3
71289,3
71290,3
71291,3
71292,3
71293,3
71294,3
71295,3
71296,3
71297,3
71298,3
71299,3
71300,3
71301,3
71302,3
71303,3
71304,3
71305,3
71306,3
71307,3
71308,3
71309,3
71310,3
71311,3
71312,3
71313,3
71314,3
71315,3
71316,3
71317,3
71318,3
71319,3
71320,3
71321,3
71322,3
71323,3
71324,3
71325,3
71326,3
71327,3
71328,3
71329,3
71330,3
71331,3
71332,3
71333,3
71334,3
71335,3
71336,3
71337,3
71338,3
71339,3
71340,3
71341,3
71342,3
71343,3
71344,3
71345,3
71346,3
71347,3
71348,3
71349,3
71350,3
71351,3
71352,3
71353,3
71354,3
71355,3
71356,3
71357,3
71358,3
71359,3
71360,3
71361,3
71362,3
71363,3
71364,3
71365,3
71366,3
71367,3
71368,3
71369,3
71370,3
71371,3
71372,3
71373,3
71374,3
71375,3
71376,3
71377,3
71378,3
71379,3
71380,3
71381,3
71382,3
71383,3
71384,3
71385,3
71386,3
71387,3
71388,3
71389,3
71390,3
71391,3
71392,3
71393,3
71394,3
71395,3
71396,3
71397,3
71398,3
71399,3
71400,3
71401,3
71402,3
71403,3
71404,3
71405,3
71406,3
71407,3
71408,3
71409,3
71410,3
71411,3
71412,3
71413,3
71414,3
71415,3
71416,3
71417,3
71418,3
71419,3
71420,3
71421,3
71422,3
71423,3
71424,3
71425,3
71426,3
71427,3
71428,3
71429,3
71430,3
71431,3
71432,3
71433,3
71434,3
71435,3
71436,3
71437,3
71438,3
71439,3
71440,3
71441,3
71442,3
71443,3
71444,3
71445,3
71446,3
71447,3
71448,3
71449,3
71450,3
71451,3
71452,3
71453,3
71454,3
71455,3
71456,3
71457,3
71458,3
71459,3
71460,3
71461,3
71462,3
71463,3
71464,3
71465,3
71466,3
71467,3
71468,3
71469,3
71470,3
71471,3
71472,3
71473,3
71474,3
71475,3
71476,3
71477,3
71478,3
71479,3
71480,3
71481,3
71482,3
71483,3
71484,3
71485,3
71486,3
71487,3
71488,3
71489,3
71490,3
71491,3
71492,3
71493,3
71494,3
71495,3
71496,3
71497,3
71498,3
71499,3
71500,3
71501,3
71502,3
71503,3
71504,3
71505,3
71506,3
71507,3
71508,3
71509,3
71510,3
71511,3
71512,3
71513,3
71514,3
71515,3
71516,3
71517,3
71518,3
71519,3
71520,3
71521,3
71522,3
71523,3
71524,3
71525,3
71526,3
71527,3
71528,3
71529,3
71530,3
71531,3
71532,3
71533,3
71534,3
71535,3
71536,3
71537,3
71538,3
71539,3
71540,3
71541,3
71542,3
71543,3
71544,3
71545,3
71546,3
71547,3
71548,3
71549,3
71550,3
71551,3
71552,3
71553,3
71554,3
71555,3
71556,3
71557,3
71558,3
71559,3
71560,3
71561,3
71562,3
71563,3
71564,3
71565,3
71566,3
71567,3
71568,3
71569,3
71570,3
71571,3
71572,3
71573,3
71574,3
71575,3
71576,3
71577,3
71578,3
71579,3
71580,3
71581,3
71582,3
71583,3
71584,3
71585,3
71586,3
71587,3
71588,3
71589,3
71590,3
71591,3
71592,3
71593,3
71594,3
71595,3
71596,3
71597,3
71598,3
71599,3
71600,3
71601,3
71602,3
71603,3
71604,3
71605,3
71606,3
71607,3
71608,3
71609,3
71610,3
71611,3
71612,3
71613,3
71614,3
71615,3
71616,3
71617,3
71618,3
71619,3
71620,3
71621,3
71622,3
71623,3
71624,3
71625,3
71626,3
71627,3
71628,3
71629,3
71630,3
71631,3
71632,3
71633,3
71634,3
71635,3
71636,3
71637,3
71638,3
71639,3
71640,3
71641,3
71642,3
71643,3
71644,3
71645,3
71646,3
71647,3
71648,3
71649,3
71650,3
71651,3
71652,3
71653,3
71654,3
71655,3
71656,3
71657,3
71658,3
71659,3
71660,3
71661,3
71662,3
71663,3
71664,3
71665,3
71666,3
71667,3
71668,3
71669,3
71670,3
71671,3
71672,3
71673,3
71674,3
71675,3
71676,3
71677,3
71678,3
71679,3
71680,3
71681,3
71682,3
71683,3
71684,3
71685,3
71686,3
71687,3
71688,3
71689,3
71690,3
71691,3
71692,3
71693,3
71694,3
71695,3
71696,3
71697,3
71698,3
71699,3
71700,3
71701,3
71702,3
71703,3
71704,3
71705,3
71706,3
71707,3
71708,3
71709,3
71710,3
71711,3
71712,3
71713,3
71714,3
71715,3
71716,3
71717,3
71718,3
71719,3
71720,3
71721,3
71722,3
71723,3
71724,3
71725,3
71726,3
71727,3
71728,3
71729,3
71730,3
71731,3
71732,3
71733,3
71734,3
71735,3
71736,3
71737,3
71738,3
71739,3
71740,3
71741,3
71742,3
71743,3
71744,3
71745,3
71746,3
71747,3
71748,2
71749,2
71750,2
71751,3
71752,2
71753,3
71754,3
71755,3
71756,3
71757,2
71758,3
71759,3
71760,3
71761,3
71762,3
71763,3
71764,3
71765,3
71766,3
71767,3
71768,3
71769,3
71770,3
71771,3
71772,3
71773,3
71774,3
71775,3
71776,3
71777,3
71778,3
71779,3
71780,3
71781,3
71782,3
71783,3
71784,3
71785,3
71786,3
71787,3
71788,3
71789,3
71790,3
71791,3
71792,2
71793,3
71794,3
71795,3
71796,3
71797,3
71798,2
71799,3
71800,3
71801,3
71802,3
71803,3
71804,3
71805,3
71806,3
71807,3
71808,3
71809,3
71810,2
71811,3
71812,3
71813,3
71814,3
71815,3
71816,3
71817,3
71818,3
71819,3
71820,3
71821,3
71822,3
71823,3
71824,3
71825,3
71826,3
71827,3
71828,3
71829,3
71830,3
71831,3
71832,3
71833,3
71834,2
71835,3
71836,3
71837,2
71838,3
71839,3
71840,2
71841,3
71842,3
71843,3
71844,3
71845,3
71846,2
71847,3
71848,3
71849,3
71850,3
71851,3
71852,3
71853,3
71854,3
71855,3
71856,3
71857,3
71858,3
71859,2
71860,2
71861,2
71862,3
71863,3
71864,2
71865,2
71866,2
71867,2
71868,2
71869,2
71870,2
71871,3
71872,3
71873,3
71874,2
71875,3
71876,3
71877,2
71878,2
71879,3
71880,3
71881,2
71882,2
71883,2
71884,3
71885,3
71886,2
71887,3
71888,3
71889,3
71890,3
71891,3
71892,2
71893,3
71894,3
71895,3
71896,3
71897,3
71898,3
71899,3
71900,3
71901,3
71902,3
71903,3
71904,2
71905,3
71906,2
71907,3
71908,2
71909,3
71910,3
71911,2
71912,3
71913,3
71914,3
71915,3
71916,3
71917,3
71918,3
71919,3
71920,2
71921,3
71922,3
71923,3
71924,3
71925,3
71926,3
71927,3
71928,3
71929,3
71930,3
71931,3
71932,3
71933,3
71934,3
71935,3
71936,3
71937,3
71938,3
71939,3
71940,3
71941,3
71942,3
71943,3
71944,2
71945,2
71946,3
71947,2
71948,3
71949,3
71950,2
71951,2
71952,3
71953,3
71954,3
71955,3
71956,3
71957,3
71958,3
71959,3
71960,3
71961,3
71962,2
71963,3
71964,3
71965,2
71966,3
71967,3
71968,3
71969,2
71970,3
71971,2
71972,3
71973,2
71974,3
71975,3
71976,2
71977,2
71978,3
71979,3
71980,2
71981,2
71982,2
71983,3
71984,3
71985,3
71986,3
71987,2
71988,3
71989,3
71990,3
71991,3
71992,3
71993,2
71994,3
71995,2
71996,3
71997,3
71998,3
71999,3
72000,3
72001,3
72002,3
72003,3
72004,3
72005,3
72006,3
72007,3
72008,3
72009,3
72010,3
72011,3
72012,3
72013,3
72014,3
72015,3
72016,3
72017,3
72018,3
72019,3
72020,3
72021,3
72022,3
72023,3
72024,3
72025,3
72026,3
72027,3
72028,3
72029,3
72030,3
72031,3
72032,3
72033,3
72034,3
72035,3
72036,3
72037,3
72038,3
72039,3
72040,2
72041,3
72042,3
72043,3
72044,3
72045,3
72046,2
72047,3
72048,2
72049,3
72050,3
72051,3
72052,3
72053,2
72054,2
72055,2
72056,2
72057,2
72058,3
72059,2
72060,3
72061,3
72062,3
72063,3
72064,3
72065,3
72066,3
72067,3
72068,3
72069,2
72070,3
72071,3
72072,2
72073,2
72074,3
72075,3
72076,2
72077,2
72078,3
72079,3
72080,2
72081,3
72082,3
72083,2
72084,2
72085,3
72086,3
72087,2
72088,2
72089,3
72090,3
72091,3
72092,3
72093,3
72094,2
72095,3
72096,3
72097,3
72098,2
72099,3
72100,3
72101,3
72102,3
72103,2
72104,3
72105,3
72106,3
72107,3
72108,3
72109,3
72110,3
72111,3
72112,3
72113,3
72114,2
72115,3
72116,3
72117,3
72118,3
72119,2
72120,3
72121,3
72122,3
72123,3
72124,3
72125,3
72126,2
72127,3
72128,3
72129,3
72130,3
72131,3
72132,3
72133,3
72134,3
72135,3
72136,2
72137,2
72138,3
72139,2
72140,3
72141,3
72142,3
72143,3
72144,3
72145,3
72146,3
72147,3
72148,3
72149,3
72150,3
72151,3
72152,3
72153,3
72154,3
72155,3
72156,2
72157,3
72158,3
72159,2
72160,3
72161,3
72162,3
72163,3
72164,3
72165,3
72166,3
72167,3
72168,3
72169,2
72170,3
72171,3
72172,2
72173,3
72174,3
72175,3
72176,3
72177,3
72178,3
72179,3
72180,3
72181,3
72182,3
72183,3
72184,3
72185,3
72186,3
72187,3
72188,3
72189,3
72190,3
72191,3
72192,3
72193,2
72194,3
72195,3
72196,2
72197,3
72198,3
72199,3
72200,3
72201,3
72202,3
72203,3
72204,3
72205,3
72206,3
72207,3
72208,3
72209,3
72210,3
72211,3
72212,3
72213,3
72214,3
72215,3
72216,3
72217,3
72218,3
72219,3
72220,3
72221,3
72222,3
72223,3
72224,3
72225,3
72226,3
72227,3
72228,3
72229,3
72230,3
72231,3
72232,3
72233,3
72234,3
72235,2
72236,3
72237,2
72238,3
72239,2
72240,2
72241,2
72242,3
72243,3
72244,3
72245,3
72246,3
72247,2
72248,3
72249,3
72250,3
72251,3
72252,3
72253,2
72254,2
72255,2
72256,2
72257,3
72258,3
72259,3
72260,3
72261,2
72262,2
72263,2
72264,2
72265,2
72266,2
72267,3
72268,3
72269,2
72270,2
72271,3
72272,3
72273,2
72274,2
72275,3
72276,3
72277,3
72278,3
72279,3
72280,3
72281,3
72282,3
72283,3
72284,3
72285,3
72286,3
72287,3
72288,3
72289,3
72290,3
72291,3
72292,3
72293,3
72294,3
72295,3
72296,3
72297,3
72298,3
72299,3
72300,3
72301,3
72302,2
72303,2
72304,2
72305,3
72306,2
72307,2
72308,3
72309,2
72310,2
72311,3
72312,3
72313,2
72314,3
72315,2
72316,3
72317,3
72318,2
72319,3
72320,3
72321,3
72322,2
72323,2
72324,2
72325,3
72326,2
72327,2
72328,3
72329,3
72330,3
72331,2
72332,2
72333,3
72334,2
72335,2
72336,2
72337,3
72338,2
72339,3
72340,2
72341,3
72342,3
72343,2
72344,2
72345,2
72346,3
72347,3
72348,3
72349,3
72350,2
72351,3
72352,2
72353,3
72354,3
72355,2
72356,3
72357,3
72358,2
72359,2
72360,3
72361,3
72362,3
72363,3
72364,3
72365,2
72366,3
72367,2
72368,3
72369,2
72370,3
72371,3
72372,2
72373,3
72374,3
72375,3
72376,3
72377,3
72378,3
72379,3
72380,2
72381,3
72382,3
72383,3
72384,2
72385,3
72386,3
72387,2
72388,2
72389,3
72390,3
72391,3
72392,3
72393,3
72394,2
72395,3
72396,3
72397,3
72398,3
72399,3
72400,2
72401,3
72402,2
72403,3
72404,2
72405,3
72406,2
72407,2
72408,2
72409,3
72410,3
72411,2
72412,3
72413,3
72414,3
72415,2
72416,3
72417,3
72418,3
72419,2
72420,2
72421,3
72422,3
72423,2
72424,3
72425,2
72426,2
72427,2
72428,3
72429,3
72430,3
72431,3
72432,3
72433,3
72434,3
72435,3
72436,3
72437,2
72438,2
72439,3
72440,2
72441,3
72442,2
72443,3
72444,3
72445,2
72446,2
72447,3
72448,2
72449,2
72450,2
72451,2
72452,3
72453,3
72454,2
72455,3
72456,2
72457,2
72458,3
72459,3
72460,3
72461,3
72462,3
72463,3
72464,3
72465,3
72466,3
72467,3
72468,3
72469,2
72470,3
72471,3
72472,3
72473,3
72474,3
72475,3
72476,3
72477,3
72478,3
72479,3
72480,3
72481,3
72482,3
72483,3
72484,3
72485,3
72486,3
72487,3
72488,3
72489,2
72490,3
72491,2
72492,3
72493,3
72494,3
72495,3
72496,3
72497,3
72498,3
72499,3
72500,3
72501,3
72502,3
72503,3
72504,3
72505,3
72506,3
72507,3
72508,3
72509,3
72510,3
72511,3
72512,3
72513,3
72514,3
72515,3
72516,2
72517,3
72518,3
72519,3
72520,3
72521,2
72522,3
72523,3
72524,3
72525,3
72526,3
72527,2
72528,3
72529,3
72530,3
72531,3
72532,3
72533,3
72534,3
72535,2
72536,2
72537,3
72538,2
72539,2
72540,3
72541,3
72542,3
72543,3
72544,3
72545,3
72546,3
72547,3
72548,3
72549,3
72550,3
72551,3
72552,3
72553,3
72554,3
72555,3
72556,3
72557,3
72558,3
72559,3
72560,3
72561,3
72562,3
72563,3
72564,3
72565,3
72566,2
72567,3
72568,2
72569,3
72570,3
72571,3
72572,3
72573,3
72574,3
72575,3
72576,3
72577,3
72578,3
72579,3
72580,3
72581,2
72582,3
72583,3
72584,3
72585,3
72586,3
72587,3
72588,3
72589,2
72590,2
72591,2
72592,2
72593,2
72594,3
72595,3
72596,3
72597,3
72598,2
72599,3
72600,3
72601,3
72602,2
72603,3
72604,3
72605,3
72606,3
72607,3
72608,3
72609,3
72610,3
72611,3
72612,3
72613,3
72614,3
72615,3
72616,3
72617,2
72618,3
72619,3
72620,3
72621,3
72622,3
72623,3
72624,3
72625,3
72626,2
72627,3
72628,3
72629,3
72630,3
72631,3
72632,3
72633,3
72634,3
72635,3
72636,3
72637,3
72638,3
72639,3
72640,3
72641,2
72642,3
72643,3
72644,3
72645,3
72646,3
72647,3
72648,3
72649,3
72650,2
72651,3
72652,3
72653,3
72654,3
72655,3
72656,3
72657,3
72658,2
72659,3
72660,3
72661,3
72662,3
72663,3
72664,3
72665,3
72666,3
72667,3
72668,3
72669,3
72670,3
72671,3
72672,3
72673,3
72674,3
72675,3
72676,3
72677,3
72678,3
72679,3
72680,3
72681,3
72682,3
72683,3
72684,3
72685,3
72686,3
72687,3
72688,3
72689,3
72690,3
72691,3
72692,3
72693,3
72694,3
72695,3
72696,3
72697,3
72698,3
72699,3
72700,3
72701,3
72702,3
72703,3
72704,3
72705,3
72706,3
72707,3
72708,3
72709,3
72710,3
72711,3
72712,3
72713,3
72714,3
72715,3
72716,3
72717,3
72718,3
72719,3
72720,3
72721,3
72722,3
72723,3
72724,3
72725,3
72726,3
72727,3
72728,2
72729,3
72730,3
72731,3
72732,3
72733,3
72734,3
72735,3
72736,3
72737,3
72738,3
72739,3
72740,3
72741,3
72742,3
72743,3
72744,3
72745,3
72746,3
72747,3
72748,3
72749,3
72750,3
72751,3
72752,3
72753,3
72754,3
72755,3
72756,3
72757,3
72758,3
72759,3
72760,3
72761,3
72762,3
72763,3
72764,3
72765,3
72766,3
72767,3
72768,3
72769,3
72770,3
72771,3
72772,3
72773,3
72774,3
72775,2
72776,3
72777,3
72778,3
72779,3
72780,3
72781,3
72782,2
72783,2
72784,3
72785,2
72786,3
72787,3
72788,3
72789,3
72790,3
72791,3
72792,3
72793,3
72794,3
72795,3
72796,3
72797,3
72798,3
72799,3
72800,3
72801,3
72802,3
72803,3
72804,3
72805,3
72806,3
72807,3
72808,3
72809,3
72810,3
72811,3
72812,3
72813,3
72814,3
72815,3
72816,3
72817,3
72818,3
72819,3
72820,3
72821,3
72822,3
72823,3
72824,3
72825,3
72826,3
72827,3
72828,3
72829,3
72830,3
72831,3
72832,3
72833,3
72834,3
72835,3
72836,3
72837,3
72838,3
72839,3
72840,3
72841,3
72842,3
72843,3
72844,3
72845,3
72846,3
72847,3
72848,3
72849,3
72850,3
72851,3
72852,3
72853,3
72854,3
72855,3
72856,3
72857,3
72858,3
72859,3
72860,3
72861,3
72862,3
72863,3
72864,3
72865,3
72866,3
72867,3
72868,3
72869,3
72870,3
72871,3
72872,3
72873,3
72874,3
72875,3
72876,3
72877,3
72878,3
72879,3
72880,3
72881,3
72882,3
72883,3
72884,3
72885,3
72886,3
72887,3
72888,3
72889,3
72890,3
72891,3
72892,3
72893,3
72894,3
72895,3
72896,3
72897,3
72898,3
72899,3
72900,3
72901,3
72902,3
72903,3
72904,3
72905,3
72906,3
72907,3
72908,3
72909,3
72910,3
72911,3
72912,3
72913,3
72914,3
72915,3
72916,3
72917,3
72918,3
72919,3
72920,3
72921,3
72922,3
72923,3
72924,3
72925,3
72926,3
72927,3
72928,3
72929,3
72930,3
72931,3
72932,3
72933,3
72934,3
72935,3
72936,3
72937,3
72938,3
72939,3
72940,3
72941,3
72942,3
72943,3
72944,3
72945,3
72946,3
72947,3
72948,3
72949,3
72950,3
72951,3
72952,3
72953,3
72954,3
72955,3
72956,3
72957,3
72958,3
72959,3
72960,3
72961,3
72962,3
72963,3
72964,3
72965,3
72966,3
72967,3
72968,3
72969,3
72970,3
72971,3
72972,3
72973,3
72974,2
72975,2
72976,2
72977,3
72978,3
72979,2
72980,3
72981,2
72982,2
72983,3
72984,3
72985,3
72986,3
72987,3
72988,3
72989,3
72990,3
72991,2
72992,3
72993,2
72994,3
72995,3
72996,3
72997,3
72998,3
72999,3
73000,3
73001,3
73002,3
73003,3
73004,3
73005,3
73006,3
73007,3
73008,3
73009,3
73010,3
73011,2
73012,3
73013,3
73014,3
73015,3
73016,3
73017,3
73018,2
73019,3
73020,2
73021,3
73022,3
73023,2
73024,3
73025,3
73026,2
73027,2
73028,3
73029,3
73030,3
73031,3
73032,2
73033,3
73034,3
73035,2
73036,2
73037,2
73038,3
73039,3
73040,2
73041,2
73042,2
73043,3
73044,3
73045,3
73046,3
73047,3
73048,3
73049,3
73050,3
73051,2
73052,2
73053,3
73054,2
73055,2
73056,2
73057,2
73058,2
73059,3
73060,3
73061,3
73062,3
73063,3
73064,3
73065,3
73066,3
73067,3
73068,2
73069,2
73070,2
73071,2
73072,2
73073,3
73074,3
73075,2
73076,2
73077,3
73078,3
73079,2
73080,3
73081,2
73082,3
73083,3
73084,2
73085,3
73086,3
73087,2
73088,3
73089,3
73090,3
73091,3
73092,3
73093,3
73094,3
73095,3
73096,2
73097,3
73098,3
73099,3
73100,2
73101,3
73102,2
73103,2
73104,2
73105,3
73106,3
73107,3
73108,3
73109,3
73110,2
73111,3
73112,3
73113,3
73114,3
73115,3
73116,3
73117,3
73118,2
73119,3
73120,3
73121,3
73122,3
73123,3
73124,3
73125,2
73126,3
73127,3
73128,3
73129,3
73130,3
73131,3
73132,3
73133,3
73134,3
73135,3
73136,3
73137,2
73138,3
73139,3
73140,3
73141,3
73142,3
73143,3
73144,3
73145,2
73146,2
73147,3
73148,3
73149,2
73150,3
73151,2
73152,2
73153,3
73154,3
73155,2
73156,2
73157,2
73158,2
73159,2
73160,3
73161,3
73162,2
73163,2
73164,2
73165,2
73166,3
73167,3
73168,2
73169,3
73170,3
73171,3
73172,3
73173,3
73174,2
73175,2
73176,3
73177,3
73178,3
73179,3
73180,3
73181,2
73182,2
73183,3
73184,2
73185,2
73186,2
73187,2
73188,2
73189,3
73190,3
73191,3
73192,3
73193,3
73194,3
73195,3
73196,3
73197,3
73198,3
73199,2
73200,2
73201,3
73202,3
73203,3
73204,3
73205,3
73206,3
73207,3
73208,3
73209,3
73210,3
73211,3
73212,3
73213,3
73214,3
73215,3
73216,2
73217,2
73218,2
73219,2
73220,2
73221,3
73222,2
73223,2
73224,3
73225,2
73226,3
73227,3
73228,3
73229,3
73230,2
73231,3
73232,3
73233,3
73234,3
73235,3
73236,3
73237,3
73238,3
73239,3
73240,3
73241,3
73242,3
73243,3
73244,2
73245,3
73246,3
73247,3
73248,3
73249,2
73250,3
73251,3
73252,3
73253,3
73254,3
73255,3
73256,3
73257,3
73258,2
73259,2
73260,2
73261,2
73262,2
73263,3
73264,2
73265,2
73266,3
73267,3
73268,2
73269,2
73270,3
73271,3
73272,3
73273,2
73274,2
73275,2
73276,3
73277,3
73278,3
73279,3
73280,3
73281,3
73282,3
73283,2
73284,2
73285,2
73286,3
73287,3
73288,3
73289,3
73290,3
73291,3
73292,3
73293,3
73294,2
73295,3
73296,3
73297,2
73298,3
73299,3
73300,3
73301,3
73302,3
73303,3
73304,3
73305,3
73306,3
73307,2
73308,3
73309,3
73310,2
73311,2
73312,2
73313,3
73314,2
73315,2
73316,2
73317,2
73318,3
73319,3
73320,2
73321,2
73322,2
73323,2
73324,3
73325,2
73326,2
73327,2
73328,2
73329,2
73330,2
73331,3
73332,2
73333,3
73334,2
73335,2
73336,3
73337,2
73338,2
73339,2
73340,2
73341,2
73342,2
73343,2
73344,2
73345,3
73346,2
73347,3
73348,2
73349,2
73350,2
73351,2
73352,2
73353,3
73354,2
73355,3
73356,2
73357,2
73358,2
73359,2
73360,2
73361,3
73362,3
73363,2
73364,2
73365,3
73366,3
73367,3
73368,2
73369,2
73370,2
73371,2
73372,2
73373,2
73374,3
73375,3
73376,2
73377,2
73378,2
73379,3
73380,3
73381,3
73382,3
73383,2
73384,3
73385,2
73386,2
73387,2
73388,2
73389,2
73390,2
73391,3
73392,2
73393,2
73394,2
73395,2
73396,2
73397,2
73398,2
73399,2
73400,2
73401,3
73402,2
73403,2
73404,3
73405,2
73406,3
73407,2
73408,3
73409,2
73410,3
73411,3
73412,2
73413,3
73414,2
73415,3
73416,2
73417,2
73418,2
73419,3
73420,3
73421,2
73422,3
73423,3
73424,3
73425,3
73426,3
73427,2
73428,2
73429,2
73430,3
73431,2
73432,2
73433,2
73434,3
73435,3
73436,2
73437,3
73438,2
73439,2
73440,2
73441,2
73442,2
73443,2
73444,2
73445,2
73446,3
73447,3
73448,2
73449,2
73450,2
73451,3
73452,2
73453,2
73454,2
73455,2
73456,2
73457,2
73458,2
73459,3
73460,2
73461,2
73462,2
73463,2
73464,2
73465,2
73466,2
73467,2
73468,2
73469,2
73470,2
73471,3
73472,2
73473,2
73474,2
73475,2
73476,2
73477,2
73478,3
73479,2
73480,2
73481,2
73482,3
73483,3
73484,2
73485,3
73486,3
73487,2
73488,2
73489,3
73490,3
73491,2
73492,2
73493,3
73494,3
73495,2
73496,2
73497,2
73498,2
73499,2
73500,2
73501,2
73502,3
73503,2
73504,3
73505,2
73506,2
73507,2
73508,2
73509,2
73510,2
73511,3
73512,3
73513,2
73514,2
73515,3
73516,2
73517,3
73518,2
73519,3
73520,3
73521,3
73522,3
73523,3
73524,2
73525,3
73526,3
73527,3
73528,3
73529,3
73530,2
73531,2
73532,2
73533,3
73534,3
73535,2
73536,3
73537,3
73538,3
73539,3
73540,3
73541,2
73542,2
73543,3
73544,2
73545,2
73546,3
73547,2
73548,3
73549,3
73550,3
73551,2
73552,2
73553,2
73554,2
73555,2
73556,2
73557,2
73558,3
73559,3
73560,3
73561,3
73562,2
73563,3
73564,2
73565,3
73566,3
73567,2
73568,2
73569,2
73570,2
73571,3
73572,3
73573,3
73574,3
73575,3
73576,3
73577,3
73578,2
73579,3
73580,3
73581,3
73582,3
73583,3
73584,2
73585,2
73586,3
73587,2
73588,3
73589,2
73590,2
73591,2
73592,3
73593,3
73594,2
73595,3
73596,2
73597,3
73598,3
73599,2
73600,3
73601,3
73602,2
73603,2
73604,2
73605,3
73606,2
73607,2
73608,2
73609,2
73610,3
73611,2
73612,3
73613,2
73614,2
73615,3
73616,2
73617,2
73618,2
73619,2
73620,2
73621,2
73622,2
73623,3
73624,2
73625,3
73626,2
73627,3
73628,2
73629,2
73630,2
73631,2
73632,2
73633,2
73634,2
73635,3
73636,2
73637,2
73638,3
73639,3
73640,2
73641,3
73642,2
73643,2
73644,2
73645,3
73646,3
73647,2
73648,2
73649,2
73650,2
73651,2
73652,3
73653,3
73654,3
73655,3
73656,2
73657,3
73658,2
73659,3
73660,3
73661,2
73662,2
73663,2
73664,3
73665,3
73666,3
73667,3
73668,3
73669,3
73670,3
73671,3
73672,2
73673,2
73674,2
73675,2
73676,2
73677,2
73678,2
73679,2
73680,2
73681,2
73682,3
73683,2
73684,2
73685,2
73686,2
73687,3
73688,2
73689,2
73690,2
73691,3
73692,2
73693,2
73694,3
73695,3
73696,2
73697,2
73698,3
73699,3
73700,3
73701,2
73702,2
73703,2
73704,3
73705,2
73706,2
73707,2
73708,2
73709,2
73710,3
73711,2
73712,3
73713,3
73714,2
73715,3
73716,3
73717,2
73718,2
73719,2
73720,2
73721,2
73722,3
73723,2
73724,2
73725,2
73726,3
73727,2
73728,2
73729,2
73730,2
73731,2
73732,2
73733,3
73734,3
73735,3
73736,3
73737,3
73738,3
73739,2
73740,3
73741,2
73742,2
73743,3
73744,2
73745,3
73746,2
73747,3
73748,3
73749,3
73750,3
73751,3
73752,2
73753,3
73754,3
73755,3
73756,3
73757,3
73758,3
73759,3
73760,2
73761,3
73762,3
73763,3
73764,3
73765,3
73766,2
73767,2
73768,3
73769,3
73770,2
73771,3
73772,2
73773,3
73774,2
73775,3
73776,3
73777,2
73778,3
73779,3
73780,3
73781,3
73782,3
73783,3
73784,3
73785,3
73786,2
73787,2
73788,3
73789,2
73790,2
73791,3
73792,3
73793,3
73794,2
73795,2
73796,2
73797,2
73798,2
73799,2
73800,2
73801,2
73802,3
73803,3
73804,3
73805,3
73806,2
73807,3
73808,3
73809,3
73810,3
73811,3
73812,3
73813,3
73814,2
73815,2
73816,2
73817,3
73818,2
73819,3
73820,3
73821,2
73822,2
73823,2
73824,2
73825,2
73826,2
73827,2
73828,3
73829,2
73830,2
73831,2
73832,2
73833,2
73834,2
73835,3
73836,2
73837,3
73838,2
73839,2
73840,2
73841,2
73842,3
73843,2
73844,3
73845,2
73846,2
73847,2
73848,2
73849,3
73850,3
73851,2
73852,2
73853,2
73854,2
73855,2
73856,3
73857,3
73858,3
73859,2
73860,2
73861,2
73862,2
73863,3
73864,3
73865,3
73866,3
73867,3
73868,3
73869,3
73870,3
73871,3
73872,2
73873,3
73874,3
73875,3
73876,3
73877,3
73878,3
73879,3
73880,3
73881,3
73882,3
73883,3
73884,3
73885,3
73886,3
73887,3
73888,3
73889,3
73890,3
73891,3
73892,3
73893,3
73894,3
73895,3
73896,3
73897,3
73898,3
73899,2
73900,3
73901,3
73902,3
73903,3
73904,3
73905,3
73906,3
73907,3
73908,3
73909,2
73910,2
73911,2
73912,2
73913,2
73914,3
73915,3
73916,2
73917,3
73918,3
73919,3
73920,2
73921,2
73922,3
73923,3
73924,2
73925,3
73926,2
73927,3
73928,3
73929,3
73930,2
73931,2
73932,3
73933,2
73934,2
73935,2
73936,2
73937,3
73938,2
73939,3
73940,3
73941,2
73942,2
73943,2
73944,2
73945,2
73946,3
73947,3
73948,3
73949,3
73950,3
73951,2
73952,2
73953,2
73954,2
73955,2
73956,2
73957,3
73958,2
73959,2
73960,3
73961,3
73962,3
73963,3
73964,3
73965,2
73966,2
73967,3
73968,3
73969,2
73970,2
73971,2
73972,2
73973,2
73974,3
73975,2
73976,2
73977,2
73978,3
73979,3
73980,2
73981,2
73982,2
73983,2
73984,3
73985,3
73986,2
73987,2
73988,2
73989,2
73990,3
73991,3
73992,2
73993,3
73994,2
73995,3
73996,2
73997,3
73998,2
73999,2
74000,3
74001,3
74002,2
74003,2
74004,2
74005,2
74006,2
74007,2
74008,2
74009,3
74010,2
74011,2
74012,2
74013,2
74014,2
74015,2
74016,2
74017,2
74018,2
74019,2
74020,2
74021,2
74022,3
74023,2
74024,2
74025,2
74026,2
74027,2
74028,3
74029,3
74030,3
74031,2
74032,3
74033,3
74034,3
74035,3
74036,3
74037,3
74038,2
74039,3
74040,3
74041,2
74042,2
74043,2
74044,2
74045,2
74046,3
74047,2
74048,2
74049,2
74050,2
74051,3
74052,2
74053,2
74054,2
74055,3
74056,2
74057,2
74058,2
74059,2
74060,3
74061,3
74062,3
74063,3
74064,2
74065,2
74066,3
74067,2
74068,3
74069,3
74070,3
74071,2
74072,2
74073,2
74074,2
74075,3
74076,2
74077,2
74078,2
74079,2
74080,3
74081,2
74082,2
74083,3
74084,2
74085,2
74086,2
74087,2
74088,2
74089,2
74090,2
74091,2
74092,2
74093,2
74094,2
74095,2
74096,3
74097,2
74098,2
74099,2
74100,2
74101,3
74102,3
74103,2
74104,3
74105,3
74106,2
74107,2
74108,2
74109,2
74110,2
74111,2
74112,2
74113,3
74114,3
74115,3
74116,3
74117,3
74118,2
74119,2
74120,2
74121,2
74122,2
74123,2
74124,2
74125,2
74126,2
74127,3
74128,2
74129,3
74130,2
74131,2
74132,2
74133,2
74134,2
74135,2
74136,3
74137,3
74138,2
74139,2
74140,3
74141,2
74142,2
74143,2
74144,2
74145,2
74146,2
74147,2
74148,2
74149,2
74150,2
74151,2
74152,2
74153,2
74154,2
74155,2
74156,2
74157,3
74158,3
74159,2
74160,2
74161,2
74162,2
74163,3
74164,2
74165,2
74166,3
74167,2
74168,2
74169,2
74170,2
74171,2
74172,2
74173,3
74174,2
74175,2
74176,2
74177,2
74178,2
74179,2
74180,2
74181,2
74182,3
74183,2
74184,2
74185,3
74186,2
74187,2
74188,3
74189,2
74190,2
74191,2
74192,2
74193,2
74194,2
74195,2
74196,3
74197,2
74198,2
74199,3
74200,3
74201,2
74202,3
74203,2
74204,2
74205,3
74206,3
74207,3
74208,3
74209,2
74210,2
74211,2
74212,3
74213,3
74214,2
74215,3
74216,2
74217,3
74218,3
74219,3
74220,3
74221,2
74222,2
74223,3
74224,2
74225,2
74226,2
74227,3
74228,2
74229,3
74230,2
74231,2
74232,2
74233,2
74234,3
74235,3
74236,2
74237,2
74238,2
74239,2
74240,2
74241,2
74242,2
74243,3
74244,2
74245,2
74246,3
74247,3
74248,3
74249,2
74250,3
74251,2
74252,2
74253,2
74254,2
74255,2
74256,3
74257,3
74258,3
74259,3
74260,3
74261,2
74262,2
74263,2
74264,3
74265,3
74266,2
74267,3
74268,3
74269,2
74270,2
74271,2
74272,3
74273,2
74274,2
74275,2
74276,2
74277,2
74278,3
74279,3
74280,2
74281,3
74282,2
74283,2
74284,2
74285,2
74286,3
74287,2
74288,2
74289,2
74290,2
74291,2
74292,2
74293,2
74294,3
74295,3
74296,3
74297,2
74298,2
74299,3
74300,2
74301,2
74302,2
74303,2
74304,2
74305,2
74306,2
74307,2
74308,3
74309,3
74310,2
74311,2
74312,2
74313,3
74314,2
74315,3
74316,3
74317,2
74318,3
74319,2
74320,3
74321,3
74322,2
74323,2
74324,3
74325,3
74326,3
74327,2
74328,3
74329,3
74330,3
74331,3
74332,3
74333,3
74334,3
74335,3
74336,2
74337,2
74338,3
74339,3
74340,3
74341,3
74342,3
74343,2
74344,3
74345,3
74346,3
74347,3
74348,3
74349,3
74350,2
74351,3
74352,3
74353,3
74354,3
74355,3
74356,2
74357,3
74358,3
74359,3
74360,3
74361,2
74362,3
74363,3
74364,3
74365,2
74366,3
74367,2
74368,3
74369,3
74370,3
74371,3
74372,3
74373,3
74374,2
74375,2
74376,2
74377,2
74378,2
74379,3
74380,2
74381,3
74382,3
74383,3
74384,2
74385,2
74386,2
74387,3
74388,2
74389,3
74390,3
74391,3
74392,3
74393,3
74394,3
74395,3
74396,3
74397,3
74398,2
74399,3
74400,3
74401,2
74402,2
74403,3
74404,3
74405,3
74406,2
74407,2
74408,3
74409,3
74410,3
74411,3
74412,3
74413,2
74414,2
74415,3
74416,2
74417,3
74418,3
74419,3
74420,2
74421,2
74422,2
74423,3
74424,2
74425,3
74426,3
74427,3
74428,3
74429,2
74430,3
74431,3
74432,2
74433,2
74434,2
74435,3
74436,3
74437,2
74438,2
74439,3
74440,2
74441,2
74442,2
74443,2
74444,3
74445,3
74446,2
74447,3
74448,3
74449,2
74450,2
74451,2
74452,2
74453,3
74454,3
74455,3
74456,3
74457,3
74458,2
74459,3
74460,2
74461,3
74462,2
74463,2
74464,3
74465,3
74466,2
74467,3
74468,2
74469,3
74470,2
74471,2
74472,2
74473,2
74474,3
74475,3
74476,3
74477,3
74478,2
74479,3
74480,3
74481,3
74482,3
74483,3
74484,3
74485,3
74486,3
74487,3
74488,2
74489,3
74490,2
74491,3
74492,2
74493,2
74494,2
74495,2
74496,3
74497,3
74498,3
74499,3
74500,3
74501,3
74502,3
74503,3
74504,3
74505,2
74506,3
74507,2
74508,2
74509,2
74510,2
74511,2
74512,3
74513,3
74514,3
74515,3
74516,3
74517,3
74518,3
74519,3
74520,3
74521,3
74522,3
74523,3
74524,3
74525,2
74526,2
74527,3
74528,3
74529,3
74530,3
74531,2
74532,2
74533,2
74534,2
74535,2
74536,2
74537,3
74538,3
74539,2
74540,2
74541,3
74542,2
74543,3
74544,3
74545,2
74546,2
74547,3
74548,2
74549,2
74550,2
74551,2
74552,3
74553,3
74554,3
74555,3
74556,3
74557,3
74558,2
74559,3
74560,3
74561,3
74562,2
74563,3
74564,3
74565,2
74566,3
74567,3
74568,3
74569,2
74570,3
74571,2
74572,3
74573,2
74574,2
74575,2
74576,3
74577,3
74578,3
74579,2
74580,3
74581,2
74582,2
74583,3
74584,3
74585,3
74586,3
74587,2
74588,2
74589,2
74590,3
74591,2
74592,2
74593,2
74594,3
74595,3
74596,3
74597,2
74598,2
74599,2
74600,3
74601,2
74602,2
74603,2
74604,2
74605,3
74606,2
74607,2
74608,2
74609,3
74610,2
74611,3
74612,2
74613,2
74614,2
74615,3
74616,2
74617,2
74618,2
74619,2
74620,2
74621,2
74622,2
74623,2
74624,2
74625,2
74626,2
74627,2
74628,2
74629,2
74630,2
74631,3
74632,3
74633,3
74634,3
74635,3
74636,3
74637,3
74638,3
74639,3
74640,3
74641,3
74642,3
74643,3
74644,3
74645,3
74646,3
74647,2
74648,2
74649,2
74650,2
74651,3
74652,3
74653,3
74654,2
74655,2
74656,2
74657,2
74658,2
74659,2
74660,2
74661,2
74662,2
74663,3
74664,2
74665,3
74666,2
74667,3
74668,2
74669,2
74670,2
74671,2
74672,2
74673,2
74674,2
74675,2
74676,2
74677,2
74678,2
74679,3
74680,2
74681,2
74682,2
74683,3
74684,2
74685,2
74686,2
74687,2
74688,2
74689,2
74690,3
74691,3
74692,2
74693,3
74694,3
74695,2
74696,3
74697,2
74698,2
74699,2
74700,2
74701,2
74702,2
74703,3
74704,3
74705,2
74706,3
74707,3
74708,2
74709,2
74710,2
74711,2
74712,3
74713,3
74714,3
74715,3
74716,2
74717,2
74718,3
74719,2
74720,2
74721,3
74722,2
74723,2
74724,2
74725,2
74726,3
74727,3
74728,2
74729,2
74730,2
74731,2
74732,2
74733,3
74734,3
74735,3
74736,3
74737,3
74738,3
74739,3
74740,3
74741,3
74742,2
74743,2
74744,2
74745,3
74746,3
74747,2
74748,3
74749,3
74750,2
74751,3
74752,3
74753,2
74754,3
74755,2
74756,2
74757,3
74758,2
74759,2
74760,2
74761,3
74762,3
74763,2
74764,2
74765,2
74766,3
74767,3
74768,2
74769,3
74770,3
74771,2
74772,2
74773,2
74774,3
74775,3
74776,2
74777,2
74778,2
74779,2
74780,2
74781,2
74782,2
74783,2
74784,2
74785,2
74786,2
74787,2
74788,3
74789,3
74790,2
74791,2
74792,2
74793,3
74794,2
74795,2
74796,2
74797,2
74798,2
74799,2
74800,2
74801,2
74802,3
74803,3
74804,3
74805,2
74806,2
74807,2
74808,2
74809,2
74810,2
74811,2
74812,2
74813,2
74814,3
74815,2
74816,2
74817,2
74818,3
74819,2
74820,2
74821,2
74822,2
74823,2
74824,2
74825,3
74826,3
74827,2
74828,2
74829,3
74830,2
74831,2
74832,2
74833,2
74834,2
74835,2
74836,2
74837,2
74838,2
74839,2
74840,2
74841,2
74842,2
74843,2
74844,2
74845,2
74846,2
74847,2
74848,3
74849,2
74850,2
74851,3
74852,2
74853,2
74854,2
74855,2
74856,2
74857,3
74858,2
74859,2
74860,2
74861,2
74862,2
74863,3
74864,3
74865,3
74866,3
74867,3
74868,2
74869,3
74870,2
74871,2
74872,2
74873,2
74874,3
74875,3
74876,2
74877,2
74878,2
74879,2
74880,2
74881,3
74882,2
74883,2
74884,3
74885,3
74886,3
74887,2
74888,3
74889,3
74890,3
74891,3
74892,3
74893,3
74894,3
74895,3
74896,2
74897,3
74898,3
74899,2
74900,2
74901,2
74902,3
74903,3
74904,3
74905,3
74906,3
74907,3
74908,3
74909,3
74910,3
74911,3
74912,3
74913,3
74914,3
74915,2
74916,2
74917,3
74918,3
74919,3
74920,3
74921,3
74922,3
74923,3
74924,3
74925,3
74926,2
74927,3
74928,2
74929,3
74930,2
74931,2
74932,2
74933,2
74934,2
74935,2
74936,2
74937,2
74938,2
74939,2
74940,2
74941,3
74942,2
74943,2
74944,2
74945,2
74946,2
74947,3
74948,2
74949,2
74950,3
74951,3
74952,2
74953,2
74954,2
74955,3
74956,2
74957,3
74958,3
74959,2
74960,2
74961,2
74962,2
74963,2
74964,2
74965,2
74966,2
74967,2
74968,2
74969,2
74970,2
74971,2
74972,2
74973,2
74974,3
74975,3
74976,2
74977,3
74978,2
74979,3
74980,2
74981,2
74982,3
74983,2
74984,2
74985,2
74986,2
74987,2
74988,2
74989,2
74990,2
74991,2
74992,2
74993,3
74994,2
74995,2
74996,2
74997,2
74998,2
74999,2
75000,2
75001,2
75002,2
75003,2
75004,3
75005,2
75006,2
75007,2
75008,2
75009,3
75010,3
75011,2
75012,2
75013,2
75014,2
75015,3
75016,2
75017,3
75018,2
75019,2
75020,2
75021,2
75022,2
75023,2
75024,2
75025,2
75026,3
75027,2
75028,3
75029,3
75030,2
75031,3
75032,2
75033,3
75034,2
75035,2
75036,3
75037,3
75038,2
75039,2
75040,2
75041,3
75042,3
75043,2
75044,3
75045,3
75046,2
75047,2
75048,3
75049,3
75050,3
75051,3
75052,3
75053,2
75054,2
75055,3
75056,2
75057,2
75058,3
75059,2
75060,2
75061,2
75062,2
75063,3
75064,3
75065,2
75066,3
75067,2
75068,3
75069,3
75070,2
75071,2
75072,2
75073,2
75074,3
75075,2
75076,2
75077,3
75078,2
75079,2
75080,3
75081,2
75082,2
75083,3
75084,2
75085,3
75086,3
75087,2
75088,3
75089,3
75090,3
75091,3
75092,3
75093,3
75094,3
75095,3
75096,2
75097,2
75098,2
75099,3
75100,3
75101,3
75102,2
75103,2
75104,3
75105,2
75106,3
75107,3
75108,2
75109,2
75110,2
75111,3
75112,2
75113,3
75114,2
75115,3
75116,3
75117,2
75118,3
75119,3
75120,2
75121,2
75122,3
75123,2
75124,2
75125,2
75126,3
75127,3
75128,3
75129,2
75130,2
75131,2
75132,2
75133,2
75134,3
75135,2
75136,2
75137,2
75138,3
75139,2
75140,2
75141,2
75142,3
75143,3
75144,2
75145,3
75146,3
75147,2
75148,3
75149,2
75150,3
75151,2
75152,2
75153,2
75154,3
75155,2
75156,2
75157,2
75158,3
75159,2
75160,2
75161,2
75162,2
75163,2
75164,2
75165,3
75166,3
75167,3
75168,3
75169,3
75170,3
75171,2
75172,2
75173,3
75174,3
75175,3
75176,3
75177,2
75178,2
75179,3
75180,2
75181,3
75182,2
75183,2
75184,2
75185,2
75186,2
75187,3
75188,2
75189,2
75190,2
75191,2
75192,2
75193,2
75194,3
75195,3
75196,3
75197,3
75198,3
75199,3
75200,2
75201,2
75202,2
75203,2
75204,2
75205,3
75206,3
75207,3
75208,2
75209,3
75210,2
75211,2
75212,2
75213,2
75214,3
75215,2
75216,2
75217,3
75218,3
75219,3
75220,2
75221,2
75222,2
75223,3
75224,3
75225,3
75226,3
75227,2
75228,3
75229,3
75230,2
75231,2
75232,2
75233,2
75234,2
75235,2
75236,3
75237,3
75238,2
75239,3
75240,3
75241,2
75242,3
75243,3
75244,2
75245,3
75246,2
75247,2
75248,2
75249,2
75250,2
75251,2
75252,2
75253,2
75254,2
75255,2
75256,3
75257,2
75258,3
75259,2
75260,2
75261,2
75262,2
75263,3
75264,3
75265,3
75266,3
75267,2
75268,2
75269,2
75270,2
75271,2
75272,2
75273,3
75274,3
75275,2
75276,2
75277,3
75278,2
75279,2
75280,3
75281,3
75282,2
75283,3
75284,2
75285,3
75286,2
75287,3
75288,2
75289,2
75290,2
75291,2
75292,2
75293,2
75294,2
75295,3
75296,2
75297,2
75298,2
75299,2
75300,2
75301,3
75302,2
75303,3
75304,2
75305,3
75306,2
75307,3
75308,2
75309,2
75310,2
75311,3
75312,2
75313,2
75314,3
75315,2
75316,2
75317,2
75318,2
75319,2
75320,2
75321,2
75322,2
75323,2
75324,2
75325,2
75326,2
75327,2
75328,2
75329,2
75330,2
75331,2
75332,2
75333,2
75334,2
75335,2
75336,2
75337,2
75338,2
75339,2
75340,2
75341,3
75342,2
75343,2
75344,3
75345,2
75346,2
75347,2
75348,2
75349,2
75350,3
75351,2
75352,3
75353,3
75354,2
75355,3
75356,3
75357,2
75358,2
75359,2
75360,2
75361,3
75362,2
75363,3
75364,2
75365,3
75366,3
75367,3
75368,2
75369,3
75370,3
75371,3
75372,3
75373,2
75374,2
75375,3
75376,2
75377,2
75378,2
75379,3
75380,3
75381,2
75382,2
75383,2
75384,2
75385,2
75386,2
75387,2
75388,3
75389,2
75390,2
75391,2
75392,3
75393,2
75394,2
75395,2
75396,2
75397,2
75398,3
75399,3
75400,2
75401,2
75402,2
75403,3
75404,2
75405,2
75406,2
75407,2
75408,2
75409,2
75410,2
75411,3
75412,3
75413,3
75414,2
75415,2
75416,3
75417,2
75418,3
75419,2
75420,3
75421,2
75422,2
75423,2
75424,3
75425,3
75426,2
75427,2
75428,2
75429,2
75430,2
75431,2
75432,2
75433,2
75434,2
75435,3
75436,3
75437,2
75438,2
75439,2
75440,3
75441,2
75442,2
75443,2
75444,2
75445,2
75446,3
75447,3
75448,2
75449,2
75450,2
75451,2
75452,2
75453,2
75454,3
75455,3
75456,2
75457,2
75458,2
75459,2
75460,3
75461,2
75462,2
75463,2
75464,3
75465,2
75466,2
75467,3
75468,3
75469,2
75470,2
75471,2
75472,2
75473,3
75474,2
75475,3
75476,3
75477,3
75478,2
75479,2
75480,2
75481,2
75482,3
75483,2
75484,2
75485,2
75486,3
75487,3
75488,2
75489,2
75490,2
75491,2
75492,3
75493,2
75494,2
75495,2
75496,3
75497,3
75498,3
75499,3
75500,3
75501,3
75502,2
75503,3
75504,2
75505,2
75506,2
75507,2
75508,2
75509,2
75510,2
75511,2
75512,2
75513,2
75514,2
75515,2
75516,2
75517,2
75518,2
75519,2
75520,2
75521,2
75522,2
75523,2
75524,2
75525,2
75526,2
75527,3
75528,2
75529,2
75530,2
75531,3
75532,2
75533,2
75534,2
75535,2
75536,2
75537,2
75538,2
75539,2
75540,2
75541,2
75542,3
75543,2
75544,2
75545,2
75546,2
75547,2
75548,2
75549,2
75550,2
75551,3
75552,3
75553,2
75554,3
75555,2
75556,2
75557,2
75558,3
75559,2
75560,2
75561,3
75562,2
75563,2
75564,2
75565,2
75566,2
75567,2
75568,2
75569,3
75570,3
75571,3
75572,2
75573,2
75574,2
75575,2
75576,2
75577,3
75578,3
75579,3
75580,2
75581,3
75582,3
75583,2
75584,3
75585,2
75586,2
75587,2
75588,2
75589,2
75590,3
75591,2
75592,2
75593,3
75594,2
75595,2
75596,2
75597,3
75598,3
75599,2
75600,2
75601,2
75602,2
75603,2
75604,2
75605,3
75606,2
75607,2
75608,3
75609,2
75610,3
75611,3
75612,3
75613,2
75614,2
75615,2
75616,3
75617,2
75618,2
75619,2
75620,3
75621,3
75622,2
75623,2
75624,3
75625,2
75626,2
75627,3
75628,2
75629,3
75630,2
75631,2
75632,2
75633,3
75634,3
75635,2
75636,3
75637,2
75638,3
75639,2
75640,2
75641,2
75642,2
75643,2
75644,3
75645,2
75646,2
75647,2
75648,3
75649,2
75650,2
75651,2
75652,3
75653,3
75654,2
75655,2
75656,2
75657,2
75658,3
75659,2
75660,2
75661,2
75662,2
75663,2
75664,2
75665,2
75666,3
75667,3
75668,3
75669,3
75670,2
75671,3
75672,2
75673,3
75674,2
75675,2
75676,2
75677,3
75678,2
75679,3
75680,2
75681,2
75682,3
75683,3
75684,2
75685,2
75686,2
75687,3
75688,2
75689,2
75690,2
75691,2
75692,3
75693,2
75694,2
75695,3
75696,2
75697,2
75698,2
75699,2
75700,3
75701,2
75702,2
75703,3
75704,3
75705,2
75706,3
75707,2
75708,3
75709,2
75710,3
75711,2
75712,2
75713,3
75714,3
75715,3
75716,3
75717,2
75718,3
75719,3
75720,3
75721,3
75722,2
75723,3
75724,3
75725,3
75726,3
75727,3
75728,2
75729,2
75730,3
75731,2
75732,2
75733,3
75734,3
75735,3
75736,2
75737,2
75738,2
75739,2
75740,3
75741,2
75742,2
75743,3
75744,3
75745,3
75746,2
75747,3
75748,3
75749,3
75750,3
75751,3
75752,3
75753,3
75754,3
75755,3
75756,3
75757,3
75758,3
75759,2
75760,3
75761,3
75762,3
75763,3
75764,3
75765,3
75766,2
75767,3
75768,2
75769,3
75770,3
75771,3
75772,2
75773,3
75774,3
75775,3
75776,3
75777,3
75778,2
75779,2
75780,3
75781,3
75782,3
75783,2
75784,2
75785,2
75786,2
75787,2
75788,2
75789,2
75790,2
75791,2
75792,2
75793,3
75794,3
75795,2
75796,3
75797,2
75798,3
75799,2
75800,2
75801,3
75802,2
75803,3
75804,3
75805,3
75806,2
75807,2
75808,2
75809,2
75810,2
75811,3
75812,2
75813,2
75814,2
75815,2
75816,3
75817,3
75818,3
75819,2
75820,2
75821,3
75822,2
75823,2
75824,2
75825,2
75826,3
75827,2
75828,2
75829,2
75830,2
75831,2
75832,2
75833,2
75834,2
75835,2
75836,2
75837,3
75838,3
75839,2
75840,2
75841,2
75842,2
75843,2
75844,2
75845,2
75846,3
75847,2
75848,3
75849,2
75850,2
75851,3
75852,2
75853,2
75854,3
75855,2
75856,3
75857,2
75858,3
75859,3
75860,3
75861,2
75862,2
75863,2
75864,2
75865,2
75866,2
75867,2
75868,2
75869,2
75870,2
75871,2
75872,3
75873,2
75874,2
75875,2
75876,2
75877,2
75878,2
75879,2
75880,2
75881,2
75882,2
75883,2
75884,2
75885,2
75886,2
75887,2
75888,2
75889,2
75890,2
75891,2
75892,2
75893,2
75894,2
75895,2
75896,2
75897,2
75898,2
75899,2
75900,2
75901,2
75902,2
75903,2
75904,2
75905,2
75906,2
75907,2
75908,2
75909,2
75910,2
75911,2
75912,2
75913,2
75914,2
75915,2
75916,2
75917,2
75918,2
75919,2
75920,2
75921,2
75922,2
75923,2
75924,2
75925,2
75926,2
75927,2
75928,2
75929,2
75930,2
75931,2
75932,2
75933,2
75934,2
75935,2
75936,2
75937,2
75938,2
75939,2
75940,2
75941,2
75942,2
75943,2
75944,2
75945,2
75946,2
75947,2
75948,2
75949,2
75950,2
75951,2
75952,2
75953,3
75954,2
75955,2
75956,2
75957,2
75958,2
75959,2
75960,3
75961,3
75962,3
75963,2
75964,2
75965,2
75966,2
75967,2
75968,3
75969,2
75970,2
75971,2
75972,2
75973,2
75974,2
75975,2
75976,2
75977,2
75978,2
75979,2
75980,2
75981,2
75982,2
75983,2
75984,2
75985,2
75986,2
75987,2
75988,2
75989,2
75990,2
75991,2
75992,2
75993,2
75994,2
75995,2
75996,2
75997,2
75998,2
75999,2
76000,2
76001,2
76002,2
76003,2
76004,2
76005,2
76006,2
76007,2
76008,2
76009,2
76010,2
76011,2
76012,2
76013,2
76014,2
76015,3
76016,2
76017,2
76018,3
76019,3
76020,3
76021,3
76022,3
76023,3
76024,3
76025,3
76026,3
76027,3
76028,3
76029,3
76030,3
76031,3
76032,3
76033,3
76034,3
76035,3
76036,3
76037,3
76038,3
76039,3
76040,3
76041,3
76042,3
76043,3
76044,3
76045,3
76046,3
76047,3
76048,3
76049,3
76050,3
76051,3
76052,3
76053,3
76054,3
76055,3
76056,3
76057,3
76058,3
76059,3
76060,3
76061,3
76062,3
76063,3
76064,3
76065,3
76066,3
76067,3
76068,3
76069,3
76070,3
76071,3
76072,3
76073,3
76074,3
76075,3
76076,3
76077,3
76078,3
76079,3
76080,3
76081,3
76082,3
76083,3
76084,3
76085,3
76086,3
76087,3
76088,3
76089,3
76090,3
76091,3
76092,3
76093,3
76094,3
76095,3
76096,3
76097,3
76098,3
76099,3
76100,3
76101,3
76102,3
76103,3
76104,3
76105,3
76106,3
76107,3
76108,3
76109,3
76110,3
76111,3
76112,3
76113,3
76114,3
76115,3
76116,3
76117,3
76118,3
76119,3
76120,3
76121,3
76122,3
76123,3
76124,3
76125,3
76126,3
76127,3
76128,3
76129,3
76130,3
76131,2
76132,3
76133,3
76134,3
76135,3
76136,3
76137,3
76138,3
76139,3
76140,3
76141,3
76142,3
76143,3
76144,3
76145,3
76146,3
76147,3
76148,3
76149,3
76150,3
76151,3
76152,3
76153,3
76154,3
76155,3
76156,3
76157,3
76158,3
76159,3
76160,3
76161,3
76162,2
76163,3
76164,3
76165,3
76166,3
76167,3
76168,3
76169,3
76170,3
76171,3
76172,3
76173,3
76174,3
76175,3
76176,3
76177,3
76178,3
76179,3
76180,3
76181,3
76182,3
76183,3
76184,3
76185,3
76186,3
76187,3
76188,3
76189,3
76190,3
76191,3
76192,3
76193,3
76194,3
76195,3
76196,3
76197,3
76198,3
76199,3
76200,3
76201,3
76202,3
76203,3
76204,3
76205,3
76206,3
76207,3
76208,3
76209,3
76210,3
76211,3
76212,3
76213,3
76214,3
76215,3
76216,3
76217,3
76218,3
76219,3
76220,3
76221,3
76222,3
76223,3
76224,3
76225,3
76226,3
76227,3
76228,3
76229,3
76230,3
76231,3
76232,3
76233,3
76234,3
76235,3
76236,3
76237,3
76238,3
76239,3
76240,3
76241,3
76242,3
76243,3
76244,3
76245,3
76246,3
76247,3
76248,3
76249,3
76250,3
76251,3
76252,3
76253,3
76254,3
76255,3
76256,3
76257,3
76258,3
76259,3
76260,3
76261,3
76262,3
76263,3
76264,3
76265,3
76266,3
76267,3
76268,3
76269,3
76270,3
76271,3
76272,3
76273,3
76274,3
76275,3
76276,3
76277,3
76278,3
76279,3
76280,3
76281,3
76282,3
76283,3
76284,3
76285,3
76286,3
76287,3
76288,3
76289,3
76290,3
76291,3
76292,3
76293,3
76294,3
76295,3
76296,3
76297,3
76298,3
76299,3
76300,3
76301,3
76302,3
76303,3
76304,3
76305,3
76306,3
76307,3
76308,3
76309,3
76310,3
76311,3
76312,3
76313,3
76314,3
76315,3
76316,3
76317,3
76318,3
76319,3
76320,3
76321,3
76322,3
76323,3
76324,3
76325,3
76326,3
76327,3
76328,3
76329,3
76330,3
76331,3
76332,3
76333,3
76334,3
76335,3
76336,3
76337,3
76338,3
76339,3
76340,3
76341,3
76342,3
76343,3
76344,3
76345,3
76346,3
76347,3
76348,3
76349,3
76350,3
76351,3
76352,3
76353,3
76354,3
76355,3
76356,3
76357,3
76358,3
76359,3
76360,3
76361,3
76362,3
76363,3
76364,3
76365,3
76366,3
76367,3
76368,2
76369,3
76370,3
76371,3
76372,3
76373,3
76374,3
76375,3
76376,3
76377,3
76378,3
76379,3
76380,3
76381,3
76382,3
76383,3
76384,3
76385,3
76386,3
76387,3
76388,3
76389,3
76390,3
76391,3
76392,3
76393,3
76394,3
76395,3
76396,3
76397,3
76398,3
76399,3
76400,3
76401,3
76402,3
76403,3
76404,3
76405,3
76406,3
76407,3
76408,3
76409,3
76410,3
76411,3
76412,3
76413,3
76414,3
76415,3
76416,3
76417,3
76418,3
76419,3
76420,3
76421,3
76422,3
76423,3
76424,3
76425,3
76426,3
76427,3
76428,3
76429,3
76430,3
76431,3
76432,3
76433,3
76434,3
76435,3
76436,3
76437,3
76438,3
76439,3
76440,3
76441,3
76442,3
76443,3
76444,3
76445,3
76446,3
76447,3
76448,3
76449,3
76450,3
76451,3
76452,3
76453,3
76454,3
76455,3
76456,3
76457,3
76458,3
76459,3
76460,3
76461,3
76462,3
76463,3
76464,3
76465,3
76466,3
76467,3
76468,3
76469,3
76470,3
76471,3
76472,3
76473,3
76474,3
76475,3
76476,3
76477,3
76478,3
76479,3
76480,3
76481,3
76482,3
76483,3
76484,3
76485,3
76486,3
76487,3
76488,3
76489,3
76490,3
76491,3
76492,3
76493,3
76494,3
76495,3
76496,3
76497,3
76498,3
76499,3
76500,3
76501,3
76502,3
76503,3
76504,3
76505,3
76506,3
76507,3
76508,3
76509,3
76510,3
76511,3
76512,3
76513,3
76514,3
76515,3
76516,3
76517,3
76518,3
76519,3
76520,3
76521,3
76522,3
76523,3
76524,3
76525,3
76526,3
76527,3
76528,3
76529,3
76530,3
76531,3
76532,3
76533,3
76534,3
76535,3
76536,3
76537,3
76538,3
76539,3
76540,3
76541,3
76542,3
76543,3
76544,3
76545,3
76546,3
76547,3
76548,3
76549,3
76550,3
76551,3
76552,3
76553,3
76554,3
76555,3
76556,3
76557,3
76558,3
76559,3
76560,3
76561,3
76562,3
76563,3
76564,3
76565,3
76566,3
76567,3
76568,3
76569,3
76570,3
76571,3
76572,3
76573,3
76574,3
76575,3
76576,3
76577,3
76578,3
76579,3
76580,3
76581,3
76582,3
76583,3
76584,3
76585,3
76586,3
76587,3
76588,3
76589,3
76590,3
76591,3
76592,3
76593,3
76594,3
76595,3
76596,3
76597,3
76598,3
76599,3
76600,3
76601,3
76602,3
76603,3
76604,3
76605,3
76606,3
76607,3
76608,3
76609,3
76610,3
76611,3
76612,3
76613,3
76614,3
76615,3
76616,3
76617,3
76618,3
76619,3
76620,3
76621,3
76622,3
76623,3
76624,3
76625,3
76626,3
76627,3
76628,3
76629,3
76630,2
76631,3
76632,3
76633,3
76634,3
76635,3
76636,3
76637,2
76638,3
76639,3
76640,3
76641,3
76642,3
76643,3
76644,3
76645,3
76646,3
76647,3
76648,3
76649,3
76650,3
76651,3
76652,3
76653,3
76654,3
76655,3
76656,3
76657,3
76658,3
76659,3
76660,3
76661,3
76662,3
76663,3
76664,3
76665,3
76666,3
76667,3
76668,3
76669,3
76670,3
76671,3
76672,3
76673,3
76674,3
76675,3
76676,3
76677,3
76678,3
76679,3
76680,3
76681,3
76682,3
76683,3
76684,3
76685,3
76686,3
76687,3
76688,3
76689,3
76690,3
76691,3
76692,3
76693,3
76694,3
76695,3
76696,3
76697,3
76698,3
76699,2
76700,3
76701,3
76702,3
76703,2
76704,3
76705,3
76706,3
76707,3
76708,3
76709,3
76710,3
76711,3
76712,3
76713,3
76714,3
76715,3
76716,3
76717,3
76718,3
76719,3
76720,3
76721,3
76722,3
76723,3
76724,3
76725,3
76726,3
76727,3
76728,2
76729,3
76730,3
76731,3
76732,3
76733,3
76734,3
76735,3
76736,3
76737,2
76738,3
76739,3
76740,3
76741,3
76742,3
76743,3
76744,3
76745,3
76746,3
76747,3
76748,3
76749,3
76750,3
76751,3
76752,3
76753,3
76754,3
76755,3
76756,3
76757,3
76758,3
76759,3
76760,3
76761,3
76762,3
76763,3
76764,3
76765,3
76766,3
76767,3
76768,3
76769,3
76770,3
76771,3
76772,3
76773,3
76774,3
76775,3
76776,3
76777,3
76778,3
76779,2
76780,3
76781,3
76782,3
76783,3
76784,2
76785,3
76786,3
76787,3
76788,3
76789,3
76790,3
76791,3
76792,3
76793,3
76794,3
76795,3
76796,3
76797,3
76798,3
76799,3
76800,3
76801,3
76802,3
76803,3
76804,3
76805,3
76806,3
76807,3
76808,3
76809,3
76810,3
76811,3
76812,3
76813,3
76814,3
76815,3
76816,3
76817,3
76818,3
76819,3
76820,3
76821,3
76822,3
76823,3
76824,3
76825,3
76826,3
76827,3
76828,3
76829,3
76830,3
76831,3
76832,3
76833,3
76834,3
76835,3
76836,3
76837,3
76838,3
76839,3
76840,3
76841,3
76842,3
76843,3
76844,3
76845,3
76846,3
76847,3
76848,3
76849,3
76850,3
76851,3
76852,3
76853,3
76854,3
76855,3
76856,3
76857,3
76858,3
76859,3
76860,3
76861,3
76862,3
76863,3
76864,3
76865,3
76866,3
76867,3
76868,3
76869,3
76870,3
76871,3
76872,3
76873,3
76874,3
76875,3
76876,3
76877,3
76878,3
76879,3
76880,3
76881,3
76882,3
76883,3
76884,3
76885,3
76886,3
76887,3
76888,3
76889,3
76890,3
76891,3
76892,3
76893,3
76894,3
76895,3
76896,3
76897,3
76898,3
76899,3
76900,3
76901,3
76902,3
76903,3
76904,3
76905,3
76906,3
76907,3
76908,3
76909,3
76910,3
76911,3
76912,3
76913,3
76914,3
76915,3
76916,3
76917,3
76918,3
76919,3
76920,3
76921,3
76922,3
76923,3
76924,3
76925,3
76926,3
76927,3
76928,3
76929,3
76930,3
76931,3
76932,3
76933,3
76934,3
76935,3
76936,3
76937,3
76938,3
76939,3
76940,3
76941,3
76942,3
76943,3
76944,3
76945,3
76946,3
76947,3
76948,3
76949,3
76950,3
76951,3
76952,3
76953,3
76954,3
76955,3
76956,3
76957,3
76958,3
76959,3
76960,3
76961,3
76962,3
76963,3
76964,3
76965,3
76966,3
76967,3
76968,3
76969,3
76970,3
76971,3
76972,3
76973,2
76974,3
76975,3
76976,3
76977,3
76978,3
76979,3
76980,3
76981,3
76982,3
76983,3
76984,3
76985,3
76986,3
76987,3
76988,3
76989,3
76990,3
76991,3
76992,3
76993,3
76994,3
76995,3
76996,3
76997,3
76998,3
76999,3
77000,3
77001,3
77002,3
77003,3
77004,3
77005,3
77006,3
77007,3
77008,3
77009,3
77010,3
77011,3
77012,3
77013,3
77014,3
77015,3
77016,3
77017,3
77018,3
77019,3
77020,3
77021,3
77022,3
77023,3
77024,3
77025,3
77026,3
77027,3
77028,3
77029,3
77030,3
77031,3
77032,3
77033,3
77034,3
77035,3
77036,3
77037,3
77038,3
77039,3
77040,3
77041,3
77042,3
77043,3
77044,3
77045,3
77046,3
77047,3
77048,3
77049,3
77050,3
77051,3
77052,3
77053,3
77054,3
77055,3
77056,3
77057,3
77058,3
77059,3
77060,3
77061,3
77062,3
77063,2
77064,2
77065,2
77066,2
77067,2
77068,2
77069,2
77070,2
77071,2
77072,2
77073,2
77074,2
77075,2
77076,2
77077,2
77078,2
77079,3
77080,3
77081,3
77082,3
77083,3
77084,2
77085,3
77086,3
77087,3
77088,3
77089,3
77090,2
77091,2
77092,2
77093,2
77094,2
77095,2
77096,2
77097,2
77098,2
77099,2
77100,2
77101,2
77102,2
77103,3
77104,3
77105,3
77106,3
77107,3
77108,3
77109,3
77110,2
77111,2
77112,2
77113,2
77114,2
77115,3
77116,3
77117,3
77118,3
77119,3
77120,3
77121,3
77122,2
77123,2
77124,2
77125,2
77126,2
77127,2
77128,2
77129,2
77130,2
77131,2
77132,2
77133,2
77134,2
77135,2
77136,2
77137,2
77138,2
77139,2
77140,2
77141,2
77142,2
77143,2
77144,2
77145,2
77146,2
77147,2
77148,2
77149,2
77150,2
77151,2
77152,2
77153,2
77154,2
77155,2
77156,2
77157,2
77158,2
77159,2
77160,2
77161,2
77162,2
77163,2
77164,2
77165,2
77166,2
77167,2
77168,2
77169,2
77170,2
77171,2
77172,2
77173,2
77174,2
77175,2
77176,2
77177,2
77178,3
77179,2
77180,2
77181,2
77182,2
77183,2
77184,2
77185,2
77186,2
77187,2
77188,2
77189,2
77190,2
77191,2
77192,2
77193,2
77194,2
77195,2
77196,2
77197,2
77198,3
77199,2
77200,2
77201,2
77202,2
77203,2
77204,2
77205,2
77206,2
77207,2
77208,2
77209,2
77210,2
77211,2
77212,2
77213,2
77214,2
77215,2
77216,2
77217,2
77218,2
77219,2
77220,2
77221,2
77222,2
77223,2
77224,2
77225,2
77226,2
77227,2
77228,2
77229,2
77230,2
77231,2
77232,2
77233,2
77234,2
77235,2
77236,2
77237,2
77238,2
77239,2
77240,2
77241,2
77242,2
77243,2
77244,2
77245,2
77246,2
77247,2
77248,2
77249,2
77250,2
77251,2
77252,2
77253,2
77254,2
77255,2
77256,2
77257,2
77258,2
77259,2
77260,2
77261,2
77262,2
77263,2
77264,2
77265,2
77266,3
77267,3
77268,2
77269,2
77270,2
77271,2
77272,2
77273,2
77274,2
77275,2
77276,2
77277,2
77278,2
77279,3
77280,2
77281,2
77282,2
77283,2
77284,2
77285,2
77286,2
77287,2
77288,2
77289,2
77290,2
77291,2
77292,2
77293,2
77294,2
77295,2
77296,2
77297,2
77298,2
77299,2
77300,2
77301,2
77302,2
77303,2
77304,2
77305,2
77306,2
77307,2
77308,2
77309,2
77310,2
77311,2
77312,2
77313,2
77314,2
77315,2
77316,2
77317,2
77318,2
77319,2
77320,2
77321,2
77322,2
77323,2
77324,2
77325,2
77326,2
77327,2
77328,2
77329,2
77330,2
77331,2
77332,2
77333,2
77334,2
77335,2
77336,2
77337,2
77338,2
77339,2
77340,2
77341,2
77342,2
77343,2
77344,2
77345,2
77346,2
77347,2
77348,2
77349,2
77350,2
77351,2
77352,2
77353,2
77354,2
77355,2
77356,2
77357,2
77358,2
77359,2
77360,2
77361,2
77362,2
77363,2
77364,2
77365,2
77366,2
77367,2
77368,2
77369,2
77370,2
77371,2
77372,2
77373,2
77374,2
77375,2
77376,2
77377,2
77378,2
77379,2
77380,2
77381,2
77382,2
77383,2
77384,2
77385,2
77386,2
77387,2
77388,2
77389,2
77390,2
77391,2
77392,2
77393,2
77394,2
77395,2
77396,2
77397,2
77398,2
77399,2
77400,2
77401,2
77402,2
77403,2
77404,2
77405,2
77406,2
77407,2
77408,2
77409,2
77410,2
77411,2
77412,2
77413,2
77414,2
77415,2
77416,2
77417,2
77418,2
77419,2
77420,2
77421,2
77422,2
77423,2
77424,2
77425,2
77426,2
77427,2
77428,2
77429,2
77430,2
77431,2
77432,2
77433,2
77434,2
77435,2
77436,2
77437,2
77438,2
77439,2
77440,2
77441,2
77442,2
77443,2
77444,3
77445,2
77446,2
77447,2
77448,2
77449,2
77450,2
77451,2
77452,2
77453,2
77454,2
77455,2
77456,2
77457,2
77458,2
77459,2
77460,3
77461,2
77462,2
77463,2
77464,2
77465,2
77466,2
77467,2
77468,3
77469,2
77470,2
77471,2
77472,2
77473,2
77474,3
77475,3
77476,3
77477,2
77478,2
77479,2
77480,2
77481,3
77482,2
77483,3
77484,3
77485,3
77486,3
77487,3
77488,3
77489,3
77490,2
77491,2
77492,2
77493,3
77494,2
77495,2
77496,3
77497,2
77498,3
77499,3
77500,2
77501,2
77502,3
77503,2
77504,2
77505,2
77506,2
77507,2
77508,2
77509,2
77510,2
77511,2
77512,3
77513,2
77514,2
77515,2
77516,3
77517,3
77518,2
77519,2
77520,3
77521,2
77522,2
77523,2
77524,2
77525,2
77526,2
77527,3
77528,2
77529,2
77530,2
77531,2
77532,2
77533,2
77534,2
77535,2
77536,2
77537,2
77538,2
77539,2
77540,2
77541,2
77542,2
77543,2
77544,2
77545,2
77546,3
77547,2
77548,2
77549,2
77550,2
77551,3
77552,2
77553,3
77554,3
77555,2
77556,2
77557,2
77558,2
77559,2
77560,2
77561,2
77562,2
77563,2
77564,3
77565,2
77566,2
77567,3
77568,2
77569,2
77570,2
77571,2
77572,2
77573,2
77574,2
77575,2
77576,2
77577,2
77578,2
77579,2
77580,2
77581,2
77582,2
77583,2
77584,2
77585,2
77586,2
77587,2
77588,2
77589,3
77590,2
77591,2
77592,2
77593,2
77594,2
77595,2
77596,2
77597,2
77598,2
77599,2
77600,2
77601,2
77602,2
77603,2
77604,2
77605,2
77606,2
77607,2
77608,3
77609,2
77610,2
77611,2
77612,2
77613,2
77614,2
77615,2
77616,2
77617,2
77618,2
77619,2
77620,2
77621,3
77622,3
77623,3
77624,2
77625,3
77626,2
77627,2
77628,2
77629,2
77630,2
77631,2
77632,2
77633,2
77634,2
77635,2
77636,2
77637,2
77638,2
77639,2
77640,2
77641,2
77642,2
77643,2
77644,2
77645,2
77646,2
77647,2
77648,2
77649,2
77650,2
77651,2
77652,3
77653,3
77654,2
77655,2
77656,2
77657,2
77658,2
77659,2
77660,2
77661,2
77662,2
77663,2
77664,2
77665,2
77666,2
77667,2
77668,2
77669,2
77670,2
77671,2
77672,2
77673,2
77674,2
77675,2
77676,2
77677,2
77678,2
77679,2
77680,2
77681,2
77682,2
77683,2
77684,2
77685,2
77686,2
77687,2
77688,2
77689,2
77690,2
77691,2
77692,2
77693,2
77694,2
77695,2
77696,2
77697,2
77698,2
77699,2
77700,3
77701,3
77702,2
77703,2
77704,3
77705,2
77706,2
77707,2
77708,2
77709,2
77710,2
77711,2
77712,3
77713,3
77714,2
77715,2
77716,2
77717,2
77718,2
77719,2
77720,2
77721,2
77722,2
77723,2
77724,2
77725,2
77726,2
77727,2
77728,2
77729,2
77730,2
77731,2
77732,2
77733,2
77734,2
77735,2
77736,2
77737,2
77738,2
77739,2
77740,2
77741,2
77742,2
77743,2
77744,2
77745,2
77746,2
77747,2
77748,2
77749,2
77750,2
77751,2
77752,2
77753,2
77754,2
77755,2
77756,2
77757,2
77758,2
77759,2
77760,2
77761,2
77762,2
77763,2
77764,2
77765,2
77766,2
77767,2
77768,2
77769,2
77770,2
77771,2
77772,2
77773,3
77774,2
77775,3
77776,2
77777,2
77778,2
77779,2
77780,2
77781,2
77782,2
77783,2
77784,2
77785,2
77786,3
77787,3
77788,3
77789,2
77790,2
77791,3
77792,3
77793,3
77794,3
77795,3
77796,3
77797,2
77798,2
77799,2
77800,2
77801,2
77802,2
77803,2
77804,2
77805,2
77806,2
77807,2
77808,2
77809,2
77810,2
77811,2
77812,2
77813,2
77814,2
77815,2
77816,2
77817,2
77818,2
77819,2
77820,2
77821,2
77822,2
77823,2
77824,2
77825,2
77826,2
77827,2
77828,2
77829,2
77830,2
77831,2
77832,2
77833,2
77834,2
77835,2
77836,2
77837,2
77838,2
77839,2
77840,2
77841,2
77842,2
77843,2
77844,2
77845,2
77846,2
77847,2
77848,2
77849,2
77850,2
77851,2
77852,2
77853,2
77854,2
77855,2
77856,2
77857,2
77858,2
77859,2
77860,2
77861,2
77862,2
77863,2
77864,2
77865,2
77866,2
77867,2
77868,2
77869,2
77870,2
77871,2
77872,2
77873,2
77874,2
77875,2
77876,2
77877,2
77878,2
77879,2
77880,2
77881,2
77882,2
77883,2
77884,2
77885,2
77886,2
77887,2
77888,2
77889,3
77890,3
77891,3
77892,3
77893,2
77894,2
77895,2
77896,2
77897,2
77898,3
77899,3
77900,3
77901,2
77902,2
77903,2
77904,2
77905,2
77906,2
77907,2
77908,2
77909,2
77910,2
77911,2
77912,2
77913,2
77914,2
77915,2
77916,2
77917,2
77918,2
77919,2
77920,2
77921,2
77922,2
77923,2
77924,2
77925,2
77926,2
77927,2
77928,2
77929,2
77930,2
77931,2
77932,2
77933,2
77934,2
77935,2
77936,2
77937,2
77938,2
77939,2
77940,2
77941,2
77942,2
77943,3
77944,3
77945,2
77946,2
77947,2
77948,2
77949,2
77950,2
77951,2
77952,2
77953,2
77954,2
77955,2
77956,2
77957,2
77958,2
77959,2
77960,2
77961,2
77962,2
77963,2
77964,2
77965,2
77966,2
77967,2
77968,2
77969,2
77970,2
77971,2
77972,2
77973,2
77974,2
77975,2
77976,2
77977,2
77978,2
77979,2
77980,2
77981,2
77982,2
77983,2
77984,2
77985,2
77986,2
77987,2
77988,2
77989,2
77990,2
77991,2
77992,2
77993,2
77994,2
77995,2
77996,2
77997,2
77998,2
77999,2
78000,2
78001,2
78002,2
78003,2
78004,2
78005,2
78006,2
78007,2
78008,2
78009,2
78010,2
78011,2
78012,2
78013,2
78014,2
78015,2
78016,2
78017,2
78018,2
78019,2
78020,2
78021,2
78022,2
78023,2
78024,2
78025,2
78026,2
78027,2
78028,2
78029,2
78030,2
78031,2
78032,2
78033,2
78034,2
78035,2
78036,2
78037,2
78038,2
78039,2
78040,2
78041,2
78042,2
78043,2
78044,2
78045,2
78046,3
78047,3
78048,2
78049,2
78050,3
78051,3
78052,3
78053,3
78054,2
78055,2
78056,3
78057,3
78058,2
78059,2
78060,3
78061,3
78062,3
78063,3
78064,3
78065,3
78066,3
78067,2
78068,2
78069,2
78070,2
78071,3
78072,2
78073,3
78074,3
78075,2
78076,2
78077,2
78078,3
78079,3
78080,3
78081,3
78082,3
78083,3
78084,3
78085,3
78086,2
78087,3
78088,2
78089,3
78090,3
78091,3
78092,3
78093,3
78094,3
78095,3
78096,3
78097,3
78098,2
78099,2
78100,2
78101,2
78102,3
78103,3
78104,3
78105,2
78106,3
78107,2
78108,3
78109,3
78110,3
78111,3
78112,3
78113,3
78114,3
78115,3
78116,3
78117,3
78118,3
78119,3
78120,3
78121,3
78122,3
78123,3
78124,3
78125,3
78126,3
78127,3
78128,3
78129,3
78130,3
78131,3
78132,3
78133,3
78134,3
78135,3
78136,3
78137,2
78138,3
78139,3
78140,3
78141,3
78142,3
78143,3
78144,3
78145,2
78146,2
78147,2
78148,3
78149,3
78150,3
78151,2
78152,2
78153,2
78154,2
78155,2
78156,2
78157,2
78158,2
78159,2
78160,2
78161,2
78162,2
78163,2
78164,2
78165,2
78166,2
78167,2
78168,2
78169,2
78170,2
78171,2
78172,2
78173,2
78174,2
78175,2
78176,2
78177,2
78178,2
78179,2
78180,2
78181,2
78182,2
78183,2
78184,2
78185,2
78186,2
78187,2
78188,2
78189,2
78190,2
78191,2
78192,2
78193,2
78194,2
78195,2
78196,2
78197,2
78198,2
78199,2
78200,2
78201,2
78202,2
78203,2
78204,2
78205,2
78206,2
78207,2
78208,2
78209,2
78210,2
78211,2
78212,2
78213,2
78214,2
78215,2
78216,2
78217,2
78218,2
78219,2
78220,2
78221,2
78222,2
78223,2
78224,2
78225,3
78226,2
78227,2
78228,2
78229,2
78230,3
78231,2
78232,3
78233,3
78234,3
78235,2
78236,2
78237,2
78238,2
78239,2
78240,2
78241,2
78242,2
78243,2
78244,2
78245,2
78246,2
78247,2
78248,2
78249,2
78250,2
78251,2
78252,2
78253,2
78254,2
78255,2
78256,2
78257,2
78258,2
78259,2
78260,2
78261,2
78262,2
78263,2
78264,2
78265,3
78266,2
78267,2
78268,3
78269,2
78270,2
78271,2
78272,2
78273,2
78274,2
78275,2
78276,2
78277,2
78278,2
78279,2
78280,2
78281,2
78282,2
78283,2
78284,2
78285,2
78286,2
78287,2
78288,2
78289,2
78290,2
78291,2
78292,2
78293,2
78294,2
78295,2
78296,2
78297,2
78298,2
78299,2
78300,2
78301,2
78302,2
78303,2
78304,2
78305,2
78306,2
78307,2
78308,2
78309,2
78310,2
78311,2
78312,2
78313,2
78314,2
78315,2
78316,2
78317,2
78318,2
78319,2
78320,2
78321,2
78322,2
78323,3
78324,3
78325,3
78326,3
78327,2
78328,3
78329,3
78330,3
78331,3
78332,3
78333,3
78334,3
78335,2
78336,3
78337,2
78338,3
78339,3
78340,2
78341,3
78342,3
78343,2
78344,2
78345,2
78346,2
78347,2
78348,2
78349,2
78350,3
78351,3
78352,3
78353,2
78354,2
78355,3
78356,3
78357,2
78358,3
78359,2
78360,2
78361,2
78362,3
78363,2
78364,3
78365,2
78366,2
78367,2
78368,2
78369,2
78370,3
78371,3
78372,2
78373,2
78374,2
78375,2
78376,2
78377,2
78378,2
78379,2
78380,2
78381,2
78382,2
78383,2
78384,2
78385,2
78386,2
78387,2
78388,2
78389,2
78390,2
78391,2
78392,2
78393,2
78394,2
78395,2
78396,2
78397,2
78398,2
78399,2
78400,2
78401,2
78402,2
78403,2
78404,2
78405,2
78406,2
78407,2
78408,2
78409,2
78410,2
78411,2
78412,2
78413,3
78414,2
78415,2
78416,2
78417,2
78418,2
78419,2
78420,2
78421,2
78422,2
78423,3
78424,2
78425,2
78426,2
78427,2
78428,2
78429,2
78430,2
78431,2
78432,2
78433,2
78434,2
78435,2
78436,2
78437,2
78438,2
78439,2
78440,2
78441,2
78442,2
78443,2
78444,2
78445,2
78446,2
78447,2
78448,2
78449,2
78450,2
78451,2
78452,2
78453,2
78454,2
78455,2
78456,2
78457,2
78458,2
78459,2
78460,2
78461,2
78462,2
78463,2
78464,2
78465,2
78466,2
78467,2
78468,2
78469,2
78470,2
78471,2
78472,2
78473,2
78474,3
78475,3
78476,2
78477,2
78478,2
78479,2
78480,2
78481,2
78482,2
78483,2
78484,2
78485,2
78486,2
78487,2
78488,2
78489,2
78490,2
78491,2
78492,2
78493,2
78494,2
78495,2
78496,2
78497,3
78498,2
78499,2
78500,2
78501,2
78502,2
78503,2
78504,2
78505,3
78506,2
78507,2
78508,2
78509,2
78510,2
78511,2
78512,2
78513,2
78514,2
78515,2
78516,2
78517,2
78518,2
78519,2
78520,2
78521,2
78522,2
78523,2
78524,2
78525,2
78526,2
78527,2
78528,2
78529,2
78530,2
78531,2
78532,2
78533,2
78534,2
78535,2
78536,2
78537,2
78538,2
78539,2
78540,2
78541,2
78542,2
78543,2
78544,2
78545,2
78546,2
78547,2
78548,2
78549,2
78550,2
78551,2
78552,2
78553,2
78554,2
78555,2
78556,2
78557,2
78558,2
78559,2
78560,2
78561,2
78562,2
78563,2
78564,2
78565,2
78566,2
78567,2
78568,2
78569,2
78570,2
78571,2
78572,2
78573,2
78574,2
78575,2
78576,2
78577,2
78578,2
78579,2
78580,2
78581,2
78582,2
78583,2
78584,2
78585,2
78586,2
78587,2
78588,2
78589,2
78590,2
78591,2
78592,2
78593,2
78594,2
78595,2
78596,2
78597,2
78598,2
78599,2
78600,2
78601,2
78602,2
78603,2
78604,2
78605,2
78606,2
78607,2
78608,2
78609,2
78610,2
78611,2
78612,2
78613,2
78614,2
78615,2
78616,2
78617,2
78618,2
78619,2
78620,2
78621,2
78622,2
78623,2
78624,2
78625,2
78626,2
78627,2
78628,2
78629,2
78630,2
78631,2
78632,2
78633,2
78634,2
78635,2
78636,2
78637,2
78638,2
78639,2
78640,2
78641,2
78642,2
78643,2
78644,2
78645,2
78646,2
78647,2
78648,2
78649,2
78650,2
78651,2
78652,2
78653,2
78654,2
78655,2
78656,2
78657,2
78658,2
78659,2
78660,2
78661,2
78662,2
78663,2
78664,2
78665,2
78666,2
78667,2
78668,2
78669,2
78670,2
78671,2
78672,2
78673,2
78674,2
78675,2
78676,2
78677,2
78678,2
78679,2
78680,2
78681,2
78682,2
78683,2
78684,2
78685,2
78686,2
78687,2
78688,2
78689,2
78690,2
78691,2
78692,2
78693,2
78694,2
78695,2
78696,2
78697,2
78698,2
78699,2
78700,2
78701,2
78702,2
78703,2
78704,2
78705,2
78706,2
78707,2
78708,2
78709,2
78710,2
78711,2
78712,2
78713,2
78714,2
78715,2
78716,2
78717,3
78718,2
78719,2
78720,2
78721,2
78722,2
78723,2
78724,2
78725,2
78726,2
78727,2
78728,2
78729,2
78730,2
78731,2
78732,2
78733,2
78734,2
78735,2
78736,2
78737,2
78738,2
78739,2
78740,2
78741,2
78742,2
78743,2
78744,2
78745,2
78746,2
78747,2
78748,2
78749,2
78750,2
78751,2
78752,2
78753,2
78754,3
78755,3
78756,3
78757,3
78758,3
78759,2
78760,2
78761,2
78762,2
78763,3
78764,2
78765,2
78766,2
78767,3
78768,3
78769,2
78770,2
78771,2
78772,3
78773,3
78774,3
78775,3
78776,2
78777,2
78778,2
78779,2
78780,2
78781,2
78782,2
78783,2
78784,2
78785,2
78786,2
78787,2
78788,2
78789,2
78790,2
78791,2
78792,2
78793,2
78794,2
78795,2
78796,2
78797,2
78798,2
78799,2
78800,2
78801,2
78802,2
78803,2
78804,2
78805,2
78806,2
78807,2
78808,2
78809,2
78810,2
78811,2
78812,2
78813,2
78814,2
78815,2
78816,2
78817,2
78818,2
78819,2
78820,2
78821,2
78822,2
78823,2
78824,2
78825,2
78826,2
78827,2
78828,2
78829,2
78830,2
78831,2
78832,2
78833,2
78834,2
78835,2
78836,2
78837,2
78838,2
78839,2
78840,2
78841,2
78842,2
78843,2
78844,2
78845,2
78846,2
78847,2
78848,2
78849,2
78850,2
78851,2
78852,2
78853,2
78854,2
78855,2
78856,2
78857,3
78858,2
78859,2
78860,2
78861,2
78862,2
78863,2
78864,2
78865,2
78866,2
78867,2
78868,2
78869,2
78870,2
78871,2
78872,2
78873,2
78874,2
78875,2
78876,2
78877,2
78878,2
78879,2
78880,2
78881,2
78882,2
78883,2
78884,2
78885,2
78886,2
78887,2
78888,2
78889,2
78890,2
78891,2
78892,2
78893,2
78894,2
78895,2
78896,2
78897,2
78898,2
78899,2
78900,2
78901,2
78902,2
78903,2
78904,2
78905,2
78906,2
78907,2
78908,2
78909,2
78910,2
78911,2
78912,2
78913,2
78914,2
78915,2
78916,2
78917,2
78918,2
78919,2
78920,2
78921,2
78922,2
78923,2
78924,2
78925,2
78926,2
78927,2
78928,2
78929,2
78930,2
78931,2
78932,2
78933,2
78934,2
78935,2
78936,2
78937,2
78938,2
78939,2
78940,2
78941,2
78942,2
78943,2
78944,2
78945,2
78946,2
78947,2
78948,2
78949,2
78950,2
78951,2
78952,2
78953,2
78954,2
78955,2
78956,2
78957,2
78958,2
78959,2
78960,2
78961,2
78962,2
78963,2
78964,2
78965,2
78966,2
78967,2
78968,2
78969,2
78970,2
78971,2
78972,2
78973,2
78974,2
78975,2
78976,2
78977,2
78978,2
78979,2
78980,2
78981,2
78982,2
78983,2
78984,2
78985,2
78986,2
78987,2
78988,2
78989,2
78990,2
78991,2
78992,2
78993,2
78994,2
78995,2
78996,2
78997,2
78998,2
78999,2
79000,2
79001,2
79002,2
79003,2
79004,2
79005,2
79006,2
79007,2
79008,2
79009,2
79010,2
79011,2
79012,2
79013,2
79014,2
79015,2
79016,2
79017,2
79018,2
79019,2
79020,2
79021,2
79022,2
79023,2
79024,2
79025,2
79026,2
79027,2
79028,2
79029,2
79030,2
79031,2
79032,2
79033,2
79034,2
79035,2
79036,2
79037,2
79038,2
79039,2
79040,2
79041,2
79042,2
79043,2
79044,2
79045,2
79046,2
79047,2
79048,2
79049,2
79050,2
79051,3
79052,3
79053,3
79054,3
79055,3
79056,2
79057,2
79058,2
79059,3
79060,2
79061,2
79062,3
79063,2
79064,2
79065,2
79066,2
79067,2
79068,3
79069,2
79070,2
79071,2
79072,2
79073,2
79074,2
79075,2
79076,3
79077,3
79078,3
79079,2
79080,2
79081,2
79082,2
79083,2
79084,2
79085,2
79086,2
79087,2
79088,2
79089,2
79090,2
79091,2
79092,2
79093,2
79094,2
79095,2
79096,2
79097,2
79098,2
79099,2
79100,2
79101,2
79102,2
79103,2
79104,2
79105,2
79106,2
79107,2
79108,2
79109,2
79110,2
79111,2
79112,2
79113,2
79114,2
79115,2
79116,2
79117,2
79118,2
79119,2
79120,2
79121,2
79122,2
79123,2
79124,2
79125,2
79126,2
79127,2
79128,2
79129,2
79130,2
79131,2
79132,2
79133,2
79134,2
79135,2
79136,2
79137,2
79138,2
79139,2
79140,2
79141,2
79142,2
79143,2
79144,2
79145,2
79146,2
79147,2
79148,2
79149,2
79150,2
79151,2
79152,2
79153,2
79154,2
79155,2
79156,2
79157,2
79158,2
79159,2
79160,2
79161,2
79162,2
79163,2
79164,2
79165,2
79166,3
79167,2
79168,2
79169,2
79170,2
79171,2
79172,2
79173,2
79174,2
79175,2
79176,2
79177,2
79178,2
79179,2
79180,2
79181,2
79182,2
79183,2
79184,2
79185,2
79186,2
79187,2
79188,2
79189,2
79190,2
79191,2
79192,2
79193,2
79194,2
79195,2
79196,2
79197,2
79198,2
79199,2
79200,2
79201,2
79202,2
79203,2
79204,2
79205,2
79206,2
79207,2
79208,2
79209,2
79210,2
79211,2
79212,2
79213,2
79214,2
79215,2
79216,2
79217,2
79218,2
79219,2
79220,2
79221,2
79222,2
79223,2
79224,2
79225,2
79226,2
79227,2
79228,2
79229,2
79230,2
79231,2
79232,2
79233,2
79234,2
79235,2
79236,2
79237,2
79238,2
79239,2
79240,2
79241,2
79242,2
79243,2
79244,2
79245,2
79246,2
79247,2
79248,2
79249,2
79250,2
79251,2
79252,2
79253,3
79254,3
79255,2
79256,3
79257,2
79258,2
79259,2
79260,2
79261,2
79262,2
79263,2
79264,2
79265,3
79266,3
79267,2
79268,2
79269,2
79270,2
79271,2
79272,2
79273,2
79274,2
79275,2
79276,2
79277,2
79278,2
79279,2
79280,2
79281,2
79282,2
79283,2
79284,2
79285,2
79286,2
79287,2
79288,2
79289,2
79290,2
79291,2
79292,2
79293,2
79294,2
79295,2
79296,2
79297,2
79298,2
79299,2
79300,2
79301,2
79302,2
79303,2
79304,2
79305,2
79306,2
79307,2
79308,2
79309,2
79310,2
79311,2
79312,2
79313,2
79314,2
79315,2
79316,2
79317,2
79318,3
79319,3
79320,3
79321,2
79322,3
79323,3
79324,3
79325,3
79326,3
79327,3
79328,3
79329,3
79330,3
79331,3
79332,3
79333,3
79334,3
79335,3
79336,2
79337,2
79338,3
79339,3
79340,3
79341,3
79342,3
79343,3
79344,3
79345,3
79346,3
79347,3
79348,3
79349,3
79350,3
79351,3
79352,3
79353,3
79354,3
79355,3
79356,3
79357,3
79358,3
79359,3
79360,3
79361,3
79362,3
79363,3
79364,3
79365,3
79366,3
79367,3
79368,3
79369,3
79370,3
79371,3
79372,3
79373,3
79374,3
79375,3
79376,3
79377,3
79378,3
79379,3
79380,3
79381,3
79382,3
79383,3
79384,3
79385,3
79386,3
79387,3
79388,3
79389,3
79390,3
79391,3
79392,3
79393,3
79394,3
79395,3
79396,3
79397,3
79398,3
79399,3
79400,3
79401,3
79402,3
79403,3
79404,3
79405,3
79406,3
79407,3
79408,3
79409,3
79410,3
79411,3
79412,2
79413,2
79414,2
79415,3
79416,2
79417,3
79418,3
79419,3
79420,3
79421,0
79422,0
79423,0
79424,3
79425,3
79426,3
79427,3
79428,3
79429,3
79430,3
79431,3
79432,3
79433,3
79434,3
79435,3
79436,3
79437,3
79438,3
79439,3
79440,3
79441,3
79442,3
79443,3
79444,3
79445,3
79446,3
79447,3
79448,3
79449,3
79450,3
79451,3
79452,3
79453,3
79454,3
79455,3
79456,3
79457,3
79458,3
79459,3
79460,3
79461,2
79462,2
79463,3
79464,3
79465,3
79466,3
79467,3
79468,3
79469,2
79470,2
79471,3
79472,3
79473,3
79474,3
79475,3
79476,3
79477,3
79478,3
79479,3
79480,3
79481,3
79482,3
79483,3
79484,2
79485,2
79486,2
79487,2
79488,3
79489,3
79490,3
79491,3
79492,3
79493,3
79494,3
79495,3
79496,3
79497,3
79498,3
79499,3
79500,3
79501,3
79502,3
79503,3
79504,3
79505,3
79506,2
79507,2
79508,2
79509,2
79510,2
79511,2
79512,2
79513,3
79514,3
79515,3
79516,3
79517,3
79518,3
79519,3
79520,3
79521,3
79522,3
79523,3
79524,3
79525,3
79526,3
79527,3
79528,3
79529,2
79530,3
79531,3
79532,3
79533,3
79534,2
79535,2
79536,2
79537,2
79538,2
79539,3
79540,3
79541,3
79542,3
79543,3
79544,3
79545,3
79546,3
79547,3
79548,3
79549,3
79550,3
79551,3
79552,3
79553,3
79554,3
79555,3
79556,2
79557,2
79558,2
79559,2
79560,2
79561,2
79562,2
79563,2
79564,2
79565,2
79566,2
79567,3
79568,3
79569,3
79570,3
79571,3
79572,3
79573,3
79574,3
79575,3
79576,3
79577,2
79578,2
79579,2
79580,2
79581,2
79582,2
79583,2
79584,2
79585,3
79586,3
79587,3
79588,3
79589,3
79590,3
79591,3
79592,3
79593,3
79594,3
79595,3
79596,2
79597,0
79598,2
79599,2
79600,2
79601,2
79602,0
79603,0
79604,0
79605,2
79606,0
79607,2
79608,0
79609,2
79610,2
79611,2
79612,2
79613,2
79614,2
79615,2
79616,3
79617,3
79618,3
79619,3
79620,3
79621,3
79622,3
79623,3
79624,3
79625,3
79626,3
79627,3
79628,3
79629,3
79630,3
79631,3
79632,3
79633,3
79634,3
79635,3
79636,3
79637,3
79638,3
79639,3
79640,3
79641,2
79642,3
79643,3
79644,3
79645,3
79646,3
79647,3
79648,3
79649,3
79650,3
79651,3
79652,3
79653,3
79654,3
79655,3
79656,3
79657,3
79658,3
79659,3
79660,3
79661,3
79662,3
79663,3
79664,3
79665,3
79666,3
79667,3
79668,3
79669,3
79670,3
79671,3
79672,3
79673,3
79674,3
79675,3
79676,3
79677,3
79678,3
79679,3
79680,3
79681,3
79682,3
79683,3
79684,3
79685,3
79686,3
79687,3
79688,3
79689,3
79690,3
79691,3
79692,3
79693,3
79694,3
79695,3
79696,3
79697,3
79698,3
79699,3
79700,3
79701,3
79702,3
79703,3
79704,3
79705,3
79706,3
79707,3
79708,3
79709,3
79710,3
79711,3
79712,3
79713,3
79714,3
79715,3
79716,3
79717,3
79718,3
79719,3
79720,3
79721,3
79722,3
79723,3
79724,3
79725,3
79726,3
79727,3
79728,3
79729,3
79730,3
79731,3
79732,3
79733,3
79734,3
79735,3
79736,3
79737,3
79738,3
79739,3
79740,3
79741,3
79742,3
79743,3
79744,3
79745,3
79746,3
79747,3
79748,3
79749,3
79750,3
79751,3
79752,3
79753,3
79754,3
79755,3
79756,3
79757,3
79758,3
79759,3
79760,3
79761,3
79762,3
79763,3
79764,3
79765,3
79766,3
79767,3
79768,3
79769,3
79770,3
79771,3
79772,3
79773,3
79774,3
79775,3
79776,3
79777,3
79778,3
79779,3
79780,3
79781,3
79782,3
79783,3
79784,3
79785,3
79786,3
79787,3
79788,3
79789,3
79790,3
79791,3
79792,3
79793,3
79794,3
79795,3
79796,3
79797,3
79798,3
79799,3
79800,3
79801,3
79802,3
79803,3
79804,3
79805,3
79806,3
79807,3
79808,3
79809,3
79810,3
79811,3
79812,3
79813,3
79814,3
79815,3
79816,3
79817,3
79818,3
79819,3
79820,3
79821,3
79822,3
79823,3
79824,3
79825,3
79826,3
79827,3
79828,3
79829,3
79830,3
79831,3
79832,3
79833,3
79834,3
79835,3
79836,3
79837,3
79838,3
79839,3
79840,3
79841,3
79842,3
79843,3
79844,3
79845,3
79846,3
79847,3
79848,3
79849,3
79850,3
79851,3
79852,3
79853,3
79854,3
79855,3
79856,3
79857,3
79858,3
79859,3
79860,3
79861,3
79862,3
79863,3
79864,3
79865,3
79866,3
79867,3
79868,3
79869,3
79870,3
79871,3
79872,3
79873,3
79874,3
79875,3
79876,3
79877,3
79878,3
79879,3
79880,3
79881,3
79882,3
79883,3
79884,3
79885,3
79886,3
79887,3
79888,3
79889,3
79890,3
79891,3
79892,3
79893,3
79894,3
79895,3
79896,3
79897,3
79898,3
79899,3
79900,3
79901,3
79902,3
79903,3
79904,3
79905,3
79906,3
79907,3
79908,3
79909,3
79910,3
79911,3
79912,3
79913,3
79914,3
79915,3
79916,3
79917,3
79918,3
79919,3
79920,3
79921,3
79922,3
79923,3
79924,3
79925,3
79926,3
79927,3
79928,3
79929,3
79930,3
79931,3
79932,3
79933,3
79934,3
79935,3
79936,3
79937,3
79938,3
79939,3
79940,3
79941,3
79942,3
79943,3
79944,3
79945,3
79946,3
79947,3
79948,3
79949,3
79950,3
79951,3
79952,3
79953,3
79954,3
79955,3
79956,3
79957,3
79958,3
79959,3
79960,3
79961,3
79962,3
79963,3
79964,3
79965,3
79966,3
79967,3
79968,3
79969,3
79970,3
79971,3
79972,3
79973,3
79974,3
79975,3
79976,3
79977,3
79978,3
79979,3
79980,3
79981,3
79982,3
79983,3
79984,3
79985,3
79986,3
79987,3
79988,3
79989,3
79990,3
79991,3
79992,3
79993,3
79994,3
79995,3
79996,3
79997,3
79998,3
79999,3
80000,3
80001,3
80002,3
80003,3
80004,3
80005,3
80006,3
80007,3
80008,3
80009,3
80010,3
80011,3
80012,3
80013,3
80014,3
80015,3
80016,3
80017,3
80018,3
80019,3
80020,3
80021,3
80022,3
80023,3
80024,3
80025,3
80026,3
80027,3
80028,3
80029,3
80030,3
80031,3
80032,3
80033,3
80034,3
80035,3
80036,3
80037,3
80038,3
80039,3
80040,3
80041,3
80042,3
80043,3
80044,3
80045,3
80046,3
80047,3
80048,3
80049,3
80050,3
80051,3
80052,3
80053,3
80054,3
80055,3
80056,3
80057,3
80058,3
80059,3
80060,3
80061,3
80062,3
80063,3
80064,3
80065,3
80066,3
80067,3
80068,3
80069,3
80070,3
80071,3
80072,3
80073,3
80074,3
80075,3
80076,3
80077,3
80078,3
80079,3
80080,3
80081,3
80082,3
80083,3
80084,3
80085,3
80086,3
80087,3
80088,3
80089,3
80090,3
80091,3
80092,3
80093,3
80094,3
80095,3
80096,3
80097,3
80098,3
80099,3
80100,3
80101,3
80102,3
80103,3
80104,3
80105,3
80106,3
80107,3
80108,3
80109,3
80110,3
80111,3
80112,3
80113,3
80114,3
80115,3
80116,3
80117,3
80118,3
80119,3
80120,3
80121,3
80122,3
80123,3
80124,3
80125,3
80126,3
80127,3
80128,3
80129,3
80130,3
80131,3
80132,3
80133,3
80134,3
80135,3
80136,3
80137,3
80138,3
80139,3
80140,3
80141,3
80142,3
80143,3
80144,3
80145,3
80146,3
80147,3
80148,3
80149,3
80150,3
80151,3
80152,3
80153,3
80154,3
80155,3
80156,3
80157,3
80158,3
80159,3
80160,3
80161,3
80162,3
80163,3
80164,3
80165,3
80166,3
80167,3
80168,3
80169,3
80170,3
80171,3
80172,3
80173,3
80174,3
80175,3
80176,3
80177,3
80178,3
80179,3
80180,3
80181,3
80182,3
80183,3
80184,3
80185,3
80186,3
80187,3
80188,3
80189,3
80190,3
80191,3
80192,3
80193,3
80194,3
80195,3
80196,3
80197,3
80198,3
80199,3
80200,3
80201,3
80202,3
80203,3
80204,3
80205,3
80206,3
80207,3
80208,3
80209,3
80210,3
80211,3
80212,3
80213,3
80214,3
80215,3
80216,3
80217,3
80218,3
80219,3
80220,3
80221,3
80222,3
80223,3
80224,3
80225,3
80226,3
80227,3
80228,3
80229,3
80230,3
80231,3
80232,3
80233,3
80234,3
80235,3
80236,3
80237,3
80238,3
80239,3
80240,3
80241,3
80242,3
80243,3
80244,3
80245,3
80246,3
80247,3
80248,3
80249,3
80250,3
80251,3
80252,3
80253,3
80254,3
80255,3
80256,3
80257,3
80258,3
80259,3
80260,3
80261,3
80262,3
80263,3
80264,3
80265,3
80266,3
80267,3
80268,3
80269,3
80270,3
80271,3
80272,3
80273,3
80274,3
80275,3
80276,3
80277,3
80278,3
80279,3
80280,3
80281,3
80282,3
80283,3
80284,3
80285,3
80286,3
80287,3
80288,3
80289,3
80290,3
80291,3
80292,3
80293,3
80294,3
80295,3
80296,3
80297,3
80298,3
80299,3
80300,3
80301,3
80302,3
80303,3
80304,3
80305,3
80306,3
80307,3
80308,3
80309,3
80310,3
80311,3
80312,3
80313,3
80314,3
80315,3
80316,3
80317,3
80318,3
80319,3
80320,3
80321,3
80322,3
80323,3
80324,3
80325,3
80326,3
80327,3
80328,3
80329,3
80330,3
80331,3
80332,3
80333,3
80334,3
80335,3
80336,3
80337,3
80338,3
80339,3
80340,3
80341,3
80342,3
80343,3
80344,3
80345,3
80346,3
80347,3
80348,3
80349,3
80350,3
80351,3
80352,3
80353,3
80354,3
80355,3
80356,3
80357,3
80358,3
80359,3
80360,3
80361,3
80362,3
80363,3
80364,3
80365,3
80366,3
80367,3
80368,3
80369,3
80370,3
80371,3
80372,3
80373,3
80374,3
80375,3
80376,3
80377,3
80378,3
80379,3
80380,3
80381,3
80382,3
80383,3
80384,3
80385,3
80386,3
80387,3
80388,3
80389,3
80390,3
80391,3
80392,3
80393,3
80394,3
80395,3
80396,3
80397,3
80398,3
80399,3
80400,3
80401,3
80402,3
80403,3
80404,3
80405,3
80406,3
80407,3
80408,3
80409,3
80410,3
80411,3
80412,3
80413,3
80414,3
80415,3
80416,3
80417,3
80418,3
80419,3
80420,3
80421,3
80422,3
80423,3
80424,3
80425,3
80426,3
80427,3
80428,3
80429,3
80430,3
80431,3
80432,3
80433,3
80434,3
80435,3
80436,3
80437,3
80438,3
80439,3
80440,3
80441,3
80442,3
80443,3
80444,3
80445,3
80446,3
80447,3
80448,3
80449,3
80450,3
80451,3
80452,3
80453,3
80454,3
80455,3
80456,3
80457,3
80458,3
80459,3
80460,3
80461,3
80462,3
80463,3
80464,3
80465,3
80466,3
80467,3
80468,3
80469,3
80470,3
80471,3
80472,3
80473,3
80474,3
80475,3
80476,3
80477,3
80478,3
80479,3
80480,3
80481,3
80482,3
80483,3
80484,3
80485,3
80486,3
80487,3
80488,3
80489,3
80490,3
80491,3
80492,3
80493,3
80494,3
80495,3
80496,3
80497,3
80498,3
80499,3
80500,3
80501,3
80502,3
80503,3
80504,3
80505,3
80506,3
80507,3
80508,3
80509,3
80510,3
80511,3
80512,3
80513,3
80514,3
80515,3
80516,3
80517,3
80518,3
80519,3
80520,3
80521,3
80522,3
80523,3
80524,3
80525,3
80526,3
80527,3
80528,3
80529,3
80530,3
80531,3
80532,3
80533,3
80534,3
80535,3
80536,3
80537,3
80538,3
80539,3
80540,3
80541,3
80542,3
80543,3
80544,3
80545,3
80546,3
80547,3
80548,3
80549,3
80550,3
80551,3
80552,3
80553,3
80554,3
80555,3
80556,3
80557,3
80558,3
80559,3
80560,3
80561,3
80562,3
80563,3
80564,3
80565,3
80566,3
80567,3
80568,3
80569,3
80570,3
80571,3
80572,3
80573,3
80574,3
80575,3
80576,3
80577,3
80578,3
80579,3
80580,3
80581,3
80582,3
80583,3
80584,3
80585,3
80586,3
80587,3
80588,3
80589,3
80590,3
80591,3
80592,3
80593,3
80594,3
80595,3
80596,3
80597,3
80598,3
80599,3
80600,3
80601,3
80602,3
80603,3
80604,3
80605,3
80606,3
80607,3
80608,3
80609,3
80610,3
80611,3
80612,3
80613,3
80614,3
80615,3
80616,3
80617,3
80618,3
80619,3
80620,3
80621,3
80622,3
80623,3
80624,3
80625,3
80626,3
80627,3
80628,3
80629,3
80630,3
80631,3
80632,3
80633,3
80634,3
80635,3
80636,3
80637,3
80638,3
80639,3
80640,3
80641,3
80642,3
80643,3
80644,3
80645,3
80646,3
80647,3
80648,3
80649,3
80650,3
80651,3
80652,3
80653,3
80654,3
80655,3
80656,3
80657,3
80658,3
80659,3
80660,3
80661,3
80662,3
80663,3
80664,3
80665,3
80666,3
80667,3
80668,3
80669,3
80670,3
80671,3
80672,3
80673,3
80674,3
80675,3
80676,3
80677,3
80678,3
80679,3
80680,3
80681,3
80682,3
80683,3
80684,3
80685,3
80686,3
80687,3
80688,3
80689,3
80690,3
80691,3
80692,3
80693,3
80694,3
80695,3
80696,3
80697,3
80698,3
80699,3
80700,3
80701,3
80702,3
80703,3
80704,3
80705,3
80706,3
80707,3
80708,3
80709,3
80710,3
80711,3
80712,3
80713,3
80714,3
80715,3
80716,3
80717,3
80718,3
80719,3
80720,3
80721,3
80722,3
80723,3
80724,3
80725,3
80726,3
80727,3
80728,3
80729,3
80730,3
80731,3
80732,3
80733,3
80734,3
80735,3
80736,3
80737,3
80738,3
80739,3
80740,3
80741,3
80742,3
80743,3
80744,3
80745,3
80746,3
80747,3
80748,3
80749,3
80750,3
80751,3
80752,3
80753,3
80754,3
80755,3
80756,3
80757,3
80758,3
80759,3
80760,3
80761,3
80762,3
80763,3
80764,3
80765,3
80766,3
80767,3
80768,3
80769,3
80770,3
80771,3
80772,3
80773,3
80774,3
80775,3
80776,3
80777,3
80778,3
80779,3
80780,3
80781,3
80782,3
80783,3
80784,3
80785,3
80786,3
80787,3
80788,3
80789,3
80790,3
80791,3
80792,3
80793,3
80794,3
80795,3
80796,3
80797,3
80798,3
80799,3
80800,3
80801,3
80802,3
80803,3
80804,3
80805,3
80806,3
80807,3
80808,3
80809,3
80810,3
80811,3
80812,3
80813,3
80814,3
80815,3
80816,3
80817,3
80818,3
80819,3
80820,3
80821,3
80822,3
80823,3
80824,3
80825,3
80826,3
80827,3
80828,3
80829,3
80830,3
80831,3
80832,3
80833,3
80834,3
80835,3
80836,3
80837,3
80838,3
80839,3
80840,3
80841,3
80842,3
80843,3
80844,3
80845,3
80846,3
80847,3
80848,3
80849,3
80850,3
80851,3
80852,3
80853,3
80854,3
80855,3
80856,3
80857,3
80858,3
80859,3
80860,3
80861,3
80862,3
80863,3
80864,3
80865,3
80866,3
80867,3
80868,3
80869,3
80870,3
80871,3
80872,3
80873,3
80874,3
80875,3
80876,3
80877,3
80878,3
80879,3
80880,3
80881,3
80882,3
80883,3
80884,3
80885,3
80886,3
80887,3
80888,3
80889,3
80890,3
80891,3
80892,3
80893,3
80894,3
80895,3
80896,3
80897,3
80898,3
80899,3
80900,3
80901,3
80902,3
80903,3
80904,3
80905,3
80906,3
80907,3
80908,3
80909,3
80910,3
80911,3
80912,3
80913,3
80914,3
80915,3
80916,3
80917,3
80918,3
80919,3
80920,3
80921,3
80922,3
80923,3
80924,3
80925,3
80926,2
80927,3
80928,3
80929,3
80930,3
80931,3
80932,3
80933,3
80934,3
80935,3
80936,3
80937,3
80938,3
80939,3
80940,3
80941,3
80942,3
80943,3
80944,3
80945,3
80946,3
80947,3
80948,3
80949,3
80950,3
80951,3
80952,3
80953,3
80954,3
80955,3
80956,3
80957,3
80958,3
80959,3
80960,3
80961,3
80962,3
80963,3
80964,3
80965,3
80966,3
80967,3
80968,3
80969,3
80970,3
80971,3
80972,3
80973,3
80974,3
80975,3
80976,3
80977,3
80978,3
80979,3
80980,3
80981,3
80982,3
80983,3
80984,3
80985,3
80986,3
80987,3
80988,3
80989,3
80990,3
80991,3
80992,3
80993,3
80994,3
80995,3
80996,3
80997,3
80998,3
80999,3
81000,3
81001,3
81002,3
81003,3
81004,3
81005,3
81006,3
81007,3
81008,3
81009,3
81010,3
81011,3
81012,3
81013,3
81014,3
81015,3
81016,3
81017,3
81018,3
81019,3
81020,3
81021,3
81022,3
81023,3
81024,3
81025,3
81026,3
81027,3
81028,3
81029,3
81030,3
81031,3
81032,3
81033,3
81034,3
81035,3
81036,3
81037,3
81038,3
81039,3
81040,3
81041,3
81042,3
81043,3
81044,3
81045,3
81046,3
81047,3
81048,3
81049,3
81050,3
81051,3
81052,3
81053,3
81054,3
81055,3
81056,3
81057,3
81058,3
81059,3
81060,3
81061,3
81062,3
81063,3
81064,3
81065,3
81066,3
81067,3
81068,3
81069,3
81070,3
81071,3
81072,3
81073,3
81074,3
81075,3
81076,3
81077,3
81078,3
81079,3
81080,3
81081,3
81082,3
81083,3
81084,3
81085,3
81086,3
81087,3
81088,3
81089,3
81090,3
81091,3
81092,3
81093,3
81094,3
81095,2
81096,2
81097,2
81098,3
81099,3
81100,3
81101,3
81102,3
81103,3
81104,3
81105,2
81106,3
81107,3
81108,3
81109,3
81110,3
81111,3
81112,3
81113,3
81114,3
81115,3
81116,3
81117,3
81118,3
81119,3
81120,3
81121,3
81122,3
81123,3
81124,3
81125,3
81126,3
81127,3
81128,3
81129,3
81130,3
81131,3
81132,3
81133,3
81134,3
81135,3
81136,3
81137,3
81138,3
81139,3
81140,3
81141,3
81142,3
81143,3
81144,3
81145,3
81146,3
81147,3
81148,3
81149,3
81150,3
81151,3
81152,3
81153,3
81154,3
81155,3
81156,3
81157,3
81158,3
81159,3
81160,3
81161,3
81162,3
81163,3
81164,3
81165,3
81166,3
81167,3
81168,3
81169,3
81170,3
81171,3
81172,3
81173,3
81174,3
81175,3
81176,3
81177,3
81178,3
81179,3
81180,3
81181,3
81182,3
81183,3
81184,3
81185,3
81186,3
81187,3
81188,3
81189,3
81190,3
81191,3
81192,3
81193,3
81194,3
81195,3
81196,3
81197,3
81198,3
81199,3
81200,3
81201,3
81202,3
81203,3
81204,3
81205,3
81206,3
81207,3
81208,3
81209,3
81210,3
81211,3
81212,3
81213,3
81214,3
81215,3
81216,3
81217,3
81218,3
81219,3
81220,3
81221,3
81222,3
81223,3
81224,3
81225,3
81226,3
81227,3
81228,3
81229,3
81230,3
81231,3
81232,3
81233,3
81234,3
81235,3
81236,3
81237,3
81238,3
81239,3
81240,3
81241,3
81242,3
81243,3
81244,3
81245,3
81246,3
81247,3
81248,3
81249,3
81250,3
81251,3
81252,3
81253,3
81254,3
81255,3
81256,3
81257,3
81258,3
81259,3
81260,3
81261,3
81262,3
81263,3
81264,3
81265,3
81266,3
81267,3
81268,3
81269,3
81270,3
81271,3
81272,3
81273,3
81274,3
81275,3
81276,3
81277,3
81278,3
81279,3
81280,3
81281,3
81282,3
81283,3
81284,3
81285,3
81286,3
81287,3
81288,3
81289,3
81290,3
81291,3
81292,3
81293,3
81294,3
81295,3
81296,3
81297,3
81298,3
81299,3
81300,3
81301,3
81302,3
81303,3
81304,3
81305,3
81306,3
81307,3
81308,3
81309,3
81310,3
81311,3
81312,3
81313,3
81314,3
81315,3
81316,3
81317,3
81318,3
81319,3
81320,3
81321,3
81322,3
81323,3
81324,3
81325,3
81326,3
81327,3
81328,3
81329,3
81330,3
81331,3
81332,3
81333,3
81334,3
81335,3
81336,3
81337,3
81338,3
81339,3
81340,3
81341,3
81342,3
81343,3
81344,3
81345,3
81346,3
81347,3
81348,3
81349,3
81350,3
81351,3
81352,3
81353,3
81354,3
81355,3
81356,3
81357,3
81358,3
81359,3
81360,3
81361,3
81362,3
81363,3
81364,3
81365,3
81366,3
81367,3
81368,3
81369,3
81370,3
81371,3
81372,3
81373,3
81374,3
81375,3
81376,3
81377,3
81378,3
81379,3
81380,3
81381,3
81382,3
81383,3
81384,3
81385,3
81386,3
81387,3
81388,3
81389,3
81390,3
81391,3
81392,3
81393,3
81394,3
81395,3
81396,3
81397,3
81398,3
81399,3
81400,3
81401,3
81402,3
81403,3
81404,3
81405,3
81406,3
81407,3
81408,3
81409,3
81410,3
81411,3
81412,3
81413,3
81414,3
81415,3
81416,3
81417,3
81418,3
81419,3
81420,3
81421,3
81422,3
81423,3
81424,3
81425,3
81426,3
81427,3
81428,3
81429,3
81430,3
81431,3
81432,3
81433,3
81434,3
81435,3
81436,3
81437,3
81438,3
81439,3
81440,3
81441,3
81442,3
81443,3
81444,3
81445,3
81446,3
81447,3
81448,3
81449,3
81450,3
81451,3
81452,3
81453,3
81454,3
81455,3
81456,3
81457,3
81458,3
81459,3
81460,3
81461,3
81462,3
81463,3
81464,3
81465,3
81466,3
81467,3
81468,3
81469,3
81470,3
81471,3
81472,3
81473,3
81474,3
81475,3
81476,3
81477,3
81478,3
81479,3
81480,3
81481,3
81482,3
81483,3
81484,3
81485,3
81486,3
81487,3
81488,3
81489,3
81490,3
81491,3
81492,3
81493,3
81494,3
81495,3
81496,3
81497,3
81498,3
81499,3
81500,3
81501,3
81502,3
81503,3
81504,3
81505,3
81506,3
81507,3
81508,3
81509,3
81510,3
81511,3
81512,3
81513,3
81514,3
81515,3
81516,3
81517,3
81518,3
81519,3
81520,3
81521,3
81522,3
81523,3
81524,3
81525,3
81526,3
81527,3
81528,3
81529,3
81530,3
81531,3
81532,3
81533,3
81534,3
81535,3
81536,3
81537,3
81538,3
81539,3
81540,3
81541,3
81542,3
81543,3
81544,3
81545,3
81546,3
81547,3
81548,3
81549,3
81550,3
81551,3
81552,3
81553,3
81554,3
81555,3
81556,3
81557,3
81558,3
81559,3
81560,3
81561,3
81562,3
81563,3
81564,3
81565,3
81566,3
81567,3
81568,3
81569,3
81570,3
81571,3
81572,3
81573,3
81574,3
81575,3
81576,3
81577,3
81578,3
81579,3
81580,3
81581,3
81582,3
81583,3
81584,3
81585,3
81586,3
81587,3
81588,3
81589,3
81590,3
81591,3
81592,3
81593,3
81594,3
81595,3
81596,3
81597,3
81598,3
81599,3
81600,3
81601,3
81602,3
81603,3
81604,3
81605,3
81606,3
81607,3
81608,3
81609,3
81610,3
81611,3
81612,3
81613,3
81614,3
81615,3
81616,3
81617,3
81618,3
81619,3
81620,3
81621,3
81622,3
81623,3
81624,3
81625,3
81626,3
81627,3
81628,3
81629,3
81630,3
81631,3
81632,3
81633,3
81634,3
81635,3
81636,3
81637,3
81638,3
81639,3
81640,3
81641,3
81642,3
81643,3
81644,3
81645,3
81646,3
81647,3
81648,3
81649,3
81650,3
81651,3
81652,3
81653,3
81654,3
81655,3
81656,3
81657,3
81658,3
81659,3
81660,3
81661,3
81662,3
81663,3
81664,3
81665,3
81666,3
81667,3
81668,3
81669,3
81670,3
81671,3
81672,3
81673,3
81674,3
81675,3
81676,3
81677,3
81678,3
81679,3
81680,3
81681,3
81682,3
81683,3
81684,3
81685,3
81686,3
81687,3
81688,3
81689,3
81690,3
81691,3
81692,3
81693,3
81694,3
81695,3
81696,3
81697,3
81698,3
81699,3
81700,3
81701,3
81702,3
81703,3
81704,3
81705,3
81706,3
81707,3
81708,3
81709,3
81710,3
81711,3
81712,3
81713,3
81714,3
81715,3
81716,3
81717,3
81718,3
81719,3
81720,3
81721,3
81722,3
81723,3
81724,3
81725,3
81726,3
81727,3
81728,3
81729,3
81730,3
81731,3
81732,3
81733,3
81734,3
81735,3
81736,3
81737,3
81738,3
81739,3
81740,3
81741,3
81742,3
81743,3
81744,3
81745,3
81746,3
81747,3
81748,3
81749,3
81750,3
81751,3
81752,3
81753,3
81754,3
81755,3
81756,3
81757,3
81758,3
81759,3
81760,3
81761,3
81762,3
81763,3
81764,3
81765,3
81766,3
81767,3
81768,3
81769,3
81770,3
81771,3
81772,3
81773,3
81774,3
81775,3
81776,3
81777,3
81778,3
81779,3
81780,3
81781,3
81782,3
81783,3
81784,3
81785,3
81786,3
81787,3
81788,3
81789,3
81790,3
81791,3
81792,3
81793,3
81794,3
81795,3
81796,3
81797,3
81798,3
81799,3
81800,3
81801,3
81802,3
81803,3
81804,3
81805,3
81806,3
81807,3
81808,3
81809,3
81810,3
81811,3
81812,3
81813,3
81814,3
81815,3
81816,3
81817,3
81818,3
81819,3
81820,3
81821,3
81822,3
81823,3
81824,3
81825,3
81826,3
81827,3
81828,3
81829,3
81830,3
81831,3
81832,3
81833,3
81834,3
81835,3
81836,3
81837,3
81838,3
81839,3
81840,3
81841,3
81842,3
81843,3
81844,3
81845,3
81846,3
81847,3
81848,3
81849,3
81850,3
81851,3
81852,3
81853,3
81854,3
81855,3
81856,3
81857,3
81858,3
81859,3
81860,3
81861,3
81862,3
81863,3
81864,3
81865,3
81866,3
81867,3
81868,3
81869,3
81870,3
81871,3
81872,3
81873,3
81874,3
81875,3
81876,3
81877,3
81878,3
81879,3
81880,3
81881,3
81882,3
81883,3
81884,3
81885,3
81886,3
81887,3
81888,3
81889,3
81890,3
81891,3
81892,3
81893,3
81894,3
81895,3
81896,3
81897,3
81898,3
81899,3
81900,3
81901,3
81902,3
81903,3
81904,3
81905,3
81906,3
81907,3
81908,3
81909,3
81910,3
81911,3
81912,3
81913,3
81914,3
81915,3
81916,3
81917,3
81918,3
81919,3
81920,3
81921,3
81922,3
81923,3
81924,3
81925,3
81926,3
81927,3
81928,3
81929,3
81930,3
81931,3
81932,3
81933,3
81934,3
81935,3
81936,3
81937,3
81938,3
81939,3
81940,3
81941,3
81942,3
81943,3
81944,3
81945,3
81946,3
81947,3
81948,3
81949,3
81950,3
81951,3
81952,3
81953,3
81954,3
81955,3
81956,3
81957,3
81958,3
81959,3
81960,3
81961,3
81962,3
81963,3
81964,3
81965,3
81966,3
81967,3
81968,3
81969,3
81970,3
81971,3
81972,3
81973,3
81974,3
81975,3
81976,3
81977,3
81978,3
81979,3
81980,3
81981,3
81982,3
81983,3
81984,3
81985,3
81986,3
81987,3
81988,3
81989,3
81990,3
81991,3
81992,3
81993,3
81994,3
81995,3
81996,3
81997,3
81998,3
81999,3
82000,3
82001,3
82002,3
82003,3
82004,3
82005,3
82006,3
82007,3
82008,3
82009,3
82010,3
82011,3
82012,3
82013,3
82014,3
82015,3
82016,3
82017,3
82018,3
82019,3
82020,3
82021,3
82022,3
82023,3
82024,3
82025,3
82026,3
82027,3
82028,3
82029,3
82030,3
82031,3
82032,3
82033,3
82034,3
82035,3
82036,3
82037,3
82038,3
82039,3
82040,3
82041,3
82042,3
82043,3
82044,3
82045,3
82046,3
82047,3
82048,3
82049,3
82050,3
82051,3
82052,3
82053,3
82054,3
82055,3
82056,3
82057,3
82058,3
82059,3
82060,3
82061,3
82062,3
82063,3
82064,3
82065,3
82066,3
82067,3
82068,3
82069,3
82070,3
82071,3
82072,3
82073,3
82074,3
82075,3
82076,3
82077,3
82078,3
82079,3
82080,3
82081,3
82082,3
82083,3
82084,3
82085,3
82086,3
82087,3
82088,3
82089,3
82090,3
82091,3
82092,3
82093,3
82094,3
82095,3
82096,3
82097,3
82098,3
82099,3
82100,3
82101,3
82102,3
82103,3
82104,3
82105,3
82106,3
82107,3
82108,3
82109,3
82110,3
82111,3
82112,3
82113,3
82114,3
82115,3
82116,3
82117,3
82118,3
82119,3
82120,3
82121,3
82122,3
82123,3
82124,3
82125,3
82126,3
82127,3
82128,3
82129,3
82130,3
82131,3
82132,3
82133,3
82134,3
82135,3
82136,3
82137,3
82138,3
82139,3
82140,3
82141,3
82142,3
82143,3
82144,3
82145,3
82146,3
82147,3
82148,3
82149,3
82150,3
82151,3
82152,3
82153,3
82154,3
82155,3
82156,3
82157,3
82158,3
82159,3
82160,3
82161,3
82162,3
82163,3
82164,3
82165,3
82166,3
82167,3
82168,3
82169,3
82170,3
82171,3
82172,3
82173,3
82174,3
82175,3
82176,3
82177,3
82178,3
82179,3
82180,3
82181,3
82182,3
82183,3
82184,3
82185,3
82186,3
82187,3
82188,3
82189,3
82190,3
82191,3
82192,3
82193,3
82194,3
82195,3
82196,3
82197,3
82198,3
82199,3
82200,3
82201,3
82202,3
82203,3
82204,3
82205,3
82206,3
82207,3
82208,3
82209,3
82210,3
82211,3
82212,3
82213,3
82214,3
82215,3
82216,3
82217,3
82218,3
82219,3
82220,3
82221,3
82222,3
82223,3
82224,3
82225,3
82226,3
82227,3
82228,3
82229,3
82230,3
82231,3
82232,3
82233,3
82234,3
82235,3
82236,3
82237,3
82238,3
82239,3
82240,3
82241,3
82242,3
82243,3
82244,3
82245,3
82246,3
82247,3
82248,3
82249,3
82250,3
82251,3
82252,3
82253,3
82254,3
82255,3
82256,3
82257,3
82258,3
82259,3
82260,3
82261,3
82262,3
82263,3
82264,3
82265,3
82266,3
82267,3
82268,3
82269,3
82270,3
82271,3
82272,3
82273,3
82274,3
82275,3
82276,3
82277,3
82278,3
82279,3
82280,3
82281,3
82282,3
82283,3
82284,3
82285,3
82286,3
82287,3
82288,3
82289,3
82290,3
82291,3
82292,3
82293,3
82294,3
82295,3
82296,3
82297,3
82298,3
82299,3
82300,3
82301,3
82302,3
82303,3
82304,3
82305,3
82306,3
82307,3
82308,3
82309,3
82310,3
82311,3
82312,3
82313,3
82314,3
82315,3
82316,3
82317,3
82318,3
82319,3
82320,3
82321,3
82322,3
82323,3
82324,3
82325,3
82326,3
82327,3
82328,3
82329,3
82330,3
82331,3
82332,3
82333,3
82334,3
82335,3
82336,3
82337,3
82338,3
82339,3
82340,3
82341,3
82342,3
82343,3
82344,3
82345,3
82346,3
82347,3
82348,3
82349,3
82350,3
82351,3
82352,3
82353,3
82354,3
82355,3
82356,3
82357,3
82358,3
82359,3
82360,3
82361,3
82362,3
82363,3
82364,3
82365,3
82366,3
82367,3
82368,3
82369,3
82370,3
82371,3
82372,3
82373,3
82374,3
82375,3
82376,3
82377,3
82378,3
82379,3
82380,3
82381,3
82382,3
82383,3
82384,3
82385,3
82386,3
82387,3
82388,3
82389,3
82390,3
82391,3
82392,3
82393,3
82394,3
82395,3
82396,3
82397,3
82398,3
82399,3
82400,3
82401,3
82402,3
82403,3
82404,3
82405,3
82406,3
82407,3
82408,3
82409,3
82410,3
82411,3
82412,3
82413,3
82414,3
82415,3
82416,3
82417,3
82418,3
82419,3
82420,3
82421,3
82422,3
82423,3
82424,3
82425,3
82426,3
82427,3
82428,3
82429,3
82430,3
82431,3
82432,3
82433,3
82434,3
82435,3
82436,3
82437,3
82438,3
82439,3
82440,3
82441,3
82442,3
82443,3
82444,3
82445,3
82446,3
82447,3
82448,3
82449,3
82450,3
82451,3
82452,3
82453,3
82454,3
82455,3
82456,3
82457,3
82458,3
82459,3
82460,3
82461,3
82462,3
82463,3
82464,3
82465,3
82466,3
82467,3
82468,3
82469,3
82470,3
82471,3
82472,3
82473,3
82474,3
82475,3
82476,3
82477,3
82478,3
82479,3
82480,3
82481,3
82482,3
82483,3
82484,3
82485,3
82486,3
82487,3
82488,3
82489,3
82490,3
82491,3
82492,3
82493,3
82494,3
82495,3
82496,3
82497,3
82498,3
82499,3
82500,3
82501,3
82502,3
82503,3
82504,3
82505,3
82506,3
82507,3
82508,3
82509,3
82510,3
82511,3
82512,3
82513,3
82514,3
82515,3
82516,3
82517,3
82518,3
82519,3
82520,3
82521,3
82522,3
82523,3
82524,3
82525,3
82526,3
82527,3
82528,3
82529,3
82530,3
82531,3
82532,3
82533,3
82534,3
82535,3
82536,3
82537,3
82538,3
82539,3
82540,3
82541,3
82542,3
82543,3
82544,3
82545,3
82546,3
82547,3
82548,3
82549,3
82550,3
82551,3
82552,3
82553,3
82554,3
82555,3
82556,3
82557,3
82558,3
82559,3
82560,3
82561,3
82562,3
82563,3
82564,3
82565,3
82566,3
82567,3
82568,3
82569,3
82570,3
82571,3
82572,3
82573,3
82574,3
82575,3
82576,3
82577,3
82578,3
82579,3
82580,3
82581,3
82582,3
82583,3
82584,3
82585,3
82586,3
82587,3
82588,3
82589,3
82590,3
82591,3
82592,3
82593,3
82594,3
82595,3
82596,3
82597,3
82598,3
82599,3
82600,3
82601,3
82602,3
82603,3
82604,3
82605,3
82606,3
82607,3
82608,3
82609,3
82610,3
82611,3
82612,3
82613,3
82614,3
82615,3
82616,3
82617,3
82618,3
82619,3
82620,3
82621,3
82622,3
82623,3
82624,3
82625,3
82626,3
82627,3
82628,3
82629,3
82630,3
82631,3
82632,3
82633,3
82634,3
82635,3
82636,3
82637,3
82638,3
82639,3
82640,3
82641,3
82642,3
82643,3
82644,3
82645,3
82646,3
82647,3
82648,3
82649,3
82650,3
82651,3
82652,3
82653,3
82654,3
82655,3
82656,3
82657,3
82658,3
82659,3
82660,3
82661,3
82662,3
82663,3
82664,3
82665,3
82666,3
82667,3
82668,3
82669,3
82670,3
82671,3
82672,3
82673,3
82674,3
82675,3
82676,3
82677,3
82678,3
82679,3
82680,3
82681,3
82682,3
82683,3
82684,3
82685,3
82686,3
82687,3
82688,3
82689,3
82690,3
82691,3
82692,3
82693,3
82694,3
82695,3
82696,3
82697,3
82698,3
82699,3
82700,3
82701,3
82702,3
82703,3
82704,3
82705,3
82706,3
82707,3
82708,3
82709,3
82710,3
82711,3
82712,3
82713,3
82714,3
82715,3
82716,3
82717,3
82718,3
82719,3
82720,3
82721,3
82722,3
82723,3
82724,3
82725,3
82726,3
82727,3
82728,3
82729,3
82730,3
82731,3
82732,3
82733,3
82734,3
82735,3
82736,3
82737,3
82738,3
82739,3
82740,3
82741,3
82742,3
82743,3
82744,3
82745,3
82746,3
82747,3
82748,3
82749,3
82750,3
82751,3
82752,3
82753,3
82754,3
82755,3
82756,3
82757,3
82758,3
82759,3
82760,3
82761,3
82762,3
82763,3
82764,3
82765,3
82766,3
82767,3
82768,3
82769,3
82770,3
82771,3
82772,3
82773,3
82774,3
82775,3
82776,3
82777,3
82778,3
82779,3
82780,3
82781,3
82782,3
82783,3
82784,3
82785,3
82786,3
82787,3
82788,3
82789,3
82790,3
82791,3
82792,3
82793,3
82794,3
82795,3
82796,3
82797,3
82798,3
82799,3
82800,3
82801,3
82802,3
82803,3
82804,3
82805,3
82806,3
82807,3
82808,3
82809,3
82810,3
82811,3
82812,3
82813,3
82814,3
82815,3
82816,3
82817,3
82818,3
82819,3
82820,3
82821,3
82822,3
82823,3
82824,3
82825,3
82826,3
82827,3
82828,3
82829,3
82830,3
82831,3
82832,3
82833,3
82834,3
82835,3
82836,3
82837,3
82838,3
82839,3
82840,3
82841,3
82842,3
82843,3
82844,3
82845,3
82846,3
82847,3
82848,3
82849,3
82850,3
82851,3
82852,3
82853,3
82854,3
82855,3
82856,3
82857,3
82858,3
82859,3
82860,3
82861,3
82862,3
82863,3
82864,3
82865,3
82866,3
82867,3
82868,3
82869,3
82870,3
82871,3
82872,3
82873,3
82874,3
82875,3
82876,3
82877,3
82878,3
82879,3
82880,3
82881,3
82882,3
82883,3
82884,3
82885,3
82886,3
82887,3
82888,3
82889,3
82890,3
82891,3
82892,3
82893,3
82894,3
82895,3
82896,3
82897,3
82898,3
82899,3
82900,3
82901,3
82902,3
82903,3
82904,3
82905,3
82906,3
82907,3
82908,3
82909,3
82910,3
82911,3
82912,3
82913,3
82914,3
82915,3
82916,3
82917,3
82918,3
82919,3
82920,3
82921,3
82922,3
82923,3
82924,3
82925,3
82926,3
82927,3
82928,3
82929,3
82930,3
82931,3
82932,3
82933,3
82934,3
82935,3
82936,3
82937,3
82938,3
82939,3
82940,3
82941,3
82942,3
82943,3
82944,3
82945,3
82946,3
82947,3
82948,3
82949,3
82950,3
82951,3
82952,3
82953,3
82954,3
82955,3
82956,3
82957,3
82958,3
82959,3
82960,3
82961,3
82962,3
82963,3
82964,3
82965,3
82966,3
82967,3
82968,3
82969,3
82970,3
82971,3
82972,3
82973,3
82974,3
82975,3
82976,3
82977,3
82978,3
82979,3
82980,3
82981,3
82982,3
82983,3
82984,3
82985,3
82986,3
82987,3
82988,3
82989,3
82990,3
82991,3
82992,3
82993,3
82994,3
82995,3
82996,3
82997,3
82998,3
82999,3
83000,3
83001,3
83002,3
83003,3
83004,3
83005,3
83006,3
83007,3
83008,3
83009,3
83010,3
83011,3
83012,3
83013,3
83014,3
83015,3
83016,3
83017,3
83018,3
83019,3
83020,3
83021,3
83022,3
83023,3
83024,3
83025,3
83026,3
83027,3
83028,3
83029,3
83030,3
83031,3
83032,3
83033,3
83034,3
83035,3
83036,3
83037,3
83038,3
83039,3
83040,3
83041,3
83042,3
83043,3
83044,3
83045,3
83046,3
83047,3
83048,3
83049,3
83050,3
83051,3
83052,3
83053,3
83054,3
83055,3
83056,3
83057,3
83058,3
83059,3
83060,3
83061,3
83062,3
83063,3
83064,3
83065,3
83066,3
83067,3
83068,3
83069,3
83070,3
83071,3
83072,3
83073,3
83074,3
83075,3
83076,3
83077,3
83078,3
83079,3
83080,3
83081,3
83082,3
83083,3
83084,3
83085,3
83086,3
83087,3
83088,3
83089,3
83090,3
83091,3
83092,3
83093,3
83094,3
83095,3
83096,3
83097,3
83098,3
83099,3
83100,3
83101,3
83102,3
83103,3
83104,3
83105,3
83106,3
83107,3
83108,3
83109,3
83110,3
83111,3
83112,3
83113,3
83114,3
83115,3
83116,3
83117,3
83118,3
83119,3
83120,3
83121,3
83122,3
83123,3
83124,3
83125,3
83126,3
83127,3
83128,3
83129,3
83130,3
83131,3
83132,3
83133,3
83134,3
83135,3
83136,3
83137,3
83138,3
83139,3
83140,3
83141,3
83142,3
83143,3
83144,3
83145,3
83146,3
83147,3
83148,3
83149,3
83150,3
83151,3
83152,3
83153,3
83154,3
83155,3
83156,3
83157,3
83158,3
83159,3
83160,3
83161,3
83162,3
83163,3
83164,3
83165,3
83166,3
83167,3
83168,3
83169,3
83170,3
83171,3
83172,3
83173,3
83174,3
83175,3
83176,3
83177,3
83178,3
83179,3
83180,3
83181,3
83182,3
83183,3
83184,3
83185,3
83186,3
83187,3
83188,3
83189,3
83190,3
83191,3
83192,3
83193,3
83194,3
83195,3
83196,3
83197,3
83198,3
83199,3
83200,3
83201,3
83202,3
83203,3
83204,3
83205,3
83206,3
83207,3
83208,3
83209,3
83210,3
83211,3
83212,3
83213,3
83214,3
83215,3
83216,3
83217,3
83218,3
83219,3
83220,3
83221,3
83222,3
83223,3
83224,3
83225,3
83226,3
83227,3
83228,3
83229,3
83230,3
83231,3
83232,3
83233,3
83234,3
83235,3
83236,3
83237,3
83238,3
83239,3
83240,3
83241,3
83242,3
83243,3
83244,3
83245,3
83246,3
83247,3
83248,3
83249,3
83250,3
83251,3
83252,3
83253,3
83254,3
83255,3
83256,3
83257,3
83258,3
83259,3
83260,3
83261,3
83262,3
83263,3
83264,3
83265,3
83266,3
83267,3
83268,3
83269,3
83270,3
83271,3
83272,3
83273,3
83274,3
83275,3
83276,3
83277,3
83278,3
83279,3
83280,3
83281,3
83282,3
83283,3
83284,3
83285,3
83286,3
83287,3
83288,3
83289,3
83290,3
83291,3
83292,3
83293,3
83294,3
83295,3
83296,3
83297,3
83298,3
83299,3
83300,3
83301,3
83302,3
83303,3
83304,3
83305,3
83306,3
83307,3
83308,3
83309,3
83310,3
83311,3
83312,3
83313,3
83314,3
83315,3
83316,3
83317,3
83318,3
83319,3
83320,3
83321,3
83322,3
83323,3
83324,3
83325,3
83326,3
83327,3
83328,3
83329,3
83330,3
83331,3
83332,3
83333,3
83334,3
83335,3
83336,3
83337,3
83338,3
83339,3
83340,3
83341,3
83342,3
83343,3
83344,3
83345,3
83346,3
83347,3
83348,3
83349,3
83350,3
83351,3
83352,3
83353,3
83354,3
83355,3
83356,3
83357,3
83358,3
83359,3
83360,3
83361,3
83362,3
83363,3
83364,3
83365,3
83366,3
83367,3
83368,3
83369,3
83370,3
83371,3
83372,3
83373,3
83374,3
83375,3
83376,3
83377,3
83378,3
83379,3
83380,3
83381,3
83382,3
83383,3
83384,3
83385,3
83386,3
83387,3
83388,3
83389,3
83390,3
83391,3
83392,3
83393,3
83394,3
83395,3
83396,3
83397,3
83398,3
83399,3
83400,3
83401,3
83402,3
83403,3
83404,3
83405,3
83406,3
83407,3
83408,3
83409,3
83410,3
83411,3
83412,3
83413,3
83414,3
83415,3
83416,3
83417,3
83418,3
83419,3
83420,3
83421,3
83422,3
83423,3
83424,3
83425,3
83426,3
83427,3
83428,3
83429,3
83430,3
83431,3
83432,3
83433,3
83434,3
83435,3
83436,3
83437,3
83438,3
83439,3
83440,3
83441,3
83442,3
83443,3
83444,3
83445,3
83446,3
83447,3
83448,3
83449,3
83450,3
83451,3
83452,3
83453,3
83454,3
83455,3
83456,3
83457,3
83458,3
83459,3
83460,3
83461,3
83462,3
83463,3
83464,3
83465,3
83466,3
83467,3
83468,3
83469,3
83470,3
83471,3
83472,3
83473,3
83474,3
83475,3
83476,3
83477,3
83478,3
83479,3
83480,3
83481,3
83482,3
83483,3
83484,3
83485,3
83486,3
83487,3
83488,3
83489,3
83490,3
83491,3
83492,3
83493,3
83494,3
83495,3
83496,3
83497,3
83498,3
83499,3
83500,3
83501,3
83502,3
83503,3
83504,3
83505,3
83506,3
83507,3
83508,3
83509,3
83510,3
83511,3
83512,3
83513,3
83514,3
83515,3
83516,3
83517,3
83518,3
83519,3
83520,3
83521,3
83522,3
83523,3
83524,3
83525,3
83526,3
83527,3
83528,3
83529,3
83530,3
83531,3
83532,3
83533,3
83534,3
83535,3
83536,3
83537,3
83538,3
83539,3
83540,3
83541,3
83542,3
83543,3
83544,3
83545,3
83546,3
83547,3
83548,3
83549,3
83550,3
83551,3
83552,3
83553,3
83554,3
83555,3
83556,3
83557,3
83558,3
83559,3
83560,3
83561,3
83562,3
83563,3
83564,3
83565,3
83566,3
83567,3
83568,3
83569,3
83570,3
83571,3
83572,3
83573,3
83574,3
83575,3
83576,3
83577,3
83578,3
83579,3
83580,3
83581,3
83582,3
83583,3
83584,3
83585,3
83586,3
83587,3
83588,3
83589,3
83590,3
83591,3
83592,3
83593,3
83594,3
83595,3
83596,3
83597,3
83598,3
83599,3
83600,3
83601,3
83602,3
83603,3
83604,3
83605,3
83606,3
83607,3
83608,3
83609,3
83610,3
83611,3
83612,3
83613,3
83614,3
83615,3
83616,3
83617,3
83618,3
83619,3
83620,3
83621,3
83622,3
83623,3
83624,3
83625,3
83626,3
83627,3
83628,3
83629,3
83630,3
83631,3
83632,3
83633,3
83634,3
83635,3
83636,3
83637,3
83638,3
83639,3
83640,3
83641,3
83642,3
83643,3
83644,3
83645,3
83646,3
83647,3
83648,3
83649,3
83650,3
83651,3
83652,3
83653,3
83654,3
83655,3
83656,3
83657,3
83658,3
83659,3
83660,3
83661,3
83662,3
83663,3
83664,3
83665,3
83666,3
83667,3
83668,3
83669,3
83670,3
83671,3
83672,3
83673,3
83674,3
83675,3
83676,3
83677,3
83678,3
83679,3
83680,3
83681,3
83682,3
83683,3
83684,3
83685,3
83686,3
83687,3
83688,3
83689,3
83690,3
83691,3
83692,3
83693,3
83694,3
83695,3
83696,3
83697,3
83698,3
83699,3
83700,3
83701,3
83702,3
83703,3
83704,3
83705,3
83706,3
83707,3
83708,3
83709,3
83710,3
83711,3
83712,3
83713,3
83714,3
83715,3
83716,3
83717,3
83718,3
83719,3
83720,3
83721,3
83722,3
83723,3
83724,3
83725,3
83726,3
83727,3
83728,3
83729,3
83730,3
83731,3
83732,3
83733,3
83734,3
83735,3
83736,3
83737,3
83738,3
83739,3
83740,3
83741,3
83742,3
83743,3
83744,3
83745,3
83746,3
83747,3
83748,3
83749,3
83750,3
83751,3
83752,3
83753,3
83754,3
83755,3
83756,3
83757,3
83758,3
83759,3
83760,3
83761,3
83762,3
83763,3
83764,3
83765,3
83766,3
83767,3
83768,3
83769,3
83770,3
83771,3
83772,3
83773,3
83774,3
83775,3
83776,3
83777,3
83778,3
83779,3
83780,3
83781,3
83782,3
83783,3
83784,3
83785,3
83786,3
83787,3
83788,3
83789,3
83790,3
83791,3
83792,3
83793,3
83794,3
83795,3
83796,3
83797,3
83798,3
83799,3
83800,3
83801,3
83802,3
83803,3
83804,3
83805,3
83806,3
83807,3
83808,3
83809,3
83810,3
83811,3
83812,3
83813,3
83814,3
83815,3
83816,3
83817,3
83818,3
83819,3
83820,3
83821,3
83822,3
83823,3
83824,3
83825,3
83826,3
83827,3
83828,3
83829,3
83830,3
83831,3
83832,3
83833,3
83834,3
83835,3
83836,3
83837,3
83838,3
83839,3
83840,3
83841,3
83842,3
83843,3
83844,3
83845,3
83846,3
83847,3
83848,3
83849,3
83850,3
83851,3
83852,3
83853,3
83854,3
83855,3
83856,3
83857,3
83858,3
83859,3
83860,3
83861,3
83862,3
83863,3
83864,3
83865,3
83866,3
83867,3
83868,3
83869,3
83870,3
83871,3
83872,3
83873,3
83874,3
83875,3
83876,3
83877,3
83878,3
83879,3
83880,3
83881,3
83882,3
83883,3
83884,3
83885,3
83886,3
83887,3
83888,3
83889,3
83890,3
83891,3
83892,3
83893,3
83894,3
83895,3
83896,3
83897,3
83898,3
83899,3
83900,3
83901,3
83902,3
83903,3
83904,3
83905,3
83906,3
83907,3
83908,3
83909,3
83910,3
83911,3
83912,3
83913,3
83914,3
83915,3
83916,3
83917,3
83918,3
83919,3
83920,3
83921,3
83922,3
83923,3
83924,3
83925,3
83926,3
83927,3
83928,3
83929,3
83930,3
83931,3
83932,3
83933,3
83934,3
83935,3
83936,3
83937,3
83938,3
83939,3
83940,3
83941,3
83942,3
83943,3
83944,3
83945,3
83946,3
83947,3
83948,3
83949,3
83950,3
83951,3
83952,3
83953,3
83954,3
83955,3
83956,3
83957,3
83958,3
83959,3
83960,3
83961,3
83962,3
83963,3
83964,3
83965,3
83966,3
83967,3
83968,3
83969,3
83970,3
83971,3
83972,3
83973,3
83974,3
83975,3
83976,3
83977,3
83978,3
83979,3
83980,3
83981,3
83982,3
83983,3
83984,3
83985,3
83986,3
83987,3
83988,3
83989,3
83990,3
83991,3
83992,3
83993,3
83994,3
83995,3
83996,3
83997,3
83998,3
83999,3
84000,3
84001,3
84002,3
84003,3
84004,3
84005,3
84006,3
84007,3
84008,3
84009,3
84010,3
84011,3
84012,3
84013,3
84014,3
84015,3
84016,3
84017,3
84018,3
84019,3
84020,3
84021,3
84022,3
84023,3
84024,3
84025,3
84026,3
84027,3
84028,3
84029,3
84030,3
84031,3
84032,3
84033,3
84034,3
84035,3
84036,3
84037,3
84038,3
84039,3
84040,3
84041,3
84042,3
84043,3
84044,3
84045,3
84046,3
84047,3
84048,3
84049,3
84050,3
84051,3
84052,3
84053,3
84054,3
84055,3
84056,3
84057,3
84058,3
84059,3
84060,3
84061,3
84062,3
84063,3
84064,3
84065,3
84066,3
84067,3
84068,3
84069,3
84070,3
84071,3
84072,3
84073,3
84074,3
84075,3
84076,3
84077,3
84078,3
84079,3
84080,3
84081,3
84082,3
84083,3
84084,3
84085,3
84086,3
84087,3
84088,3
84089,3
84090,3
84091,3
84092,3
84093,3
84094,3
84095,3
84096,3
84097,3
84098,3
84099,3
84100,3
84101,3
84102,3
84103,3
84104,3
84105,3
84106,3
84107,3
84108,3
84109,3
84110,3
84111,3
84112,3
84113,3
84114,3
84115,3
84116,3
84117,3
84118,3
84119,3
84120,3
84121,3
84122,3
84123,3
84124,3
84125,3
84126,3
84127,3
84128,3
84129,3
84130,3
84131,3
84132,3
84133,3
84134,3
84135,3
84136,3
84137,3
84138,3
84139,3
84140,3
84141,3
84142,3
84143,3
84144,3
84145,3
84146,3
84147,3
84148,3
84149,3
84150,3
84151,3
84152,3
84153,3
84154,3
84155,3
84156,3
84157,3
84158,3
84159,3
84160,3
84161,3
84162,3
84163,3
84164,3
84165,3
84166,3
84167,3
84168,3
84169,3
84170,3
84171,3
84172,3
84173,3
84174,3
84175,3
84176,3
84177,3
84178,3
84179,3
84180,3
84181,3
84182,0
84183,3
84184,3
84185,3
84186,3
84187,3
84188,3
84189,3
84190,3
84191,3
84192,3
84193,3
84194,3
84195,3
84196,3
84197,3
84198,3
84199,3
84200,3
84201,3
84202,3
84203,3
84204,3
84205,3
84206,0
84207,3
84208,0
84209,0
84210,0
84211,3
84212,3
84213,3
84214,3
84215,3
84216,3
84217,3
84218,3
84219,3
84220,3
84221,3
84222,3
84223,3
84224,0
84225,3
84226,3
84227,3
84228,3
84229,3
84230,3
84231,3
84232,3
84233,3
84234,3
84235,3
84236,3
84237,3
84238,3
84239,3
84240,3
84241,0
84242,3
84243,3
84244,3
84245,3
84246,3
84247,3
84248,3
84249,3
84250,3
84251,3
84252,3
84253,3
84254,3
84255,3
84256,3
84257,3
84258,3
84259,3
84260,3
84261,3
84262,3
84263,3
84264,3
84265,3
84266,3
84267,3
84268,3
84269,3
84270,3
84271,3
84272,3
84273,3
84274,3
84275,3
84276,3
84277,3
84278,3
84279,3
84280,3
84281,3
84282,3
84283,3
84284,3
84285,3
84286,3
84287,3
84288,3
84289,3
84290,3
84291,3
84292,3
84293,3
84294,3
84295,3
84296,3
84297,3
84298,3
84299,3
84300,3
84301,3
84302,3
84303,3
84304,3
84305,3
84306,3
84307,3
84308,3
84309,3
84310,3
84311,3
84312,3
84313,3
84314,0
84315,3
84316,3
84317,3
84318,3
84319,3
84320,3
84321,3
84322,3
84323,3
84324,3
84325,3
84326,3
84327,0
84328,3
84329,3
84330,3
84331,3
84332,3
84333,3
84334,3
84335,3
84336,3
84337,3
84338,3
84339,3
84340,3
84341,3
84342,3
84343,3
84344,3
84345,3
84346,3
84347,3
84348,3
84349,3
84350,3
84351,3
84352,3
84353,3
84354,3
84355,3
84356,3
84357,3
84358,3
84359,3
84360,3
84361,3
84362,3
84363,3
84364,3
84365,3
84366,3
84367,3
84368,3
84369,3
84370,3
84371,3
84372,3
84373,3
84374,3
84375,3
84376,3
84377,3
84378,3
84379,3
84380,3
84381,3
84382,3
84383,3
84384,3
84385,3
84386,3
84387,3
84388,3
84389,3
84390,3
84391,3
84392,3
84393,3
84394,3
84395,3
84396,3
84397,3
84398,3
84399,3
84400,3
84401,3
84402,3
84403,3
84404,3
84405,3
84406,3
84407,3
84408,3
84409,3
84410,3
84411,3
84412,3
84413,3
84414,3
84415,3
84416,3
84417,3
84418,3
84419,3
84420,3
84421,3
84422,3
84423,3
84424,3
84425,3
84426,3
84427,3
84428,3
84429,3
84430,3
84431,3
84432,3
84433,3
84434,3
84435,3
84436,3
84437,3
84438,3
84439,3
84440,3
84441,3
84442,3
84443,3
84444,3
84445,3
84446,3
84447,3
84448,3
84449,3
84450,3
84451,3
84452,3
84453,3
84454,3
84455,3
84456,3
84457,3
84458,3
84459,3
84460,3
84461,3
84462,3
84463,3
84464,3
84465,3
84466,3
84467,3
84468,3
84469,3
84470,3
84471,3
84472,3
84473,3
84474,3
84475,3
84476,3
84477,3
84478,3
84479,3
84480,3
84481,3
84482,3
84483,3
84484,3
84485,3
84486,3
84487,3
84488,3
84489,3
84490,3
84491,3
84492,3
84493,3
84494,3
84495,3
84496,3
84497,3
84498,3
84499,3
84500,3
84501,3
84502,3
84503,3
84504,3
84505,3
84506,3
84507,3
84508,3
84509,3
84510,3
84511,3
84512,3
84513,3
84514,3
84515,3
84516,3
84517,3
84518,3
84519,3
84520,3
84521,3
84522,3
84523,3
84524,3
84525,3
84526,3
84527,3
84528,3
84529,3
84530,3
84531,3
84532,3
84533,3
84534,3
84535,3
84536,3
84537,3
84538,3
84539,3
84540,3
84541,3
84542,3
84543,3
84544,3
84545,3
84546,3
84547,3
84548,3
84549,3
84550,3
84551,3
84552,3
84553,3
84554,3
84555,3
84556,3
84557,3
84558,3
84559,3
84560,3
84561,3
84562,3
84563,3
84564,3
84565,3
84566,3
84567,3
84568,3
84569,3
84570,3
84571,3
84572,3
84573,3
84574,3
84575,3
84576,3
84577,3
84578,3
84579,3
84580,3
84581,3
84582,3
84583,3
84584,3
84585,3
84586,3
84587,3
84588,3
84589,3
84590,3
84591,3
84592,3
84593,3
84594,3
84595,3
84596,3
84597,3
84598,3
84599,3
84600,3
84601,3
84602,3
84603,3
84604,3
84605,3
84606,3
84607,3
84608,3
84609,3
84610,3
84611,3
84612,3
84613,3
84614,3
84615,3
84616,3
84617,3
84618,3
84619,3
84620,3
84621,3
84622,3
84623,3
84624,3
84625,3
84626,3
84627,3
84628,3
84629,3
84630,3
84631,3
84632,3
84633,3
84634,3
84635,3
84636,3
84637,3
84638,3
84639,3
84640,0
84641,3
84642,3
84643,3
84644,3
84645,3
84646,3
84647,3
84648,3
84649,3
84650,3
84651,3
84652,3
84653,3
84654,3
84655,3
84656,3
84657,3
84658,3
84659,3
84660,3
84661,3
84662,3
84663,3
84664,3
84665,3
84666,3
84667,3
84668,3
84669,3
84670,3
84671,3
84672,3
84673,3
84674,3
84675,3
84676,3
84677,3
84678,3
84679,3
84680,3
84681,3
84682,3
84683,3
84684,3
84685,3
84686,3
84687,3
84688,3
84689,3
84690,3
84691,3
84692,3
84693,3
84694,3
84695,2
84696,2
84697,2
84698,3
84699,3
84700,3
84701,2
84702,2
84703,2
84704,2
84705,2
84706,3
84707,2
84708,2
84709,3
84710,2
84711,3
84712,3
84713,3
84714,3
84715,3
84716,3
84717,3
84718,3
84719,3
84720,3
84721,2
84722,2
84723,3
84724,3
84725,3
84726,2
84727,2
84728,3
84729,2
84730,2
84731,2
84732,2
84733,2
84734,2
84735,2
84736,2
84737,2
84738,2
84739,2
84740,2
84741,2
84742,3
84743,3
84744,3
84745,2
84746,3
84747,3
84748,3
84749,3
84750,3
84751,3
84752,3
84753,3
84754,3
84755,3
84756,3
84757,3
84758,3
84759,3
84760,3
84761,2
84762,3
84763,3
84764,2
84765,2
84766,2
84767,2
84768,2
84769,2
84770,2
84771,2
84772,2
84773,2
84774,2
84775,2
84776,3
84777,2
84778,2
84779,3
84780,3
84781,2
84782,2
84783,2
84784,2
84785,2
84786,2
84787,2
84788,2
84789,2
84790,2
84791,2
84792,2
84793,2
84794,2
84795,2
84796,2
84797,2
84798,2
84799,2
84800,2
84801,3
84802,2
84803,2
84804,2
84805,2
84806,2
84807,2
84808,2
84809,2
84810,2
84811,2
84812,2
84813,2
84814,2
84815,2
84816,3
84817,3
84818,2
84819,2
84820,2
84821,2
84822,2
84823,3
84824,2
84825,2
84826,2
84827,2
84828,2
84829,2
84830,2
84831,2
84832,2
84833,2
84834,2
84835,2
84836,2
84837,2
84838,2
84839,2
84840,2
84841,2
84842,2
84843,2
84844,2
84845,2
84846,2
84847,2
84848,2
84849,2
84850,2
84851,2
84852,2
84853,2
84854,2
84855,2
84856,2
84857,2
84858,2
84859,2
84860,2
84861,2
84862,2
84863,2
84864,2
84865,2
84866,2
84867,2
84868,2
84869,2
84870,2
84871,2
84872,2
84873,2
84874,2
84875,2
84876,3
84877,2
84878,2
84879,3
84880,2
84881,3
84882,3
84883,2
84884,2
84885,2
84886,2
84887,2
84888,2
84889,2
84890,2
84891,2
84892,2
84893,2
84894,2
84895,2
84896,2
84897,2
84898,2
84899,2
84900,2
84901,2
84902,2
84903,2
84904,2
84905,2
84906,2
84907,2
84908,2
84909,2
84910,2
84911,2
84912,2
84913,2
84914,2
84915,2
84916,2
84917,2
84918,2
84919,3
84920,3
84921,2
84922,2
84923,2
84924,2
84925,2
84926,2
84927,2
84928,2
84929,2
84930,2
84931,2
84932,2
84933,2
84934,2
84935,2
84936,2
84937,2
84938,2
84939,2
84940,2
84941,2
84942,2
84943,2
84944,3
84945,3
84946,3
84947,3
84948,3
84949,3
84950,3
84951,3
84952,3
84953,3
84954,2
84955,2
84956,2
84957,2
84958,2
84959,2
84960,2
84961,2
84962,2
84963,2
84964,2
84965,2
84966,2
84967,2
84968,2
84969,2
84970,2
84971,2
84972,2
84973,2
84974,2
84975,2
84976,3
84977,2
84978,2
84979,2
84980,2
84981,2
84982,2
84983,2
84984,2
84985,2
84986,2
84987,2
84988,2
84989,2
84990,2
84991,2
84992,3
84993,2
84994,3
84995,3
84996,3
84997,3
84998,3
84999,2
85000,2
85001,3
85002,2
85003,3
85004,3
85005,3
85006,3
85007,3
85008,2
85009,2
85010,2
85011,2
85012,2
85013,2
85014,2
85015,2
85016,2
85017,2
85018,2
85019,2
85020,2
85021,2
85022,2
85023,2
85024,2
85025,3
85026,3
85027,3
85028,3
85029,2
85030,2
85031,2
85032,3
85033,3
85034,2
85035,2
85036,3
85037,2
85038,2
85039,2
85040,2
85041,2
85042,2
85043,2
85044,2
85045,2
85046,2
85047,2
85048,2
85049,2
85050,2
85051,3
85052,3
85053,3
85054,2
85055,2
85056,2
85057,2
85058,2
85059,2
85060,2
85061,2
85062,2
85063,2
85064,2
85065,2
85066,3
85067,2
85068,2
85069,2
85070,3
85071,3
85072,2
85073,2
85074,2
85075,3
85076,2
85077,2
85078,3
85079,3
85080,2
85081,3
85082,3
85083,2
85084,2
85085,2
85086,2
85087,2
85088,2
85089,2
85090,2
85091,2
85092,2
85093,2
85094,2
85095,3
85096,2
85097,2
85098,2
85099,3
85100,3
85101,2
85102,2
85103,3
85104,3
85105,2
85106,2
85107,2
85108,3
85109,2
85110,2
85111,2
85112,2
85113,3
85114,2
85115,2
85116,2
85117,2
85118,3
85119,2
85120,2
85121,2
85122,2
85123,2
85124,2
85125,3
85126,3
85127,3
85128,3
85129,2
85130,2
85131,2
85132,2
85133,2
85134,3
85135,3
85136,3
85137,2
85138,2
85139,3
85140,2
85141,2
85142,2
85143,2
85144,3
85145,2
85146,3
85147,3
85148,2
85149,2
85150,2
85151,2
85152,2
85153,2
85154,3
85155,2
85156,2
85157,2
85158,2
85159,2
85160,2
85161,2
85162,2
85163,2
85164,3
85165,3
85166,3
85167,3
85168,3
85169,2
85170,2
85171,2
85172,2
85173,2
85174,2
85175,2
85176,2
85177,2
85178,3
85179,3
85180,3
85181,3
85182,2
85183,3
85184,3
85185,2
85186,2
85187,3
85188,2
85189,2
85190,2
85191,2
85192,3
85193,2
85194,2
85195,3
85196,3
85197,2
85198,3
85199,2
85200,3
85201,2
85202,3
85203,2
85204,2
85205,2
85206,2
85207,3
85208,3
85209,2
85210,2
85211,2
85212,3
85213,3
85214,2
85215,2
85216,2
85217,2
85218,2
85219,2
85220,3
85221,3
85222,3
85223,3
85224,3
85225,3
85226,2
85227,2
85228,2
85229,2
85230,2
85231,2
85232,2
85233,2
85234,3
85235,2
85236,2
85237,3
85238,3
85239,2
85240,2
85241,3
85242,2
85243,2
85244,2
85245,2
85246,2
85247,2
85248,2
85249,2
85250,2
85251,2
85252,2
85253,2
85254,2
85255,2
85256,2
85257,2
85258,2
85259,2
85260,2
85261,2
85262,2
85263,2
85264,2
85265,2
85266,2
85267,2
85268,2
85269,2
85270,2
85271,2
85272,2
85273,2
85274,2
85275,2
85276,2
85277,2
85278,2
85279,2
85280,2
85281,3
85282,2
85283,2
85284,2
85285,2
85286,2
85287,2
85288,2
85289,2
85290,2
85291,2
85292,2
85293,2
85294,2
85295,2
85296,2
85297,2
85298,2
85299,2
85300,2
85301,2
85302,2
85303,3
85304,3
85305,2
85306,3
85307,3
85308,2
85309,2
85310,2
85311,2
85312,2
85313,2
85314,2
85315,2
85316,2
85317,3
85318,2
85319,3
85320,3
85321,2
85322,3
85323,2
85324,2
85325,2
85326,2
85327,2
85328,3
85329,3
85330,2
85331,2
85332,3
85333,3
85334,2
85335,2
85336,2
85337,2
85338,3
85339,2
85340,2
85341,2
85342,2
85343,2
85344,3
85345,3
85346,3
85347,3
85348,3
85349,3
85350,3
85351,3
85352,3
85353,3
85354,3
85355,3
85356,3
85357,3
85358,3
85359,3
85360,3
85361,3
85362,3
85363,3
85364,3
85365,3
85366,3
85367,3
85368,3
85369,3
85370,3
85371,3
85372,3
85373,3
85374,3
85375,3
85376,3
85377,3
85378,3
85379,3
85380,3
85381,3
85382,3
85383,3
85384,3
85385,3
85386,3
85387,3
85388,3
85389,3
85390,3
85391,3
85392,3
85393,3
85394,3
85395,3
85396,3
85397,3
85398,3
85399,3
85400,3
85401,3
85402,3
85403,3
85404,3
85405,3
85406,3
85407,3
85408,3
85409,3
85410,3
85411,3
85412,3
85413,3
85414,3
85415,3
85416,3
85417,3
85418,3
85419,3
85420,3
85421,3
85422,3
85423,3
85424,3
85425,3
85426,3
85427,3
85428,3
85429,3
85430,3
85431,3
85432,3
85433,3
85434,3
85435,3
85436,3
85437,3
85438,3
85439,3
85440,3
85441,3
85442,3
85443,3
85444,3
85445,3
85446,3
85447,3
85448,3
85449,3
85450,3
85451,3
85452,3
85453,3
85454,3
85455,3
85456,3
85457,3
85458,3
85459,3
85460,3
85461,3
85462,3
85463,3
85464,3
85465,3
85466,3
85467,3
85468,3
85469,3
85470,3
85471,3
85472,3
85473,3
85474,3
85475,3
85476,3
85477,3
85478,3
85479,3
85480,3
85481,3
85482,3
85483,3
85484,3
85485,3
85486,3
85487,3
85488,3
85489,3
85490,3
85491,3
85492,3
85493,3
85494,3
85495,3
85496,3
85497,3
85498,3
85499,3
85500,3
85501,3
85502,3
85503,3
85504,3
85505,3
85506,3
85507,3
85508,3
85509,3
85510,3
85511,3
85512,3
85513,3
85514,3
85515,3
85516,3
85517,3
85518,3
85519,3
85520,3
85521,3
85522,3
85523,3
85524,3
85525,3
85526,3
85527,3
85528,3
85529,3
85530,3
85531,3
85532,3
85533,3
85534,3
85535,3
85536,3
85537,3
85538,3
85539,3
85540,3
85541,3
85542,3
85543,3
85544,3
85545,3
85546,3
85547,3
85548,3
85549,3
85550,3
85551,3
85552,3
85553,3
85554,3
85555,3
85556,3
85557,3
85558,3
85559,3
85560,3
85561,3
85562,3
85563,3
85564,3
85565,3
85566,3
85567,3
85568,3
85569,3
85570,3
85571,3
85572,3
85573,3
85574,3
85575,3
85576,3
85577,3
85578,3
85579,3
85580,3
85581,3
85582,3
85583,3
85584,3
85585,3
85586,3
85587,3
85588,3
85589,3
85590,3
85591,3
85592,3
85593,3
85594,3
85595,3
85596,3
85597,3
85598,3
85599,3
85600,3
85601,3
85602,3
85603,3
85604,3
85605,3
85606,3
85607,3
85608,3
85609,3
85610,3
85611,3
85612,3
85613,3
85614,3
85615,3
85616,3
85617,3
85618,3
85619,3
85620,3
85621,3
85622,3
85623,3
85624,3
85625,3
85626,3
85627,3
85628,3
85629,3
85630,3
85631,3
85632,3
85633,3
85634,3
85635,3
85636,3
85637,3
85638,3
85639,3
85640,3
85641,3
85642,3
85643,3
85644,3
85645,3
85646,3
85647,3
85648,3
85649,3
85650,3
85651,3
85652,3
85653,3
85654,3
85655,3
85656,3
85657,3
85658,3
85659,3
85660,3
85661,3
85662,3
85663,3
85664,3
85665,3
85666,3
85667,3
85668,3
85669,3
85670,3
85671,3
85672,3
85673,3
85674,3
85675,3
85676,3
85677,3
85678,3
85679,3
85680,3
85681,3
85682,3
85683,3
85684,3
85685,3
85686,3
85687,3
85688,3
85689,3
85690,3
85691,3
85692,3
85693,3
85694,3
85695,3
85696,3
85697,3
85698,3
85699,3
85700,3
85701,3
85702,3
85703,3
85704,3
85705,3
85706,3
85707,3
85708,3
85709,3
85710,3
85711,3
85712,3
85713,3
85714,3
85715,3
85716,3
85717,3
85718,3
85719,3
85720,3
85721,3
85722,3
85723,3
85724,3
85725,3
85726,3
85727,3
85728,3
85729,3
85730,3
85731,3
85732,3
85733,3
85734,3
85735,3
85736,3
85737,3
85738,3
85739,3
85740,3
85741,3
85742,3
85743,3
85744,3
85745,3
85746,3
85747,3
85748,3
85749,3
85750,3
85751,3
85752,3
85753,3
85754,3
85755,3
85756,3
85757,3
85758,3
85759,3
85760,3
85761,3
85762,3
85763,3
85764,3
85765,3
85766,3
85767,3
85768,3
85769,3
85770,3
85771,3
85772,3
85773,3
85774,3
85775,3
85776,3
85777,3
85778,3
85779,3
85780,3
85781,3
85782,3
85783,3
85784,3
85785,3
85786,3
85787,3
85788,3
85789,3
85790,3
85791,2
85792,3
85793,3
85794,2
85795,3
85796,3
85797,3
85798,3
85799,2
85800,3
85801,2
85802,3
85803,3
85804,3
85805,3
85806,3
85807,3
85808,3
85809,3
85810,3
85811,3
85812,3
85813,3
85814,3
85815,3
85816,3
85817,3
85818,3
85819,3
85820,3
85821,3
85822,3
85823,3
85824,3
85825,3
85826,3
85827,3
85828,3
85829,3
85830,3
85831,3
85832,3
85833,3
85834,3
85835,3
85836,3
85837,3
85838,3
85839,3
85840,3
85841,3
85842,3
85843,3
85844,3
85845,3
85846,3
85847,3
85848,3
85849,2
85850,2
85851,3
85852,3
85853,3
85854,3
85855,3
85856,3
85857,3
85858,3
85859,3
85860,3
85861,3
85862,3
85863,3
85864,3
85865,3
85866,3
85867,3
85868,3
85869,3
85870,3
85871,3
85872,3
85873,3
85874,3
85875,3
85876,3
85877,3
85878,3
85879,3
85880,3
85881,3
85882,2
85883,3
85884,3
85885,3
85886,3
85887,3
85888,3
85889,2
85890,3
85891,3
85892,3
85893,3
85894,3
85895,3
85896,3
85897,3
85898,3
85899,3
85900,3
85901,3
85902,2
85903,3
85904,3
85905,3
85906,3
85907,3
85908,3
85909,3
85910,3
85911,3
85912,3
85913,3
85914,3
85915,3
85916,2
85917,3
85918,3
85919,3
85920,3
85921,3
85922,3
85923,3
85924,3
85925,3
85926,3
85927,3
85928,3
85929,3
85930,3
85931,3
85932,3
85933,3
85934,3
85935,2
85936,3
85937,3
85938,3
85939,3
85940,3
85941,3
85942,3
85943,3
85944,3
85945,3
85946,3
85947,3
85948,3
85949,3
85950,3
85951,3
85952,3
85953,3
85954,3
85955,3
85956,3
85957,3
85958,3
85959,3
85960,3
85961,2
85962,2
85963,3
85964,3
85965,3
85966,3
85967,3
85968,3
85969,3
85970,3
85971,3
85972,3
85973,3
85974,3
85975,3
85976,3
85977,3
85978,3
85979,3
85980,3
85981,3
85982,3
85983,3
85984,3
85985,3
85986,3
85987,3
85988,3
85989,3
85990,3
85991,3
85992,3
85993,3
85994,3
85995,3
85996,3
85997,3
85998,3
85999,3
86000,3
86001,3
86002,3
86003,3
86004,3
86005,3
86006,3
86007,3
86008,3
86009,3
86010,3
86011,3
86012,3
86013,3
86014,3
86015,3
86016,3
86017,3
86018,3
86019,3
86020,3
86021,2
86022,3
86023,3
86024,2
86025,3
86026,3
86027,3
86028,3
86029,2
86030,3
86031,3
86032,3
86033,3
86034,3
86035,2
86036,3
86037,3
86038,3
86039,3
86040,3
86041,3
86042,3
86043,3
86044,3
86045,3
86046,3
86047,3
86048,3
86049,2
86050,3
86051,3
86052,3
86053,3
86054,3
86055,3
86056,3
86057,3
86058,3
86059,3
86060,3
86061,3
86062,3
86063,3
86064,2
86065,3
86066,3
86067,3
86068,3
86069,3
86070,3
86071,3
86072,3
86073,3
86074,3
86075,3
86076,3
86077,3
86078,3
86079,3
86080,3
86081,3
86082,3
86083,3
86084,3
86085,3
86086,3
86087,3
86088,3
86089,3
86090,3
86091,3
86092,3
86093,3
86094,3
86095,3
86096,3
86097,3
86098,3
86099,3
86100,3
86101,3
86102,3
86103,3
86104,3
86105,3
86106,3
86107,3
86108,3
86109,3
86110,3
86111,3
86112,3
86113,3
86114,3
86115,3
86116,3
86117,3
86118,3
86119,3
86120,2
86121,3
86122,3
86123,3
86124,3
86125,3
86126,3
86127,3
86128,3
86129,3
86130,3
86131,3
86132,3
86133,3
86134,3
86135,3
86136,3
86137,2
86138,3
86139,3
86140,3
86141,3
86142,3
86143,3
86144,3
86145,3
86146,3
86147,3
86148,3
86149,3
86150,3
86151,3
86152,3
86153,3
86154,3
86155,3
86156,3
86157,3
86158,3
86159,2
86160,3
86161,3
86162,3
86163,3
86164,3
86165,3
86166,3
86167,3
86168,2
86169,3
86170,3
86171,3
86172,3
86173,3
86174,3
86175,3
86176,3
86177,3
86178,3
86179,3
86180,2
86181,3
86182,3
86183,3
86184,3
86185,3
86186,3
86187,3
86188,3
86189,3
86190,3
86191,3
86192,3
86193,3
86194,3
86195,2
86196,3
86197,3
86198,3
86199,3
86200,3
86201,3
86202,3
86203,3
86204,3
86205,3
86206,3
86207,3
86208,3
86209,3
86210,3
86211,3
86212,3
86213,3
86214,3
86215,3
86216,3
86217,3
86218,3
86219,3
86220,3
86221,3
86222,3
86223,3
86224,3
86225,3
86226,3
86227,3
86228,3
86229,3
86230,3
86231,3
86232,3
86233,3
86234,3
86235,3
86236,3
86237,3
86238,3
86239,2
86240,3
86241,3
86242,3
86243,3
86244,3
86245,3
86246,3
86247,3
86248,3
86249,3
86250,3
86251,2
86252,3
86253,3
86254,3
86255,3
86256,3
86257,3
86258,3
86259,3
86260,3
86261,2
86262,3
86263,3
86264,3
86265,3
86266,3
86267,3
86268,3
86269,3
86270,3
86271,3
86272,3
86273,3
86274,3
86275,3
86276,3
86277,3
86278,3
86279,3
86280,3
86281,3
86282,3
86283,3
86284,3
86285,3
86286,3
86287,3
86288,3
86289,3
86290,3
86291,3
86292,3
86293,3
86294,3
86295,3
86296,3
86297,3
86298,3
86299,3
86300,3
86301,3
86302,3
86303,3
86304,3
86305,3
86306,3
86307,3
86308,3
86309,3
86310,3
86311,3
86312,3
86313,2
86314,2
86315,2
86316,3
86317,3
86318,3
86319,3
86320,3
86321,2
86322,3
86323,3
86324,3
86325,3
86326,3
86327,3
86328,3
86329,3
86330,3
86331,3
86332,3
86333,3
86334,3
86335,3
86336,3
86337,3
86338,3
86339,3
86340,3
86341,3
86342,3
86343,3
86344,3
86345,3
86346,3
86347,3
86348,3
86349,3
86350,3
86351,2
86352,3
86353,3
86354,3
86355,3
86356,3
86357,3
86358,3
86359,3
86360,3
86361,3
86362,3
86363,3
86364,3
86365,3
86366,3
86367,3
86368,3
86369,3
86370,3
86371,3
86372,3
86373,3
86374,3
86375,3
86376,3
86377,3
86378,3
86379,3
86380,3
86381,3
86382,3
86383,3
86384,3
86385,3
86386,3
86387,3
86388,3
86389,3
86390,3
86391,3
86392,3
86393,3
86394,3
86395,3
86396,3
86397,3
86398,3
86399,3
86400,3
86401,3
86402,3
86403,3
86404,3
86405,3
86406,3
86407,3
86408,3
86409,3
86410,3
86411,3
86412,3
86413,2
86414,3
86415,3
86416,3
86417,3
86418,3
86419,3
86420,3
86421,3
86422,3
86423,3
86424,3
86425,3
86426,3
86427,3
86428,3
86429,3
86430,3
86431,3
86432,3
86433,3
86434,3
86435,3
86436,3
86437,3
86438,3
86439,2
86440,3
86441,3
86442,3
86443,3
86444,3
86445,3
86446,3
86447,3
86448,3
86449,3
86450,3
86451,3
86452,3
86453,3
86454,3
86455,3
86456,3
86457,3
86458,3
86459,3
86460,3
86461,3
86462,3
86463,3
86464,3
86465,3
86466,3
86467,3
86468,3
86469,3
86470,3
86471,3
86472,3
86473,3
86474,3
86475,3
86476,3
86477,3
86478,3
86479,3
86480,3
86481,3
86482,3
86483,3
86484,3
86485,3
86486,3
86487,3
86488,3
86489,3
86490,3
86491,3
86492,2
86493,3
86494,3
86495,3
86496,3
86497,2
86498,3
86499,3
86500,3
86501,3
86502,2
86503,2
86504,2
86505,3
86506,3
86507,3
86508,3
86509,3
86510,3
86511,3
86512,3
86513,3
86514,3
86515,3
86516,3
86517,3
86518,3
86519,3
86520,2
86521,2
86522,3
86523,2
86524,2
86525,2
86526,2
86527,2
86528,2
86529,2
86530,3
86531,3
86532,3
86533,3
86534,3
86535,2
86536,3
86537,3
86538,3
86539,3
86540,3
86541,3
86542,3
86543,3
86544,3
86545,3
86546,3
86547,3
86548,3
86549,3
86550,3
86551,3
86552,3
86553,3
86554,2
86555,3
86556,3
86557,3
86558,3
86559,3
86560,3
86561,3
86562,3
86563,3
86564,3
86565,3
86566,3
86567,3
86568,3
86569,3
86570,3
86571,3
86572,3
86573,3
86574,3
86575,3
86576,3
86577,3
86578,3
86579,3
86580,3
86581,3
86582,3
86583,3
86584,2
86585,3
86586,3
86587,3
86588,3
86589,3
86590,3
86591,3
86592,3
86593,3
86594,2
86595,3
86596,3
86597,3
86598,3
86599,3
86600,3
86601,3
86602,3
86603,3
86604,3
86605,3
86606,3
86607,3
86608,3
86609,3
86610,2
86611,3
86612,3
86613,2
86614,3
86615,3
86616,3
86617,3
86618,2
86619,3
86620,3
86621,3
86622,3
86623,3
86624,3
86625,2
86626,3
86627,3
86628,2
86629,3
86630,3
86631,3
86632,3
86633,3
86634,3
86635,3
86636,3
86637,2
86638,3
86639,3
86640,3
86641,2
86642,3
86643,3
86644,3
86645,3
86646,2
86647,3
86648,2
86649,3
86650,3
86651,3
86652,3
86653,3
86654,3
86655,3
86656,3
86657,3
86658,3
86659,3
86660,3
86661,3
86662,3
86663,3
86664,3
86665,3
86666,3
86667,3
86668,3
86669,3
86670,3
86671,3
86672,3
86673,3
86674,3
86675,3
86676,3
86677,3
86678,3
86679,3
86680,3
86681,3
86682,3
86683,3
86684,3
86685,3
86686,3
86687,3
86688,3
86689,3
86690,3
86691,3
86692,3
86693,3
86694,3
86695,3
86696,3
86697,3
86698,3
86699,3
86700,3
86701,2
86702,3
86703,3
86704,3
86705,2
86706,3
86707,3
86708,3
86709,3
86710,3
86711,3
86712,3
86713,3
86714,3
86715,3
86716,3
86717,3
86718,3
86719,2
86720,3
86721,2
86722,3
86723,3
86724,3
86725,3
86726,3
86727,3
86728,3
86729,3
86730,3
86731,3
86732,3
86733,3
86734,3
86735,3
86736,3
86737,3
86738,3
86739,3
86740,3
86741,3
86742,3
86743,3
86744,3
86745,3
86746,3
86747,3
86748,3
86749,3
86750,3
86751,3
86752,2
86753,3
86754,3
86755,3
86756,2
86757,3
86758,3
86759,3
86760,3
86761,3
86762,3
86763,3
86764,3
86765,3
86766,3
86767,3
86768,3
86769,3
86770,3
86771,3
86772,2
86773,3
86774,3
86775,3
86776,2
86777,3
86778,3
86779,3
86780,3
86781,3
86782,3
86783,3
86784,3
86785,2
86786,3
86787,3
86788,3
86789,3
86790,3
86791,3
86792,3
86793,3
86794,3
86795,3
86796,3
86797,3
86798,3
86799,3
86800,3
86801,3
86802,3
86803,3
86804,3
86805,3
86806,3
86807,3
86808,3
86809,3
86810,3
86811,3
86812,3
86813,3
86814,3
86815,3
86816,3
86817,3
86818,3
86819,3
86820,3
86821,3
86822,3
86823,3
86824,3
86825,3
86826,3
86827,3
86828,3
86829,3
86830,3
86831,3
86832,3
86833,3
86834,3
86835,3
86836,3
86837,3
86838,3
86839,3
86840,3
86841,3
86842,3
86843,3
86844,3
86845,3
86846,3
86847,3
86848,3
86849,3
86850,3
86851,3
86852,3
86853,3
86854,3
86855,3
86856,3
86857,3
86858,3
86859,3
86860,3
86861,3
86862,3
86863,3
86864,3
86865,3
86866,3
86867,3
86868,3
86869,3
86870,3
86871,3
86872,3
86873,3
86874,3
86875,3
86876,3
86877,3
86878,3
86879,3
86880,3
86881,2
86882,3
86883,3
86884,3
86885,3
86886,3
86887,3
86888,3
86889,3
86890,3
86891,3
86892,3
86893,2
86894,3
86895,3
86896,3
86897,3
86898,3
86899,3
86900,3
86901,3
86902,3
86903,3
86904,3
86905,3
86906,3
86907,2
86908,3
86909,3
86910,3
86911,3
86912,3
86913,3
86914,3
86915,3
86916,3
86917,3
86918,3
86919,3
86920,3
86921,3
86922,3
86923,3
86924,3
86925,3
86926,2
86927,2
86928,3
86929,3
86930,3
86931,2
86932,2
86933,3
86934,3
86935,3
86936,2
86937,2
86938,2
86939,2
86940,2
86941,2
86942,3
86943,3
86944,3
86945,3
86946,3
86947,3
86948,3
86949,3
86950,3
86951,3
86952,3
86953,3
86954,3
86955,3
86956,3
86957,2
86958,2
86959,2
86960,3
86961,3
86962,3
86963,3
86964,3
86965,3
86966,3
86967,3
86968,2
86969,2
86970,3
86971,3
86972,3
86973,3
86974,3
86975,3
86976,3
86977,3
86978,2
86979,3
86980,3
86981,3
86982,3
86983,3
86984,3
86985,3
86986,3
86987,2
86988,3
86989,3
86990,3
86991,3
86992,3
86993,2
86994,3
86995,3
86996,3
86997,2
86998,2
86999,2
87000,2
87001,2
87002,2
87003,2
87004,2
87005,2
87006,3
87007,2
87008,3
87009,2
87010,3
87011,2
87012,2
87013,2
87014,3
87015,2
87016,3
87017,2
87018,3
87019,3
87020,3
87021,3
87022,3
87023,2
87024,3
87025,2
87026,2
87027,3
87028,3
87029,2
87030,3
87031,3
87032,3
87033,3
87034,2
87035,2
87036,3
87037,3
87038,3
87039,2
87040,3
87041,3
87042,3
87043,3
87044,3
87045,3
87046,3
87047,3
87048,3
87049,2
87050,3
87051,3
87052,3
87053,3
87054,3
87055,3
87056,3
87057,3
87058,3
87059,3
87060,3
87061,3
87062,3
87063,3
87064,3
87065,3
87066,2
87067,2
87068,3
87069,2
87070,2
87071,2
87072,3
87073,3
87074,3
87075,3
87076,3
87077,3
87078,3
87079,3
87080,3
87081,3
87082,3
87083,2
87084,2
87085,3
87086,2
87087,3
87088,3
87089,2
87090,2
87091,2
87092,2
87093,2
87094,2
87095,2
87096,2
87097,2
87098,3
87099,3
87100,3
87101,3
87102,3
87103,3
87104,2
87105,2
87106,3
87107,3
87108,2
87109,2
87110,2
87111,3
87112,3
87113,3
87114,3
87115,3
87116,3
87117,2
87118,3
87119,3
87120,3
87121,3
87122,2
87123,3
87124,3
87125,3
87126,3
87127,3
87128,3
87129,3
87130,2
87131,3
87132,2
87133,3
87134,3
87135,3
87136,3
87137,3
87138,3
87139,3
87140,3
87141,3
87142,3
87143,3
87144,3
87145,3
87146,3
87147,3
87148,3
87149,3
87150,3
87151,3
87152,3
87153,3
87154,3
87155,3
87156,3
87157,3
87158,3
87159,3
87160,3
87161,3
87162,3
87163,3
87164,3
87165,3
87166,3
87167,2
87168,3
87169,2
87170,3
87171,3
87172,3
87173,3
87174,3
87175,3
87176,3
87177,3
87178,3
87179,2
87180,3
87181,3
87182,3
87183,3
87184,2
87185,2
87186,2
87187,3
87188,3
87189,3
87190,2
87191,2
87192,3
87193,3
87194,3
87195,2
87196,3
87197,3
87198,3
87199,3
87200,3
87201,3
87202,3
87203,3
87204,3
87205,3
87206,3
87207,3
87208,3
87209,3
87210,3
87211,3
87212,3
87213,3
87214,3
87215,3
87216,3
87217,3
87218,3
87219,2
87220,3
87221,3
87222,3
87223,2
87224,3
87225,3
87226,3
87227,3
87228,3
87229,3
87230,2
87231,3
87232,3
87233,3
87234,3
87235,3
87236,3
87237,3
87238,3
87239,3
87240,3
87241,3
87242,3
87243,3
87244,3
87245,2
87246,3
87247,3
87248,3
87249,3
87250,3
87251,3
87252,3
87253,3
87254,3
87255,3
87256,3
87257,3
87258,3
87259,3
87260,3
87261,3
87262,3
87263,3
87264,3
87265,3
87266,3
87267,3
87268,2
87269,2
87270,3
87271,2
87272,3
87273,3
87274,2
87275,3
87276,3
87277,3
87278,3
87279,3
87280,3
87281,3
87282,2
87283,3
87284,3
87285,3
87286,2
87287,3
87288,3
87289,3
87290,3
87291,3
87292,3
87293,3
87294,3
87295,3
87296,3
87297,3
87298,2
87299,2
87300,2
87301,2
87302,2
87303,2
87304,3
87305,3
87306,2
87307,3
87308,3
87309,3
87310,3
87311,3
87312,3
87313,3
87314,3
87315,3
87316,3
87317,3
87318,3
87319,3
87320,3
87321,3
87322,3
87323,3
87324,3
87325,3
87326,3
87327,3
87328,3
87329,3
87330,3
87331,3
87332,3
87333,3
87334,3
87335,3
87336,3
87337,3
87338,3
87339,3
87340,3
87341,3
87342,3
87343,3
87344,3
87345,3
87346,3
87347,3
87348,3
87349,3
87350,3
87351,3
87352,3
87353,3
87354,3
87355,3
87356,3
87357,3
87358,3
87359,3
87360,3
87361,3
87362,3
87363,3
87364,3
87365,3
87366,3
87367,3
87368,3
87369,3
87370,3
87371,3
87372,3
87373,3
87374,3
87375,3
87376,2
87377,2
87378,3
87379,3
87380,3
87381,3
87382,3
87383,2
87384,3
87385,2
87386,3
87387,3
87388,3
87389,3
87390,3
87391,3
87392,3
87393,3
87394,3
87395,3
87396,3
87397,3
87398,3
87399,3
87400,3
87401,3
87402,3
87403,3
87404,3
87405,2
87406,2
87407,2
87408,3
87409,3
87410,3
87411,3
87412,3
87413,3
87414,3
87415,3
87416,3
87417,3
87418,2
87419,3
87420,3
87421,3
87422,3
87423,3
87424,3
87425,2
87426,2
87427,3
87428,3
87429,3
87430,3
87431,3
87432,3
87433,3
87434,2
87435,3
87436,3
87437,3
87438,3
87439,3
87440,3
87441,3
87442,2
87443,2
87444,3
87445,3
87446,3
87447,3
87448,3
87449,3
87450,3
87451,3
87452,3
87453,3
87454,3
87455,3
87456,3
87457,3
87458,3
87459,3
87460,3
87461,3
87462,3
87463,3
87464,3
87465,3
87466,3
87467,3
87468,3
87469,3
87470,3
87471,3
87472,3
87473,3
87474,3
87475,3
87476,3
87477,3
87478,3
87479,3
87480,3
87481,3
87482,3
87483,3
87484,3
87485,3
87486,3
87487,3
87488,3
87489,3
87490,3
87491,3
87492,3
87493,3
87494,3
87495,3
87496,3
87497,3
87498,3
87499,3
87500,3
87501,3
87502,3
87503,3
87504,3
87505,3
87506,3
87507,3
87508,3
87509,3
87510,3
87511,3
87512,3
87513,3
87514,3
87515,3
87516,3
87517,3
87518,3
87519,3
87520,3
87521,3
87522,3
87523,3
87524,3
87525,3
87526,3
87527,3
87528,3
87529,3
87530,3
87531,3
87532,3
87533,3
87534,3
87535,3
87536,3
87537,3
87538,3
87539,3
87540,3
87541,3
87542,3
87543,3
87544,3
87545,3
87546,3
87547,3
87548,3
87549,3
87550,3
87551,3
87552,3
87553,3
87554,3
87555,3
87556,3
87557,3
87558,3
87559,3
87560,3
87561,3
87562,3
87563,3
87564,3
87565,3
87566,3
87567,3
87568,3
87569,3
87570,3
87571,3
87572,3
87573,3
87574,3
87575,3
87576,3
87577,3
87578,3
87579,3
87580,3
87581,3
87582,3
87583,3
87584,3
87585,3
87586,3
87587,3
87588,3
87589,3
87590,3
87591,3
87592,3
87593,3
87594,3
87595,3
87596,3
87597,3
87598,3
87599,3
87600,3
87601,3
87602,3
87603,3
87604,3
87605,3
87606,3
87607,3
87608,3
87609,3
87610,3
87611,3
87612,3
87613,3
87614,3
87615,3
87616,3
87617,3
87618,3
87619,3
87620,3
87621,3
87622,3
87623,3
87624,3
87625,3
87626,3
87627,3
87628,3
87629,3
87630,3
87631,3
87632,3
87633,3
87634,3
87635,3
87636,3
87637,3
87638,3
87639,3
87640,3
87641,3
87642,3
87643,3
87644,3
87645,3
87646,3
87647,3
87648,3
87649,3
87650,3
87651,3
87652,3
87653,3
87654,3
87655,3
87656,3
87657,3
87658,3
87659,3
87660,3
87661,3
87662,3
87663,3
87664,3
87665,3
87666,3
87667,3
87668,3
87669,3
87670,3
87671,3
87672,3
87673,3
87674,3
87675,3
87676,3
87677,3
87678,3
87679,3
87680,3
87681,3
87682,3
87683,3
87684,3
87685,3
87686,3
87687,3
87688,3
87689,3
87690,3
87691,3
87692,3
87693,3
87694,3
87695,3
87696,3
87697,3
87698,3
87699,3
87700,3
87701,3
87702,3
87703,3
87704,3
87705,3
87706,3
87707,3
87708,3
87709,3
87710,3
87711,3
87712,3
87713,3
87714,3
87715,3
87716,3
87717,3
87718,3
87719,3
87720,3
87721,3
87722,3
87723,3
87724,3
87725,3
87726,3
87727,3
87728,3
87729,3
87730,3
87731,3
87732,3
87733,3
87734,3
87735,3
87736,3
87737,3
87738,3
87739,3
87740,3
87741,3
87742,3
87743,3
87744,3
87745,3
87746,3
87747,3
87748,3
87749,3
87750,3
87751,3
87752,3
87753,3
87754,3
87755,3
87756,3
87757,3
87758,3
87759,3
87760,3
87761,3
87762,3
87763,3
87764,3
87765,3
87766,3
87767,3
87768,3
87769,3
87770,3
87771,3
87772,3
87773,3
87774,3
87775,3
87776,3
87777,3
87778,3
87779,3
87780,3
87781,3
87782,3
87783,3
87784,3
87785,3
87786,3
87787,3
87788,3
87789,3
87790,3
87791,3
87792,3
87793,3
87794,3
87795,3
87796,3
87797,3
87798,3
87799,3
87800,3
87801,3
87802,3
87803,3
87804,3
87805,3
87806,3
87807,3
87808,3
87809,3
87810,3
87811,3
87812,3
87813,3
87814,3
87815,3
87816,3
87817,3
87818,3
87819,3
87820,3
87821,3
87822,3
87823,3
87824,3
87825,3
87826,3
87827,3
87828,3
87829,3
87830,3
87831,3
87832,3
87833,3
87834,3
87835,3
87836,3
87837,3
87838,3
87839,3
87840,3
87841,3
87842,3
87843,3
87844,3
87845,3
87846,3
87847,3
87848,3
87849,3
87850,3
87851,3
87852,3
87853,3
87854,3
87855,3
87856,3
87857,3
87858,3
87859,3
87860,3
87861,3
87862,3
87863,3
87864,3
87865,3
87866,3
87867,3
87868,3
87869,3
87870,3
87871,3
87872,3
87873,3
87874,3
87875,3
87876,3
87877,3
87878,3
87879,3
87880,3
87881,3
87882,3
87883,3
87884,3
87885,3
87886,3
87887,3
87888,3
87889,3
87890,3
87891,3
87892,3
87893,3
87894,3
87895,3
87896,3
87897,3
87898,3
87899,3
87900,3
87901,3
87902,3
87903,3
87904,3
87905,3
87906,3
87907,3
87908,3
87909,3
87910,3
87911,3
87912,3
87913,3
87914,3
87915,3
87916,3
87917,3
87918,3
87919,3
87920,3
87921,3
87922,3
87923,3
87924,3
87925,3
87926,3
87927,3
87928,3
87929,3
87930,3
87931,3
87932,3
87933,3
87934,3
87935,3
87936,3
87937,3
87938,3
87939,3
87940,3
87941,3
87942,3
87943,3
87944,3
87945,3
87946,3
87947,3
87948,3
87949,3
87950,3
87951,3
87952,3
87953,3
87954,3
87955,3
87956,3
87957,3
87958,3
87959,3
87960,3
87961,3
87962,3
87963,3
87964,3
87965,3
87966,3
87967,3
87968,3
87969,3
87970,3
87971,3
87972,3
87973,3
87974,3
87975,3
87976,3
87977,3
87978,3
87979,3
87980,3
87981,3
87982,3
87983,3
87984,3
87985,3
87986,3
87987,3
87988,3
87989,3
87990,3
87991,3
87992,3
87993,3
87994,3
87995,3
87996,3
87997,3
87998,3
87999,3
88000,3
88001,3
88002,3
88003,3
88004,3
88005,3
88006,3
88007,3
88008,3
88009,3
88010,3
88011,3
88012,3
88013,3
88014,3
88015,3
88016,3
88017,3
88018,3
88019,3
88020,3
88021,3
88022,3
88023,3
88024,3
88025,3
88026,3
88027,3
88028,3
88029,3
88030,3
88031,3
88032,3
88033,3
88034,3
88035,3
88036,3
88037,3
88038,3
88039,3
88040,3
88041,3
88042,3
88043,3
88044,3
88045,3
88046,3
88047,3
88048,3
88049,3
88050,3
88051,3
88052,3
88053,3
88054,3
88055,3
88056,3
88057,3
88058,3
88059,3
88060,3
88061,3
88062,3
88063,3
88064,3
88065,3
88066,3
88067,3
88068,3
88069,3
88070,3
88071,3
88072,3
88073,3
88074,3
88075,3
88076,3
88077,3
88078,3
88079,3
88080,3
88081,3
88082,3
88083,3
88084,3
88085,3
88086,3
88087,3
88088,3
88089,3
88090,3
88091,3
88092,3
88093,3
88094,3
88095,3
88096,3
88097,3
88098,3
88099,3
88100,3
88101,3
88102,3
88103,3
88104,3
88105,3
88106,3
88107,3
88108,3
88109,3
88110,3
88111,3
88112,3
88113,3
88114,3
88115,3
88116,3
88117,3
88118,3
88119,3
88120,3
88121,3
88122,3
88123,3
88124,3
88125,3
88126,3
88127,3
88128,3
88129,3
88130,3
88131,3
88132,3
88133,3
88134,3
88135,3
88136,3
88137,3
88138,3
88139,3
88140,3
88141,3
88142,3
88143,3
88144,3
88145,3
88146,3
88147,3
88148,3
88149,3
88150,3
88151,3
88152,3
88153,3
88154,3
88155,3
88156,3
88157,3
88158,3
88159,3
88160,3
88161,3
88162,3
88163,3
88164,3
88165,3
88166,3
88167,3
88168,3
88169,3
88170,3
88171,3
88172,3
88173,3
88174,3
88175,3
88176,3
88177,3
88178,3
88179,3
88180,3
88181,3
88182,3
88183,3
88184,3
88185,3
88186,3
88187,3
88188,3
88189,3
88190,3
88191,3
88192,3
88193,3
88194,3
88195,3
88196,3
88197,3
88198,3
88199,3
88200,3
88201,3
88202,3
88203,3
88204,3
88205,3
88206,3
88207,3
88208,3
88209,3
88210,3
88211,3
88212,3
88213,3
88214,3
88215,3
88216,3
88217,2
88218,3
88219,3
88220,3
88221,3
88222,2
88223,3
88224,3
88225,3
88226,3
88227,3
88228,3
88229,2
88230,3
88231,3
88232,3
88233,3
88234,3
88235,2
88236,3
88237,2
88238,3
88239,2
88240,3
88241,3
88242,2
88243,3
88244,2
88245,3
88246,3
88247,3
88248,3
88249,2
88250,2
88251,2
88252,2
88253,3
88254,3
88255,3
88256,3
88257,3
88258,2
88259,2
88260,3
88261,3
88262,2
88263,2
88264,2
88265,2
88266,3
88267,2
88268,2
88269,2
88270,2
88271,3
88272,3
88273,3
88274,3
88275,3
88276,3
88277,3
88278,2
88279,2
88280,2
88281,2
88282,2
88283,2
88284,2
88285,2
88286,3
88287,3
88288,3
88289,3
88290,2
88291,3
88292,2
88293,2
88294,2
88295,3
88296,3
88297,3
88298,3
88299,3
88300,3
88301,3
88302,3
88303,3
88304,3
88305,3
88306,3
88307,3
88308,3
88309,3
88310,3
88311,3
88312,3
88313,3
88314,3
88315,3
88316,3
88317,3
88318,3
88319,3
88320,3
88321,3
88322,3
88323,3
88324,3
88325,3
88326,3
88327,3
88328,3
88329,3
88330,3
88331,3
88332,3
88333,3
88334,3
88335,3
88336,3
88337,3
88338,3
88339,3
88340,3
88341,3
88342,3
88343,3
88344,3
88345,3
88346,3
88347,3
88348,3
88349,3
88350,3
88351,3
88352,3
88353,3
88354,3
88355,3
88356,3
88357,3
88358,3
88359,3
88360,3
88361,2
88362,3
88363,3
88364,3
88365,2
88366,3
88367,3
88368,3
88369,3
88370,3
88371,3
88372,3
88373,2
88374,3
88375,3
88376,3
88377,3
88378,2
88379,3
88380,3
88381,2
88382,2
88383,2
88384,3
88385,2
88386,3
88387,3
88388,3
88389,3
88390,3
88391,3
88392,3
88393,3
88394,3
88395,3
88396,3
88397,3
88398,3
88399,3
88400,3
88401,2
88402,3
88403,3
88404,3
88405,3
88406,2
88407,3
88408,3
88409,2
88410,3
88411,3
88412,3
88413,3
88414,3
88415,3
88416,3
88417,2
88418,3
88419,3
88420,3
88421,3
88422,3
88423,3
88424,3
88425,3
88426,3
88427,3
88428,2
88429,3
88430,3
88431,3
88432,3
88433,2
88434,3
88435,3
88436,3
88437,3
88438,3
88439,3
88440,3
88441,2
88442,3
88443,3
88444,3
88445,3
88446,3
88447,3
88448,3
88449,3
88450,3
88451,3
88452,3
88453,2
88454,3
88455,3
88456,3
88457,2
88458,2
88459,2
88460,3
88461,3
88462,3
88463,3
88464,3
88465,3
88466,2
88467,3
88468,3
88469,3
88470,3
88471,3
88472,3
88473,3
88474,3
88475,3
88476,3
88477,3
88478,3
88479,3
88480,3
88481,3
88482,3
88483,3
88484,3
88485,3
88486,3
88487,3
88488,2
88489,3
88490,3
88491,3
88492,3
88493,3
88494,3
88495,3
88496,3
88497,3
88498,3
88499,3
88500,3
88501,3
88502,3
88503,3
88504,3
88505,3
88506,3
88507,3
88508,3
88509,3
88510,3
88511,3
88512,3
88513,3
88514,3
88515,3
88516,3
88517,3
88518,3
88519,3
88520,2
88521,3
88522,3
88523,3
88524,3
88525,3
88526,3
88527,3
88528,3
88529,3
88530,3
88531,3
88532,3
88533,3
88534,3
88535,3
88536,3
88537,3
88538,3
88539,3
88540,3
88541,3
88542,3
88543,3
88544,3
88545,3
88546,3
88547,3
88548,3
88549,3
88550,3
88551,3
88552,3
88553,3
88554,3
88555,3
88556,3
88557,3
88558,2
88559,3
88560,3
88561,2
88562,2
88563,3
88564,3
88565,2
88566,3
88567,3
88568,2
88569,2
88570,3
88571,3
88572,3
88573,3
88574,3
88575,3
88576,2
88577,3
88578,3
88579,2
88580,3
88581,3
88582,3
88583,3
88584,3
88585,3
88586,3
88587,2
88588,3
88589,3
88590,3
88591,3
88592,3
88593,3
88594,3
88595,3
88596,3
88597,3
88598,3
88599,3
88600,3
88601,3
88602,3
88603,3
88604,3
88605,3
88606,3
88607,3
88608,3
88609,3
88610,3
88611,3
88612,3
88613,3
88614,3
88615,3
88616,3
88617,3
88618,3
88619,3
88620,3
88621,3
88622,3
88623,3
88624,3
88625,3
88626,3
88627,3
88628,3
88629,3
88630,3
88631,3
88632,3
88633,3
88634,3
88635,3
88636,3
88637,3
88638,3
88639,3
88640,3
88641,3
88642,3
88643,3
88644,3
88645,3
88646,3
88647,3
88648,3
88649,3
88650,3
88651,3
88652,3
88653,3
88654,3
88655,3
88656,3
88657,3
88658,3
88659,3
88660,3
88661,3
88662,3
88663,3
88664,3
88665,3
88666,3
88667,2
88668,2
88669,3
88670,3
88671,3
88672,3
88673,3
88674,2
88675,3
88676,3
88677,3
88678,3
88679,3
88680,3
88681,3
88682,3
88683,3
88684,3
88685,3
88686,3
88687,3
88688,3
88689,2
88690,3
88691,3
88692,3
88693,3
88694,3
88695,3
88696,3
88697,2
88698,3
88699,3
88700,3
88701,3
88702,3
88703,3
88704,3
88705,3
88706,3
88707,3
88708,2
88709,3
88710,2
88711,3
88712,3
88713,3
88714,3
88715,2
88716,3
88717,3
88718,3
88719,3
88720,3
88721,3
88722,2
88723,2
88724,3
88725,3
88726,3
88727,3
88728,2
88729,2
88730,3
88731,3
88732,3
88733,3
88734,2
88735,3
88736,3
88737,2
88738,3
88739,3
88740,3
88741,2
88742,3
88743,3
88744,3
88745,3
88746,3
88747,3
88748,2
88749,3
88750,3
88751,3
88752,3
88753,3
88754,3
88755,3
88756,3
88757,3
88758,3
88759,3
88760,3
88761,3
88762,3
88763,3
88764,3
88765,3
88766,3
88767,3
88768,3
88769,3
88770,3
88771,3
88772,3
88773,3
88774,3
88775,3
88776,3
88777,3
88778,3
88779,3
88780,3
88781,3
88782,3
88783,3
88784,3
88785,3
88786,3
88787,3
88788,3
88789,3
88790,3
88791,3
88792,3
88793,3
88794,3
88795,3
88796,3
88797,3
88798,3
88799,3
88800,3
88801,3
88802,3
88803,3
88804,3
88805,2
88806,2
88807,3
88808,3
88809,3
88810,3
88811,2
88812,2
88813,3
88814,2
88815,3
88816,3
88817,3
88818,3
88819,2
88820,3
88821,3
88822,3
88823,3
88824,3
88825,2
88826,3
88827,2
88828,2
88829,3
88830,2
88831,3
88832,3
88833,3
88834,3
88835,3
88836,3
88837,3
88838,3
88839,3
88840,3
88841,3
88842,3
88843,3
88844,3
88845,3
88846,3
88847,3
88848,3
88849,3
88850,3
88851,3
88852,3
88853,3
88854,3
88855,3
88856,3
88857,3
88858,3
88859,3
88860,3
88861,3
88862,3
88863,3
88864,3
88865,3
88866,3
88867,3
88868,3
88869,3
88870,3
88871,3
88872,3
88873,3
88874,3
88875,3
88876,3
88877,3
88878,3
88879,3
88880,3
88881,3
88882,3
88883,3
88884,3
88885,3
88886,3
88887,3
88888,3
88889,3
88890,3
88891,3
88892,3
88893,3
88894,3
88895,3
88896,3
88897,3
88898,3
88899,3
88900,3
88901,3
88902,3
88903,3
88904,3
88905,3
88906,3
88907,3
88908,3
88909,3
88910,2
88911,3
88912,3
88913,3
88914,3
88915,3
88916,3
88917,3
88918,3
88919,3
88920,3
88921,3
88922,3
88923,3
88924,3
88925,3
88926,3
88927,3
88928,3
88929,3
88930,3
88931,3
88932,3
88933,3
88934,2
88935,3
88936,3
88937,2
88938,2
88939,2
88940,2
88941,3
88942,2
88943,2
88944,2
88945,2
88946,2
88947,2
88948,2
88949,2
88950,2
88951,3
88952,2
88953,3
88954,2
88955,3
88956,2
88957,3
88958,2
88959,3
88960,3
88961,2
88962,2
88963,2
88964,2
88965,2
88966,2
88967,3
88968,3
88969,3
88970,3
88971,2
88972,2
88973,2
88974,2
88975,3
88976,2
88977,3
88978,2
88979,2
88980,2
88981,3
88982,3
88983,3
88984,3
88985,2
88986,2
88987,3
88988,3
88989,3
88990,3
88991,3
88992,3
88993,3
88994,3
88995,3
88996,3
88997,3
88998,3
88999,2
89000,3
89001,3
89002,3
89003,3
89004,2
89005,3
89006,2
89007,2
89008,2
89009,3
89010,3
89011,3
89012,3
89013,3
89014,3
89015,3
89016,3
89017,3
89018,3
89019,3
89020,3
89021,3
89022,3
89023,3
89024,3
89025,3
89026,3
89027,3
89028,3
89029,3
89030,3
89031,3
89032,3
89033,3
89034,3
89035,3
89036,3
89037,3
89038,3
89039,3
89040,3
89041,3
89042,3
89043,3
89044,3
89045,3
89046,3
89047,3
89048,3
89049,3
89050,3
89051,3
89052,3
89053,3
89054,3
89055,3
89056,3
89057,3
89058,3
89059,3
89060,3
89061,3
89062,3
89063,3
89064,3
89065,3
89066,3
89067,3
89068,3
89069,3
89070,3
89071,3
89072,3
89073,3
89074,3
89075,3
89076,3
89077,3
89078,3
89079,3
89080,3
89081,3
89082,3
89083,3
89084,3
89085,3
89086,3
89087,3
89088,3
89089,3
89090,3
89091,3
89092,3
89093,3
89094,3
89095,3
89096,3
89097,3
89098,3
89099,3
89100,3
89101,3
89102,2
89103,3
89104,3
89105,3
89106,3
89107,3
89108,3
89109,3
89110,3
89111,3
89112,3
89113,3
89114,3
89115,3
89116,2
89117,3
89118,3
89119,3
89120,3
89121,3
89122,3
89123,3
89124,3
89125,3
89126,3
89127,3
89128,3
89129,3
89130,3
89131,3
89132,3
89133,3
89134,3
89135,3
89136,3
89137,3
89138,3
89139,3
89140,3
89141,3
89142,3
89143,3
89144,3
89145,3
89146,3
89147,3
89148,3
89149,3
89150,3
89151,3
89152,3
89153,3
89154,3
89155,3
89156,3
89157,3
89158,3
89159,3
89160,3
89161,3
89162,3
89163,3
89164,3
89165,3
89166,3
89167,3
89168,3
89169,3
89170,3
89171,3
89172,3
89173,3
89174,2
89175,2
89176,3
89177,3
89178,3
89179,3
89180,3
89181,3
89182,3
89183,2
89184,3
89185,3
89186,3
89187,3
89188,3
89189,3
89190,3
89191,3
89192,3
89193,3
89194,3
89195,3
89196,3
89197,3
89198,3
89199,3
89200,3
89201,3
89202,3
89203,3
89204,3
89205,3
89206,3
89207,3
89208,3
89209,3
89210,3
89211,3
89212,3
89213,3
89214,3
89215,3
89216,3
89217,3
89218,3
89219,3
89220,3
89221,3
89222,3
89223,3
89224,3
89225,3
89226,3
89227,3
89228,3
89229,3
89230,3
89231,2
89232,3
89233,2
89234,3
89235,3
89236,3
89237,3
89238,3
89239,2
89240,3
89241,3
89242,3
89243,3
89244,3
89245,3
89246,3
89247,3
89248,3
89249,3
89250,3
89251,3
89252,3
89253,3
89254,2
89255,3
89256,3
89257,3
89258,3
89259,3
89260,3
89261,3
89262,3
89263,3
89264,3
89265,3
89266,3
89267,3
89268,3
89269,3
89270,2
89271,3
89272,3
89273,3
89274,2
89275,3
89276,3
89277,3
89278,3
89279,3
89280,3
89281,3
89282,3
89283,3
89284,3
89285,3
89286,3
89287,3
89288,3
89289,3
89290,2
89291,2
89292,2
89293,2
89294,2
89295,2
89296,2
89297,2
89298,2
89299,2
89300,2
89301,2
89302,2
89303,2
89304,2
89305,2
89306,2
89307,2
89308,2
89309,2
89310,2
89311,2
89312,2
89313,2
89314,2
89315,2
89316,2
89317,2
89318,2
89319,2
89320,2
89321,2
89322,2
89323,2
89324,2
89325,2
89326,2
89327,2
89328,2
89329,2
89330,2
89331,2
89332,2
89333,2
89334,2
89335,2
89336,2
89337,2
89338,2
89339,2
89340,2
89341,2
89342,2
89343,2
89344,2
89345,2
89346,2
89347,2
89348,2
89349,2
89350,2
89351,2
89352,2
89353,2
89354,2
89355,2
89356,2
89357,2
89358,2
89359,2
89360,2
89361,2
89362,2
89363,2
89364,2
89365,2
89366,2
89367,2
89368,2
89369,2
89370,2
89371,2
89372,2
89373,2
89374,2
89375,2
89376,2
89377,2
89378,2
89379,2
89380,2
89381,2
89382,2
89383,2
89384,2
89385,2
89386,2
89387,2
89388,2
89389,2
89390,2
89391,2
89392,2
89393,2
89394,2
89395,2
89396,2
89397,2
89398,2
89399,2
89400,2
89401,2
89402,2
89403,2
89404,2
89405,2
89406,2
89407,2
89408,2
89409,2
89410,2
89411,2
89412,2
89413,2
89414,2
89415,2
89416,2
89417,2
89418,2
89419,2
89420,2
89421,2
89422,2
89423,2
89424,2
89425,2
89426,2
89427,2
89428,2
89429,2
89430,2
89431,2
89432,2
89433,2
89434,2
89435,2
89436,2
89437,2
89438,2
89439,2
89440,2
89441,2
89442,2
89443,2
89444,2
89445,2
89446,2
89447,2
89448,2
89449,2
89450,2
89451,2
89452,2
89453,2
89454,2
89455,2
89456,2
89457,2
89458,2
89459,2
89460,2
89461,2
89462,2
89463,2
89464,2
89465,2
89466,2
89467,2
89468,2
89469,2
89470,2
89471,2
89472,2
89473,2
89474,2
89475,2
89476,2
89477,2
89478,2
89479,2
89480,2
89481,2
89482,2
89483,2
89484,2
89485,2
89486,2
89487,2
89488,2
89489,2
89490,2
89491,2
89492,2
89493,2
89494,2
89495,2
89496,2
89497,2
89498,2
89499,2
89500,2
89501,2
89502,2
89503,2
89504,2
89505,2
89506,2
89507,2
89508,2
89509,2
89510,2
89511,2
89512,2
89513,2
89514,2
89515,2
89516,2
89517,2
89518,2
89519,2
89520,2
89521,2
89522,2
89523,2
89524,2
89525,2
89526,2
89527,2
89528,2
89529,2
89530,2
89531,2
89532,2
89533,2
89534,2
89535,2
89536,2
89537,2
89538,2
89539,2
89540,2
89541,2
89542,2
89543,2
89544,2
89545,2
89546,2
89547,2
89548,2
89549,2
89550,2
89551,2
89552,2
89553,2
89554,2
89555,2
89556,2
89557,2
89558,2
89559,2
89560,2
89561,2
89562,2
89563,2
89564,2
89565,2
89566,2
89567,2
89568,2
89569,2
89570,2
89571,2
89572,2
89573,2
89574,2
89575,2
89576,2
89577,2
89578,2
89579,2
89580,2
89581,2
89582,2
89583,2
89584,2
89585,2
89586,2
89587,2
89588,2
89589,2
89590,2
89591,2
89592,2
89593,2
89594,2
89595,2
89596,2
89597,2
89598,2
89599,2
89600,2
89601,2
89602,2
89603,2
89604,2
89605,2
89606,2
89607,2
89608,2
89609,2
89610,2
89611,2
89612,2
89613,2
89614,2
89615,2
89616,2
89617,2
89618,2
89619,2
89620,2
89621,2
89622,2
89623,2
89624,2
89625,2
89626,2
89627,2
89628,2
89629,2
89630,2
89631,2
89632,2
89633,2
89634,2
89635,2
89636,2
89637,2
89638,2
89639,2
89640,2
89641,2
89642,2
89643,2
89644,2
89645,2
89646,2
89647,2
89648,2
89649,2
89650,2
89651,2
89652,2
89653,2
89654,2
89655,2
89656,2
89657,2
89658,2
89659,2
89660,2
89661,2
89662,2
89663,2
89664,2
89665,2
89666,2
89667,2
89668,2
89669,2
89670,2
89671,2
89672,2
89673,2
89674,2
89675,2
89676,2
89677,2
89678,2
89679,2
89680,2
89681,2
89682,2
89683,2
89684,2
89685,2
89686,2
89687,2
89688,2
89689,2
89690,2
89691,2
89692,2
89693,2
89694,2
89695,2
89696,2
89697,2
89698,2
89699,2
89700,2
89701,2
89702,2
89703,2
89704,2
89705,2
89706,2
89707,2
89708,2
89709,2
89710,2
89711,2
89712,2
89713,2
89714,2
89715,2
89716,2
89717,2
89718,2
89719,2
89720,2
89721,2
89722,2
89723,2
89724,2
89725,2
89726,2
89727,2
89728,2
89729,2
89730,2
89731,2
89732,2
89733,2
89734,2
89735,2
89736,2
89737,2
89738,2
89739,2
89740,2
89741,2
89742,2
89743,2
89744,2
89745,2
89746,2
89747,2
89748,2
89749,2
89750,2
89751,2
89752,2
89753,2
89754,2
89755,2
89756,2
89757,2
89758,2
89759,2
89760,2
89761,2
89762,2
89763,2
89764,2
89765,2
89766,2
89767,2
89768,2
89769,2
89770,2
89771,2
89772,2
89773,2
89774,2
89775,2
89776,2
89777,2
89778,2
89779,2
89780,2
89781,2
89782,2
89783,2
89784,2
89785,2
89786,2
89787,2
89788,2
89789,2
89790,2
89791,2
89792,2
89793,2
89794,2
89795,2
89796,2
89797,2
89798,2
89799,2
89800,2
89801,2
89802,2
89803,2
89804,2
89805,2
89806,2
89807,2
89808,2
89809,2
89810,2
89811,2
89812,2
89813,2
89814,2
89815,2
89816,2
89817,2
89818,2
89819,2
89820,2
89821,2
89822,2
89823,2
89824,2
89825,2
89826,2
89827,2
89828,2
89829,2
89830,2
89831,2
89832,2
89833,2
89834,2
89835,2
89836,2
89837,2
89838,2
89839,2
89840,2
89841,2
89842,2
89843,2
89844,2
89845,2
89846,2
89847,2
89848,2
89849,2
89850,2
89851,2
89852,2
89853,2
89854,2
89855,2
89856,2
89857,2
89858,2
89859,2
89860,2
89861,2
89862,2
89863,2
89864,2
89865,2
89866,2
89867,2
89868,2
89869,2
89870,2
89871,2
89872,2
89873,2
89874,2
89875,2
89876,2
89877,2
89878,2
89879,2
89880,2
89881,2
89882,2
89883,2
89884,2
89885,2
89886,2
89887,2
89888,2
89889,2
89890,2
89891,2
89892,2
89893,2
89894,2
89895,2
89896,2
89897,2
89898,2
89899,2
89900,2
89901,2
89902,2
89903,2
89904,2
89905,2
89906,2
89907,2
89908,2
89909,2
89910,2
89911,2
89912,2
89913,2
89914,2
89915,2
89916,2
89917,2
89918,2
89919,2
89920,2
89921,2
89922,2
89923,2
89924,2
89925,2
89926,2
89927,2
89928,2
89929,2
89930,2
89931,2
89932,2
89933,2
89934,2
89935,2
89936,2
89937,2
89938,2
89939,2
89940,2
89941,2
89942,2
89943,2
89944,2
89945,2
89946,2
89947,2
89948,2
89949,2
89950,2
89951,2
89952,2
89953,2
89954,2
89955,2
89956,2
89957,2
89958,2
89959,2
89960,2
89961,2
89962,2
89963,2
89964,2
89965,2
89966,2
89967,2
89968,2
89969,2
89970,2
89971,2
89972,2
89973,2
89974,2
89975,2
89976,2
89977,2
89978,2
89979,2
89980,2
89981,2
89982,2
89983,2
89984,2
89985,2
89986,2
89987,2
89988,2
89989,2
89990,2
89991,2
89992,2
89993,2
89994,2
89995,2
89996,2
89997,2
89998,2
89999,2
90000,2
90001,2
90002,2
90003,2
90004,2
90005,2
90006,2
90007,2
90008,2
90009,2
90010,2
90011,2
90012,2
90013,2
90014,2
90015,2
90016,2
90017,2
90018,2
90019,2
90020,2
90021,2
90022,2
90023,2
90024,2
90025,2
90026,2
90027,2
90028,2
90029,2
90030,2
90031,2
90032,2
90033,2
90034,2
90035,2
90036,2
90037,2
90038,2
90039,2
90040,2
90041,2
90042,2
90043,2
90044,2
90045,2
90046,2
90047,2
90048,2
90049,2
90050,2
90051,2
90052,2
90053,2
90054,2
90055,2
90056,2
90057,2
90058,2
90059,2
90060,2
90061,2
90062,2
90063,2
90064,2
90065,2
90066,2
90067,2
90068,2
90069,2
90070,2
90071,2
90072,2
90073,2
90074,2
90075,2
90076,2
90077,2
90078,2
90079,2
90080,2
90081,2
90082,2
90083,2
90084,2
90085,2
90086,2
90087,2
90088,2
90089,2
90090,2
90091,2
90092,2
90093,2
90094,2
90095,2
90096,2
90097,2
90098,2
90099,2
90100,2
90101,2
90102,2
90103,2
90104,2
90105,2
90106,2
90107,2
90108,2
90109,2
90110,2
90111,2
90112,2
90113,2
90114,2
90115,2
90116,2
90117,2
90118,2
90119,2
90120,2
90121,2
90122,2
90123,2
90124,2
90125,2
90126,2
90127,2
90128,2
90129,2
90130,2
90131,2
90132,2
90133,2
90134,2
90135,2
90136,2
90137,2
90138,2
90139,2
90140,2
90141,2
90142,2
90143,2
90144,2
90145,2
90146,2
90147,2
90148,2
90149,2
90150,2
90151,2
90152,2
90153,2
90154,2
90155,2
90156,2
90157,2
90158,2
90159,2
90160,2
90161,2
90162,2
90163,2
90164,2
90165,2
90166,2
90167,2
90168,2
90169,2
90170,2
90171,2
90172,2
90173,2
90174,2
90175,2
90176,2
90177,2
90178,2
90179,2
90180,2
90181,2
90182,2
90183,2
90184,2
90185,2
90186,2
90187,2
90188,2
90189,2
90190,2
90191,2
90192,2
90193,2
90194,2
90195,2
90196,2
90197,2
90198,2
90199,2
90200,2
90201,2
90202,2
90203,2
90204,2
90205,2
90206,2
90207,2
90208,2
90209,2
90210,2
90211,2
90212,2
90213,2
90214,2
90215,2
90216,2
90217,2
90218,2
90219,2
90220,2
90221,2
90222,2
90223,2
90224,2
90225,2
90226,2
90227,2
90228,2
90229,2
90230,2
90231,2
90232,2
90233,2
90234,2
90235,2
90236,2
90237,2
90238,2
90239,2
90240,2
90241,2
90242,2
90243,2
90244,2
90245,2
90246,2
90247,2
90248,2
90249,2
90250,2
90251,2
90252,2
90253,2
90254,2
90255,2
90256,2
90257,2
90258,2
90259,2
90260,2
90261,2
90262,2
90263,2
90264,2
90265,2
90266,2
90267,2
90268,2
90269,2
90270,2
90271,2
90272,2
90273,2
90274,2
90275,2
90276,2
90277,2
90278,2
90279,2
90280,2
90281,2
90282,2
90283,2
90284,2
90285,2
90286,2
90287,2
90288,2
90289,2
90290,2
90291,2
90292,2
90293,2
90294,2
90295,2
90296,2
90297,2
90298,2
90299,2
90300,2
90301,2
90302,2
90303,2
90304,2
90305,2
90306,2
90307,2
90308,2
90309,2
90310,2
90311,2
90312,2
90313,2
90314,2
90315,2
90316,2
90317,2
90318,2
90319,2
90320,2
90321,2
90322,2
90323,2
90324,2
90325,2
90326,2
90327,2
90328,2
90329,2
90330,2
90331,2
90332,2
90333,2
90334,2
90335,2
90336,2
90337,2
90338,2
90339,2
90340,2
90341,2
90342,2
90343,2
90344,2
90345,2
90346,2
90347,2
90348,2
90349,2
90350,2
90351,2
90352,2
90353,2
90354,2
90355,2
90356,2
90357,2
90358,2
90359,2
90360,2
90361,2
90362,2
90363,2
90364,2
90365,2
90366,2
90367,2
90368,2
90369,2
90370,2
90371,2
90372,2
90373,2
90374,2
90375,2
90376,2
90377,2
90378,2
90379,2
90380,2
90381,2
90382,2
90383,2
90384,2
90385,2
90386,2
90387,2
90388,2
90389,2
90390,2
90391,2
90392,2
90393,2
90394,2
90395,2
90396,2
90397,2
90398,2
90399,2
90400,2
90401,2
90402,2
90403,2
90404,2
90405,2
90406,2
90407,2
90408,2
90409,2
90410,2
90411,2
90412,2
90413,2
90414,2
90415,2
90416,2
90417,2
90418,2
90419,2
90420,2
90421,2
90422,2
90423,2
90424,2
90425,2
90426,2
90427,2
90428,2
90429,2
90430,2
90431,2
90432,2
90433,2
90434,2
90435,2
90436,2
90437,2
90438,2
90439,2
90440,2
90441,2
90442,2
90443,2
90444,2
90445,2
90446,2
90447,2
90448,2
90449,2
90450,2
90451,2
90452,2
90453,2
90454,2
90455,2
90456,2
90457,2
90458,2
90459,2
90460,2
90461,2
90462,2
90463,2
90464,2
90465,2
90466,2
90467,2
90468,2
90469,2
90470,2
90471,2
90472,2
90473,2
90474,2
90475,2
90476,2
90477,2
90478,2
90479,2
90480,2
90481,2
90482,2
90483,2
90484,2
90485,2
90486,2
90487,2
90488,2
90489,2
90490,2
90491,2
90492,2
90493,2
90494,2
90495,2
90496,2
90497,2
90498,2
90499,2
90500,2
90501,2
90502,2
90503,2
90504,2
90505,2
90506,2
90507,2
90508,2
90509,2
90510,2
90511,2
90512,2
90513,2
90514,2
90515,2
90516,2
90517,2
90518,2
90519,2
90520,2
90521,2
90522,2
90523,2
90524,2
90525,2
90526,2
90527,2
90528,2
90529,2
90530,2
90531,2
90532,2
90533,2
90534,2
90535,2
90536,2
90537,2
90538,2
90539,2
90540,2
90541,2
90542,2
90543,2
90544,2
90545,2
90546,2
90547,2
90548,2
90549,2
90550,2
90551,2
90552,2
90553,2
90554,2
90555,2
90556,2
90557,2
90558,2
90559,2
90560,2
90561,2
90562,2
90563,2
90564,2
90565,2
90566,2
90567,2
90568,2
90569,2
90570,2
90571,2
90572,2
90573,2
90574,2
90575,2
90576,2
90577,2
90578,2
90579,2
90580,2
90581,2
90582,2
90583,2
90584,2
90585,2
90586,2
90587,2
90588,2
90589,2
90590,2
90591,2
90592,2
90593,2
90594,2
90595,2
90596,2
90597,2
90598,2
90599,2
90600,2
90601,2
90602,2
90603,2
90604,2
90605,2
90606,2
90607,2
90608,2
90609,2
90610,2
90611,2
90612,2
90613,2
90614,2
90615,2
90616,2
90617,2
90618,2
90619,2
90620,2
90621,2
90622,2
90623,2
90624,2
90625,2
90626,2
90627,2
90628,2
90629,2
90630,2
90631,2
90632,2
90633,2
90634,2
90635,2
90636,2
90637,2
90638,2
90639,2
90640,2
90641,2
90642,2
90643,2
90644,2
90645,2
90646,2
90647,2
90648,2
90649,2
90650,2
90651,2
90652,2
90653,2
90654,2
90655,2
90656,2
90657,2
90658,2
90659,2
90660,2
90661,2
90662,2
90663,2
90664,2
90665,2
90666,2
90667,2
90668,2
90669,2
90670,2
90671,2
90672,2
90673,2
90674,2
90675,2
90676,2
90677,2
90678,2
90679,2
90680,2
90681,2
90682,2
90683,2
90684,2
90685,2
90686,2
90687,2
90688,2
90689,3
90690,2
90691,2
90692,2
90693,2
90694,2
90695,2
90696,2
90697,2
90698,2
90699,2
90700,2
90701,2
90702,2
90703,2
90704,2
90705,2
90706,2
90707,2
90708,2
90709,2
90710,2
90711,2
90712,2
90713,2
90714,2
90715,2
90716,2
90717,2
90718,2
90719,2
90720,2
90721,2
90722,2
90723,2
90724,2
90725,2
90726,2
90727,2
90728,2
90729,2
90730,2
90731,2
90732,2
90733,2
90734,2
90735,2
90736,2
90737,2
90738,2
90739,2
90740,2
90741,2
90742,2
90743,2
90744,2
90745,2
90746,2
90747,2
90748,2
90749,2
90750,2
90751,2
90752,2
90753,2
90754,2
90755,2
90756,2
90757,2
90758,2
90759,2
90760,2
90761,2
90762,2
90763,2
90764,2
90765,2
90766,2
90767,2
90768,2
90769,2
90770,2
90771,2
90772,2
90773,2
90774,2
90775,2
90776,2
90777,2
90778,2
90779,2
90780,2
90781,2
90782,2
90783,2
90784,2
90785,2
90786,2
90787,2
90788,2
90789,2
90790,2
90791,2
90792,2
90793,2
90794,2
90795,2
90796,2
90797,2
90798,2
90799,2
90800,2
90801,2
90802,2
90803,2
90804,2
90805,2
90806,2
90807,2
90808,2
90809,2
90810,2
90811,2
90812,2
90813,2
90814,2
90815,2
90816,2
90817,2
90818,2
90819,2
90820,2
90821,2
90822,2
90823,2
90824,2
90825,2
90826,2
90827,2
90828,2
90829,2
90830,2
90831,2
90832,2
90833,2
90834,2
90835,2
90836,2
90837,2
90838,2
90839,2
90840,2
90841,2
90842,2
90843,2
90844,2
90845,2
90846,2
90847,2
90848,2
90849,2
90850,2
90851,2
90852,2
90853,2
90854,2
90855,2
90856,2
90857,2
90858,2
90859,2
90860,2
90861,2
90862,2
90863,2
90864,2
90865,2
90866,2
90867,2
90868,2
90869,2
90870,2
90871,2
90872,2
90873,2
90874,2
90875,2
90876,2
90877,2
90878,2
90879,2
90880,2
90881,2
90882,2
90883,2
90884,2
90885,2
90886,2
90887,2
90888,2
90889,2
90890,2
90891,2
90892,2
90893,2
90894,2
90895,2
90896,2
90897,2
90898,2
90899,2
90900,2
90901,2
90902,2
90903,2
90904,2
90905,2
90906,2
90907,2
90908,2
90909,2
90910,2
90911,2
90912,2
90913,2
90914,2
90915,2
90916,2
90917,2
90918,2
90919,2
90920,2
90921,2
90922,2
90923,2
90924,2
90925,2
90926,2
90927,2
90928,2
90929,2
90930,2
90931,2
90932,2
90933,2
90934,2
90935,2
90936,2
90937,2
90938,2
90939,2
90940,2
90941,2
90942,2
90943,2
90944,2
90945,2
90946,2
90947,2
90948,2
90949,2
90950,2
90951,2
90952,2
90953,2
90954,2
90955,2
90956,2
90957,2
90958,2
90959,2
90960,2
90961,2
90962,2
90963,2
90964,2
90965,2
90966,2
90967,2
90968,2
90969,2
90970,2
90971,2
90972,2
90973,2
90974,2
90975,2
90976,2
90977,2
90978,2
90979,2
90980,2
90981,2
90982,2
90983,2
90984,2
90985,2
90986,2
90987,2
90988,2
90989,2
90990,2
90991,2
90992,2
90993,2
90994,2
90995,2
90996,2
90997,2
90998,2
90999,2
91000,2
91001,2
91002,2
91003,2
91004,2
91005,2
91006,2
91007,2
91008,2
91009,2
91010,2
91011,2
91012,2
91013,2
91014,2
91015,2
91016,2
91017,2
91018,2
91019,2
91020,2
91021,2
91022,2
91023,2
91024,2
91025,2
91026,2
91027,2
91028,2
91029,2
91030,2
91031,2
91032,2
91033,2
91034,2
91035,2
91036,2
91037,2
91038,2
91039,2
91040,2
91041,2
91042,2
91043,2
91044,2
91045,2
91046,2
91047,2
91048,2
91049,2
91050,2
91051,2
91052,2
91053,2
91054,2
91055,2
91056,2
91057,2
91058,2
91059,2
91060,2
91061,2
91062,2
91063,2
91064,2
91065,2
91066,2
91067,2
91068,2
91069,2
91070,2
91071,2
91072,2
91073,2
91074,2
91075,2
91076,2
91077,2
91078,2
91079,2
91080,2
91081,2
91082,2
91083,2
91084,2
91085,2
91086,2
91087,2
91088,2
91089,2
91090,2
91091,2
91092,2
91093,2
91094,2
91095,2
91096,2
91097,2
91098,2
91099,2
91100,2
91101,2
91102,2
91103,2
91104,2
91105,2
91106,2
91107,2
91108,2
91109,2
91110,2
91111,2
91112,2
91113,2
91114,2
91115,2
91116,2
91117,2
91118,2
91119,2
91120,2
91121,2
91122,2
91123,2
91124,2
91125,2
91126,2
91127,2
91128,2
91129,2
91130,2
91131,2
91132,2
91133,2
91134,2
91135,2
91136,2
91137,2
91138,2
91139,2
91140,2
91141,2
91142,2
91143,2
91144,2
91145,2
91146,2
91147,2
91148,2
91149,2
91150,2
91151,2
91152,2
91153,2
91154,2
91155,2
91156,2
91157,2
91158,2
91159,2
91160,2
91161,2
91162,2
91163,2
91164,2
91165,2
91166,2
91167,2
91168,2
91169,2
91170,2
91171,2
91172,2
91173,2
91174,2
91175,2
91176,2
91177,2
91178,2
91179,2
91180,2
91181,2
91182,2
91183,2
91184,2
91185,2
91186,2
91187,2
91188,2
91189,2
91190,2
91191,2
91192,2
91193,2
91194,2
91195,2
91196,2
91197,2
91198,2
91199,2
91200,2
91201,2
91202,2
91203,2
91204,2
91205,2
91206,2
91207,2
91208,2
91209,2
91210,2
91211,2
91212,2
91213,2
91214,2
91215,2
91216,2
91217,2
91218,2
91219,2
91220,2
91221,2
91222,2
91223,2
91224,2
91225,2
91226,2
91227,2
91228,2
91229,2
91230,2
91231,2
91232,2
91233,2
91234,2
91235,2
91236,2
91237,2
91238,2
91239,2
91240,2
91241,2
91242,2
91243,2
91244,2
91245,2
91246,2
91247,2
91248,2
91249,2
91250,2
91251,2
91252,2
91253,2
91254,2
91255,2
91256,2
91257,2
91258,2
91259,2
91260,2
91261,2
91262,2
91263,2
91264,2
91265,2
91266,2
91267,2
91268,2
91269,2
91270,2
91271,2
91272,2
91273,2
91274,2
91275,2
91276,2
91277,2
91278,2
91279,2
91280,2
91281,2
91282,2
91283,2
91284,2
91285,2
91286,2
91287,2
91288,2
91289,2
91290,2
91291,2
91292,2
91293,2
91294,2
91295,2
91296,2
91297,2
91298,2
91299,2
91300,2
91301,2
91302,2
91303,2
91304,2
91305,2
91306,2
91307,2
91308,2
91309,2
91310,2
91311,2
91312,2
91313,2
91314,2
91315,2
91316,2
91317,2
91318,2
91319,2
91320,2
91321,2
91322,2
91323,2
91324,2
91325,2
91326,2
91327,2
91328,2
91329,2
91330,2
91331,2
91332,2
91333,2
91334,2
91335,2
91336,2
91337,2
91338,2
91339,2
91340,2
91341,2
91342,2
91343,2
91344,2
91345,2
91346,2
91347,2
91348,2
91349,2
91350,2
91351,2
91352,2
91353,2
91354,2
91355,2
91356,2
91357,2
91358,2
91359,2
91360,2
91361,2
91362,2
91363,2
91364,2
91365,2
91366,2
91367,2
91368,2
91369,2
91370,2
91371,2
91372,2
91373,2
91374,2
91375,2
91376,2
91377,2
91378,2
91379,2
91380,2
91381,2
91382,2
91383,2
91384,2
91385,2
91386,2
91387,2
91388,2
91389,2
91390,2
91391,2
91392,2
91393,2
91394,2
91395,2
91396,2
91397,2
91398,2
91399,2
91400,2
91401,2
91402,2
91403,2
91404,2
91405,2
91406,2
91407,2
91408,2
91409,2
91410,2
91411,2
91412,2
91413,2
91414,2
91415,2
91416,2
91417,2
91418,2
91419,2
91420,2
91421,2
91422,2
91423,2
91424,2
91425,2
91426,2
91427,2
91428,2
91429,2
91430,2
91431,2
91432,2
91433,2
91434,2
91435,2
91436,2
91437,2
91438,2
91439,2
91440,2
91441,2
91442,2
91443,2
91444,2
91445,2
91446,2
91447,2
91448,2
91449,2
91450,2
91451,2
91452,2
91453,2
91454,2
91455,2
91456,2
91457,2
91458,2
91459,2
91460,2
91461,2
91462,2
91463,2
91464,2
91465,2
91466,2
91467,2
91468,2
91469,2
91470,2
91471,2
91472,2
91473,2
91474,2
91475,2
91476,2
91477,2
91478,2
91479,2
91480,2
91481,2
91482,2
91483,2
91484,2
91485,2
91486,2
91487,2
91488,2
91489,2
91490,2
91491,2
91492,2
91493,2
91494,2
91495,2
91496,2
91497,2
91498,2
91499,2
91500,2
91501,2
91502,2
91503,2
91504,2
91505,2
91506,2
91507,2
91508,2
91509,2
91510,2
91511,2
91512,2
91513,2
91514,2
91515,2
91516,2
91517,2
91518,2
91519,2
91520,2
91521,2
91522,2
91523,2
91524,2
91525,2
91526,2
91527,2
91528,2
91529,2
91530,2
91531,2
91532,2
91533,2
91534,2
91535,2
91536,2
91537,2
91538,2
91539,2
91540,2
91541,2
91542,2
91543,2
91544,2
91545,2
91546,2
91547,2
91548,2
91549,2
91550,2
91551,2
91552,2
91553,2
91554,2
91555,2
91556,2
91557,2
91558,2
91559,2
91560,2
91561,2
91562,2
91563,2
91564,2
91565,2
91566,2
91567,2
91568,2
91569,2
91570,2
91571,2
91572,2
91573,2
91574,2
91575,2
91576,2
91577,2
91578,2
91579,2
91580,2
91581,2
91582,2
91583,2
91584,2
91585,2
91586,2
91587,2
91588,2
91589,2
91590,2
91591,2
91592,2
91593,2
91594,2
91595,2
91596,2
91597,2
91598,2
91599,2
91600,2
91601,2
91602,2
91603,2
91604,2
91605,2
91606,2
91607,2
91608,2
91609,2
91610,2
91611,2
91612,2
91613,2
91614,2
91615,2
91616,2
91617,2
91618,2
91619,2
91620,2
91621,2
91622,2
91623,2
91624,2
91625,2
91626,2
91627,2
91628,2
91629,2
91630,2
91631,2
91632,2
91633,2
91634,2
91635,2
91636,2
91637,2
91638,2
91639,2
91640,2
91641,2
91642,2
91643,2
91644,2
91645,2
91646,2
91647,2
91648,2
91649,2
91650,2
91651,2
91652,2
91653,2
91654,2
91655,2
91656,2
91657,2
91658,2
91659,2
91660,2
91661,2
91662,2
91663,2
91664,2
91665,2
91666,2
91667,2
91668,2
91669,2
91670,2
91671,2
91672,2
91673,2
91674,2
91675,2
91676,2
91677,2
91678,2
91679,2
91680,2
91681,2
91682,2
91683,2
91684,2
91685,2
91686,2
91687,2
91688,2
91689,2
91690,2
91691,2
91692,2
91693,2
91694,2
91695,2
91696,2
91697,2
91698,2
91699,2
91700,2
91701,2
91702,2
91703,2
91704,2
91705,2
91706,2
91707,2
91708,2
91709,2
91710,2
91711,2
91712,2
91713,2
91714,2
91715,2
91716,2
91717,2
91718,2
91719,2
91720,2
91721,2
91722,2
91723,2
91724,2
91725,2
91726,2
91727,2
91728,2
91729,2
91730,2
91731,2
91732,2
91733,2
91734,2
91735,2
91736,2
91737,2
91738,2
91739,2
91740,2
91741,2
91742,2
91743,2
91744,2
91745,2
91746,2
91747,2
91748,2
91749,2
91750,2
91751,2
91752,2
91753,2
91754,2
91755,2
91756,2
91757,2
91758,2
91759,2
91760,2
91761,2
91762,2
91763,2
91764,2
91765,2
91766,2
91767,2
91768,2
91769,2
91770,2
91771,2
91772,2
91773,2
91774,2
91775,2
91776,2
91777,2
91778,2
91779,2
91780,2
91781,2
91782,2
91783,2
91784,2
91785,2
91786,2
91787,2
91788,2
91789,2
91790,2
91791,2
91792,2
91793,2
91794,2
91795,2
91796,2
91797,2
91798,2
91799,2
91800,2
91801,2
91802,2
91803,2
91804,2
91805,2
91806,2
91807,2
91808,2
91809,2
91810,2
91811,2
91812,2
91813,2
91814,2
91815,2
91816,2
91817,2
91818,2
91819,2
91820,2
91821,2
91822,2
91823,2
91824,2
91825,2
91826,2
91827,2
91828,2
91829,2
91830,2
91831,2
91832,2
91833,2
91834,2
91835,2
91836,2
91837,2
91838,2
91839,2
91840,2
91841,2
91842,2
91843,2
91844,2
91845,2
91846,2
91847,2
91848,2
91849,2
91850,2
91851,2
91852,2
91853,2
91854,2
91855,2
91856,2
91857,2
91858,2
91859,2
91860,2
91861,2
91862,2
91863,2
91864,2
91865,2
91866,2
91867,2
91868,2
91869,2
91870,2
91871,2
91872,2
91873,2
91874,2
91875,2
91876,2
91877,2
91878,2
91879,2
91880,2
91881,2
91882,2
91883,2
91884,2
91885,2
91886,2
91887,2
91888,2
91889,2
91890,2
91891,2
91892,2
91893,2
91894,2
91895,2
91896,2
91897,2
91898,2
91899,2
91900,2
91901,2
91902,2
91903,2
91904,2
91905,2
91906,2
91907,2
91908,2
91909,2
91910,2
91911,2
91912,2
91913,2
91914,2
91915,2
91916,2
91917,2
91918,2
91919,2
91920,2
91921,2
91922,2
91923,2
91924,2
91925,2
91926,2
91927,2
91928,2
91929,2
91930,2
91931,2
91932,2
91933,2
91934,2
91935,2
91936,2
91937,2
91938,2
91939,2
91940,2
91941,2
91942,2
91943,2
91944,2
91945,2
91946,2
91947,2
91948,2
91949,2
91950,2
91951,2
91952,2
91953,2
91954,2
91955,2
91956,2
91957,2
91958,2
91959,2
91960,2
91961,2
91962,2
91963,2
91964,2
91965,2
91966,2
91967,2
91968,2
91969,2
91970,2
91971,2
91972,2
91973,2
91974,2
91975,2
91976,2
91977,2
91978,2
91979,2
91980,2
91981,2
91982,2
91983,2
91984,2
91985,2
91986,2
91987,2
91988,2
91989,2
91990,2
91991,2
91992,2
91993,2
91994,2
91995,2
91996,2
91997,2
91998,2
91999,2
92000,2
92001,2
92002,2
92003,2
92004,2
92005,2
92006,2
92007,2
92008,2
92009,2
92010,2
92011,2
92012,2
92013,2
92014,2
92015,2
92016,2
92017,2
92018,2
92019,2
92020,2
92021,2
92022,2
92023,2
92024,2
92025,2
92026,2
92027,2
92028,2
92029,2
92030,2
92031,2
92032,2
92033,2
92034,2
92035,2
92036,2
92037,2
92038,2
92039,2
92040,2
92041,2
92042,2
92043,2
92044,2
92045,2
92046,2
92047,2
92048,2
92049,2
92050,2
92051,2
92052,2
92053,2
92054,2
92055,2
92056,2
92057,2
92058,2
92059,2
92060,2
92061,2
92062,2
92063,2
92064,2
92065,2
92066,2
92067,2
92068,2
92069,2
92070,2
92071,2
92072,2
92073,2
92074,2
92075,2
92076,2
92077,2
92078,2
92079,2
92080,2
92081,2
92082,2
92083,2
92084,2
92085,2
92086,2
92087,2
92088,2
92089,2
92090,2
92091,2
92092,2
92093,2
92094,2
92095,2
92096,2
92097,2
92098,2
92099,2
92100,2
92101,2
92102,2
92103,2
92104,2
92105,2
92106,2
92107,2
92108,2
92109,2
92110,2
92111,2
92112,2
92113,2
92114,2
92115,2
92116,2
92117,2
92118,2
92119,2
92120,2
92121,2
92122,2
92123,2
92124,2
92125,2
92126,2
92127,2
92128,2
92129,2
92130,2
92131,2
92132,2
92133,2
92134,2
92135,2
92136,2
92137,2
92138,2
92139,2
92140,2
92141,2
92142,2
92143,2
92144,2
92145,2
92146,2
92147,2
92148,2
92149,2
92150,2
92151,2
92152,2
92153,2
92154,2
92155,2
92156,2
92157,2
92158,2
92159,2
92160,2
92161,2
92162,2
92163,2
92164,2
92165,2
92166,2
92167,2
92168,2
92169,2
92170,2
92171,2
92172,2
92173,2
92174,2
92175,2
92176,2
92177,2
92178,2
92179,2
92180,2
92181,2
92182,2
92183,2
92184,2
92185,2
92186,2
92187,2
92188,2
92189,2
92190,2
92191,2
92192,2
92193,2
92194,2
92195,2
92196,2
92197,2
92198,2
92199,2
92200,2
92201,2
92202,2
92203,2
92204,2
92205,2
92206,2
92207,2
92208,2
92209,2
92210,2
92211,2
92212,2
92213,2
92214,2
92215,2
92216,2
92217,2
92218,2
92219,2
92220,2
92221,2
92222,2
92223,2
92224,2
92225,2
92226,2
92227,2
92228,2
92229,2
92230,2
92231,2
92232,2
92233,2
92234,2
92235,2
92236,2
92237,2
92238,2
92239,2
92240,2
92241,2
92242,2
92243,2
92244,2
92245,2
92246,2
92247,2
92248,2
92249,2
92250,2
92251,2
92252,2
92253,2
92254,2
92255,2
92256,2
92257,2
92258,2
92259,2
92260,2
92261,2
92262,2
92263,2
92264,2
92265,2
92266,2
92267,2
92268,2
92269,2
92270,2
92271,2
92272,2
92273,2
92274,2
92275,2
92276,2
92277,2
92278,2
92279,2
92280,2
92281,2
92282,2
92283,2
92284,2
92285,2
92286,2
92287,2
92288,2
92289,2
92290,2
92291,2
92292,2
92293,2
92294,2
92295,2
92296,2
92297,2
92298,2
92299,2
92300,2
92301,2
92302,2
92303,2
92304,2
92305,2
92306,2
92307,2
92308,2
92309,2
92310,2
92311,2
92312,2
92313,2
92314,2
92315,2
92316,2
92317,2
92318,2
92319,2
92320,2
92321,2
92322,2
92323,2
92324,2
92325,2
92326,2
92327,2
92328,2
92329,2
92330,2
92331,2
92332,2
92333,2
92334,2
92335,2
92336,2
92337,2
92338,2
92339,2
92340,2
92341,2
92342,2
92343,2
92344,2
92345,2
92346,2
92347,2
92348,2
92349,2
92350,2
92351,2
92352,2
92353,2
92354,2
92355,2
92356,2
92357,2
92358,2
92359,2
92360,2
92361,2
92362,2
92363,2
92364,2
92365,2
92366,2
92367,2
92368,2
92369,2
92370,2
92371,2
92372,2
92373,2
92374,2
92375,2
92376,2
92377,2
92378,2
92379,2
92380,2
92381,2
92382,2
92383,2
92384,2
92385,2
92386,2
92387,2
92388,2
92389,2
92390,2
92391,2
92392,2
92393,2
92394,2
92395,2
92396,2
92397,2
92398,2
92399,2
92400,2
92401,2
92402,2
92403,2
92404,2
92405,2
92406,2
92407,2
92408,2
92409,2
92410,2
92411,2
92412,2
92413,2
92414,2
92415,2
92416,2
92417,2
92418,2
92419,2
92420,2
92421,2
92422,2
92423,2
92424,2
92425,2
92426,2
92427,2
92428,2
92429,2
92430,2
92431,2
92432,2
92433,2
92434,2
92435,2
92436,2
92437,2
92438,2
92439,2
92440,2
92441,2
92442,2
92443,2
92444,2
92445,2
92446,2
92447,2
92448,2
92449,2
92450,2
92451,2
92452,2
92453,2
92454,2
92455,2
92456,2
92457,2
92458,2
92459,2
92460,2
92461,2
92462,2
92463,2
92464,2
92465,2
92466,2
92467,2
92468,2
92469,2
92470,2
92471,2
92472,2
92473,2
92474,2
92475,2
92476,2
92477,2
92478,2
92479,2
92480,2
92481,2
92482,2
92483,2
92484,2
92485,2
92486,2
92487,2
92488,2
92489,2
92490,2
92491,2
92492,2
92493,2
92494,2
92495,2
92496,2
92497,2
92498,2
92499,2
92500,2
92501,2
92502,2
92503,2
92504,2
92505,2
92506,2
92507,2
92508,2
92509,2
92510,2
92511,2
92512,2
92513,2
92514,2
92515,2
92516,2
92517,2
92518,2
92519,2
92520,2
92521,2
92522,2
92523,2
92524,2
92525,2
92526,2
92527,2
92528,2
92529,2
92530,2
92531,2
92532,2
92533,2
92534,2
92535,2
92536,2
92537,2
92538,2
92539,2
92540,2
92541,2
92542,2
92543,2
92544,2
92545,2
92546,2
92547,2
92548,2
92549,2
92550,2
92551,2
92552,2
92553,2
92554,2
92555,2
92556,2
92557,2
92558,2
92559,2
92560,2
92561,2
92562,2
92563,2
92564,2
92565,2
92566,2
92567,2
92568,2
92569,2
92570,2
92571,2
92572,2
92573,2
92574,2
92575,2
92576,2
92577,2
92578,2
92579,2
92580,2
92581,2
92582,2
92583,2
92584,2
92585,2
92586,2
92587,2
92588,2
92589,2
92590,2
92591,2
92592,2
92593,2
92594,2
92595,2
92596,2
92597,2
92598,2
92599,2
92600,2
92601,2
92602,2
92603,2
92604,2
92605,2
92606,2
92607,2
92608,2
92609,2
92610,2
92611,2
92612,2
92613,2
92614,2
92615,2
92616,2
92617,2
92618,2
92619,2
92620,2
92621,2
92622,2
92623,2
92624,2
92625,2
92626,2
92627,2
92628,2
92629,2
92630,2
92631,2
92632,2
92633,2
92634,2
92635,2
92636,2
92637,2
92638,2
92639,2
92640,2
92641,2
92642,2
92643,2
92644,2
92645,2
92646,2
92647,2
92648,2
92649,2
92650,2
92651,2
92652,2
92653,2
92654,2
92655,2
92656,2
92657,2
92658,2
92659,2
92660,2
92661,2
92662,2
92663,2
92664,2
92665,2
92666,2
92667,2
92668,2
92669,2
92670,2
92671,2
92672,2
92673,2
92674,2
92675,2
92676,2
92677,2
92678,2
92679,2
92680,2
92681,2
92682,2
92683,2
92684,2
92685,2
92686,2
92687,2
92688,2
92689,2
92690,2
92691,2
92692,2
92693,2
92694,2
92695,2
92696,2
92697,2
92698,2
92699,2
92700,2
92701,2
92702,2
92703,2
92704,2
92705,2
92706,2
92707,2
92708,2
92709,2
92710,2
92711,2
92712,2
92713,2
92714,2
92715,2
92716,2
92717,2
92718,2
92719,2
92720,2
92721,2
92722,2
92723,2
92724,2
92725,2
92726,2
92727,2
92728,2
92729,2
92730,2
92731,2
92732,2
92733,2
92734,2
92735,2
92736,2
92737,2
92738,2
92739,2
92740,2
92741,2
92742,2
92743,2
92744,2
92745,2
92746,2
92747,2
92748,2
92749,2
92750,2
92751,2
92752,2
92753,2
92754,2
92755,2
92756,2
92757,2
92758,2
92759,2
92760,2
92761,2
92762,2
92763,2
92764,2
92765,2
92766,2
92767,2
92768,2
92769,2
92770,2
92771,2
92772,2
92773,2
92774,2
92775,2
92776,2
92777,2
92778,2
92779,2
92780,2
92781,2
92782,2
92783,2
92784,2
92785,2
92786,2
92787,2
92788,2
92789,2
92790,2
92791,2
92792,2
92793,2
92794,2
92795,2
92796,2
92797,2
92798,2
92799,2
92800,2
92801,2
92802,2
92803,2
92804,2
92805,2
92806,2
92807,2
92808,2
92809,2
92810,2
92811,2
92812,2
92813,2
92814,2
92815,2
92816,2
92817,2
92818,2
92819,2
92820,2
92821,2
92822,2
92823,2
92824,2
92825,2
92826,2
92827,2
92828,2
92829,2
92830,2
92831,2
92832,2
92833,2
92834,2
92835,2
92836,2
92837,2
92838,2
92839,2
92840,2
92841,2
92842,2
92843,2
92844,2
92845,2
92846,2
92847,2
92848,2
92849,2
92850,2
92851,2
92852,2
92853,2
92854,2
92855,2
92856,2
92857,2
92858,2
92859,2
92860,2
92861,2
92862,2
92863,2
92864,2
92865,2
92866,2
92867,2
92868,2
92869,2
92870,2
92871,2
92872,2
92873,2
92874,2
92875,2
92876,2
92877,2
92878,2
92879,2
92880,2
92881,2
92882,2
92883,2
92884,2
92885,2
92886,2
92887,2
92888,2
92889,2
92890,2
92891,2
92892,2
92893,2
92894,2
92895,2
92896,2
92897,2
92898,2
92899,2
92900,2
92901,2
92902,2
92903,2
92904,2
92905,2
92906,2
92907,2
92908,2
92909,2
92910,2
92911,2
92912,2
92913,2
92914,2
92915,2
92916,2
92917,2
92918,2
92919,2
92920,2
92921,2
92922,2
92923,2
92924,2
92925,2
92926,2
92927,2
92928,2
92929,2
92930,2
92931,2
92932,2
92933,2
92934,2
92935,2
92936,2
92937,2
92938,2
92939,2
92940,2
92941,2
92942,2
92943,2
92944,2
92945,2
92946,2
92947,2
92948,2
92949,2
92950,2
92951,2
92952,2
92953,2
92954,2
92955,2
92956,2
92957,2
92958,2
92959,2
92960,2
92961,2
92962,2
92963,2
92964,2
92965,2
92966,2
92967,2
92968,2
92969,2
92970,2
92971,2
92972,2
92973,2
92974,2
92975,2
92976,2
92977,2
92978,2
92979,2
92980,2
92981,2
92982,2
92983,2
92984,2
92985,2
92986,2
92987,2
92988,2
92989,2
92990,2
92991,2
92992,2
92993,2
92994,2
92995,2
92996,2
92997,2
92998,2
92999,2
93000,2
93001,2
93002,2
93003,2
93004,2
93005,2
93006,2
93007,2
93008,2
93009,2
93010,2
93011,2
93012,2
93013,2
93014,2
93015,2
93016,2
93017,2
93018,2
93019,2
93020,2
93021,2
93022,2
93023,2
93024,2
93025,2
93026,2
93027,2
93028,2
93029,2
93030,2
93031,2
93032,2
93033,2
93034,2
93035,2
93036,2
93037,2
93038,2
93039,2
93040,2
93041,2
93042,2
93043,2
93044,2
93045,2
93046,2
93047,2
93048,2
93049,2
93050,2
93051,2
93052,2
93053,2
93054,2
93055,2
93056,2
93057,2
93058,2
93059,2
93060,2
93061,2
93062,2
93063,2
93064,2
93065,2
93066,2
93067,2
93068,2
93069,2
93070,2
93071,2
93072,2
93073,2
93074,2
93075,2
93076,2
93077,2
93078,2
93079,2
93080,2
93081,2
93082,2
93083,2
93084,2
93085,2
93086,2
93087,2
93088,2
93089,2
93090,2
93091,2
93092,2
93093,2
93094,2
93095,2
93096,2
93097,2
93098,2
93099,2
93100,2
93101,2
93102,2
93103,2
93104,2
93105,2
93106,2
93107,2
93108,2
93109,2
93110,2
93111,2
93112,2
93113,2
93114,2
93115,2
93116,2
93117,2
93118,2
93119,2
93120,2
93121,2
93122,2
93123,2
93124,2
93125,2
93126,2
93127,2
93128,2
93129,2
93130,2
93131,2
93132,2
93133,2
93134,2
93135,2
93136,2
93137,2
93138,2
93139,2
93140,2
93141,2
93142,2
93143,2
93144,2
93145,2
93146,2
93147,2
93148,2
93149,2
93150,2
93151,2
93152,2
93153,2
93154,2
93155,2
93156,2
93157,2
93158,2
93159,2
93160,2
93161,2
93162,2
93163,2
93164,2
93165,2
93166,2
93167,2
93168,2
93169,2
93170,2
93171,2
93172,2
93173,2
93174,2
93175,2
93176,2
93177,2
93178,2
93179,2
93180,2
93181,2
93182,2
93183,2
93184,2
93185,2
93186,2
93187,2
93188,2
93189,2
93190,2
93191,2
93192,2
93193,2
93194,2
93195,2
93196,2
93197,2
93198,2
93199,2
93200,2
93201,2
93202,2
93203,2
93204,2
93205,2
93206,2
93207,2
93208,2
93209,2
93210,2
93211,2
93212,2
93213,2
93214,2
93215,2
93216,2
93217,2
93218,2
93219,2
93220,2
93221,2
93222,2
93223,2
93224,2
93225,2
93226,2
93227,2
93228,2
93229,2
93230,2
93231,2
93232,2
93233,2
93234,2
93235,2
93236,2
93237,2
93238,2
93239,2
93240,2
93241,2
93242,2
93243,2
93244,2
93245,2
93246,2
93247,2
93248,2
93249,2
93250,2
93251,2
93252,2
93253,2
93254,2
93255,2
93256,2
93257,2
93258,2
93259,2
93260,2
93261,2
93262,2
93263,2
93264,2
93265,2
93266,2
93267,2
93268,2
93269,2
93270,2
93271,2
93272,2
93273,2
93274,2
93275,2
93276,2
93277,2
93278,2
93279,2
93280,2
93281,2
93282,2
93283,2
93284,2
93285,2
93286,2
93287,2
93288,2
93289,2
93290,2
93291,2
93292,2
93293,2
93294,2
93295,2
93296,2
93297,2
93298,2
93299,2
93300,2
93301,2
93302,2
93303,2
93304,2
93305,2
93306,2
93307,2
93308,2
93309,2
93310,2
93311,2
93312,2
93313,2
93314,2
93315,2
93316,2
93317,2
93318,2
93319,2
93320,2
93321,2
93322,2
93323,2
93324,2
93325,2
93326,2
93327,2
93328,2
93329,2
93330,2
93331,2
93332,2
93333,2
93334,2
93335,2
93336,2
93337,2
93338,2
93339,2
93340,2
93341,2
93342,2
93343,2
93344,2
93345,2
93346,2
93347,2
93348,2
93349,2
93350,2
93351,2
93352,2
93353,2
93354,2
93355,2
93356,2
93357,2
93358,2
93359,2
93360,2
93361,2
93362,2
93363,2
93364,2
93365,2
93366,2
93367,2
93368,2
93369,2
93370,2
93371,2
93372,2
93373,2
93374,2
93375,2
93376,2
93377,2
93378,2
93379,2
93380,2
93381,2
93382,2
93383,2
93384,2
93385,2
93386,2
93387,2
93388,2
93389,2
93390,2
93391,2
93392,2
93393,2
93394,2
93395,2
93396,2
93397,2
93398,2
93399,2
93400,2
93401,2
93402,2
93403,2
93404,2
93405,2
93406,2
93407,2
93408,2
93409,2
93410,2
93411,2
93412,2
93413,2
93414,2
93415,2
93416,2
93417,2
93418,2
93419,2
93420,2
93421,2
93422,2
93423,2
93424,2
93425,2
93426,2
93427,2
93428,2
93429,2
93430,2
93431,2
93432,2
93433,2
93434,2
93435,2
93436,2
93437,2
93438,2
93439,2
93440,2
93441,2
93442,2
93443,2
93444,2
93445,2
93446,2
93447,2
93448,2
93449,2
93450,2
93451,2
93452,2
93453,2
93454,2
93455,2
93456,2
93457,2
93458,2
93459,2
93460,2
93461,2
93462,2
93463,2
93464,2
93465,2
93466,2
93467,2
93468,2
93469,2
93470,2
93471,2
93472,2
93473,2
93474,2
93475,2
93476,2
93477,2
93478,2
93479,2
93480,2
93481,2
93482,2
93483,2
93484,2
93485,2
93486,2
93487,2
93488,2
93489,2
93490,2
93491,2
93492,2
93493,2
93494,2
93495,2
93496,2
93497,2
93498,2
93499,2
93500,2
93501,2
93502,2
93503,2
93504,2
93505,2
93506,2
93507,2
93508,2
93509,2
93510,2
93511,2
93512,2
93513,2
93514,2
93515,2
93516,2
93517,2
93518,2
93519,2
93520,2
93521,2
93522,2
93523,2
93524,2
93525,2
93526,2
93527,2
93528,2
93529,2
93530,2
93531,2
93532,2
93533,2
93534,2
93535,2
93536,2
93537,2
93538,2
93539,2
93540,2
93541,2
93542,2
93543,2
93544,2
93545,2
93546,2
93547,2
93548,2
93549,2
93550,2
93551,2
93552,2
93553,2
93554,2
93555,2
93556,2
93557,2
93558,2
93559,2
93560,2
93561,2
93562,2
93563,2
93564,2
93565,2
93566,2
93567,2
93568,2
93569,2
93570,2
93571,2
93572,2
93573,2
93574,2
93575,2
93576,2
93577,2
93578,2
93579,2
93580,2
93581,2
93582,2
93583,2
93584,2
93585,2
93586,2
93587,2
93588,2
93589,2
93590,2
93591,2
93592,2
93593,2
93594,2
93595,2
93596,2
93597,2
93598,2
93599,2
93600,2
93601,2
93602,2
93603,2
93604,2
93605,2
93606,2
93607,2
93608,2
93609,2
93610,2
93611,2
93612,2
93613,2
93614,2
93615,2
93616,2
93617,2
93618,2
93619,2
93620,2
93621,2
93622,2
93623,2
93624,2
93625,2
93626,2
93627,2
93628,2
93629,2
93630,2
93631,2
93632,2
93633,2
93634,2
93635,2
93636,2
93637,2
93638,2
93639,2
93640,2
93641,2
93642,2
93643,2
93644,2
93645,2
93646,2
93647,2
93648,2
93649,2
93650,2
93651,2
93652,2
93653,2
93654,2
93655,2
93656,2
93657,2
93658,2
93659,2
93660,2
93661,2
93662,2
93663,2
93664,2
93665,2
93666,2
93667,2
93668,2
93669,2
93670,2
93671,2
93672,2
93673,2
93674,2
93675,2
93676,2
93677,2
93678,2
93679,2
93680,2
93681,2
93682,2
93683,2
93684,2
93685,2
93686,2
93687,2
93688,2
93689,2
93690,2
93691,2
93692,2
93693,2
93694,2
93695,2
93696,2
93697,2
93698,2
93699,2
93700,2
93701,2
93702,2
93703,2
93704,2
93705,2
93706,2
93707,2
93708,2
93709,2
93710,2
93711,2
93712,2
93713,2
93714,2
93715,2
93716,2
93717,2
93718,2
93719,2
93720,2
93721,2
93722,2
93723,2
93724,2
93725,2
93726,2
93727,2
93728,2
93729,2
93730,2
93731,2
93732,2
93733,2
93734,2
93735,2
93736,2
93737,2
93738,2
93739,2
93740,2
93741,2
93742,2
93743,2
93744,2
93745,2
93746,2
93747,2
93748,2
93749,2
93750,2
93751,2
93752,2
93753,2
93754,2
93755,2
93756,2
93757,2
93758,2
93759,2
93760,2
93761,2
93762,2
93763,2
93764,2
93765,2
93766,2
93767,2
93768,2
93769,2
93770,2
93771,2
93772,2
93773,2
93774,2
93775,2
93776,2
93777,2
93778,2
93779,2
93780,2
93781,2
93782,2
93783,2
93784,2
93785,2
93786,2
93787,2
93788,2
93789,2
93790,2
93791,2
93792,2
93793,2
93794,2
93795,2
93796,2
93797,2
93798,2
93799,2
93800,2
93801,2
93802,2
93803,2
93804,2
93805,2
93806,2
93807,2
93808,2
93809,2
93810,2
93811,2
93812,2
93813,2
93814,2
93815,2
93816,2
93817,2
93818,2
93819,2
93820,2
93821,2
93822,2
93823,2
93824,2
93825,2
93826,2
93827,2
93828,2
93829,2
93830,2
93831,2
93832,2
93833,2
93834,2
93835,2
93836,2
93837,2
93838,2
93839,2
93840,2
93841,2
93842,2
93843,2
93844,2
93845,2
93846,2
93847,2
93848,2
93849,2
93850,2
93851,2
93852,2
93853,2
93854,2
93855,2
93856,2
93857,2
93858,2
93859,2
93860,2
93861,2
93862,2
93863,2
93864,2
93865,2
93866,2
93867,2
93868,2
93869,2
93870,2
93871,2
93872,2
93873,2
93874,2
93875,2
93876,2
93877,2
93878,2
93879,2
93880,2
93881,2
93882,2
93883,2
93884,2
93885,2
93886,2
93887,2
93888,2
93889,2
93890,2
93891,2
93892,2
93893,2
93894,2
93895,2
93896,2
93897,2
93898,2
93899,2
93900,2
93901,2
93902,2
93903,2
93904,2
93905,2
93906,2
93907,2
93908,2
93909,2
93910,2
93911,2
93912,2
93913,2
93914,2
93915,2
93916,2
93917,2
93918,2
93919,2
93920,2
93921,2
93922,2
93923,2
93924,2
93925,2
93926,2
93927,2
93928,2
93929,2
93930,2
93931,2
93932,2
93933,2
93934,2
93935,2
93936,2
93937,2
93938,2
93939,2
93940,2
93941,2
93942,2
93943,2
93944,2
93945,2
93946,2
93947,2
93948,2
93949,2
93950,2
93951,2
93952,2
93953,2
93954,2
93955,2
93956,2
93957,2
93958,2
93959,2
93960,2
93961,2
93962,2
93963,2
93964,2
93965,2
93966,2
93967,2
93968,2
93969,2
93970,2
93971,2
93972,2
93973,2
93974,2
93975,2
93976,2
93977,2
93978,2
93979,2
93980,2
93981,2
93982,2
93983,2
93984,2
93985,2
93986,2
93987,2
93988,2
93989,2
93990,2
93991,2
93992,2
93993,2
93994,2
93995,2
93996,2
93997,2
93998,2
93999,2
94000,2
94001,2
94002,2
94003,2
94004,2
94005,2
94006,2
94007,2
94008,2
94009,2
94010,2
94011,2
94012,2
94013,2
94014,2
94015,2
94016,2
94017,2
94018,2
94019,2
94020,2
94021,2
94022,2
94023,2
94024,2
94025,2
94026,2
94027,2
94028,2
94029,2
94030,2
94031,2
94032,2
94033,2
94034,2
94035,2
94036,2
94037,2
94038,2
94039,2
94040,2
94041,2
94042,2
94043,2
94044,2
94045,2
94046,2
94047,2
94048,2
94049,2
94050,2
94051,2
94052,2
94053,2
94054,2
94055,2
94056,2
94057,2
94058,2
94059,2
94060,2
94061,2
94062,2
94063,2
94064,2
94065,2
94066,2
94067,2
94068,2
94069,2
94070,2
94071,2
94072,2
94073,2
94074,2
94075,2
94076,2
94077,2
94078,2
94079,2
94080,2
94081,2
94082,2
94083,2
94084,2
94085,2
94086,2
94087,2
94088,2
94089,2
94090,2
94091,2
94092,2
94093,2
94094,2
94095,2
94096,2
94097,2
94098,2
94099,2
94100,2
94101,2
94102,2
94103,2
94104,2
94105,2
94106,2
94107,2
94108,2
94109,2
94110,2
94111,2
94112,2
94113,2
94114,2
94115,2
94116,2
94117,2
94118,2
94119,2
94120,2
94121,2
94122,2
94123,2
94124,2
94125,2
94126,2
94127,2
94128,2
94129,2
94130,2
94131,2
94132,2
94133,2
94134,2
94135,2
94136,2
94137,2
94138,2
94139,2
94140,2
94141,2
94142,2
94143,2
94144,2
94145,2
94146,2
94147,2
94148,2
94149,2
94150,2
94151,2
94152,2
94153,2
94154,2
94155,2
94156,2
94157,2
94158,2
94159,2
94160,2
94161,2
94162,2
94163,2
94164,2
94165,2
94166,2
94167,2
94168,2
94169,2
94170,2
94171,2
94172,2
94173,2
94174,2
94175,2
94176,2
94177,2
94178,2
94179,2
94180,2
94181,2
94182,2
94183,2
94184,2
94185,2
94186,2
94187,2
94188,2
94189,2
94190,2
94191,2
94192,2
94193,2
94194,2
94195,2
94196,2
94197,2
94198,2
94199,2
94200,2
94201,2
94202,2
94203,2
94204,2
94205,2
94206,2
94207,2
94208,2
94209,2
94210,2
94211,2
94212,2
94213,2
94214,2
94215,2
94216,2
94217,2
94218,2
94219,2
94220,2
94221,2
94222,2
94223,2
94224,2
94225,2
94226,2
94227,2
94228,2
94229,2
94230,2
94231,2
94232,2
94233,2
94234,2
94235,2
94236,2
94237,2
94238,2
94239,2
94240,2
94241,2
94242,2
94243,2
94244,2
94245,2
94246,2
94247,2
94248,2
94249,2
94250,2
94251,2
94252,2
94253,2
94254,2
94255,2
94256,2
94257,2
94258,2
94259,2
94260,2
94261,2
94262,2
94263,2
94264,2
94265,2
94266,2
94267,2
94268,2
94269,2
94270,2
94271,2
94272,2
94273,2
94274,2
94275,2
94276,2
94277,2
94278,2
94279,2
94280,2
94281,2
94282,2
94283,2
94284,2
94285,2
94286,2
94287,2
94288,2
94289,2
94290,2
94291,2
94292,2
94293,2
94294,2
94295,2
94296,2
94297,2
94298,2
94299,2
94300,2
94301,2
94302,2
94303,2
94304,2
94305,2
94306,2
94307,2
94308,2
94309,2
94310,2
94311,2
94312,2
94313,2
94314,2
94315,2
94316,2
94317,2
94318,2
94319,2
94320,2
94321,2
94322,2
94323,2
94324,2
94325,2
94326,2
94327,2
94328,2
94329,2
94330,2
94331,2
94332,2
94333,2
94334,2
94335,2
94336,2
94337,2
94338,2
94339,2
94340,2
94341,2
94342,2
94343,2
94344,2
94345,2
94346,2
94347,2
94348,2
94349,2
94350,2
94351,2
94352,2
94353,2
94354,2
94355,2
94356,2
94357,2
94358,2
94359,2
94360,2
94361,2
94362,2
94363,2
94364,2
94365,2
94366,2
94367,2
94368,2
94369,2
94370,2
94371,2
94372,2
94373,2
94374,2
94375,2
94376,2
94377,2
94378,2
94379,2
94380,2
94381,2
94382,2
94383,2
94384,2
94385,2
94386,2
94387,2
94388,2
94389,2
94390,2
94391,2
94392,2
94393,2
94394,2
94395,2
94396,2
94397,2
94398,2
94399,2
94400,2
94401,2
94402,2
94403,2
94404,2
94405,2
94406,2
94407,2
94408,2
94409,2
94410,2
94411,2
94412,2
94413,2
94414,2
94415,2
94416,2
94417,2
94418,2
94419,2
94420,2
94421,2
94422,2
94423,2
94424,2
94425,2
94426,2
94427,2
94428,2
94429,2
94430,2
94431,2
94432,2
94433,2
94434,2
94435,2
94436,2
94437,2
94438,2
94439,2
94440,2
94441,2
94442,2
94443,2
94444,2
94445,2
94446,2
94447,2
94448,2
94449,2
94450,2
94451,2
94452,2
94453,2
94454,2
94455,2
94456,2
94457,2
94458,2
94459,2
94460,2
94461,2
94462,2
94463,2
94464,2
94465,2
94466,2
94467,2
94468,2
94469,2
94470,2
94471,2
94472,2
94473,2
94474,2
94475,2
94476,2
94477,2
94478,2
94479,2
94480,2
94481,2
94482,2
94483,2
94484,2
94485,2
94486,2
94487,2
94488,2
94489,2
94490,2
94491,2
94492,2
94493,2
94494,2
94495,2
94496,2
94497,2
94498,2
94499,2
94500,2
94501,2
94502,2
94503,2
94504,2
94505,2
94506,2
94507,2
94508,2
94509,2
94510,2
94511,2
94512,2
94513,2
94514,2
94515,2
94516,2
94517,2
94518,2
94519,2
94520,2
94521,2
94522,2
94523,2
94524,2
94525,2
94526,2
94527,2
94528,2
94529,2
94530,2
94531,2
94532,2
94533,2
94534,2
94535,2
94536,2
94537,2
94538,2
94539,2
94540,2
94541,2
94542,2
94543,2
94544,2
94545,2
94546,2
94547,2
94548,2
94549,2
94550,2
94551,2
94552,2
94553,2
94554,2
94555,2
94556,2
94557,2
94558,2
94559,2
94560,2
94561,2
94562,2
94563,2
94564,2
94565,2
94566,2
94567,2
94568,2
94569,2
94570,2
94571,2
94572,2
94573,2
94574,2
94575,2
94576,2
94577,2
94578,2
94579,2
94580,2
94581,2
94582,2
94583,2
94584,2
94585,2
94586,2
94587,2
94588,2
94589,2
94590,2
94591,2
94592,2
94593,2
94594,2
94595,2
94596,2
94597,2
94598,2
94599,2
94600,2
94601,2
94602,2
94603,2
94604,2
94605,2
94606,2
94607,2
94608,2
94609,2
94610,2
94611,2
94612,2
94613,2
94614,2
94615,2
94616,2
94617,2
94618,2
94619,2
94620,2
94621,2
94622,2
94623,2
94624,2
94625,2
94626,2
94627,2
94628,2
94629,2
94630,2
94631,2
94632,2
94633,2
94634,2
94635,2
94636,2
94637,2
94638,2
94639,2
94640,2
94641,2
94642,2
94643,2
94644,2
94645,2
94646,2
94647,2
94648,2
94649,2
94650,2
94651,2
94652,2
94653,2
94654,2
94655,2
94656,2
94657,2
94658,2
94659,2
94660,2
94661,2
94662,2
94663,2
94664,2
94665,2
94666,2
94667,2
94668,2
94669,2
94670,2
94671,2
94672,2
94673,2
94674,2
94675,2
94676,2
94677,2
94678,2
94679,2
94680,2
94681,2
94682,2
94683,2
94684,2
94685,2
94686,2
94687,2
94688,2
94689,2
94690,2
94691,2
94692,2
94693,2
94694,2
94695,2
94696,2
94697,2
94698,2
94699,2
94700,2
94701,2
94702,2
94703,2
94704,2
94705,2
94706,2
94707,2
94708,2
94709,2
94710,2
94711,2
94712,2
94713,2
94714,2
94715,2
94716,2
94717,2
94718,2
94719,2
94720,2
94721,2
94722,2
94723,2
94724,2
94725,2
94726,2
94727,2
94728,2
94729,2
94730,2
94731,2
94732,2
94733,2
94734,2
94735,2
94736,2
94737,2
94738,2
94739,2
94740,2
94741,2
94742,2
94743,2
94744,2
94745,2
94746,2
94747,2
94748,2
94749,2
94750,2
94751,2
94752,2
94753,2
94754,2
94755,2
94756,2
94757,2
94758,2
94759,2
94760,2
94761,2
94762,2
94763,2
94764,2
94765,2
94766,2
94767,2
94768,2
94769,2
94770,2
94771,2
94772,2
94773,2
94774,2
94775,2
94776,2
94777,2
94778,2
94779,2
94780,2
94781,2
94782,2
94783,2
94784,2
94785,2
94786,2
94787,2
94788,2
94789,2
94790,2
94791,2
94792,2
94793,2
94794,2
94795,2
94796,2
94797,2
94798,2
94799,2
94800,2
94801,2
94802,2
94803,2
94804,2
94805,2
94806,2
94807,2
94808,2
94809,2
94810,2
94811,2
94812,2
94813,2
94814,2
94815,2
94816,2
94817,2
94818,2
94819,2
94820,2
94821,2
94822,2
94823,2
94824,2
94825,2
94826,2
94827,2
94828,2
94829,2
94830,2
94831,2
94832,2
94833,2
94834,2
94835,2
94836,2
94837,2
94838,2
94839,2
94840,2
94841,2
94842,2
94843,2
94844,2
94845,2
94846,2
94847,2
94848,2
94849,2
94850,2
94851,2
94852,2
94853,2
94854,2
94855,2
94856,2
94857,2
94858,2
94859,2
94860,2
94861,2
94862,2
94863,2
94864,2
94865,2
94866,2
94867,2
94868,2
94869,2
94870,2
94871,2
94872,2
94873,2
94874,2
94875,2
94876,2
94877,2
94878,2
94879,2
94880,2
94881,2
94882,2
94883,2
94884,2
94885,2
94886,2
94887,2
94888,2
94889,2
94890,2
94891,2
94892,2
94893,2
94894,2
94895,2
94896,2
94897,2
94898,2
94899,2
94900,2
94901,2
94902,2
94903,2
94904,2
94905,2
94906,2
94907,2
94908,2
94909,2
94910,2
94911,2
94912,2
94913,2
94914,2
94915,2
94916,2
94917,2
94918,2
94919,2
94920,2
94921,2
94922,2
94923,2
94924,2
94925,2
94926,2
94927,2
94928,2
94929,2
94930,2
94931,2
94932,2
94933,2
94934,2
94935,2
94936,2
94937,2
94938,2
94939,2
94940,2
94941,2
94942,2
94943,2
94944,2
94945,2
94946,2
94947,2
94948,2
94949,2
94950,2
94951,2
94952,2
94953,2
94954,2
94955,2
94956,2
94957,2
94958,2
94959,2
94960,2
94961,2
94962,2
94963,2
94964,2
94965,2
94966,2
94967,2
94968,2
94969,2
94970,2
94971,2
94972,2
94973,2
94974,2
94975,2
94976,2
94977,2
94978,2
94979,2
94980,2
94981,2
94982,2
94983,2
94984,2
94985,2
94986,2
94987,2
94988,2
94989,2
94990,2
94991,2
94992,2
94993,2
94994,2
94995,2
94996,2
94997,2
94998,2
94999,2
95000,2
95001,2
95002,2
95003,2
95004,2
95005,2
95006,2
95007,2
95008,2
95009,2
95010,2
95011,2
95012,2
95013,2
95014,2
95015,2
95016,2
95017,2
95018,2
95019,2
95020,2
95021,2
95022,2
95023,2
95024,2
95025,2
95026,2
95027,2
95028,2
95029,2
95030,2
95031,2
95032,2
95033,2
95034,2
95035,2
95036,2
95037,2
95038,2
95039,2
95040,2
95041,2
95042,2
95043,2
95044,2
95045,2
95046,2
95047,2
95048,2
95049,2
95050,2
95051,2
95052,2
95053,2
95054,2
95055,2
95056,2
95057,2
95058,2
95059,2
95060,2
95061,2
95062,2
95063,2
95064,2
95065,2
95066,2
95067,2
95068,2
95069,2
95070,2
95071,2
95072,2
95073,2
95074,2
95075,2
95076,2
95077,2
95078,2
95079,2
95080,2
95081,2
95082,2
95083,2
95084,2
95085,2
95086,2
95087,2
95088,2
95089,2
95090,2
95091,2
95092,2
95093,2
95094,2
95095,2
95096,2
95097,2
95098,2
95099,2
95100,2
95101,2
95102,2
95103,2
95104,2
95105,2
95106,2
95107,2
95108,2
95109,2
95110,2
95111,2
95112,2
95113,2
95114,2
95115,2
95116,2
95117,2
95118,2
95119,2
95120,2
95121,2
95122,2
95123,2
95124,2
95125,2
95126,2
95127,2
95128,2
95129,2
95130,2
95131,2
95132,2
95133,2
95134,2
95135,2
95136,2
95137,2
95138,2
95139,2
95140,2
95141,2
95142,2
95143,2
95144,2
95145,2
95146,2
95147,2
95148,2
95149,2
95150,2
95151,2
95152,2
95153,2
95154,2
95155,2
95156,2
95157,2
95158,2
95159,2
95160,2
95161,2
95162,2
95163,2
95164,2
95165,2
95166,2
95167,2
95168,2
95169,2
95170,2
95171,2
95172,2
95173,2
95174,2
95175,2
95176,2
95177,2
95178,2
95179,2
95180,2
95181,2
95182,2
95183,2
95184,2
95185,2
95186,2
95187,2
95188,2
95189,2
95190,2
95191,2
95192,2
95193,2
95194,2
95195,2
95196,2
95197,2
95198,2
95199,2
95200,2
95201,2
95202,2
95203,2
95204,2
95205,2
95206,2
95207,2
95208,2
95209,2
95210,2
95211,2
95212,2
95213,2
95214,2
95215,2
95216,2
95217,2
95218,2
95219,2
95220,2
95221,2
95222,2
95223,2
95224,2
95225,2
95226,2
95227,2
95228,2
95229,2
95230,2
95231,2
95232,2
95233,2
95234,2
95235,2
95236,2
95237,2
95238,2
95239,2
95240,2
95241,2
95242,2
95243,2
95244,2
95245,2
95246,2
95247,2
95248,2
95249,2
95250,2
95251,2
95252,2
95253,2
95254,2
95255,2
95256,2
95257,2
95258,2
95259,2
95260,2
95261,2
95262,2
95263,2
95264,2
95265,2
95266,2
95267,2
95268,2
95269,2
95270,2
95271,2
95272,2
95273,2
95274,2
95275,2
95276,2
95277,2
95278,2
95279,2
95280,2
95281,2
95282,2
95283,2
95284,2
95285,2
95286,2
95287,2
95288,2
95289,2
95290,2
95291,2
95292,2
95293,2
95294,2
95295,2
95296,2
95297,2
95298,2
95299,2
95300,2
95301,2
95302,2
95303,2
95304,2
95305,2
95306,2
95307,2
95308,2
95309,2
95310,2
95311,2
95312,2
95313,2
95314,2
95315,2
95316,2
95317,2
95318,2
95319,2
95320,2
95321,2
95322,2
95323,2
95324,2
95325,2
95326,2
95327,2
95328,2
95329,2
95330,2
95331,2
95332,2
95333,2
95334,2
95335,2
95336,2
95337,2
95338,2
95339,2
95340,2
95341,2
95342,2
95343,2
95344,2
95345,2
95346,2
95347,2
95348,2
95349,2
95350,2
95351,2
95352,2
95353,2
95354,2
95355,2
95356,2
95357,2
95358,2
95359,2
95360,2
95361,2
95362,2
95363,2
95364,2
95365,2
95366,2
95367,2
95368,2
95369,2
95370,2
95371,2
95372,2
95373,2
95374,2
95375,2
95376,2
95377,2
95378,2
95379,2
95380,2
95381,2
95382,2
95383,2
95384,2
95385,2
95386,2
95387,2
95388,2
95389,2
95390,2
95391,2
95392,2
95393,2
95394,2
95395,2
95396,2
95397,2
95398,2
95399,2
95400,2
95401,2
95402,2
95403,2
95404,2
95405,2
95406,2
95407,2
95408,2
95409,2
95410,2
95411,2
95412,2
95413,2
95414,2
95415,2
95416,2
95417,2
95418,2
95419,2
95420,2
95421,2
95422,2
95423,2
95424,2
95425,2
95426,2
95427,2
95428,2
95429,2
95430,2
95431,2
95432,2
95433,2
95434,2
95435,2
95436,2
95437,2
95438,2
95439,2
95440,2
95441,2
95442,2
95443,2
95444,2
95445,2
95446,2
95447,2
95448,2
95449,2
95450,2
95451,2
95452,2
95453,2
95454,2
95455,2
95456,2
95457,2
95458,2
95459,2
95460,2
95461,2
95462,2
95463,2
95464,2
95465,2
95466,2
95467,2
95468,2
95469,2
95470,2
95471,2
95472,2
95473,3
95474,3
95475,3
95476,3
95477,3
95478,3
95479,3
95480,3
95481,3
95482,3
95483,3
95484,3
95485,3
95486,3
95487,3
95488,3
95489,3
95490,3
95491,3
95492,3
95493,3
95494,3
95495,3
95496,3
95497,3
95498,3
95499,3
95500,3
95501,3
95502,3
95503,3
95504,3
95505,3
95506,3
95507,3
95508,3
95509,3
95510,3
95511,3
95512,3
95513,3
95514,3
95515,3
95516,3
95517,3
95518,3
95519,3
95520,3
95521,3
95522,3
95523,3
95524,3
95525,3
95526,3
95527,3
95528,3
95529,3
95530,3
95531,3
95532,3
95533,3
95534,3
95535,3
95536,3
95537,3
95538,3
95539,3
95540,3
95541,3
95542,3
95543,3
95544,3
95545,3
95546,2
95547,3
95548,3
95549,3
95550,3
95551,3
95552,3
95553,3
95554,3
95555,3
95556,3
95557,3
95558,3
95559,3
95560,3
95561,3
95562,3
95563,3
95564,2
95565,3
95566,3
95567,3
95568,3
95569,3
95570,3
95571,2
95572,3
95573,3
95574,3
95575,3
95576,3
95577,3
95578,3
95579,3
95580,2
95581,3
95582,3
95583,3
95584,2
95585,3
95586,3
95587,3
95588,3
95589,2
95590,3
95591,3
95592,3
95593,3
95594,3
95595,3
95596,3
95597,3
95598,2
95599,3
95600,3
95601,3
95602,3
95603,3
95604,3
95605,3
95606,3
95607,3
95608,3
95609,3
95610,3
95611,3
95612,3
95613,3
95614,3
95615,3
95616,3
95617,3
95618,3
95619,3
95620,3
95621,3
95622,3
95623,3
95624,3
95625,3
95626,3
95627,3
95628,3
95629,3
95630,3
95631,3
95632,3
95633,3
95634,3
95635,3
95636,3
95637,3
95638,3
95639,3
95640,3
95641,3
95642,3
95643,3
95644,3
95645,3
95646,3
95647,3
95648,3
95649,3
95650,3
95651,3
95652,3
95653,3
95654,3
95655,3
95656,3
95657,3
95658,3
95659,3
95660,3
95661,3
95662,3
95663,3
95664,3
95665,3
95666,3
95667,3
95668,3
95669,3
95670,3
95671,3
95672,3
95673,3
95674,3
95675,3
95676,3
95677,3
95678,3
95679,3
95680,3
95681,3
95682,3
95683,3
95684,3
95685,3
95686,3
95687,3
95688,3
95689,3
95690,3
95691,3
95692,3
95693,3
95694,3
95695,3
95696,3
95697,3
95698,3
95699,3
95700,3
95701,3
95702,3
95703,3
95704,3
95705,3
95706,3
95707,3
95708,3
95709,3
95710,3
95711,3
95712,3
95713,3
95714,3
95715,3
95716,3
95717,3
95718,3
95719,3
95720,3
95721,3
95722,3
95723,3
95724,3
95725,3
95726,2
95727,3
95728,3
95729,3
95730,2
95731,2
95732,3
95733,3
95734,3
95735,3
95736,3
95737,3
95738,3
95739,3
95740,3
95741,3
95742,3
95743,3
95744,3
95745,3
95746,2
95747,3
95748,3
95749,3
95750,3
95751,3
95752,3
95753,3
95754,3
95755,3
95756,3
95757,3
95758,3
95759,3
95760,3
95761,3
95762,3
95763,3
95764,3
95765,3
95766,3
95767,3
95768,3
95769,3
95770,3
95771,3
95772,3
95773,3
95774,2
95775,3
95776,3
95777,3
95778,3
95779,2
95780,3
95781,3
95782,2
95783,3
95784,2
95785,3
95786,2
95787,3
95788,2
95789,3
95790,3
95791,2
95792,2
95793,3
95794,3
95795,3
95796,3
95797,3
95798,3
95799,3
95800,3
95801,3
95802,3
95803,3
95804,3
95805,3
95806,3
95807,3
95808,3
95809,3
95810,3
95811,3
95812,3
95813,3
95814,3
95815,3
95816,3
95817,3
95818,3
95819,3
95820,3
95821,3
95822,3
95823,3
95824,3
95825,3
95826,3
95827,3
95828,2
95829,3
95830,2
95831,3
95832,3
95833,3
95834,3
95835,3
95836,3
95837,3
95838,3
95839,3
95840,3
95841,3
95842,3
95843,3
95844,3
95845,3
95846,3
95847,3
95848,3
95849,3
95850,3
95851,3
95852,2
95853,3
95854,3
95855,3
95856,2
95857,3
95858,2
95859,3
95860,3
95861,3
95862,3
95863,3
95864,3
95865,3
95866,3
95867,3
95868,3
95869,3
95870,2
95871,3
95872,3
95873,3
95874,3
95875,3
95876,3
95877,2
95878,2
95879,3
95880,3
95881,3
95882,3
95883,3
95884,3
95885,3
95886,2
95887,3
95888,3
95889,3
95890,3
95891,3
95892,3
95893,3
95894,3
95895,3
95896,3
95897,3
95898,3
95899,3
95900,2
95901,3
95902,3
95903,3
95904,3
95905,3
95906,3
95907,3
95908,3
95909,3
95910,3
95911,3
95912,3
95913,3
95914,3
95915,3
95916,3
95917,3
95918,3
95919,3
95920,3
95921,3
95922,3
95923,3
95924,3
95925,3
95926,3
95927,3
95928,3
95929,3
95930,3
95931,3
95932,3
95933,3
95934,3
95935,3
95936,3
95937,3
95938,3
95939,3
95940,3
95941,3
95942,3
95943,3
95944,3
95945,3
95946,3
95947,3
95948,3
95949,3
95950,3
95951,3
95952,3
95953,3
95954,3
95955,3
95956,3
95957,3
95958,3
95959,3
95960,3
95961,3
95962,3
95963,3
95964,3
95965,3
95966,3
95967,3
95968,3
95969,3
95970,3
95971,3
95972,3
95973,3
95974,3
95975,3
95976,3
95977,3
95978,3
95979,3
95980,3
95981,3
95982,3
95983,3
95984,3
95985,3
95986,3
95987,3
95988,3
95989,3
95990,3
95991,3
95992,3
95993,3
95994,3
95995,3
95996,3
95997,3
95998,3
95999,3
96000,3
96001,3
96002,3
96003,3
96004,3
96005,3
96006,3
96007,3
96008,3
96009,3
96010,3
96011,3
96012,3
96013,3
96014,3
96015,3
96016,3
96017,3
96018,3
96019,3
96020,3
96021,3
96022,3
96023,3
96024,3
96025,3
96026,3
96027,3
96028,3
96029,3
96030,3
96031,3
96032,3
96033,3
96034,3
96035,3
96036,3
96037,3
96038,3
96039,3
96040,3
96041,3
96042,3
96043,3
96044,3
96045,3
96046,3
96047,3
96048,3
96049,3
96050,3
96051,3
96052,3
96053,3
96054,3
96055,3
96056,3
96057,3
96058,3
96059,3
96060,3
96061,3
96062,3
96063,3
96064,3
96065,3
96066,3
96067,3
96068,3
96069,3
96070,3
96071,3
96072,3
96073,3
96074,3
96075,3
96076,3
96077,3
96078,3
96079,3
96080,3
96081,3
96082,3
96083,3
96084,3
96085,3
96086,3
96087,3
96088,3
96089,3
96090,3
96091,3
96092,3
96093,3
96094,3
96095,3
96096,3
96097,3
96098,3
96099,3
96100,3
96101,3
96102,3
96103,3
96104,3
96105,3
96106,3
96107,3
96108,3
96109,3
96110,3
96111,3
96112,3
96113,3
96114,3
96115,3
96116,3
96117,3
96118,3
96119,3
96120,3
96121,3
96122,3
96123,3
96124,3
96125,3
96126,3
96127,3
96128,3
96129,3
96130,3
96131,3
96132,3
96133,3
96134,3
96135,3
96136,3
96137,3
96138,3
96139,3
96140,3
96141,3
96142,3
96143,3
96144,3
96145,3
96146,3
96147,3
96148,3
96149,3
96150,3
96151,3
96152,3
96153,3
96154,3
96155,3
96156,3
96157,3
96158,3
96159,3
96160,3
96161,3
96162,3
96163,3
96164,3
96165,3
96166,3
96167,3
96168,3
96169,3
96170,3
96171,3
96172,3
96173,3
96174,3
96175,3
96176,3
96177,3
96178,3
96179,3
96180,3
96181,3
96182,3
96183,3
96184,3
96185,3
96186,3
96187,3
96188,3
96189,3
96190,3
96191,3
96192,3
96193,3
96194,3
96195,3
96196,3
96197,3
96198,3
96199,3
96200,3
96201,3
96202,3
96203,3
96204,3
96205,3
96206,3
96207,3
96208,3
96209,3
96210,3
96211,3
96212,3
96213,3
96214,3
96215,3
96216,3
96217,3
96218,3
96219,3
96220,3
96221,3
96222,3
96223,3
96224,3
96225,3
96226,3
96227,3
96228,3
96229,3
96230,3
96231,3
96232,3
96233,3
96234,3
96235,3
96236,3
96237,3
96238,3
96239,3
96240,3
96241,3
96242,3
96243,3
96244,3
96245,3
96246,3
96247,3
96248,3
96249,3
96250,3
96251,3
96252,3
96253,3
96254,3
96255,3
96256,3
96257,3
96258,3
96259,3
96260,3
96261,3
96262,3
96263,3
96264,3
96265,3
96266,3
96267,3
96268,3
96269,3
96270,3
96271,3
96272,3
96273,3
96274,3
96275,3
96276,3
96277,3
96278,3
96279,3
96280,3
96281,3
96282,3
96283,3
96284,3
96285,3
96286,3
96287,3
96288,3
96289,3
96290,3
96291,3
96292,3
96293,3
96294,3
96295,3
96296,3
96297,3
96298,3
96299,3
96300,3
96301,3
96302,3
96303,3
96304,3
96305,3
96306,3
96307,3
96308,3
96309,3
96310,3
96311,3
96312,3
96313,3
96314,3
96315,3
96316,3
96317,3
96318,3
96319,3
96320,3
96321,3
96322,3
96323,3
96324,3
96325,3
96326,3
96327,3
96328,3
96329,3
96330,3
96331,3
96332,3
96333,3
96334,3
96335,3
96336,3
96337,3
96338,3
96339,3
96340,3
96341,3
96342,3
96343,3
96344,3
96345,3
96346,3
96347,3
96348,3
96349,3
96350,3
96351,3
96352,3
96353,3
96354,3
96355,3
96356,3
96357,3
96358,3
96359,3
96360,3
96361,3
96362,3
96363,3
96364,3
96365,3
96366,3
96367,3
96368,3
96369,3
96370,3
96371,3
96372,3
96373,3
96374,3
96375,3
96376,3
96377,3
96378,3
96379,3
96380,3
96381,3
96382,3
96383,3
96384,3
96385,3
96386,3
96387,3
96388,3
96389,3
96390,3
96391,3
96392,3
96393,3
96394,3
96395,3
96396,3
96397,3
96398,3
96399,3
96400,3
96401,3
96402,3
96403,3
96404,3
96405,3
96406,3
96407,3
96408,3
96409,3
96410,3
96411,3
96412,3
96413,3
96414,3
96415,3
96416,3
96417,3
96418,3
96419,3
96420,3
96421,3
96422,3
96423,3
96424,3
96425,3
96426,3
96427,3
96428,3
96429,3
96430,3
96431,3
96432,3
96433,3
96434,3
96435,3
96436,3
96437,3
96438,3
96439,3
96440,3
96441,3
96442,3
96443,3
96444,3
96445,3
96446,3
96447,3
96448,3
96449,3
96450,3
96451,3
96452,3
96453,3
96454,3
96455,3
96456,3
96457,3
96458,3
96459,3
96460,3
96461,3
96462,3
96463,3
96464,3
96465,3
96466,3
96467,3
96468,3
96469,3
96470,3
96471,3
96472,3
96473,3
96474,3
96475,3
96476,3
96477,3
96478,3
96479,3
96480,3
96481,3
96482,3
96483,3
96484,3
96485,3
96486,3
96487,3
96488,3
96489,3
96490,3
96491,3
96492,3
96493,3
96494,3
96495,3
96496,3
96497,3
96498,3
96499,3
96500,3
96501,3
96502,3
96503,3
96504,3
96505,3
96506,3
96507,3
96508,3
96509,3
96510,3
96511,3
96512,3
96513,3
96514,3
96515,3
96516,3
96517,3
96518,3
96519,3
96520,3
96521,3
96522,3
96523,3
96524,3
96525,3
96526,3
96527,3
96528,3
96529,3
96530,3
96531,3
96532,3
96533,3
96534,3
96535,3
96536,3
96537,3
96538,3
96539,3
96540,3
96541,3
96542,3
96543,3
96544,3
96545,3
96546,3
96547,3
96548,3
96549,3
96550,3
96551,3
96552,3
96553,3
96554,3
96555,3
96556,3
96557,3
96558,3
96559,3
96560,3
96561,3
96562,3
96563,3
96564,3
96565,3
96566,3
96567,3
96568,3
96569,3
96570,3
96571,3
96572,3
96573,3
96574,3
96575,3
96576,3
96577,3
96578,3
96579,3
96580,3
96581,3
96582,3
96583,3
96584,3
96585,3
96586,3
96587,3
96588,3
96589,3
96590,3
96591,3
96592,3
96593,3
96594,3
96595,3
96596,3
96597,3
96598,3
96599,3
96600,3
96601,3
96602,3
96603,3
96604,3
96605,3
96606,3
96607,3
96608,3
96609,3
96610,3
96611,3
96612,3
96613,3
96614,3
96615,3
96616,3
96617,3
96618,3
96619,3
96620,3
96621,3
96622,3
96623,3
96624,3
96625,3
96626,3
96627,3
96628,3
96629,3
96630,3
96631,3
96632,3
96633,3
96634,3
96635,3
96636,3
96637,3
96638,3
96639,3
96640,3
96641,3
96642,3
96643,3
96644,3
96645,3
96646,3
96647,3
96648,3
96649,3
96650,3
96651,3
96652,3
96653,3
96654,3
96655,3
96656,3
96657,3
96658,3
96659,3
96660,3
96661,3
96662,3
96663,3
96664,3
96665,3
96666,3
96667,3
96668,3
96669,3
96670,3
96671,3
96672,3
96673,3
96674,3
96675,3
96676,3
96677,3
96678,3
96679,3
96680,3
96681,3
96682,3
96683,3
96684,3
96685,3
96686,3
96687,3
96688,3
96689,3
96690,3
96691,3
96692,3
96693,3
96694,3
96695,3
96696,3
96697,3
96698,3
96699,3
96700,3
96701,3
96702,3
96703,3
96704,3
96705,3
96706,3
96707,3
96708,3
96709,3
96710,3
96711,3
96712,3
96713,3
96714,3
96715,3
96716,3
96717,3
96718,3
96719,3
96720,3
96721,3
96722,3
96723,3
96724,3
96725,3
96726,3
96727,3
96728,3
96729,3
96730,3
96731,3
96732,3
96733,3
96734,3
96735,3
96736,3
96737,3
96738,3
96739,3
96740,3
96741,3
96742,3
96743,3
96744,3
96745,3
96746,3
96747,3
96748,3
96749,3
96750,3
96751,3
96752,3
96753,3
96754,3
96755,3
96756,3
96757,3
96758,3
96759,3
96760,3
96761,3
96762,3
96763,3
96764,3
96765,3
96766,3
96767,3
96768,3
96769,3
96770,3
96771,3
96772,3
96773,3
96774,3
96775,3
96776,3
96777,3
96778,3
96779,3
96780,3
96781,3
96782,3
96783,3
96784,3
96785,3
96786,3
96787,3
96788,3
96789,3
96790,3
96791,3
96792,3
96793,3
96794,3
96795,3
96796,3
96797,3
96798,3
96799,3
96800,3
96801,3
96802,3
96803,3
96804,3
96805,3
96806,3
96807,3
96808,3
96809,3
96810,3
96811,3
96812,3
96813,3
96814,3
96815,3
96816,3
96817,3
96818,3
96819,3
96820,3
96821,3
96822,3
96823,3
96824,3
96825,3
96826,3
96827,3
96828,3
96829,3
96830,3
96831,3
96832,3
96833,3
96834,3
96835,3
96836,3
96837,3
96838,3
96839,3
96840,3
96841,3
96842,3
96843,3
96844,3
96845,3
96846,3
96847,3
96848,3
96849,3
96850,3
96851,3
96852,3
96853,3
96854,3
96855,3
96856,3
96857,3
96858,3
96859,3
96860,3
96861,3
96862,3
96863,3
96864,3
96865,3
96866,3
96867,3
96868,3
96869,3
96870,3
96871,3
96872,3
96873,3
96874,3
96875,3
96876,3
96877,3
96878,3
96879,3
96880,3
96881,3
96882,3
96883,3
96884,3
96885,3
96886,3
96887,3
96888,3
96889,3
96890,3
96891,3
96892,3
96893,3
96894,3
96895,3
96896,3
96897,3
96898,3
96899,3
96900,3
96901,3
96902,3
96903,3
96904,3
96905,3
96906,3
96907,3
96908,3
96909,3
96910,3
96911,3
96912,3
96913,3
96914,3
96915,3
96916,3
96917,3
96918,3
96919,3
96920,3
96921,3
96922,3
96923,3
96924,3
96925,3
96926,3
96927,3
96928,3
96929,3
96930,3
96931,3
96932,3
96933,3
96934,3
96935,3
96936,3
96937,3
96938,3
96939,3
96940,3
96941,3
96942,3
96943,3
96944,3
96945,3
96946,3
96947,3
96948,3
96949,3
96950,3
96951,3
96952,3
96953,3
96954,3
96955,3
96956,3
96957,3
96958,3
96959,3
96960,3
96961,3
96962,3
96963,3
96964,3
96965,3
96966,3
96967,3
96968,3
96969,3
96970,3
96971,3
96972,3
96973,3
96974,3
96975,3
96976,3
96977,3
96978,3
96979,3
96980,3
96981,3
96982,3
96983,3
96984,3
96985,3
96986,3
96987,3
96988,3
96989,3
96990,3
96991,3
96992,3
96993,3
96994,3
96995,3
96996,3
96997,3
96998,3
96999,3
97000,3
97001,3
97002,3
97003,3
97004,3
97005,3
97006,3
97007,3
97008,3
97009,3
97010,3
97011,3
97012,3
97013,3
97014,3
97015,3
97016,3
97017,3
97018,3
97019,3
97020,3
97021,3
97022,3
97023,3
97024,3
97025,3
97026,3
97027,3
97028,3
97029,3
97030,3
97031,3
97032,3
97033,3
97034,3
97035,3
97036,3
97037,3
97038,3
97039,3
97040,3
97041,3
97042,3
97043,3
97044,3
97045,3
97046,3
97047,3
97048,3
97049,3
97050,3
97051,3
97052,3
97053,3
97054,3
97055,3
97056,3
97057,3
97058,3
97059,3
97060,3
97061,3
97062,3
97063,3
97064,3
97065,3
97066,3
97067,3
97068,3
97069,3
97070,3
97071,3
97072,3
97073,3
97074,3
97075,3
97076,3
97077,3
97078,3
97079,3
97080,3
97081,3
97082,3
97083,3
97084,3
97085,3
97086,3
97087,3
97088,3
97089,3
97090,3
97091,3
97092,3
97093,3
97094,3
97095,3
97096,3
97097,3
97098,3
97099,3
97100,3
97101,3
97102,3
97103,3
97104,3
97105,3
97106,3
97107,3
97108,3
97109,3
97110,3
97111,3
97112,3
97113,3
97114,3
97115,3
97116,3
97117,3
97118,3
97119,3
97120,3
97121,3
97122,3
97123,3
97124,3
97125,3
97126,3
97127,3
97128,3
97129,3
97130,3
97131,3
97132,3
97133,3
97134,3
97135,3
97136,3
97137,3
97138,3
97139,3
97140,3
97141,3
97142,3
97143,3
97144,3
97145,3
97146,3
97147,3
97148,3
97149,3
97150,3
97151,3
97152,3
97153,3
97154,3
97155,3
97156,3
97157,3
97158,3
97159,3
97160,3
97161,3
97162,3
97163,3
97164,3
97165,3
97166,3
97167,3
97168,3
97169,3
97170,3
97171,3
97172,3
97173,3
97174,3
97175,3
97176,3
97177,3
97178,3
97179,3
97180,3
97181,3
97182,3
97183,3
97184,3
97185,3
97186,3
97187,3
97188,3
97189,3
97190,3
97191,3
97192,3
97193,3
97194,3
97195,3
97196,3
97197,3
97198,3
97199,3
97200,3
97201,3
97202,3
97203,3
97204,3
97205,3
97206,3
97207,3
97208,3
97209,3
97210,3
97211,3
97212,3
97213,3
97214,3
97215,3
97216,3
97217,3
97218,3
97219,3
97220,3
97221,3
97222,3
97223,3
97224,3
97225,3
97226,3
97227,3
97228,3
97229,3
97230,3
97231,3
97232,3
97233,3
97234,3
97235,3
97236,3
97237,3
97238,3
97239,3
97240,3
97241,3
97242,3
97243,3
97244,3
97245,3
97246,3
97247,3
97248,3
97249,3
97250,3
97251,3
97252,3
97253,3
97254,3
97255,3
97256,3
97257,3
97258,3
97259,3
97260,3
97261,3
97262,3
97263,3
97264,3
97265,3
97266,3
97267,3
97268,3
97269,3
97270,3
97271,3
97272,3
97273,3
97274,3
97275,3
97276,3
97277,3
97278,3
97279,3
97280,3
97281,3
97282,3
97283,3
97284,3
97285,3
97286,3
97287,3
97288,3
97289,3
97290,3
97291,3
97292,3
97293,3
97294,3
97295,3
97296,3
97297,3
97298,3
97299,3
97300,3
97301,3
97302,3
97303,3
97304,3
97305,3
97306,3
97307,3
97308,3
97309,3
97310,3
97311,3
97312,3
97313,3
97314,3
97315,3
97316,3
97317,3
97318,3
97319,3
97320,3
97321,3
97322,3
97323,3
97324,3
97325,3
97326,3
97327,3
97328,3
97329,3
97330,3
97331,3
97332,3
97333,3
97334,3
97335,3
97336,3
97337,3
97338,3
97339,3
97340,3
97341,3
97342,3
97343,3
97344,3
97345,3
97346,3
97347,3
97348,3
97349,3
97350,3
97351,3
97352,3
97353,3
97354,3
97355,3
97356,3
97357,3
97358,3
97359,3
97360,3
97361,3
97362,3
97363,3
97364,3
97365,3
97366,3
97367,3
97368,3
97369,3
97370,3
97371,3
97372,3
97373,3
97374,3
97375,3
97376,3
97377,3
97378,3
97379,3
97380,3
97381,3
97382,3
97383,3
97384,3
97385,3
97386,3
97387,3
97388,3
97389,3
97390,3
97391,3
97392,3
97393,3
97394,3
97395,3
97396,3
97397,3
97398,3
97399,3
97400,3
97401,3
97402,3
97403,3
97404,3
97405,3
97406,3
97407,3
97408,3
97409,3
97410,3
97411,3
97412,3
97413,3
97414,3
97415,3
97416,3
97417,3
97418,3
97419,3
97420,3
97421,3
97422,3
97423,3
97424,3
97425,3
97426,3
97427,3
97428,3
97429,3
97430,3
97431,3
97432,3
97433,3
97434,3
97435,3
97436,3
97437,3
97438,3
97439,3
97440,3
97441,3
97442,3
97443,3
97444,3
97445,3
97446,3
97447,3
97448,3
97449,3
97450,3
97451,3
97452,3
97453,3
97454,3
97455,3
97456,3
97457,3
97458,3
97459,3
97460,3
97461,3
97462,3
97463,3
97464,3
97465,3
97466,3
97467,3
97468,3
97469,3
97470,3
97471,3
97472,3
97473,3
97474,3
97475,3
97476,3
97477,3
97478,3
97479,3
97480,3
97481,3
97482,3
97483,3
97484,3
97485,3
97486,3
97487,3
97488,3
97489,3
97490,3
97491,3
97492,3
97493,3
97494,3
97495,3
97496,3
97497,3
97498,3
97499,3
97500,3
97501,3
97502,3
97503,3
97504,3
97505,3
97506,3
97507,3
97508,3
97509,3
97510,3
97511,3
97512,3
97513,3
97514,3
97515,3
97516,3
97517,3
97518,3
97519,3
97520,3
97521,3
97522,3
97523,3
97524,3
97525,3
97526,3
97527,3
97528,3
97529,3
97530,3
97531,3
97532,3
97533,3
97534,3
97535,3
97536,3
97537,3
97538,3
97539,3
97540,3
97541,3
97542,3
97543,3
97544,3
97545,3
97546,3
97547,3
97548,3
97549,3
97550,3
97551,3
97552,3
97553,3
97554,3
97555,3
97556,3
97557,3
97558,3
97559,3
97560,3
97561,3
97562,3
97563,3
97564,3
97565,3
97566,3
97567,3
97568,3
97569,3
97570,3
97571,3
97572,3
97573,3
97574,3
97575,3
97576,3
97577,3
97578,3
97579,3
97580,3
97581,3
97582,3
97583,3
97584,3
97585,3
97586,3
97587,3
97588,3
97589,3
97590,3
97591,3
97592,3
97593,3
97594,3
97595,3
97596,3
97597,3
97598,3
97599,3
97600,3
97601,3
97602,3
97603,3
97604,3
97605,3
97606,3
97607,3
97608,3
97609,3
97610,3
97611,3
97612,3
97613,3
97614,3
97615,3
97616,3
97617,3
97618,3
97619,3
97620,3
97621,3
97622,3
97623,3
97624,3
97625,3
97626,3
97627,3
97628,3
97629,3
97630,3
97631,3
97632,3
97633,3
97634,3
97635,3
97636,3
97637,3
97638,3
97639,3
97640,3
97641,3
97642,3
97643,3
97644,3
97645,3
97646,3
97647,3
97648,3
97649,3
97650,3
97651,3
97652,3
97653,3
97654,3
97655,3
97656,3
97657,3
97658,3
97659,3
97660,3
97661,3
97662,3
97663,3
97664,3
97665,3
97666,3
97667,3
97668,3
97669,3
97670,3
97671,3
97672,3
97673,3
97674,3
97675,3
97676,3
97677,3
97678,3
97679,3
97680,3
97681,3
97682,3
97683,3
97684,3
97685,3
97686,3
97687,3
97688,3
97689,3
97690,3
97691,3
97692,3
97693,3
97694,3
97695,3
97696,3
97697,3
97698,3
97699,3
97700,3
97701,3
97702,3
97703,3
97704,3
97705,3
97706,3
97707,3
97708,3
97709,3
97710,3
97711,3
97712,3
97713,3
97714,3
97715,3
97716,3
97717,3
97718,3
97719,3
97720,3
97721,3
97722,3
97723,3
97724,3
97725,3
97726,3
97727,3
97728,3
97729,3
97730,3
97731,3
97732,3
97733,3
97734,3
97735,3
97736,3
97737,3
97738,3
97739,3
97740,3
97741,3
97742,3
97743,3
97744,3
97745,3
97746,3
97747,3
97748,3
97749,3
97750,3
97751,3
97752,3
97753,3
97754,3
97755,3
97756,3
97757,3
97758,3
97759,3
97760,3
97761,3
97762,3
97763,3
97764,3
97765,3
97766,3
97767,3
97768,3
97769,3
97770,3
97771,3
97772,3
97773,3
97774,3
97775,3
97776,3
97777,3
97778,3
97779,3
97780,3
97781,3
97782,3
97783,3
97784,3
97785,3
97786,3
97787,3
97788,3
97789,3
97790,3
97791,3
97792,3
97793,3
97794,3
97795,3
97796,3
97797,3
97798,3
97799,3
97800,3
97801,3
97802,3
97803,3
97804,3
97805,3
97806,3
97807,3
97808,3
97809,3
97810,3
97811,3
97812,3
97813,3
97814,3
97815,3
97816,3
97817,3
97818,3
97819,3
97820,3
97821,3
97822,3
97823,3
97824,3
97825,3
97826,3
97827,3
97828,3
97829,3
97830,3
97831,3
97832,3
97833,3
97834,3
97835,3
97836,3
97837,3
97838,3
97839,3
97840,3
97841,3
97842,3
97843,3
97844,3
97845,3
97846,3
97847,3
97848,3
97849,3
97850,3
97851,3
97852,3
97853,3
97854,3
97855,3
97856,3
97857,3
97858,3
97859,3
97860,3
97861,3
97862,3
97863,3
97864,3
97865,3
97866,3
97867,3
97868,3
97869,3
97870,3
97871,3
97872,3
97873,3
97874,3
97875,3
97876,3
97877,3
97878,3
97879,3
97880,3
97881,3
97882,3
97883,3
97884,3
97885,3
97886,3
97887,3
97888,3
97889,3
97890,3
97891,3
97892,3
97893,3
97894,3
97895,3
97896,3
97897,3
97898,3
97899,3
97900,3
97901,3
97902,3
97903,3
97904,3
97905,3
97906,3
97907,3
97908,3
97909,3
97910,3
97911,3
97912,3
97913,3
97914,3
97915,3
97916,3
97917,3
97918,3
97919,3
97920,3
97921,3
97922,3
97923,3
97924,3
97925,3
97926,3
97927,3
97928,3
97929,3
97930,3
97931,3
97932,3
97933,3
97934,3
97935,3
97936,3
97937,3
97938,3
97939,3
97940,3
97941,3
97942,3
97943,3
97944,3
97945,3
97946,3
97947,3
97948,3
97949,3
97950,3
97951,3
97952,3
97953,3
97954,3
97955,3
97956,3
97957,3
97958,3
97959,3
97960,3
97961,3
97962,3
97963,3
97964,3
97965,3
97966,3
97967,3
97968,3
97969,3
97970,3
97971,3
97972,3
97973,3
97974,3
97975,3
97976,3
97977,3
97978,3
97979,3
97980,3
97981,3
97982,3
97983,3
97984,3
97985,3
97986,3
97987,3
97988,3
97989,3
97990,3
97991,3
97992,3
97993,3
97994,3
97995,3
97996,3
97997,3
97998,3
97999,3
98000,3
98001,3
98002,3
98003,3
98004,3
98005,3
98006,3
98007,3
98008,3
98009,3
98010,3
98011,3
98012,3
98013,3
98014,3
98015,3
98016,3
98017,3
98018,3
98019,3
98020,3
98021,3
98022,3
98023,3
98024,3
98025,3
98026,3
98027,3
98028,3
98029,3
98030,3
98031,3
98032,3
98033,3
98034,3
98035,3
98036,3
98037,3
98038,3
98039,3
98040,3
98041,3
98042,3
98043,3
98044,3
98045,3
98046,3
98047,3
98048,3
98049,3
98050,3
98051,3
98052,3
98053,3
98054,3
98055,3
98056,3
98057,3
98058,3
98059,3
98060,3
98061,3
98062,3
98063,3
98064,3
98065,3
98066,3
98067,3
98068,3
98069,3
98070,3
98071,3
98072,3
98073,3
98074,3
98075,3
98076,3
98077,3
98078,3
98079,3
98080,3
98081,3
98082,3
98083,3
98084,3
98085,3
98086,3
98087,3
98088,3
98089,3
98090,3
98091,3
98092,3
98093,3
98094,3
98095,3
98096,3
98097,3
98098,2
98099,3
98100,3
98101,3
98102,3
98103,3
98104,2
98105,3
98106,3
98107,3
98108,3
98109,3
98110,3
98111,3
98112,3
98113,3
98114,3
98115,3
98116,3
98117,3
98118,3
98119,3
98120,3
98121,3
98122,3
98123,3
98124,3
98125,3
98126,3
98127,3
98128,3
98129,3
98130,3
98131,3
98132,3
98133,3
98134,3
98135,3
98136,3
98137,3
98138,3
98139,3
98140,3
98141,3
98142,3
98143,3
98144,3
98145,3
98146,3
98147,3
98148,3
98149,3
98150,3
98151,3
98152,3
98153,3
98154,3
98155,3
98156,3
98157,3
98158,3
98159,3
98160,3
98161,3
98162,3
98163,3
98164,3
98165,3
98166,3
98167,3
98168,3
98169,3
98170,3
98171,3
98172,3
98173,3
98174,3
98175,3
98176,3
98177,3
98178,3
98179,3
98180,3
98181,3
98182,3
98183,3
98184,3
98185,3
98186,3
98187,3
98188,3
98189,3
98190,3
98191,3
98192,3
98193,3
98194,3
98195,3
98196,3
98197,3
98198,3
98199,3
98200,3
98201,3
98202,3
98203,3
98204,3
98205,3
98206,3
98207,3
98208,3
98209,3
98210,3
98211,3
98212,3
98213,3
98214,3
98215,3
98216,3
98217,3
98218,3
98219,3
98220,3
98221,3
98222,3
98223,3
98224,3
98225,3
98226,3
98227,3
98228,3
98229,3
98230,3
98231,3
98232,3
98233,3
98234,3
98235,3
98236,3
98237,3
98238,3
98239,3
98240,3
98241,3
98242,3
98243,3
98244,3
98245,3
98246,3
98247,3
98248,3
98249,3
98250,3
98251,3
98252,3
98253,3
98254,3
98255,3
98256,3
98257,3
98258,3
98259,3
98260,3
98261,3
98262,3
98263,3
98264,3
98265,3
98266,3
98267,3
98268,3
98269,3
98270,2
98271,3
98272,3
98273,3
98274,3
98275,3
98276,3
98277,3
98278,3
98279,3
98280,3
98281,3
98282,3
98283,3
98284,3
98285,3
98286,3
98287,3
98288,3
98289,2
98290,3
98291,3
98292,3
98293,3
98294,3
98295,3
98296,3
98297,3
98298,3
98299,3
98300,3
98301,3
98302,2
98303,3
98304,3
98305,3
98306,3
98307,3
98308,3
98309,3
98310,3
98311,3
98312,3
98313,3
98314,3
98315,3
98316,3
98317,3
98318,3
98319,3
98320,3
98321,3
98322,3
98323,3
98324,3
98325,3
98326,3
98327,3
98328,3
98329,3
98330,3
98331,3
98332,3
98333,3
98334,3
98335,3
98336,3
98337,3
98338,3
98339,3
98340,3
98341,3
98342,3
98343,3
98344,3
98345,3
98346,3
98347,3
98348,3
98349,3
98350,3
98351,3
98352,3
98353,3
98354,3
98355,3
98356,3
98357,3
98358,3
98359,3
98360,3
98361,3
98362,2
98363,2
98364,3
98365,3
98366,2
98367,2
98368,3
98369,3
98370,3
98371,2
98372,2
98373,3
98374,3
98375,3
98376,3
98377,3
98378,3
98379,3
98380,3
98381,3
98382,3
98383,3
98384,2
98385,2
98386,3
98387,3
98388,2
98389,3
98390,3
98391,3
98392,3
98393,3
98394,3
98395,3
98396,3
98397,2
98398,3
98399,3
98400,3
98401,2
98402,2
98403,3
98404,3
98405,3
98406,2
98407,3
98408,3
98409,3
98410,3
98411,3
98412,3
98413,3
98414,3
98415,3
98416,3
98417,3
98418,2
98419,3
98420,3
98421,3
98422,2
98423,2
98424,3
98425,3
98426,2
98427,3
98428,2
98429,2
98430,2
98431,3
98432,3
98433,3
98434,3
98435,3
98436,2
98437,3
98438,3
98439,3
98440,3
98441,3
98442,2
98443,3
98444,3
98445,2
98446,3
98447,2
98448,3
98449,3
98450,3
98451,3
98452,3
98453,3
98454,3
98455,3
98456,3
98457,3
98458,3
98459,3
98460,3
98461,3
98462,3
98463,3
98464,3
98465,3
98466,3
98467,3
98468,3
98469,3
98470,3
98471,3
98472,3
98473,3
98474,3
98475,3
98476,3
98477,3
98478,3
98479,3
98480,3
98481,3
98482,3
98483,3
98484,3
98485,3
98486,3
98487,3
98488,3
98489,3
98490,3
98491,3
98492,3
98493,3
98494,3
98495,3
98496,3
98497,3
98498,3
98499,3
98500,3
98501,3
98502,3
98503,3
98504,3
98505,3
98506,3
98507,3
98508,3
98509,3
98510,3
98511,3
98512,3
98513,3
98514,3
98515,3
98516,3
98517,3
98518,3
98519,3
98520,3
98521,3
98522,3
98523,3
98524,3
98525,3
98526,3
98527,3
98528,3
98529,3
98530,3
98531,3
98532,3
98533,3
98534,3
98535,3
98536,3
98537,3
98538,3
98539,3
98540,3
98541,3
98542,3
98543,3
98544,3
98545,3
98546,3
98547,3
98548,3
98549,3
98550,3
98551,3
98552,3
98553,3
98554,3
98555,3
98556,3
98557,3
98558,3
98559,3
98560,3
98561,3
98562,3
98563,3
98564,3
98565,3
98566,3
98567,3
98568,3
98569,3
98570,3
98571,3
98572,3
98573,3
98574,3
98575,2
98576,3
98577,3
98578,3
98579,3
98580,3
98581,3
98582,3
98583,3
98584,3
98585,3
98586,3
98587,3
98588,2
98589,3
98590,3
98591,3
98592,3
98593,3
98594,3
98595,3
98596,3
98597,3
98598,3
98599,3
98600,3
98601,3
98602,3
98603,3
98604,2
98605,2
98606,2
98607,2
98608,3
98609,3
98610,3
98611,3
98612,3
98613,3
98614,3
98615,3
98616,3
98617,3
98618,3
98619,3
98620,3
98621,2
98622,2
98623,3
98624,3
98625,3
98626,3
98627,3
98628,3
98629,3
98630,3
98631,3
98632,2
98633,2
98634,3
98635,2
98636,3
98637,3
98638,3
98639,2
98640,3
98641,3
98642,3
98643,3
98644,3
98645,3
98646,2
98647,3
98648,3
98649,2
98650,3
98651,2
98652,3
98653,3
98654,2
98655,3
98656,3
98657,3
98658,3
98659,2
98660,3
98661,3
98662,3
98663,3
98664,3
98665,3
98666,3
98667,2
98668,3
98669,3
98670,3
98671,3
98672,3
98673,3
98674,3
98675,3
98676,3
98677,3
98678,3
98679,3
98680,3
98681,3
98682,3
98683,2
98684,3
98685,3
98686,3
98687,3
98688,3
98689,3
98690,3
98691,3
98692,3
98693,3
98694,3
98695,3
98696,3
98697,3
98698,3
98699,3
98700,3
98701,3
98702,2
98703,2
98704,3
98705,3
98706,3
98707,3
98708,2
98709,3
98710,3
98711,3
98712,3
98713,3
98714,3
98715,3
98716,3
98717,3
98718,3
98719,3
98720,3
98721,3
98722,3
98723,3
98724,3
98725,3
98726,3
98727,3
98728,3
98729,3
98730,3
98731,3
98732,3
98733,3
98734,3
98735,3
98736,3
98737,3
98738,2
98739,2
98740,3
98741,2
98742,2
98743,3
98744,3
98745,3
98746,3
98747,2
98748,3
98749,3
98750,3
98751,3
98752,3
98753,3
98754,2
98755,3
98756,3
98757,3
98758,3
98759,3
98760,3
98761,3
98762,3
98763,2
98764,3
98765,3
98766,3
98767,3
98768,3
98769,3
98770,3
98771,3
98772,3
98773,3
98774,3
98775,3
98776,3
98777,3
98778,3
98779,3
98780,3
98781,3
98782,3
98783,3
98784,3
98785,3
98786,3
98787,3
98788,3
98789,2
98790,3
98791,3
98792,3
98793,3
98794,2
98795,3
98796,3
98797,3
98798,3
98799,3
98800,3
98801,3
98802,2
98803,3
98804,2
98805,2
98806,3
98807,3
98808,3
98809,3
98810,3
98811,3
98812,3
98813,3
98814,3
98815,3
98816,3
98817,2
98818,3
98819,3
98820,3
98821,3
98822,3
98823,3
98824,3
98825,3
98826,3
98827,3
98828,3
98829,3
98830,3
98831,3
98832,3
98833,3
98834,3
98835,3
98836,3
98837,3
98838,3
98839,3
98840,3
98841,3
98842,3
98843,3
98844,3
98845,3
98846,3
98847,3
98848,3
98849,3
98850,3
98851,3
98852,3
98853,3
98854,3
98855,3
98856,3
98857,3
98858,3
98859,3
98860,3
98861,3
98862,3
98863,3
98864,3
98865,3
98866,3
98867,3
98868,3
98869,3
98870,3
98871,3
98872,3
98873,3
98874,3
98875,3
98876,3
98877,3
98878,3
98879,3
98880,3
98881,3
98882,3
98883,3
98884,3
98885,3
98886,3
98887,3
98888,3
98889,3
98890,3
98891,3
98892,3
98893,3
98894,3
98895,3
98896,3
98897,3
98898,3
98899,3
98900,3
98901,3
98902,3
98903,2
98904,2
98905,2
98906,3
98907,3
98908,3
98909,3
98910,3
98911,3
98912,2
98913,3
98914,3
98915,2
98916,3
98917,3
98918,3
98919,2
98920,3
98921,2
98922,2
98923,3
98924,3
98925,3
98926,3
98927,3
98928,3
98929,2
98930,3
98931,3
98932,3
98933,3
98934,3
98935,3
98936,3
98937,3
98938,3
98939,3
98940,3
98941,3
98942,2
98943,3
98944,3
98945,3
98946,3
98947,2
98948,3
98949,3
98950,3
98951,3
98952,3
98953,3
98954,3
98955,3
98956,3
98957,3
98958,3
98959,3
98960,3
98961,3
98962,3
98963,3
98964,3
98965,3
98966,3
98967,3
98968,3
98969,3
98970,3
98971,3
98972,3
98973,3
98974,3
98975,3
98976,3
98977,3
98978,3
98979,3
98980,3
98981,3
98982,3
98983,3
98984,3
98985,2
98986,3
98987,2
98988,3
98989,3
98990,3
98991,3
98992,3
98993,3
98994,3
98995,3
98996,3
98997,3
98998,3
98999,3
99000,3
99001,3
99002,3
99003,3
99004,3
99005,3
99006,3
99007,3
99008,3
99009,3
99010,3
99011,3
99012,3
99013,3
99014,3
99015,3
99016,3
99017,3
99018,3
99019,3
99020,3
99021,2
99022,3
99023,3
99024,3
99025,3
99026,3
99027,3
99028,3
99029,3
99030,3
99031,3
99032,3
99033,3
99034,3
99035,3
99036,3
99037,3
99038,3
99039,3
99040,3
99041,3
99042,3
99043,3
99044,3
99045,3
99046,3
99047,3
99048,3
99049,3
99050,3
99051,3
99052,3
99053,3
99054,3
99055,3
99056,3
99057,3
99058,3
99059,3
99060,3
99061,3
99062,3
99063,3
99064,3
99065,3
99066,3
99067,3
99068,3
99069,3
99070,3
99071,3
99072,3
99073,3
99074,3
99075,3
99076,3
99077,3
99078,3
99079,3
99080,3
99081,3
99082,3
99083,3
99084,3
99085,3
99086,3
99087,3
99088,3
99089,3
99090,3
99091,3
99092,3
99093,3
99094,3
99095,3
99096,3
99097,3
99098,3
99099,3
99100,3
99101,3
99102,3
99103,3
99104,3
99105,3
99106,3
99107,3
99108,3
99109,3
99110,3
99111,3
99112,3
99113,3
99114,3
99115,3
99116,3
99117,3
99118,3
99119,3
99120,3
99121,3
99122,3
99123,3
99124,3
99125,3
99126,3
99127,3
99128,3
99129,3
99130,3
99131,3
99132,3
99133,3
99134,3
99135,3
99136,3
99137,3
99138,3
99139,2
99140,3
99141,3
99142,3
99143,3
99144,3
99145,3
99146,3
99147,3
99148,3
99149,3
99150,3
99151,3
99152,3
99153,3
99154,2
99155,3
99156,3
99157,3
99158,3
99159,3
99160,2
99161,3
99162,3
99163,3
99164,3
99165,3
99166,3
99167,3
99168,3
99169,3
99170,3
99171,3
99172,3
99173,3
99174,3
99175,3
99176,3
99177,3
99178,2
99179,3
99180,2
99181,3
99182,3
99183,2
99184,3
99185,3
99186,3
99187,3
99188,3
99189,3
99190,2
99191,2
99192,3
99193,3
99194,3
99195,3
99196,3
99197,3
99198,3
99199,3
99200,3
99201,3
99202,3
99203,3
99204,3
99205,3
99206,3
99207,3
99208,3
99209,3
99210,3
99211,3
99212,2
99213,3
99214,3
99215,3
99216,3
99217,3
99218,3
99219,3
99220,3
99221,3
99222,2
99223,3
99224,3
99225,3
99226,3
99227,3
99228,3
99229,3
99230,3
99231,3
99232,3
99233,3
99234,3
99235,3
99236,3
99237,3
99238,3
99239,3
99240,3
99241,3
99242,3
99243,3
99244,3
99245,3
99246,3
99247,3
99248,3
99249,3
99250,3
99251,3
99252,3
99253,3
99254,3
99255,3
99256,3
99257,3
99258,3
99259,3
99260,3
99261,3
99262,2
99263,3
99264,2
99265,3
99266,3
99267,3
99268,3
99269,3
99270,3
99271,3
99272,3
99273,3
99274,2
99275,3
99276,3
99277,2
99278,3
99279,3
99280,3
99281,3
99282,3
99283,3
99284,3
99285,3
99286,3
99287,3
99288,2
99289,2
99290,3
99291,3
99292,3
99293,3
99294,3
99295,3
99296,3
99297,3
99298,3
99299,3
99300,3
99301,3
99302,3
99303,3
99304,3
99305,3
99306,3
99307,3
99308,3
99309,3
99310,3
99311,3
99312,3
99313,3
99314,3
99315,3
99316,3
99317,3
99318,3
99319,3
99320,3
99321,3
99322,3
99323,3
99324,3
99325,3
99326,3
99327,3
99328,3
99329,3
99330,3
99331,3
99332,3
99333,3
99334,3
99335,3
99336,3
99337,3
99338,3
99339,3
99340,3
99341,3
99342,3
99343,3
99344,3
99345,3
99346,3
99347,3
99348,3
99349,3
99350,3
99351,3
99352,3
99353,3
99354,3
99355,3
99356,3
99357,3
99358,3
99359,3
99360,3
99361,3
99362,3
99363,3
99364,3
99365,3
99366,3
99367,3
99368,3
99369,3
99370,3
99371,3
99372,3
99373,3
99374,3
99375,3
99376,2
99377,3
99378,3
99379,3
99380,3
99381,3
99382,3
99383,3
99384,3
99385,3
99386,3
99387,3
99388,3
99389,3
99390,3
99391,3
99392,3
99393,3
99394,2
99395,3
99396,3
99397,3
99398,3
99399,3
99400,3
99401,3
99402,3
99403,3
99404,3
99405,3
99406,3
99407,3
99408,3
99409,3
99410,3
99411,3
99412,3
99413,3
99414,3
99415,3
99416,3
99417,3
99418,3
99419,3
99420,3
99421,3
99422,3
99423,3
99424,3
99425,3
99426,3
99427,3
99428,3
99429,3
99430,3
99431,3
99432,3
99433,3
99434,3
99435,2
99436,3
99437,3
99438,3
99439,3
99440,3
99441,3
99442,3
99443,3
99444,3
99445,3
99446,3
99447,3
99448,3
99449,3
99450,3
99451,3
99452,3
99453,3
99454,3
99455,3
99456,3
99457,3
99458,2
99459,3
99460,3
99461,3
99462,3
99463,3
99464,3
99465,3
99466,3
99467,3
99468,3
99469,3
99470,3
99471,3
99472,3
99473,3
99474,3
99475,3
99476,3
99477,3
99478,3
99479,3
99480,3
99481,3
99482,3
99483,3
99484,3
99485,3
99486,3
99487,3
99488,3
99489,3
99490,3
99491,3
99492,2
99493,3
99494,3
99495,3
99496,3
99497,3
99498,3
99499,3
99500,3
99501,3
99502,3
99503,3
99504,3
99505,3
99506,3
99507,3
99508,3
99509,3
99510,3
99511,3
99512,3
99513,3
99514,3
99515,3
99516,3
99517,2
99518,3
99519,3
99520,3
99521,3
99522,3
99523,3
99524,3
99525,3
99526,3
99527,3
99528,3
99529,3
99530,3
99531,3
99532,3
99533,3
99534,2
99535,3
99536,3
99537,3
99538,3
99539,3
99540,3
99541,3
99542,3
99543,3
99544,3
99545,3
99546,3
99547,3
99548,3
99549,3
99550,3
99551,3
99552,3
99553,3
99554,3
99555,3
99556,3
99557,3
99558,3
99559,3
99560,3
99561,3
99562,3
99563,3
99564,3
99565,3
99566,3
99567,3
99568,2
99569,3
99570,3
99571,3
99572,3
99573,3
99574,2
99575,3
99576,3
99577,3
99578,3
99579,3
99580,3
99581,3
99582,3
99583,2
99584,3
99585,3
99586,3
99587,3
99588,3
99589,3
99590,3
99591,3
99592,3
99593,3
99594,3
99595,3
99596,3
99597,3
99598,3
99599,3
99600,3
99601,3
99602,3
99603,3
99604,3
99605,3
99606,2
99607,3
99608,3
99609,3
99610,3
99611,3
99612,3
99613,3
99614,2
99615,3
99616,3
99617,3
99618,3
99619,3
99620,3
99621,3
99622,3
99623,3
99624,3
99625,3
99626,3
99627,3
99628,3
99629,3
99630,2
99631,3
99632,3
99633,2
99634,3
99635,3
99636,3
99637,2
99638,3
99639,3
99640,3
99641,3
99642,3
99643,3
99644,3
99645,3
99646,3
99647,3
99648,3
99649,3
99650,3
99651,3
99652,3
99653,3
99654,3
99655,3
99656,3
99657,2
99658,3
99659,3
99660,3
99661,3
99662,3
99663,3
99664,3
99665,3
99666,3
99667,3
99668,3
99669,3
99670,3
99671,3
99672,3
99673,3
99674,3
99675,3
99676,3
99677,3
99678,3
99679,3
99680,3
99681,3
99682,3
99683,3
99684,3
99685,3
99686,3
99687,3
99688,3
99689,3
99690,3
99691,3
99692,3
99693,3
99694,3
99695,3
99696,3
99697,3
99698,3
99699,3
99700,3
99701,3
99702,3
99703,3
99704,3
99705,3
99706,3
99707,3
99708,3
99709,3
99710,3
99711,3
99712,3
99713,3
99714,3
99715,3
99716,3
99717,3
99718,3
99719,2
99720,3
99721,3
99722,3
99723,3
99724,3
99725,3
99726,3
99727,3
99728,3
99729,3
99730,3
99731,3
99732,3
99733,3
99734,3
99735,3
99736,3
99737,3
99738,3
99739,3
99740,3
99741,3
99742,3
99743,3
99744,3
99745,3
99746,3
99747,3
99748,0
99749,3
99750,2
99751,3
99752,3
99753,3
99754,3
99755,3
99756,3
99757,3
99758,3
99759,3
99760,3
99761,3
99762,3
99763,3
99764,3
99765,3
99766,3
99767,3
99768,3
99769,3
99770,3
99771,3
99772,3
99773,3
99774,3
99775,3
99776,3
99777,3
99778,3
99779,3
99780,3
99781,3
99782,3
99783,3
99784,3
99785,3
99786,3
99787,3
99788,3
99789,3
99790,3
99791,3
99792,3
99793,2
99794,3
99795,3
99796,3
99797,3
99798,3
99799,3
99800,3
99801,3
99802,3
99803,3
99804,3
99805,3
99806,3
99807,3
99808,3
99809,3
99810,3
99811,3
99812,3
99813,3
99814,3
99815,3
99816,3
99817,3
99818,3
99819,3
99820,3
99821,3
99822,3
99823,3
99824,3
99825,3
99826,3
99827,3
99828,3
99829,3
99830,3
99831,3
99832,3
99833,3
99834,3
99835,3
99836,3
99837,3
99838,3
99839,3
99840,3
99841,3
99842,3
99843,3
99844,3
99845,3
99846,3
99847,3
99848,3
99849,3
99850,3
99851,3
99852,3
99853,3
99854,3
99855,3
99856,3
99857,3
99858,3
99859,3
99860,3
99861,3
99862,3
99863,3
99864,3
99865,3
99866,3
99867,3
99868,3
99869,3
99870,3
99871,3
99872,3
99873,3
99874,3
99875,3
99876,3
99877,3
99878,3
99879,2
99880,3
99881,3
99882,3
99883,3
99884,3
99885,3
99886,3
99887,3
99888,3
99889,3
99890,3
99891,3
99892,3
99893,3
99894,3
99895,3
99896,3
99897,3
99898,3
99899,3
99900,3
99901,3
99902,3
99903,3
99904,3
99905,3
99906,3
99907,3
99908,3
99909,3
99910,3
99911,3
99912,3
99913,3
99914,3
99915,3
99916,3
99917,3
99918,3
99919,3
99920,3
99921,3
99922,3
99923,3
99924,3
99925,3
99926,3
99927,3
99928,3
99929,3
99930,3
99931,3
99932,3
99933,2
99934,3
99935,2
99936,2
99937,2
99938,3
99939,2
99940,2
99941,2
99942,3
99943,3
99944,3
99945,2
99946,3
99947,2
99948,2
99949,2
99950,2
99951,3
99952,3
99953,3
99954,3
99955,3
99956,3
99957,3
99958,3
99959,3
99960,3
99961,3
99962,2
99963,3
99964,3
99965,3
99966,3
99967,3
99968,3
99969,3
99970,3
99971,3
99972,2
99973,3
99974,2
99975,3
99976,3
99977,3
99978,3
99979,3
99980,3
99981,3
99982,3
99983,3
99984,3
99985,3
99986,3
99987,3
99988,3
99989,2
99990,2
99991,3
99992,3
99993,3
99994,3
99995,3
99996,3
99997,2
99998,2
99999,3
100000,3
100001,2
100002,2
100003,3
100004,3
100005,3
100006,3
100007,3
100008,3
100009,3
100010,3
100011,3
100012,3
100013,3
100014,3
100015,3
100016,3
100017,3
100018,3
100019,3
100020,3
100021,3
100022,3
100023,3
100024,3
100025,3
100026,3
100027,3
100028,3
100029,3
100030,3
100031,3
100032,3
100033,3
100034,3
100035,3
100036,3
100037,2
100038,3
100039,2
100040,2
100041,2
100042,2
100043,3
100044,3
100045,3
100046,3
100047,2
100048,2
100049,3
100050,2
100051,2
100052,2
100053,3
100054,0
100055,2
100056,3
100057,3
100058,3
100059,2
100060,3
100061,3
100062,2
100063,2
100064,2
100065,2
100066,2
100067,3
100068,3
100069,3
100070,3
100071,3
100072,3
100073,0
100074,2
100075,3
100076,3
100077,2
100078,2
100079,3
100080,3
100081,3
100082,3
100083,3
100084,3
100085,3
100086,3
100087,2
100088,3
100089,3
100090,2
100091,3
100092,3
100093,3
100094,3
100095,2
100096,3
100097,2
100098,2
100099,2
100100,3
100101,3
100102,3
100103,3
100104,2
100105,3
100106,3
100107,3
100108,3
100109,2
100110,3
100111,3
100112,3
100113,3
100114,3
100115,3
100116,3
100117,2
100118,3
100119,3
100120,2
100121,3
100122,2
100123,3
100124,3
100125,3
100126,3
100127,3
100128,3
100129,3
100130,3
100131,2
100132,3
100133,3
100134,0
100135,0
100136,3
100137,3
100138,3
100139,0
100140,0
100141,3
100142,0
100143,0
100144,3
100145,3
100146,3
100147,3
100148,3
100149,3
100150,3
100151,3
100152,3
100153,3
100154,3
100155,3
100156,3
100157,3
100158,3
100159,3
100160,3
100161,3
100162,3
100163,3
100164,3
100165,3
100166,3
100167,3
100168,3
100169,3
100170,3
100171,3
100172,3
100173,3
100174,3
100175,2
100176,3
100177,3
100178,2
100179,3
100180,3
100181,3
100182,2
100183,3
100184,3
100185,3
100186,3
100187,2
100188,3
100189,3
100190,3
100191,3
100192,3
100193,3
100194,3
100195,3
100196,3
100197,3
100198,3
100199,3
100200,3
100201,3
100202,3
100203,3
100204,3
100205,3
100206,3
100207,3
100208,3
100209,3
100210,3
100211,3
100212,3
100213,3
100214,2
100215,3
100216,2
100217,2
100218,3
100219,2
100220,2
100221,0
100222,3
100223,2
100224,0
100225,3
100226,3
100227,3
100228,3
100229,3
100230,3
100231,3
100232,3
100233,2
100234,0
100235,0
100236,0
100237,2
100238,2
100239,3
100240,3
100241,3
100242,0
100243,3
100244,3
100245,3
100246,3
100247,3
100248,2
100249,2
100250,3
100251,3
100252,2
100253,3
100254,3
100255,2
100256,2
100257,3
100258,3
100259,3
100260,3
100261,3
100262,3
100263,3
100264,3
100265,3
100266,3
100267,2
100268,3
100269,3
100270,3
100271,3
100272,3
100273,3
100274,3
100275,3
100276,3
100277,3
100278,3
100279,3
100280,3
100281,3
100282,3
100283,3
100284,3
100285,3
100286,3
100287,3
100288,3
100289,3
100290,3
100291,3
100292,3
100293,3
100294,3
100295,3
100296,3
100297,3
100298,3
100299,3
100300,3
100301,3
100302,3
100303,3
100304,3
100305,3
100306,3
100307,3
100308,3
100309,3
100310,3
100311,3
100312,3
100313,3
100314,3
100315,3
100316,3
100317,3
100318,3
100319,3
100320,3
100321,3
100322,3
100323,3
100324,3
100325,3
100326,3
100327,3
100328,3
100329,3
100330,3
100331,3
100332,3
100333,3
100334,3
100335,3
100336,3
100337,3
100338,3
100339,3
100340,3
100341,3
100342,3
100343,3
100344,3
100345,3
100346,3
100347,3
100348,3
100349,3
100350,3
100351,3
100352,3
100353,3
100354,3
100355,3
100356,3
100357,3
100358,3
100359,3
100360,3
100361,3
100362,3
100363,3
100364,3
100365,3
100366,2
100367,2
100368,2
100369,3
100370,3
100371,2
100372,3
100373,3
100374,3
100375,3
100376,2
100377,3
100378,3
100379,2
100380,3
100381,3
100382,3
100383,3
100384,3
100385,3
100386,3
100387,3
100388,3
100389,3
100390,3
100391,3
100392,3
100393,3
100394,2
100395,3
100396,3
100397,3
100398,3
100399,3
100400,3
100401,3
100402,3
100403,3
100404,3
100405,3
100406,3
100407,3
100408,3
100409,3
100410,3
100411,3
100412,3
100413,3
100414,3
100415,3
100416,3
100417,3
100418,2
100419,3
100420,3
100421,3
100422,3
100423,3
100424,3
100425,3
100426,3
100427,3
100428,3
100429,3
100430,3
100431,3
100432,3
100433,3
100434,2
100435,3
100436,3
100437,2
100438,3
100439,3
100440,3
100441,3
100442,3
100443,3
100444,3
100445,3
100446,3
100447,3
100448,3
100449,3
100450,3
100451,3
100452,3
100453,3
100454,3
100455,3
100456,3
100457,3
100458,3
100459,3
100460,3
100461,3
100462,3
100463,3
100464,3
100465,3
100466,3
100467,3
100468,3
100469,3
100470,3
100471,3
100472,2
100473,3
100474,3
100475,3
100476,3
100477,3
100478,3
100479,3
100480,3
100481,0
100482,2
100483,3
100484,3
100485,3
100486,3
100487,3
100488,2
100489,3
100490,3
100491,3
100492,3
100493,3
100494,3
100495,3
100496,3
100497,3
100498,3
100499,3
100500,3
100501,3
100502,3
100503,3
100504,3
100505,3
100506,3
100507,3
100508,3
100509,3
100510,3
100511,3
100512,3
100513,3
100514,3
100515,3
100516,3
100517,3
100518,3
100519,3
100520,3
100521,3
100522,3
100523,3
100524,3
100525,3
100526,3
100527,3
100528,3
100529,3
100530,2
100531,3
100532,3
100533,3
100534,2
100535,3
100536,2
100537,3
100538,3
100539,3
100540,3
100541,3
100542,3
100543,3
100544,3
100545,3
100546,3
100547,3
100548,3
100549,3
100550,3
100551,3
100552,3
100553,3
100554,3
100555,3
100556,3
100557,3
100558,3
100559,3
100560,3
100561,3
100562,3
100563,3
100564,3
100565,3
100566,3
100567,3
100568,3
100569,3
100570,3
100571,3
100572,3
100573,3
100574,3
100575,3
100576,3
100577,3
100578,3
100579,3
100580,3
100581,3
100582,3
100583,3
100584,3
100585,3
100586,3
100587,3
100588,3
100589,3
100590,3
100591,3
100592,3
100593,3
100594,3
100595,3
100596,3
100597,3
100598,3
100599,3
100600,3
100601,3
100602,3
100603,3
100604,3
100605,3
100606,3
100607,3
100608,3
100609,3
100610,3
100611,3
100612,3
100613,3
100614,3
100615,2
100616,3
100617,3
100618,3
100619,3
100620,3
100621,3
100622,3
100623,3
100624,3
100625,3
100626,3
100627,3
100628,3
100629,2
100630,2
100631,3
100632,3
100633,3
100634,3
100635,3
100636,3
100637,3
100638,3
100639,3
100640,3
100641,3
100642,3
100643,3
100644,3
100645,2
100646,2
100647,2
100648,2
100649,3
100650,3
100651,3
100652,3
100653,3
100654,3
100655,3
100656,3
100657,3
100658,3
100659,3
100660,3
100661,2
100662,3
100663,3
100664,3
100665,3
100666,3
100667,2
100668,2
100669,2
100670,2
100671,3
100672,3
100673,3
100674,3
100675,3
100676,3
100677,3
100678,3
100679,3
100680,3
100681,3
100682,3
100683,2
100684,3
100685,3
100686,3
100687,3
100688,3
100689,3
100690,3
100691,3
100692,3
100693,3
100694,3
100695,2
100696,3
100697,2
100698,3
100699,3
100700,3
100701,3
100702,3
100703,3
100704,3
100705,3
100706,3
100707,3
100708,3
100709,3
100710,3
100711,2
100712,3
100713,3
100714,3
100715,3
100716,3
100717,3
100718,3
100719,3
100720,3
100721,3
100722,3
100723,3
100724,3
100725,3
100726,3
100727,3
100728,3
100729,3
100730,3
100731,3
100732,3
100733,3
100734,3
100735,3
100736,3
100737,3
100738,3
100739,3
100740,3
100741,3
100742,3
100743,3
100744,2
100745,3
100746,3
100747,3
100748,2
100749,3
100750,3
100751,3
100752,3
100753,3
100754,3
100755,3
100756,3
100757,3
100758,3
100759,3
100760,3
100761,3
100762,3
100763,3
100764,3
100765,3
100766,3
100767,3
100768,3
100769,3
100770,3
100771,3
100772,3
100773,3
100774,3
100775,3
100776,3
100777,3
100778,3
100779,3
100780,3
100781,3
100782,3
100783,3
100784,3
100785,2
100786,3
100787,3
100788,3
100789,2
100790,3
100791,3
100792,3
100793,3
100794,3
100795,2
100796,3
100797,3
100798,3
100799,2
100800,2
100801,3
100802,3
100803,3
100804,3
100805,3
100806,3
100807,2
100808,3
100809,3
100810,3
100811,3
100812,3
100813,3
100814,3
100815,3
100816,3
100817,3
100818,3
100819,3
100820,3
100821,3
100822,3
100823,3
100824,3
100825,3
100826,3
100827,3
100828,3
100829,3
100830,3
100831,3
100832,3
100833,3
100834,3
100835,3
100836,3
100837,3
100838,3
100839,3
100840,3
100841,3
100842,3
100843,3
100844,3
100845,3
100846,3
100847,3
100848,3
100849,3
100850,3
100851,3
100852,3
100853,3
100854,3
100855,2
100856,3
100857,3
100858,3
100859,3
100860,3
100861,3
100862,3
100863,3
100864,3
100865,3
100866,3
100867,2
100868,3
100869,3
100870,3
100871,3
100872,3
100873,3
100874,3
100875,3
100876,2
100877,3
100878,3
100879,3
100880,3
100881,3
100882,3
100883,3
100884,3
100885,3
100886,3
100887,3
100888,3
100889,3
100890,3
100891,3
100892,3
100893,3
100894,3
100895,3
100896,3
100897,3
100898,3
100899,3
100900,3
100901,3
100902,3
100903,3
100904,3
100905,3
100906,3
100907,3
100908,3
100909,3
100910,3
100911,3
100912,3
100913,3
100914,3
100915,3
100916,3
100917,3
100918,3
100919,3
100920,3
100921,3
100922,3
100923,3
100924,3
100925,3
100926,3
100927,3
100928,3
100929,3
100930,3
100931,3
100932,3
100933,3
100934,3
100935,3
100936,3
100937,3
100938,3
100939,3
100940,3
100941,3
100942,3
100943,3
100944,3
100945,3
100946,3
100947,3
100948,3
100949,3
100950,3
100951,3
100952,3
100953,3
100954,3
100955,3
100956,3
100957,3
100958,3
100959,3
100960,3
100961,3
100962,3
100963,3
100964,3
100965,2
100966,3
100967,3
100968,3
100969,3
100970,3
100971,3
100972,3
100973,3
100974,2
100975,2
100976,3
100977,3
100978,3
100979,3
100980,3
100981,3
100982,3
100983,3
100984,3
100985,3
100986,3
100987,3
100988,3
100989,3
100990,3
100991,3
100992,3
100993,3
100994,3
100995,3
100996,3
100997,3
100998,3
100999,3
101000,3
101001,3
101002,3
101003,3
101004,3
101005,3
101006,3
101007,3
101008,3
101009,3
101010,3
101011,3
101012,3
101013,3
101014,2
101015,3
101016,3
101017,3
101018,3
101019,3
101020,3
101021,3
101022,3
101023,3
101024,3
101025,3
101026,3
101027,3
101028,3
101029,3
101030,3
101031,3
101032,3
101033,3
101034,3
101035,3
101036,3
101037,3
101038,3
101039,3
101040,3
101041,3
101042,3
101043,3
101044,3
101045,3
101046,3
101047,3
101048,3
101049,3
101050,3
101051,3
101052,3
101053,3
101054,3
101055,3
101056,3
101057,3
101058,3
101059,3
101060,3
101061,3
101062,3
101063,3
101064,3
101065,3
101066,3
101067,3
101068,3
101069,3
101070,3
101071,3
101072,3
101073,3
101074,3
101075,3
101076,3
101077,3
101078,3
101079,3
101080,3
101081,3
101082,3
101083,3
101084,3
101085,3
101086,3
101087,3
101088,3
101089,3
101090,3
101091,3
101092,3
101093,2
101094,3
101095,3
101096,3
101097,3
101098,3
101099,3
101100,2
101101,2
101102,2
101103,2
101104,3
101105,3
101106,3
101107,2
101108,3
101109,3
101110,3
101111,3
101112,3
101113,3
101114,3
101115,2
101116,3
101117,3
101118,3
101119,3
101120,3
101121,2
101122,3
101123,3
101124,2
101125,2
101126,2
101127,2
101128,2
101129,3
101130,3
101131,3
101132,3
101133,3
101134,3
101135,3
101136,3
101137,3
101138,3
101139,3
101140,3
101141,3
101142,3
101143,3
101144,3
101145,3
101146,3
101147,3
101148,3
101149,3
101150,3
101151,3
101152,3
101153,3
101154,3
101155,3
101156,3
101157,3
101158,3
101159,3
101160,3
101161,3
101162,3
101163,3
101164,3
101165,3
101166,3
101167,3
101168,3
101169,3
101170,3
101171,3
101172,3
101173,3
101174,3
101175,3
101176,3
101177,3
101178,3
101179,3
101180,3
101181,3
101182,3
101183,3
101184,3
101185,3
101186,3
101187,3
101188,3
101189,3
101190,3
101191,3
101192,3
101193,3
101194,3
101195,3
101196,3
101197,3
101198,3
101199,3
101200,3
101201,3
101202,3
101203,3
101204,3
101205,3
101206,3
101207,3
101208,3
101209,3
101210,3
101211,3
101212,3
101213,3
101214,3
101215,3
101216,3
101217,3
101218,3
101219,3
101220,3
101221,3
101222,3
101223,3
101224,3
101225,3
101226,3
101227,3
101228,3
101229,3
101230,3
101231,3
101232,3
101233,3
101234,3
101235,3
101236,3
101237,3
101238,3
101239,3
101240,3
101241,3
101242,3
101243,3
101244,3
101245,3
101246,3
101247,3
101248,3
101249,3
101250,3
101251,3
101252,3
101253,3
101254,3
101255,3
101256,3
101257,3
101258,3
101259,3
101260,3
101261,3
101262,3
101263,3
101264,3
101265,3
101266,3
101267,3
101268,3
101269,3
101270,3
101271,3
101272,3
101273,3
101274,3
101275,3
101276,3
101277,3
101278,3
101279,3
101280,3
101281,3
101282,3
101283,3
101284,3
101285,3
101286,3
101287,3
101288,3
101289,3
101290,3
101291,3
101292,3
101293,3
101294,3
101295,3
101296,3
101297,3
101298,3
101299,3
101300,3
101301,3
101302,3
101303,3
101304,3
101305,3
101306,3
101307,3
101308,3
101309,3
101310,3
101311,3
101312,3
101313,3
101314,3
101315,3
101316,3
101317,3
101318,3
101319,3
101320,3
101321,3
101322,3
101323,3
101324,3
101325,3
101326,3
101327,3
101328,3
101329,3
101330,3
101331,3
101332,3
101333,3
101334,3
101335,3
101336,3
101337,3
101338,3
101339,3
101340,3
101341,3
101342,3
101343,3
101344,3
101345,3
101346,3
101347,3
101348,3
101349,3
101350,3
101351,3
101352,3
101353,3
101354,3
101355,3
101356,3
101357,3
101358,3
101359,3
101360,3
101361,3
101362,3
101363,3
101364,3
101365,3
101366,3
101367,3
101368,3
101369,3
101370,3
101371,3
101372,3
101373,3
101374,3
101375,3
101376,3
101377,3
101378,3
101379,3
101380,3
101381,3
101382,3
101383,3
101384,3
101385,3
101386,3
101387,3
101388,3
101389,3
101390,3
101391,3
101392,3
101393,3
101394,3
101395,3
101396,3
101397,3
101398,3
101399,3
101400,3
101401,3
101402,3
101403,3
101404,3
101405,3
101406,3
101407,3
101408,3
101409,3
101410,3
101411,3
101412,3
101413,3
101414,3
101415,3
101416,3
101417,3
101418,3
101419,3
101420,3
101421,3
101422,3
101423,3
101424,3
101425,3
101426,3
101427,3
101428,3
101429,3
101430,3
101431,3
101432,3
101433,3
101434,3
101435,3
101436,3
101437,3
101438,3
101439,3
101440,3
101441,3
101442,3
101443,3
101444,3
101445,3
101446,3
101447,3
101448,3
101449,3
101450,3
101451,3
101452,3
101453,3
101454,3
101455,3
101456,3
101457,3
101458,3
101459,3
101460,3
101461,3
101462,3
101463,3
101464,3
101465,3
101466,3
101467,3
101468,3
101469,3
101470,3
101471,3
101472,3
101473,3
101474,3
101475,3
101476,3
101477,3
101478,3
101479,3
101480,3
101481,3
101482,3
101483,3
101484,3
101485,3
101486,3
101487,3
101488,3
101489,3
101490,3
101491,3
101492,3
101493,3
101494,3
101495,3
101496,3
101497,3
101498,3
101499,3
101500,3
101501,3
101502,3
101503,3
101504,3
101505,3
101506,3
101507,3
101508,3
101509,3
101510,3
101511,3
101512,3
101513,3
101514,3
101515,3
101516,3
101517,3
101518,3
101519,3
101520,3
101521,3
101522,3
101523,3
101524,3
101525,3
101526,3
101527,3
101528,3
101529,3
101530,3
101531,3
101532,3
101533,3
101534,3
101535,3
101536,3
101537,3
101538,3
101539,3
101540,3
101541,3
101542,3
101543,3
101544,3
101545,3
101546,3
101547,3
101548,3
101549,3
101550,3
101551,3
101552,3
101553,3
101554,3
101555,3
101556,3
101557,3
101558,3
101559,3
101560,3
101561,3
101562,3
101563,3
101564,3
101565,3
101566,3
101567,3
101568,3
101569,3
101570,3
101571,3
101572,3
101573,3
101574,3
101575,3
101576,3
101577,3
101578,3
101579,3
101580,3
101581,3
101582,3
101583,3
101584,3
101585,3
101586,3
101587,3
101588,3
101589,3
101590,3
101591,3
101592,3
101593,3
101594,3
101595,3
101596,3
101597,3
101598,3
101599,3
101600,3
101601,3
101602,3
101603,3
101604,3
101605,3
101606,3
101607,3
101608,3
101609,3
101610,3
101611,3
101612,3
101613,3
101614,3
101615,3
101616,3
101617,3
101618,3
101619,3
101620,3
101621,3
101622,3
101623,3
101624,3
101625,3
101626,3
101627,3
101628,3
101629,3
101630,3
101631,3
101632,3
101633,3
101634,3
101635,3
101636,3
101637,3
101638,3
101639,3
101640,3
101641,3
101642,3
101643,3
101644,3
101645,3
101646,3
101647,3
101648,3
101649,3
101650,3
101651,3
101652,3
101653,3
101654,3
101655,3
101656,3
101657,3
101658,3
101659,3
101660,3
101661,3
101662,3
101663,3
101664,3
101665,3
101666,3
101667,3
101668,3
101669,3
101670,3
101671,3
101672,3
101673,3
101674,3
101675,3
101676,3
101677,3
101678,3
101679,3
101680,3
101681,3
101682,3
101683,3
101684,3
101685,3
101686,3
101687,3
101688,3
101689,3
101690,3
101691,3
101692,3
101693,3
101694,3
101695,3
101696,3
101697,3
101698,3
101699,3
101700,3
101701,3
101702,3
101703,3
101704,3
101705,3
101706,3
101707,3
101708,3
101709,3
101710,3
101711,3
101712,3
101713,3
101714,3
101715,3
101716,3
101717,3
101718,3
101719,3
101720,3
101721,3
101722,3
101723,3
101724,3
101725,3
101726,3
101727,3
101728,3
101729,3
101730,3
101731,3
101732,3
101733,3
101734,3
101735,3
101736,3
101737,3
101738,3
101739,3
101740,3
101741,3
101742,3
101743,3
101744,3
101745,3
101746,3
101747,3
101748,3
101749,3
101750,3
101751,3
101752,3
101753,3
101754,3
101755,3
101756,3
101757,3
101758,3
101759,3
101760,3
101761,3
101762,3
101763,3
101764,3
101765,3
101766,3
101767,3
101768,3
101769,3
101770,3
101771,3
101772,3
101773,3
101774,3
101775,3
101776,3
101777,3
101778,3
101779,3
101780,3
101781,3
101782,3
101783,3
101784,3
101785,3
101786,3
101787,3
101788,3
101789,3
101790,3
101791,3
101792,3
101793,3
101794,3
101795,3
101796,3
101797,3
101798,3
101799,3
101800,3
101801,3
101802,3
101803,3
101804,3
101805,3
101806,3
101807,3
101808,3
101809,3
101810,3
101811,3
101812,3
101813,3
101814,3
101815,3
101816,3
101817,3
101818,3
101819,3
101820,3
101821,3
101822,3
101823,3
101824,3
101825,3
101826,3
101827,3
101828,3
101829,3
101830,3
101831,3
101832,3
101833,3
101834,3
101835,3
101836,3
101837,3
101838,3
101839,3
101840,3
101841,3
101842,3
101843,3
101844,3
101845,3
101846,3
101847,3
101848,3
101849,3
101850,3
101851,3
101852,3
101853,3
101854,3
101855,3
101856,3
101857,3
101858,3
101859,3
101860,3
101861,3
101862,3
101863,3
101864,3
101865,3
101866,3
101867,3
101868,3
101869,3
101870,3
101871,3
101872,3
101873,3
101874,3
101875,3
101876,3
101877,3
101878,3
101879,3
101880,3
101881,3
101882,3
101883,3
101884,3
101885,3
101886,3
101887,3
101888,3
101889,3
101890,3
101891,3
101892,3
101893,3
101894,3
101895,3
101896,3
101897,3
101898,3
101899,3
101900,3
101901,3
101902,3
101903,3
101904,3
101905,3
101906,3
101907,3
101908,3
101909,3
101910,3
101911,3
101912,3
101913,3
101914,3
101915,3
101916,3
101917,3
101918,3
101919,3
101920,3
101921,3
101922,3
101923,3
101924,3
101925,3
101926,3
101927,3
101928,3
101929,3
101930,3
101931,3
101932,3
101933,3
101934,3
101935,3
101936,3
101937,3
101938,3
101939,3
101940,3
101941,3
101942,3
101943,3
101944,3
101945,3
101946,3
101947,3
101948,3
101949,3
101950,3
101951,3
101952,3
101953,3
101954,3
101955,3
101956,3
101957,3
101958,3
101959,3
101960,3
101961,3
101962,3
101963,3
101964,3
101965,3
101966,3
101967,3
101968,3
101969,3
101970,3
101971,3
101972,3
101973,3
101974,3
101975,3
101976,3
101977,3
101978,3
101979,3
101980,3
101981,3
101982,3
101983,3
101984,3
101985,3
101986,3
101987,3
101988,3
101989,3
101990,3
101991,3
101992,3
101993,3
101994,3
101995,3
101996,3
101997,3
101998,3
101999,3
102000,3
102001,3
102002,3
102003,3
102004,3
102005,3
102006,3
102007,3
102008,3
102009,3
102010,3
102011,3
102012,3
102013,3
102014,3
102015,3
102016,3
102017,3
102018,3
102019,3
102020,3
102021,3
102022,3
102023,3
102024,3
102025,3
102026,3
102027,3
102028,3
102029,3
102030,3
102031,3
102032,3
102033,3
102034,3
102035,3
102036,3
102037,3
102038,3
102039,3
102040,3
102041,3
102042,3
102043,3
102044,3
102045,3
102046,3
102047,3
102048,3
102049,3
102050,3
102051,3
102052,3
102053,3
102054,3
102055,3
102056,3
102057,3
102058,3
102059,3
102060,3
102061,3
102062,3
102063,3
102064,3
102065,3
102066,3
102067,3
102068,3
102069,3
102070,3
102071,3
102072,3
102073,3
102074,3
102075,3
102076,3
102077,3
102078,3
102079,3
102080,3
102081,3
102082,3
102083,3
102084,3
102085,3
102086,3
102087,3
102088,3
102089,3
102090,3
102091,3
102092,3
102093,3
102094,3
102095,3
102096,3
102097,3
102098,3
102099,3
102100,3
102101,3
102102,3
102103,3
102104,3
102105,3
102106,3
102107,3
102108,3
102109,3
102110,3
102111,3
102112,3
102113,3
102114,3
102115,3
102116,3
102117,3
102118,3
102119,3
102120,3
102121,3
102122,3
102123,3
102124,3
102125,3
102126,3
102127,3
102128,3
102129,3
102130,3
102131,3
102132,3
102133,3
102134,3
102135,3
102136,3
102137,3
102138,3
102139,3
102140,3
102141,3
102142,3
102143,3
102144,3
102145,3
102146,3
102147,3
102148,3
102149,3
102150,3
102151,3
102152,3
102153,3
102154,3
102155,3
102156,3
102157,3
102158,3
102159,3
102160,3
102161,3
102162,3
102163,3
102164,3
102165,3
102166,3
102167,3
102168,3
102169,3
102170,3
102171,3
102172,3
102173,3
102174,3
102175,3
102176,3
102177,3
102178,3
102179,3
102180,3
102181,3
102182,3
102183,3
102184,3
102185,3
102186,3
102187,3
102188,3
102189,3
102190,3
102191,3
102192,3
102193,3
102194,3
102195,3
102196,3
102197,3
102198,3
102199,3
102200,3
102201,3
102202,3
102203,3
102204,3
102205,3
102206,3
102207,3
102208,3
102209,3
102210,3
102211,3
102212,3
102213,3
102214,3
102215,3
102216,3
102217,3
102218,3
102219,3
102220,3
102221,3
102222,3
102223,3
102224,3
102225,3
102226,3
102227,3
102228,3
102229,3
102230,3
102231,3
102232,3
102233,3
102234,3
102235,3
102236,3
102237,3
102238,3
102239,3
102240,3
102241,3
102242,3
102243,3
102244,3
102245,3
102246,3
102247,3
102248,3
102249,3
102250,3
102251,3
102252,3
102253,3
102254,3
102255,3
102256,3
102257,3
102258,3
102259,3
102260,3
102261,3
102262,3
102263,3
102264,3
102265,3
102266,3
102267,3
102268,3
102269,3
102270,3
102271,3
102272,3
102273,3
102274,3
102275,3
102276,3
102277,3
102278,3
102279,3
102280,3
102281,3
102282,3
102283,3
102284,3
102285,3
102286,3
102287,3
102288,3
102289,3
102290,3
102291,3
102292,3
102293,3
102294,3
102295,3
102296,3
102297,3
102298,3
102299,3
102300,3
102301,3
102302,3
102303,3
102304,3
102305,3
102306,3
102307,3
102308,3
102309,3
102310,3
102311,3
102312,3
102313,3
102314,3
102315,3
102316,3
102317,3
102318,3
102319,3
102320,3
102321,3
102322,3
102323,3
102324,3
102325,3
102326,3
102327,3
102328,3
102329,3
102330,3
102331,3
102332,3
102333,3
102334,3
102335,3
102336,3
102337,3
102338,3
102339,3
102340,3
102341,3
102342,3
102343,3
102344,3
102345,3
102346,3
102347,3
102348,3
102349,3
102350,3
102351,3
102352,3
102353,3
102354,3
102355,3
102356,3
102357,3
102358,3
102359,3
102360,3
102361,3
102362,3
102363,3
102364,3
102365,3
102366,3
102367,3
102368,3
102369,3
102370,3
102371,3
102372,3
102373,3
102374,3
102375,3
102376,3
102377,3
102378,3
102379,3
102380,3
102381,3
102382,3
102383,3
102384,3
102385,3
102386,3
102387,3
102388,3
102389,3
102390,3
102391,3
102392,3
102393,3
102394,3
102395,3
102396,3
102397,3
102398,3
102399,3
102400,3
102401,3
102402,3
102403,3
102404,3
102405,3
102406,3
102407,3
102408,3
102409,3
102410,3
102411,3
102412,3
102413,3
102414,3
102415,3
102416,3
102417,3
102418,3
102419,3
102420,3
102421,3
102422,3
102423,3
102424,3
102425,3
102426,3
102427,3
102428,3
102429,3
102430,3
102431,3
102432,3
102433,3
102434,3
102435,3
102436,3
102437,3
102438,3
102439,3
102440,3
102441,3
102442,3
102443,3
102444,3
102445,3
102446,3
102447,3
102448,3
102449,3
102450,3
102451,3
102452,3
102453,3
102454,3
102455,3
102456,3
102457,3
102458,3
102459,3
102460,3
102461,3
102462,3
102463,3
102464,3
102465,3
102466,3
102467,3
102468,3
102469,3
102470,3
102471,3
102472,3
102473,3
102474,3
102475,3
102476,3
102477,3
102478,3
102479,3
102480,3
102481,3
102482,3
102483,3
102484,3
102485,3
102486,3
102487,3
102488,3
102489,3
102490,3
102491,3
102492,3
102493,3
102494,3
102495,3
102496,3
102497,3
102498,3
102499,3
102500,3
102501,3
102502,3
102503,3
102504,3
102505,3
102506,3
102507,3
102508,3
102509,3
102510,3
102511,3
102512,3
102513,3
102514,3
102515,3
102516,3
102517,3
102518,3
102519,3
102520,3
102521,3
102522,3
102523,3
102524,3
102525,3
102526,3
102527,3
102528,3
102529,3
102530,3
102531,3
102532,3
102533,3
102534,3
102535,3
102536,3
102537,3
102538,3
102539,3
102540,3
102541,3
102542,3
102543,3
102544,3
102545,3
102546,3
102547,3
102548,3
102549,3
102550,3
102551,3
102552,3
102553,3
102554,3
102555,3
102556,3
102557,3
102558,3
102559,3
102560,3
102561,3
102562,3
102563,3
102564,3
102565,3
102566,3
102567,3
102568,3
102569,3
102570,3
102571,3
102572,3
102573,3
102574,3
102575,3
102576,3
102577,3
102578,3
102579,3
102580,3
102581,3
102582,3
102583,3
102584,3
102585,3
102586,3
102587,3
102588,3
102589,3
102590,3
102591,3
102592,3
102593,3
102594,3
102595,3
102596,3
102597,3
102598,3
102599,3
102600,3
102601,3
102602,3
102603,3
102604,3
102605,3
102606,3
102607,3
102608,3
102609,3
102610,3
102611,3
102612,3
102613,3
102614,3
102615,3
102616,3
102617,3
102618,3
102619,3
102620,3
102621,3
102622,3
102623,3
102624,3
102625,3
102626,3
102627,3
102628,3
102629,3
102630,3
102631,3
102632,3
102633,3
102634,3
102635,3
102636,3
102637,3
102638,3
102639,3
102640,3
102641,3
102642,3
102643,3
102644,3
102645,3
102646,3
102647,3
102648,3
102649,3
102650,3
102651,3
102652,3
102653,3
102654,3
102655,3
102656,3
102657,3
102658,3
102659,3
102660,3
102661,3
102662,3
102663,3
102664,3
102665,3
102666,3
102667,3
102668,3
102669,3
102670,3
102671,3
102672,3
102673,3
102674,3
102675,3
102676,3
102677,3
102678,3
102679,3
102680,3
102681,3
102682,3
102683,3
102684,3
102685,3
102686,3
102687,3
102688,3
102689,3
102690,3
102691,3
102692,3
102693,3
102694,3
102695,3
102696,3
102697,3
102698,3
102699,3
102700,3
102701,3
102702,3
102703,3
102704,3
102705,3
102706,3
102707,3
102708,3
102709,3
102710,3
102711,3
102712,3
102713,3
102714,3
102715,3
102716,3
102717,3
102718,3
102719,3
102720,3
102721,3
102722,3
102723,3
102724,3
102725,3
102726,3
102727,3
102728,3
102729,3
102730,3
102731,3
102732,3
102733,3
102734,3
102735,3
102736,3
102737,3
102738,3
102739,3
102740,3
102741,3
102742,3
102743,3
102744,3
102745,3
102746,3
102747,3
102748,3
102749,3
102750,3
102751,3
102752,3
102753,3
102754,3
102755,3
102756,3
102757,3
102758,3
102759,3
102760,3
102761,3
102762,3
102763,3
102764,3
102765,3
102766,3
102767,3
102768,3
102769,3
102770,3
102771,3
102772,3
102773,3
102774,3
102775,3
102776,3
102777,3
102778,3
102779,3
102780,3
102781,3
102782,3
102783,3
102784,3
102785,3
102786,3
102787,3
102788,3
102789,3
102790,3
102791,3
102792,3
102793,3
102794,3
102795,3
102796,3
102797,3
102798,3
102799,3
102800,3
102801,3
102802,3
102803,3
102804,3
102805,3
102806,3
102807,3
102808,3
102809,3
102810,3
102811,3
102812,3
102813,3
102814,3
102815,3
102816,3
102817,3
102818,3
102819,3
102820,3
102821,3
102822,3
102823,3
102824,3
102825,3
102826,3
102827,3
102828,3
102829,3
102830,3
102831,3
102832,3
102833,3
102834,3
102835,3
102836,3
102837,3
102838,3
102839,3
102840,3
102841,3
102842,3
102843,3
102844,3
102845,3
102846,3
102847,3
102848,3
102849,3
102850,3
102851,3
102852,3
102853,3
102854,3
102855,3
102856,3
102857,3
102858,3
102859,3
102860,3
102861,3
102862,3
102863,3
102864,3
102865,3
102866,3
102867,3
102868,3
102869,3
102870,3
102871,3
102872,3
102873,3
102874,3
102875,3
102876,3
102877,3
102878,3
102879,3
102880,3
102881,3
102882,3
102883,3
102884,3
102885,3
102886,3
102887,3
102888,3
102889,3
102890,3
102891,3
102892,3
102893,3
102894,3
102895,3
102896,3
102897,3
102898,3
102899,3
102900,3
102901,3
102902,3
102903,3
102904,3
102905,3
102906,3
102907,3
102908,3
102909,3
102910,3
102911,3
102912,3
102913,3
102914,3
102915,3
102916,3
102917,3
102918,3
102919,3
102920,3
102921,3
102922,3
102923,3
102924,3
102925,3
102926,3
102927,3
102928,3
102929,3
102930,3
102931,3
102932,3
102933,3
102934,3
102935,3
102936,3
102937,3
102938,3
102939,3
102940,3
102941,3
102942,3
102943,3
102944,3
102945,3
102946,3
102947,3
102948,3
102949,3
102950,3
102951,3
102952,3
102953,3
102954,3
102955,3
102956,3
102957,3
102958,3
102959,3
102960,3
102961,3
102962,3
102963,3
102964,3
102965,3
102966,3
102967,3
102968,3
102969,3
102970,3
102971,3
102972,3
102973,3
102974,3
102975,3
102976,3
102977,3
102978,3
102979,3
102980,3
102981,3
102982,3
102983,3
102984,3
102985,3
102986,3
102987,3
102988,3
102989,3
102990,3
102991,3
102992,3
102993,3
102994,3
102995,3
102996,3
102997,3
102998,3
102999,3
103000,3
103001,3
103002,3
103003,3
103004,3
103005,3
103006,3
103007,3
103008,3
103009,3
103010,3
103011,3
103012,3
103013,3
103014,3
103015,3
103016,3
103017,3
103018,3
103019,3
103020,3
103021,3
103022,3
103023,3
103024,3
103025,3
103026,3
103027,3
103028,3
103029,3
103030,3
103031,3
103032,3
103033,3
103034,3
103035,3
103036,3
103037,3
103038,3
103039,3
103040,3
103041,3
103042,3
103043,3
103044,3
103045,3
103046,3
103047,3
103048,3
103049,3
103050,3
103051,3
103052,3
103053,3
103054,3
103055,3
103056,3
103057,3
103058,3
103059,3
103060,3
103061,3
103062,3
103063,3
103064,3
103065,3
103066,3
103067,3
103068,3
103069,3
103070,3
103071,3
103072,3
103073,3
103074,3
103075,3
103076,3
103077,3
103078,3
103079,3
103080,3
103081,3
103082,3
103083,3
103084,3
103085,3
103086,3
103087,3
103088,3
103089,3
103090,3
103091,3
103092,3
103093,3
103094,3
103095,3
103096,3
103097,3
103098,3
103099,3
103100,3
103101,3
103102,3
103103,3
103104,3
103105,3
103106,3
103107,3
103108,3
103109,3
103110,3
103111,3
103112,3
103113,3
103114,3
103115,3
103116,3
103117,3
103118,3
103119,3
103120,3
103121,3
103122,3
103123,3
103124,3
103125,3
103126,3
103127,3
103128,3
103129,3
103130,3
103131,3
103132,3
103133,3
103134,3
103135,3
103136,3
103137,3
103138,3
103139,3
103140,3
103141,3
103142,3
103143,3
103144,3
103145,3
103146,3
103147,3
103148,3
103149,3
103150,3
103151,3
103152,3
103153,3
103154,3
103155,3
103156,3
103157,3
103158,3
103159,3
103160,3
103161,3
103162,3
103163,3
103164,3
103165,3
103166,3
103167,3
103168,3
103169,3
103170,3
103171,3
103172,3
103173,3
103174,3
103175,3
103176,3
103177,3
103178,3
103179,3
103180,3
103181,3
103182,3
103183,3
103184,3
103185,3
103186,3
103187,3
103188,3
103189,3
103190,3
103191,3
103192,3
103193,3
103194,3
103195,3
103196,3
103197,3
103198,3
103199,3
103200,3
103201,3
103202,3
103203,3
103204,3
103205,3
103206,3
103207,3
103208,3
103209,3
103210,3
103211,3
103212,3
103213,3
103214,3
103215,3
103216,3
103217,3
103218,3
103219,3
103220,3
103221,3
103222,3
103223,3
103224,3
103225,3
103226,3
103227,3
103228,3
103229,3
103230,3
103231,3
103232,3
103233,3
103234,3
103235,3
103236,3
103237,3
103238,3
103239,3
103240,3
103241,3
103242,3
103243,3
103244,3
103245,3
103246,3
103247,3
103248,3
103249,3
103250,3
103251,3
103252,3
103253,3
103254,3
103255,3
103256,3
103257,3
103258,3
103259,3
103260,3
103261,3
103262,3
103263,3
103264,3
103265,3
103266,3
103267,3
103268,3
103269,3
103270,3
103271,3
103272,3
103273,3
103274,3
103275,3
103276,3
103277,3
103278,3
103279,3
103280,3
103281,3
103282,3
103283,3
103284,3
103285,3
103286,3
103287,3
103288,3
103289,3
103290,3
103291,3
103292,3
103293,3
103294,3
103295,3
103296,3
103297,3
103298,3
103299,3
103300,3
103301,3
103302,3
103303,3
103304,3
103305,3
103306,3
103307,3
103308,3
103309,3
103310,3
103311,3
103312,3
103313,3
103314,3
103315,3
103316,3
103317,3
103318,3
103319,3
103320,3
103321,3
103322,3
103323,3
103324,3
103325,3
103326,3
103327,3
103328,3
103329,3
103330,3
103331,3
103332,3
103333,3
103334,3
103335,3
103336,3
103337,3
103338,3
103339,3
103340,3
103341,3
103342,3
103343,3
103344,3
103345,3
103346,3
103347,3
103348,3
103349,3
103350,3
103351,3
103352,3
103353,3
103354,3
103355,3
103356,3
103357,3
103358,3
103359,3
103360,3
103361,3
103362,3
103363,3
103364,3
103365,3
103366,3
103367,3
103368,3
103369,3
103370,3
103371,3
103372,3
103373,3
103374,3
103375,3
103376,3
103377,3
103378,3
103379,3
103380,3
103381,3
103382,3
103383,3
103384,3
103385,3
103386,3
103387,3
103388,3
103389,3
103390,3
103391,3
103392,3
103393,3
103394,3
103395,3
103396,3
103397,3
103398,3
103399,3
103400,3
103401,3
103402,3
103403,3
103404,3
103405,3
103406,3
103407,3
103408,3
103409,3
103410,3
103411,3
103412,3
103413,3
103414,3
103415,3
103416,3
103417,3
103418,3
103419,3
103420,3
103421,3
103422,3
103423,3
103424,3
103425,3
103426,3
103427,3
103428,3
103429,3
103430,3
103431,3
103432,3
103433,3
103434,3
103435,3
103436,3
103437,3
103438,3
103439,3
103440,3
103441,3
103442,3
103443,3
103444,3
103445,3
103446,3
103447,3
103448,3
103449,3
103450,3
103451,3
103452,3
103453,3
103454,3
103455,3
103456,3
103457,3
103458,3
103459,3
103460,3
103461,3
103462,3
103463,3
103464,3
103465,3
103466,3
103467,3
103468,3
103469,3
103470,3
103471,3
103472,3
103473,3
103474,3
103475,3
103476,3
103477,3
103478,3
103479,3
103480,3
103481,3
103482,3
103483,3
103484,3
103485,3
103486,3
103487,3
103488,3
103489,3
103490,3
103491,3
103492,3
103493,3
103494,3
103495,3
103496,3
103497,3
103498,3
103499,3
103500,3
103501,3
103502,3
103503,3
103504,3
103505,3
103506,3
103507,3
103508,3
103509,3
103510,3
103511,3
103512,3
103513,3
103514,3
103515,3
103516,3
103517,3
103518,3
103519,3
103520,3
103521,3
103522,3
103523,3
103524,3
103525,3
103526,3
103527,3
103528,3
103529,3
103530,3
103531,3
103532,3
103533,3
103534,3
103535,3
103536,3
103537,3
103538,3
103539,3
103540,3
103541,3
103542,3
103543,3
103544,3
103545,3
103546,3
103547,3
103548,3
103549,3
103550,3
103551,3
103552,3
103553,3
103554,3
103555,3
103556,3
103557,3
103558,3
103559,3
103560,3
103561,3
103562,3
103563,3
103564,3
103565,3
103566,3
103567,3
103568,3
103569,3
103570,3
103571,3
103572,3
103573,3
103574,3
103575,3
103576,3
103577,3
103578,3
103579,3
103580,3
103581,3
103582,3
103583,3
103584,3
103585,3
103586,3
103587,3
103588,3
103589,3
103590,3
103591,3
103592,3
103593,3
103594,3
103595,3
103596,3
103597,3
103598,3
103599,3
103600,3
103601,3
103602,3
103603,3
103604,3
103605,3
103606,3
103607,3
103608,3
103609,3
103610,3
103611,3
103612,3
103613,3
103614,3
103615,3
103616,3
103617,3
103618,3
103619,3
103620,3
103621,3
103622,3
103623,3
103624,3
103625,3
103626,3
103627,3
103628,3
103629,3
103630,3
103631,3
103632,3
103633,3
103634,3
103635,3
103636,3
103637,3
103638,3
103639,3
103640,3
103641,3
103642,3
103643,3
103644,3
103645,3
103646,3
103647,3
103648,3
103649,3
103650,3
103651,3
103652,3
103653,3
103654,3
103655,3
103656,3
103657,3
103658,3
103659,3
103660,3
103661,3
103662,3
103663,3
103664,3
103665,3
103666,3
103667,3
103668,3
103669,3
103670,3
103671,3
103672,3
103673,3
103674,3
103675,3
103676,3
103677,3
103678,3
103679,3
103680,3
103681,3
103682,3
103683,3
103684,3
103685,3
103686,3
103687,3
103688,3
103689,3
103690,3
103691,3
103692,3
103693,3
103694,3
103695,3
103696,3
103697,3
103698,3
103699,3
103700,3
103701,3
103702,3
103703,3
103704,3
103705,3
103706,3
103707,3
103708,3
103709,3
103710,3
103711,3
103712,3
103713,3
103714,3
103715,3
103716,3
103717,3
103718,3
103719,3
103720,3
103721,3
103722,3
103723,3
103724,3
103725,0
103726,3
103727,3
103728,3
103729,3
103730,3
103731,3
103732,3
103733,3
103734,3
103735,3
103736,3
103737,3
103738,3
103739,3
103740,3
103741,3
103742,3
103743,3
103744,3
103745,3
103746,3
103747,3
103748,3
103749,3
103750,3
103751,3
103752,3
103753,0
103754,3
103755,3
103756,0
103757,3
103758,3
103759,3
103760,3
103761,3
103762,3
103763,3
103764,3
103765,3
103766,3
103767,3
103768,3
103769,3
103770,3
103771,3
103772,3
103773,3
103774,3
103775,0
103776,3
103777,3
103778,0
103779,0
103780,3
103781,0
103782,0
103783,0
103784,3
103785,0
103786,0
103787,3
103788,3
103789,3
103790,3
103791,3
103792,3
103793,3
103794,3
103795,3
103796,3
103797,3
103798,3
103799,3
103800,3
103801,0
103802,3
103803,3
103804,3
103805,3
103806,3
103807,3
103808,3
103809,3
103810,3
103811,3
103812,3
103813,3
103814,3
103815,3
103816,3
103817,3
103818,3
103819,3
103820,3
103821,3
103822,3
103823,3
103824,3
103825,3
103826,3
103827,3
103828,3
103829,3
103830,3
103831,3
103832,3
103833,3
103834,3
103835,3
103836,3
103837,3
103838,3
103839,3
103840,3
103841,3
103842,3
103843,3
103844,3
103845,3
103846,3
103847,3
103848,3
103849,3
103850,3
103851,3
103852,3
103853,3
103854,3
103855,3
103856,3
103857,3
103858,3
103859,3
103860,3
103861,3
103862,3
103863,3
103864,3
103865,3
103866,3
103867,3
103868,3
103869,3
103870,3
103871,3
103872,3
103873,3
103874,3
103875,3
103876,3
103877,3
103878,3
103879,3
103880,3
103881,0
103882,3
103883,3
103884,3
103885,3
103886,3
103887,3
103888,3
103889,3
103890,3
103891,3
103892,3
103893,3
103894,3
103895,3
103896,3
103897,3
103898,0
103899,3
103900,3
103901,3
103902,3
103903,0
103904,0
103905,3
103906,3
103907,3
103908,0
103909,0
103910,3
103911,3
103912,3
103913,3
103914,3
103915,3
103916,3
103917,3
103918,3
103919,3
103920,3
103921,3
103922,3
103923,3
103924,3
103925,3
103926,3
103927,3
103928,3
103929,3
103930,3
103931,3
103932,3
103933,3
103934,3
103935,3
103936,3
103937,3
103938,3
103939,3
103940,3
103941,3
103942,3
103943,3
103944,3
103945,3
103946,3
103947,3
103948,3
103949,3
103950,3
103951,3
103952,3
103953,3
103954,3
103955,3
103956,3
103957,3
103958,3
103959,3
103960,3
103961,3
103962,3
103963,3
103964,3
103965,3
103966,3
103967,3
103968,3
103969,3
103970,3
103971,3
103972,3
103973,3
103974,3
103975,3
103976,3
103977,3
103978,3
103979,3
103980,3
103981,3
103982,3
103983,3
103984,3
103985,3
103986,3
103987,3
103988,3
103989,3
103990,3
103991,3
103992,3
103993,3
103994,3
103995,3
103996,3
103997,3
103998,3
103999,3
104000,3
104001,3
104002,3
104003,3
104004,3
104005,3
104006,3
104007,3
104008,3
104009,3
104010,3
104011,3
104012,3
104013,3
104014,3
104015,3
104016,3
104017,3
104018,3
104019,3
104020,3
104021,3
104022,3
104023,3
104024,3
104025,3
104026,3
104027,3
104028,3
104029,3
104030,3
104031,3
104032,3
104033,3
104034,3
104035,3
104036,3
104037,3
104038,3
104039,3
104040,3
104041,3
104042,3
104043,3
104044,3
104045,3
104046,3
104047,3
104048,3
104049,3
104050,3
104051,3
104052,3
104053,3
104054,3
104055,3
104056,3
104057,3
104058,3
104059,3
104060,3
104061,3
104062,3
104063,3
104064,3
104065,3
104066,3
104067,3
104068,3
104069,3
104070,3
104071,3
104072,3
104073,3
104074,3
104075,3
104076,3
104077,3
104078,3
104079,3
104080,3
104081,3
104082,3
104083,3
104084,3
104085,3
104086,3
104087,3
104088,3
104089,3
104090,2
104091,2
104092,3
104093,3
104094,3
104095,3
104096,3
104097,3
104098,3
104099,3
104100,3
104101,3
104102,3
104103,3
104104,3
104105,3
104106,3
104107,3
104108,3
104109,3
104110,3
104111,3
104112,3
104113,3
104114,3
104115,3
104116,3
104117,3
104118,3
104119,3
104120,3
104121,3
104122,3
104123,3
104124,3
104125,3
104126,3
104127,3
104128,3
104129,3
104130,3
104131,3
104132,3
104133,3
104134,3
104135,3
104136,3
104137,3
104138,3
104139,3
104140,3
104141,3
104142,3
104143,3
104144,3
104145,3
104146,3
104147,3
104148,3
104149,3
104150,3
104151,3
104152,3
104153,3
104154,3
104155,3
104156,3
104157,3
104158,3
104159,3
104160,3
104161,3
104162,3
104163,3
104164,3
104165,3
104166,3
104167,3
104168,3
104169,3
104170,3
104171,3
104172,3
104173,3
104174,3
104175,3
104176,3
104177,3
104178,3
104179,3
104180,3
104181,3
104182,3
104183,3
104184,3
104185,3
104186,3
104187,3
104188,3
104189,3
104190,3
104191,3
104192,3
104193,3
104194,3
104195,3
104196,3
104197,3
104198,3
104199,3
104200,3
104201,3
104202,3
104203,3
104204,3
104205,3
104206,3
104207,3
104208,3
104209,3
104210,3
104211,3
104212,3
104213,3
104214,3
104215,3
104216,3
104217,3
104218,3
104219,3
104220,3
104221,3
104222,3
104223,3
104224,3
104225,3
104226,3
104227,3
104228,3
104229,3
104230,3
104231,3
104232,3
104233,3
104234,3
104235,3
104236,3
104237,3
104238,3
104239,3
104240,3
104241,3
104242,3
104243,3
104244,3
104245,3
104246,3
104247,3
104248,3
104249,3
104250,3
104251,3
104252,3
104253,3
104254,3
104255,3
104256,3
104257,3
104258,3
104259,3
104260,3
104261,3
104262,3
104263,3
104264,3
104265,3
104266,3
104267,3
104268,3
104269,3
104270,3
104271,3
104272,3
104273,3
104274,3
104275,3
104276,3
104277,3
104278,3
104279,3
104280,3
104281,3
104282,3
104283,3
104284,3
104285,3
104286,3
104287,3
104288,3
104289,3
104290,3
104291,3
104292,3
104293,3
104294,3
104295,3
104296,3
104297,3
104298,3
104299,3
104300,3
104301,3
104302,3
104303,3
104304,3
104305,3
104306,3
104307,3
104308,3
104309,3
104310,3
104311,3
104312,3
104313,3
104314,3
104315,3
104316,3
104317,3
104318,3
104319,3
104320,3
104321,3
104322,3
104323,3
104324,3
104325,3
104326,3
104327,3
104328,3
104329,3
104330,3
104331,3
104332,3
104333,3
104334,3
104335,3
104336,3
104337,3
104338,3
104339,3
104340,3
104341,3
104342,3
104343,3
104344,3
104345,3
104346,3
104347,3
104348,3
104349,3
104350,3
104351,3
104352,3
104353,3
104354,3
104355,3
104356,3
104357,3
104358,3
104359,3
104360,3
104361,3
104362,3
104363,3
104364,3
104365,3
104366,3
104367,3
104368,3
104369,3
104370,3
104371,3
104372,3
104373,3
104374,3
104375,3
104376,3
104377,3
104378,3
104379,3
104380,3
104381,3
104382,3
104383,3
104384,3
104385,3
104386,3
104387,3
104388,3
104389,3
104390,3
104391,3
104392,3
104393,3
104394,3
104395,3
104396,3
104397,3
104398,3
104399,3
104400,3
104401,3
104402,3
104403,3
104404,3
104405,3
104406,3
104407,3
104408,3
104409,3
104410,3
104411,3
104412,3
104413,3
104414,3
104415,3
104416,3
104417,3
104418,3
104419,3
104420,3
104421,3
104422,3
104423,3
104424,3
104425,3
104426,3
104427,3
104428,3
104429,3
104430,3
104431,3
104432,3
104433,3
104434,3
104435,3
104436,2
104437,3
104438,3
104439,3
104440,3
104441,3
104442,3
104443,2
104444,3
104445,3
104446,3
104447,3
104448,3
104449,3
104450,3
104451,3
104452,3
104453,3
104454,3
104455,3
104456,3
104457,3
104458,3
104459,3
104460,3
104461,3
104462,3
104463,3
104464,3
104465,3
104466,3
104467,3
104468,3
104469,3
104470,3
104471,3
104472,3
104473,3
104474,3
104475,3
104476,3
104477,3
104478,3
104479,3
104480,3
104481,3
104482,3
104483,3
104484,3
104485,3
104486,3
104487,3
104488,3
104489,3
104490,3
104491,3
104492,3
104493,3
104494,3
104495,3
104496,3
104497,3
104498,3
104499,3
104500,3
104501,3
104502,3
104503,3
104504,3
104505,3
104506,3
104507,3
104508,3
104509,3
104510,3
104511,3
104512,3
104513,3
104514,3
104515,3
104516,3
104517,3
104518,3
104519,3
104520,3
104521,3
104522,3
104523,3
104524,3
104525,3
104526,3
104527,3
104528,3
104529,3
104530,3
104531,3
104532,3
104533,3
104534,3
104535,3
104536,3
104537,3
104538,3
104539,3
104540,3
104541,3
104542,3
104543,3
104544,3
104545,3
104546,3
104547,3
104548,3
104549,3
104550,3
104551,3
104552,3
104553,3
104554,3
104555,3
104556,3
104557,3
104558,3
104559,3
104560,3
104561,3
104562,3
104563,3
104564,3
104565,3
104566,3
104567,3
104568,3
104569,3
104570,3
104571,3
104572,3
104573,3
104574,3
104575,3
104576,3
104577,3
104578,3
104579,3
104580,3
104581,3
104582,3
104583,3
104584,3
104585,3
104586,3
104587,3
104588,3
104589,3
104590,3
104591,3
104592,3
104593,3
104594,3
104595,3
104596,3
104597,3
104598,3
104599,3
104600,3
104601,3
104602,3
104603,3
104604,3
104605,3
104606,3
104607,3
104608,3
104609,3
104610,3
104611,3
104612,3
104613,3
104614,3
104615,3
104616,3
104617,3
104618,3
104619,3
104620,3
104621,3
104622,3
104623,3
104624,3
104625,3
104626,3
104627,3
104628,3
104629,3
104630,3
104631,3
104632,3
104633,2
104634,3
104635,3
104636,3
104637,3
104638,3
104639,3
104640,3
104641,3
104642,3
104643,3
104644,3
104645,3
104646,3
104647,3
104648,3
104649,3
104650,3
104651,3
104652,3
104653,3
104654,3
104655,3
104656,3
104657,3
104658,3
104659,3
104660,3
104661,3
104662,3
104663,2
104664,3
104665,3
104666,3
104667,3
104668,3
104669,3
104670,3
104671,3
104672,2
104673,3
104674,2
104675,2
104676,2
104677,3
104678,3
104679,3
104680,3
104681,2
104682,3
104683,2
104684,3
104685,2
104686,2
104687,3
104688,3
104689,3
104690,2
104691,2
104692,2
104693,2
104694,2
104695,3
104696,2
104697,3
104698,3
104699,3
104700,3
104701,3
104702,3
104703,3
104704,3
104705,3
104706,3
104707,3
104708,3
104709,3
104710,3
104711,3
104712,2
104713,2
104714,2
104715,2
104716,3
104717,3
104718,3
104719,3
104720,3
104721,3
104722,3
104723,3
104724,3
104725,3
104726,3
104727,3
104728,3
104729,3
104730,3
104731,3
104732,3
104733,3
104734,3
104735,3
104736,3
104737,3
104738,3
104739,3
104740,3
104741,3
104742,3
104743,3
104744,3
104745,3
104746,3
104747,3
104748,3
104749,3
104750,3
104751,3
104752,3
104753,3
104754,3
104755,3
104756,3
104757,3
104758,3
104759,3
104760,3
104761,3
104762,3
104763,3
104764,3
104765,3
104766,3
104767,3
104768,3
104769,3
104770,3
104771,3
104772,3
104773,3
104774,3
104775,3
104776,3
104777,3
104778,3
104779,2
104780,3
104781,3
104782,3
104783,3
104784,3
104785,3
104786,3
104787,3
104788,3
104789,3
104790,3
104791,3
104792,3
104793,3
104794,3
104795,3
104796,3
104797,3
104798,3
104799,3
104800,3
104801,3
104802,3
104803,3
104804,3
104805,3
104806,3
104807,3
104808,3
104809,3
104810,3
104811,3
104812,3
104813,3
104814,3
104815,3
104816,3
104817,3
104818,3
104819,3
104820,3
104821,3
104822,3
104823,3
104824,3
104825,3
104826,3
104827,3
104828,3
104829,3
104830,3
104831,3
104832,3
104833,3
104834,3
104835,3
104836,3
104837,3
104838,3
104839,3
104840,3
104841,3
104842,3
104843,3
104844,3
104845,3
104846,3
104847,3
104848,3
104849,2
104850,2
104851,2
104852,3
104853,3
104854,2
104855,3
104856,3
104857,2
104858,2
104859,3
104860,3
104861,3
104862,3
104863,3
104864,3
104865,3
104866,3
104867,3
104868,3
104869,3
104870,3
104871,3
104872,2
104873,3
104874,3
104875,3
104876,3
104877,3
104878,3
104879,3
104880,3
104881,2
104882,2
104883,0
104884,2
104885,3
104886,2
104887,2
104888,2
104889,2
104890,3
104891,3
104892,3
104893,3
104894,3
104895,3
104896,2
104897,2
104898,3
104899,3
104900,2
104901,2
104902,3
104903,3
104904,3
104905,3
104906,2
104907,2
104908,3
104909,3
104910,3
104911,3
104912,3
104913,2
104914,2
104915,2
104916,3
104917,3
104918,3
104919,3
104920,3
104921,3
104922,3
104923,3
104924,3
104925,3
104926,3
104927,3
104928,2
104929,3
104930,3
104931,3
104932,3
104933,3
104934,2
104935,2
104936,3
104937,3
104938,2
104939,3
104940,3
104941,3
104942,3
104943,3
104944,3
104945,2
104946,2
104947,3
104948,2
104949,3
104950,2
104951,2
104952,2
104953,2
104954,3
104955,2
104956,3
104957,3
104958,3
104959,2
104960,3
104961,3
104962,3
104963,3
104964,3
104965,3
104966,2
104967,2
104968,3
104969,3
104970,3
104971,3
104972,3
104973,3
104974,2
104975,3
104976,3
104977,3
104978,3
104979,2
104980,2
104981,3
104982,2
104983,2
104984,2
104985,2
104986,3
104987,2
104988,3
104989,3
104990,3
104991,3
104992,3
104993,3
104994,3
104995,3
104996,3
104997,2
104998,2
104999,2
105000,2
105001,3
105002,3
105003,3
105004,2
105005,3
105006,3
105007,3
105008,3
105009,2
105010,3
105011,3
105012,2
105013,2
105014,2
105015,2
105016,2
105017,2
105018,3
105019,3
105020,3
105021,3
105022,3
105023,3
105024,3
105025,3
105026,3
105027,2
105028,3
105029,3
105030,2
105031,2
105032,3
105033,3
105034,3
105035,2
105036,3
105037,2
105038,3
105039,3
105040,3
105041,3
105042,3
105043,3
105044,3
105045,3
105046,3
105047,3
105048,3
105049,3
105050,3
105051,3
105052,3
105053,3
105054,3
105055,3
105056,3
105057,3
105058,3
105059,3
105060,3
105061,3
105062,3
105063,3
105064,3
105065,3
105066,3
105067,3
105068,3
105069,3
105070,3
105071,3
105072,3
105073,3
105074,3
105075,3
105076,3
105077,3
105078,3
105079,3
105080,3
105081,3
105082,3
105083,3
105084,3
105085,3
105086,3
105087,3
105088,3
105089,3
105090,3
105091,3
105092,3
105093,3
105094,3
105095,3
105096,3
105097,3
105098,3
105099,3
105100,3
105101,3
105102,3
105103,3
105104,3
105105,3
105106,3
105107,3
105108,3
105109,3
105110,3
105111,3
105112,3
105113,3
105114,3
105115,3
105116,3
105117,3
105118,3
105119,3
105120,3
105121,3
105122,3
105123,3
105124,3
105125,3
105126,3
105127,3
105128,3
105129,3
105130,3
105131,3
105132,3
105133,3
105134,3
105135,3
105136,3
105137,3
105138,3
105139,3
105140,3
105141,3
105142,3
105143,3
105144,3
105145,3
105146,3
105147,3
105148,3
105149,3
105150,3
105151,3
105152,3
105153,3
105154,3
105155,3
105156,3
105157,3
105158,3
105159,3
105160,3
105161,3
105162,3
105163,3
105164,3
105165,3
105166,3
105167,3
105168,3
105169,3
105170,3
105171,3
105172,3
105173,3
105174,3
105175,3
105176,3
105177,3
105178,3
105179,3
105180,3
105181,3
105182,3
105183,3
105184,3
105185,3
105186,3
105187,3
105188,3
105189,3
105190,3
105191,3
105192,3
105193,3
105194,3
105195,3
105196,3
105197,3
105198,3
105199,3
105200,3
105201,3
105202,3
105203,3
105204,3
105205,3
105206,3
105207,3
105208,3
105209,3
105210,3
105211,3
105212,3
105213,3
105214,3
105215,3
105216,3
105217,3
105218,3
105219,3
105220,3
105221,3
105222,3
105223,3
105224,3
105225,3
105226,3
105227,3
105228,3
105229,3
105230,3
105231,3
105232,3
105233,3
105234,3
105235,3
105236,3
105237,3
105238,3
105239,3
105240,3
105241,3
105242,3
105243,3
105244,3
105245,3
105246,3
105247,3
105248,3
105249,3
105250,3
105251,3
105252,3
105253,3
105254,3
105255,3
105256,3
105257,3
105258,3
105259,3
105260,3
105261,3
105262,3
105263,3
105264,3
105265,3
105266,3
105267,3
105268,3
105269,3
105270,3
105271,3
105272,3
105273,3
105274,3
105275,3
105276,3
105277,3
105278,3
105279,3
105280,3
105281,3
105282,3
105283,3
105284,3
105285,3
105286,3
105287,3
105288,3
105289,3
105290,3
105291,3
105292,3
105293,3
105294,3
105295,3
105296,3
105297,3
105298,3
105299,3
105300,3
105301,3
105302,3
105303,3
105304,3
105305,3
105306,3
105307,3
105308,3
105309,3
105310,3
105311,3
105312,3
105313,3
105314,3
105315,3
105316,3
105317,3
105318,3
105319,3
105320,3
105321,3
105322,3
105323,3
105324,3
105325,3
105326,3
105327,3
105328,3
105329,3
105330,3
105331,3
105332,3
105333,3
105334,3
105335,3
105336,3
105337,3
105338,3
105339,3
105340,3
105341,3
105342,3
105343,3
105344,3
105345,3
105346,3
105347,3
105348,3
105349,3
105350,3
105351,3
105352,3
105353,3
105354,3
105355,3
105356,3
105357,3
105358,3
105359,3
105360,3
105361,3
105362,3
105363,3
105364,3
105365,3
105366,3
105367,3
105368,3
105369,3
105370,3
105371,3
105372,3
105373,3
105374,3
105375,3
105376,3
105377,3
105378,3
105379,3
105380,3
105381,3
105382,3
105383,3
105384,3
105385,3
105386,3
105387,3
105388,3
105389,3
105390,3
105391,3
105392,3
105393,3
105394,3
105395,3
105396,3
105397,3
105398,3
105399,3
105400,3
105401,3
105402,3
105403,3
105404,3
105405,3
105406,3
105407,3
105408,3
105409,3
105410,3
105411,3
105412,3
105413,3
105414,3
105415,3
105416,3
105417,3
105418,3
105419,3
105420,3
105421,3
105422,3
105423,3
105424,3
105425,3
105426,3
105427,3
105428,3
105429,3
105430,3
105431,3
105432,3
105433,3
105434,3
105435,3
105436,3
105437,3
105438,3
105439,3
105440,3
105441,3
105442,3
105443,3
105444,3
105445,3
105446,3
105447,3
105448,3
105449,3
105450,3
105451,3
105452,3
105453,3
105454,3
105455,3
105456,3
105457,3
105458,3
105459,3
105460,3
105461,3
105462,3
105463,3
105464,3
105465,3
105466,3
105467,3
105468,3
105469,3
105470,3
105471,3
105472,3
105473,3
105474,3
105475,3
105476,3
105477,3
105478,3
105479,3
105480,3
105481,3
105482,3
105483,3
105484,3
105485,3
105486,3
105487,3
105488,3
105489,3
105490,3
105491,3
105492,3
105493,3
105494,3
105495,3
105496,3
105497,3
105498,3
105499,3
105500,3
105501,3
105502,3
105503,3
105504,3
105505,3
105506,3
105507,3
105508,3
105509,3
105510,3
105511,3
105512,3
105513,3
105514,3
105515,3
105516,3
105517,3
105518,3
105519,3
105520,3
105521,3
105522,3
105523,3
105524,3
105525,3
105526,3
105527,3
105528,3
105529,3
105530,3
105531,3
105532,3
105533,3
105534,3
105535,3
105536,3
105537,3
105538,3
105539,3
105540,3
105541,3
105542,3
105543,3
105544,3
105545,3
105546,3
105547,3
105548,3
105549,3
105550,3
105551,3
105552,3
105553,3
105554,3
105555,3
105556,3
105557,3
105558,3
105559,3
105560,3
105561,3
105562,3
105563,3
105564,3
105565,3
105566,3
105567,3
105568,3
105569,3
105570,3
105571,3
105572,3
105573,3
105574,3
105575,3
105576,3
105577,3
105578,3
105579,3
105580,3
105581,3
105582,3
105583,3
105584,3
105585,3
105586,3
105587,3
105588,3
105589,3
105590,3
105591,3
105592,3
105593,3
105594,3
105595,3
105596,3
105597,3
105598,3
105599,3
105600,3
105601,3
105602,3
105603,3
105604,3
105605,3
105606,3
105607,3
105608,3
105609,3
105610,3
105611,3
105612,3
105613,3
105614,3
105615,3
105616,3
105617,3
105618,3
105619,3
105620,3
105621,3
105622,3
105623,3
105624,3
105625,3
105626,3
105627,3
105628,3
105629,3
105630,3
105631,3
105632,3
105633,3
105634,3
105635,3
105636,3
105637,3
105638,3
105639,3
105640,3
105641,3
105642,3
105643,3
105644,3
105645,3
105646,3
105647,3
105648,3
105649,3
105650,3
105651,3
105652,3
105653,3
105654,3
105655,3
105656,3
105657,3
105658,3
105659,3
105660,3
105661,3
105662,3
105663,3
105664,3
105665,3
105666,3
105667,3
105668,3
105669,3
105670,3
105671,3
105672,3
105673,3
105674,3
105675,3
105676,3
105677,3
105678,3
105679,3
105680,3
105681,3
105682,3
105683,3
105684,3
105685,3
105686,3
105687,3
105688,3
105689,3
105690,3
105691,3
105692,3
105693,3
105694,3
105695,3
105696,3
105697,3
105698,3
105699,3
105700,3
105701,3
105702,3
105703,3
105704,3
105705,3
105706,3
105707,3
105708,3
105709,3
105710,3
105711,3
105712,3
105713,3
105714,3
105715,3
105716,3
105717,3
105718,3
105719,3
105720,3
105721,3
105722,3
105723,3
105724,3
105725,3
105726,3
105727,3
105728,3
105729,3
105730,3
105731,3
105732,3
105733,3
105734,3
105735,3
105736,3
105737,3
105738,3
105739,3
105740,3
105741,3
105742,3
105743,3
105744,3
105745,3
105746,3
105747,3
105748,3
105749,3
105750,3
105751,3
105752,3
105753,3
105754,3
105755,3
105756,3
105757,3
105758,3
105759,3
105760,3
105761,3
105762,3
105763,3
105764,3
105765,3
105766,3
105767,3
105768,3
105769,3
105770,3
105771,3
105772,3
105773,3
105774,3
105775,3
105776,3
105777,3
105778,3
105779,3
105780,3
105781,3
105782,3
105783,3
105784,3
105785,3
105786,3
105787,3
105788,3
105789,3
105790,3
105791,3
105792,3
105793,3
105794,3
105795,3
105796,3
105797,3
105798,3
105799,3
105800,3
105801,3
105802,3
105803,3
105804,3
105805,3
105806,3
105807,3
105808,3
105809,3
105810,3
105811,3
105812,3
105813,3
105814,3
105815,3
105816,3
105817,3
105818,3
105819,3
105820,3
105821,3
105822,3
105823,3
105824,3
105825,3
105826,3
105827,3
105828,3
105829,3
105830,3
105831,3
105832,3
105833,3
105834,3
105835,3
105836,3
105837,3
105838,3
105839,3
105840,3
105841,3
105842,3
105843,3
105844,3
105845,3
105846,3
105847,3
105848,3
105849,3
105850,3
105851,3
105852,3
105853,3
105854,3
105855,3
105856,3
105857,3
105858,3
105859,3
105860,3
105861,3
105862,3
105863,3
105864,3
105865,3
105866,3
105867,3
105868,3
105869,3
105870,3
105871,3
105872,3
105873,3
105874,3
105875,3
105876,3
105877,3
105878,3
105879,3
105880,3
105881,3
105882,3
105883,3
105884,3
105885,3
105886,3
105887,3
105888,3
105889,3
105890,3
105891,3
105892,3
105893,3
105894,3
105895,3
105896,3
105897,3
105898,3
105899,3
105900,3
105901,3
105902,3
105903,3
105904,3
105905,3
105906,3
105907,3
105908,3
105909,3
105910,3
105911,3
105912,3
105913,3
105914,3
105915,3
105916,3
105917,3
105918,3
105919,3
105920,3
105921,3
105922,3
105923,3
105924,3
105925,3
105926,3
105927,3
105928,3
105929,3
105930,3
105931,3
105932,3
105933,3
105934,3
105935,3
105936,3
105937,3
105938,3
105939,3
105940,3
105941,3
105942,3
105943,3
105944,3
105945,3
105946,3
105947,3
105948,3
105949,3
105950,3
105951,3
105952,3
105953,3
105954,3
105955,3
105956,3
105957,3
105958,3
105959,3
105960,3
105961,3
105962,3
105963,3
105964,3
105965,3
105966,3
105967,3
105968,3
105969,3
105970,3
105971,3
105972,3
105973,3
105974,3
105975,3
105976,3
105977,3
105978,3
105979,3
105980,3
105981,3
105982,3
105983,3
105984,3
105985,3
105986,3
105987,3
105988,3
105989,3
105990,3
105991,3
105992,3
105993,3
105994,3
105995,3
105996,3
105997,3
105998,3
105999,3
106000,3
106001,3
106002,3
106003,3
106004,3
106005,3
106006,3
106007,3
106008,3
106009,3
106010,1
106011,3
106012,3
106013,3
106014,3
106015,3
106016,3
106017,3
106018,3
106019,3
106020,3
106021,3
106022,3
106023,3
106024,3
106025,3
106026,3
106027,3
106028,3
106029,3
106030,3
106031,3
106032,3
106033,3
106034,3
106035,3
106036,3
106037,3
106038,3
106039,3
106040,3
106041,3
106042,3
106043,3
106044,3
106045,3
106046,3
106047,3
106048,3
106049,3
106050,3
106051,3
106052,3
106053,3
106054,3
106055,3
106056,3
106057,3
106058,3
106059,3
106060,3
106061,3
106062,3
106063,3
106064,3
106065,3
106066,3
106067,3
106068,3
106069,3
106070,3
106071,3
106072,3
106073,3
106074,3
106075,3
106076,3
106077,3
106078,3
106079,3
106080,3
106081,3
106082,3
106083,3
106084,3
106085,3
106086,3
106087,3
106088,3
106089,3
106090,3
106091,3
106092,3
106093,3
106094,3
106095,3
106096,3
106097,3
106098,3
106099,3
106100,3
106101,3
106102,3
106103,3
106104,3
106105,3
106106,3
106107,3
106108,3
106109,3
106110,3
106111,3
106112,3
106113,3
106114,3
106115,3
106116,3
106117,3
106118,3
106119,3
106120,3
106121,3
106122,3
106123,3
106124,3
106125,3
106126,3
106127,3
106128,3
106129,3
106130,3
106131,3
106132,3
106133,3
106134,3
106135,3
106136,3
106137,3
106138,3
106139,3
106140,3
106141,3
106142,3
106143,3
106144,3
106145,3
106146,3
106147,3
106148,3
106149,3
106150,3
106151,3
106152,3
106153,3
106154,3
106155,3
106156,3
106157,3
106158,3
106159,3
106160,3
106161,3
106162,3
106163,3
106164,3
106165,3
106166,3
106167,3
106168,3
106169,3
106170,3
106171,3
106172,3
106173,3
106174,3
106175,3
106176,3
106177,3
106178,3
106179,3
106180,3
106181,3
106182,3
106183,3
106184,3
106185,3
106186,3
106187,3
106188,3
106189,3
106190,3
106191,3
106192,3
106193,3
106194,3
106195,3
106196,3
106197,3
106198,3
106199,3
106200,3
106201,3
106202,3
106203,3
106204,3
106205,3
106206,3
106207,3
106208,3
106209,3
106210,3
106211,3
106212,3
106213,3
106214,3
106215,3
106216,3
106217,3
106218,3
106219,3
106220,3
106221,3
106222,3
106223,3
106224,3
106225,3
106226,3
106227,3
106228,3
106229,3
106230,3
106231,3
106232,3
106233,3
106234,3
106235,3
106236,3
106237,3
106238,3
106239,3
106240,3
106241,3
106242,3
106243,3
106244,3
106245,3
106246,3
106247,3
106248,3
106249,3
106250,3
106251,3
106252,3
106253,3
106254,3
106255,3
106256,3
106257,3
106258,3
106259,3
106260,3
106261,3
106262,3
106263,3
106264,3
106265,3
106266,3
106267,3
106268,3
106269,3
106270,3
106271,3
106272,3
106273,3
106274,3
106275,3
106276,3
106277,3
106278,3
106279,3
106280,3
106281,3
106282,3
106283,3
106284,3
106285,3
106286,3
106287,3
106288,3
106289,3
106290,3
106291,3
106292,3
106293,3
106294,3
106295,3
106296,3
106297,3
106298,3
106299,3
106300,3
106301,3
106302,3
106303,3
106304,3
106305,3
106306,3
106307,3
106308,3
106309,3
106310,3
106311,3
106312,3
106313,3
106314,3
106315,3
106316,3
106317,3
106318,3
106319,3
106320,3
106321,3
106322,3
106323,3
106324,3
106325,3
106326,3
106327,3
106328,3
106329,3
106330,3
106331,3
106332,3
106333,3
106334,3
106335,3
106336,2
106337,3
106338,3
106339,3
106340,3
106341,3
106342,3
106343,3
106344,3
106345,3
106346,3
106347,3
106348,3
106349,3
106350,3
106351,3
106352,3
106353,3
106354,3
106355,3
106356,3
106357,3
106358,3
106359,3
106360,3
106361,3
106362,3
106363,3
106364,3
106365,3
106366,3
106367,3
106368,3
106369,3
106370,3
106371,3
106372,3
106373,3
106374,3
106375,3
106376,3
106377,3
106378,3
106379,3
106380,3
106381,3
106382,3
106383,3
106384,3
106385,3
106386,3
106387,3
106388,3
106389,3
106390,3
106391,3
106392,3
106393,3
106394,3
106395,3
106396,3
106397,3
106398,3
106399,3
106400,3
106401,3
106402,3
106403,3
106404,3
106405,3
106406,3
106407,3
106408,3
106409,3
106410,3
106411,3
106412,3
106413,3
106414,3
106415,3
106416,3
106417,3
106418,3
106419,3
106420,3
106421,3
106422,3
106423,3
106424,3
106425,3
106426,3
106427,3
106428,3
106429,3
106430,3
106431,3
106432,3
106433,3
106434,3
106435,3
106436,3
106437,3
106438,3
106439,3
106440,3
106441,3
106442,3
106443,3
106444,3
106445,3
106446,3
106447,3
106448,3
106449,3
106450,3
106451,3
106452,3
106453,3
106454,3
106455,3
106456,3
106457,3
106458,3
106459,3
106460,3
106461,3
106462,3
106463,3
106464,3
106465,3
106466,3
106467,3
106468,3
106469,3
106470,3
106471,3
106472,3
106473,3
106474,3
106475,3
106476,3
106477,3
106478,3
106479,3
106480,3
106481,3
106482,3
106483,3
106484,3
106485,3
106486,3
106487,3
106488,3
106489,3
106490,3
106491,3
106492,3
106493,3
106494,3
106495,3
106496,3
106497,3
106498,3
106499,3
106500,3
106501,3
106502,3
106503,3
106504,3
106505,3
106506,3
106507,3
106508,3
106509,3
106510,3
106511,3
106512,3
106513,3
106514,3
106515,3
106516,3
106517,3
106518,3
106519,3
106520,3
106521,3
106522,3
106523,3
106524,3
106525,3
106526,3
106527,3
106528,3
106529,3
106530,3
106531,3
106532,3
106533,3
106534,3
106535,3
106536,3
106537,3
106538,3
106539,3
106540,3
106541,3
106542,3
106543,3
106544,3
106545,3
106546,3
106547,3
106548,3
106549,3
106550,3
106551,3
106552,3
106553,3
106554,3
106555,3
106556,3
106557,3
106558,3
106559,3
106560,3
106561,3
106562,3
106563,3
106564,3
106565,3
106566,3
106567,3
106568,3
106569,3
106570,3
106571,3
106572,3
106573,3
106574,3
106575,3
106576,3
106577,3
106578,3
106579,3
106580,3
106581,3
106582,3
106583,3
106584,3
106585,3
106586,3
106587,3
106588,3
106589,3
106590,3
106591,3
106592,3
106593,3
106594,3
106595,3
106596,3
106597,3
106598,3
106599,3
106600,3
106601,3
106602,3
106603,3
106604,3
106605,3
106606,3
106607,3
106608,3
106609,3
106610,3
106611,3
106612,3
106613,3
106614,3
106615,3
106616,3
106617,3
106618,3
106619,3
106620,3
106621,3
106622,3
106623,3
106624,3
106625,3
106626,3
106627,3
106628,3
106629,3
106630,3
106631,3
106632,3
106633,3
106634,3
106635,3
106636,3
106637,3
106638,3
106639,3
106640,3
106641,3
106642,3
106643,3
106644,3
106645,3
106646,3
106647,3
106648,3
106649,3
106650,3
106651,3
106652,3
106653,3
106654,3
106655,3
106656,3
106657,3
106658,3
106659,3
106660,3
106661,3
106662,3
106663,3
106664,3
106665,3
106666,3
106667,3
106668,3
106669,3
106670,3
106671,3
106672,3
106673,3
106674,3
106675,3
106676,3
106677,3
106678,3
106679,3
106680,3
106681,3
106682,3
106683,3
106684,3
106685,3
106686,3
106687,3
106688,3
106689,3
106690,3
106691,3
106692,3
106693,3
106694,3
106695,3
106696,3
106697,3
106698,3
106699,3
106700,3
106701,3
106702,3
106703,3
106704,3
106705,3
106706,3
106707,3
106708,3
106709,3
106710,3
106711,3
106712,3
106713,3
106714,3
106715,3
106716,3
106717,3
106718,3
106719,3
106720,3
106721,3
106722,3
106723,3
106724,3
106725,3
106726,3
106727,3
106728,3
106729,3
106730,3
106731,3
106732,3
106733,3
106734,3
106735,3
106736,3
106737,3
106738,3
106739,3
106740,3
106741,3
106742,3
106743,3
106744,3
106745,3
106746,3
106747,3
106748,3
106749,3
106750,3
106751,3
106752,3
106753,3
106754,3
106755,3
106756,3
106757,3
106758,3
106759,3
106760,3
106761,3
106762,3
106763,3
106764,3
106765,3
106766,3
106767,3
106768,3
106769,3
106770,3
106771,3
106772,3
106773,3
106774,3
106775,3
106776,3
106777,3
106778,3
106779,3
106780,3
106781,3
106782,3
106783,3
106784,3
106785,3
106786,3
106787,3
106788,3
106789,3
106790,3
106791,3
106792,3
106793,3
106794,3
106795,3
106796,3
106797,3
106798,3
106799,3
106800,3
106801,3
106802,3
106803,3
106804,3
106805,3
106806,3
106807,3
106808,3
106809,3
106810,3
106811,3
106812,3
106813,3
106814,3
106815,3
106816,3
106817,3
106818,3
106819,3
106820,3
106821,3
106822,3
106823,3
106824,3
106825,3
106826,3
106827,3
106828,3
106829,3
106830,3
106831,3
106832,3
106833,3
106834,3
106835,3
106836,3
106837,3
106838,3
106839,3
106840,3
106841,3
106842,3
106843,3
106844,3
106845,3
106846,3
106847,3
106848,3
106849,3
106850,3
106851,3
106852,3
106853,3
106854,3
106855,3
106856,3
106857,3
106858,3
106859,3
106860,3
106861,3
106862,3
106863,3
106864,3
106865,3
106866,3
106867,3
106868,3
106869,3
106870,3
106871,3
106872,3
106873,3
106874,3
106875,3
106876,3
106877,3
106878,3
106879,3
106880,3
106881,3
106882,3
106883,3
106884,3
106885,3
106886,3
106887,3
106888,3
106889,3
106890,3
106891,3
106892,3
106893,3
106894,3
106895,3
106896,3
106897,3
106898,3
106899,3
106900,3
106901,3
106902,3
106903,3
106904,3
106905,3
106906,3
106907,3
106908,3
106909,3
106910,3
106911,3
106912,3
106913,3
106914,3
106915,3
106916,3
106917,3
106918,3
106919,3
106920,3
106921,3
106922,3
106923,3
106924,3
106925,3
106926,3
106927,3
106928,3
106929,3
106930,3
106931,3
106932,3
106933,3
106934,3
106935,3
106936,3
106937,3
106938,3
106939,3
106940,3
106941,3
106942,3
106943,3
106944,3
106945,3
106946,3
106947,3
106948,3
106949,3
106950,3
106951,3
106952,3
106953,3
106954,3
106955,3
106956,3
106957,3
106958,3
106959,3
106960,3
106961,3
106962,3
106963,3
106964,3
106965,3
106966,3
106967,3
106968,3
106969,3
106970,3
106971,3
106972,3
106973,3
106974,3
106975,3
106976,3
106977,3
106978,3
106979,3
106980,3
106981,3
106982,3
106983,3
106984,3
106985,3
106986,3
106987,3
106988,3
106989,3
106990,3
106991,3
106992,3
106993,3
106994,3
106995,3
106996,3
106997,3
106998,3
106999,3
107000,3
107001,3
107002,3
107003,3
107004,3
107005,3
107006,3
107007,3
107008,3
107009,3
107010,3
107011,3
107012,3
107013,3
107014,3
107015,3
107016,3
107017,3
107018,3
107019,3
107020,3
107021,3
107022,3
107023,3
107024,3
107025,3
107026,3
107027,3
107028,3
107029,3
107030,3
107031,3
107032,3
107033,3
107034,3
107035,3
107036,3
107037,3
107038,3
107039,3
107040,3
107041,3
107042,3
107043,3
107044,3
107045,3
107046,3
107047,3
107048,3
107049,3
107050,3
107051,3
107052,3
107053,3
107054,3
107055,3
107056,3
107057,3
107058,3
107059,3
107060,3
107061,3
107062,3
107063,3
107064,3
107065,3
107066,3
107067,3
107068,3
107069,3
107070,3
107071,3
107072,3
107073,3
107074,3
107075,3
107076,3
107077,3
107078,3
107079,3
107080,3
107081,3
107082,3
107083,3
107084,3
107085,3
107086,3
107087,3
107088,3
107089,3
107090,3
107091,3
107092,3
107093,3
107094,3
107095,3
107096,3
107097,3
107098,3
107099,3
107100,3
107101,3
107102,3
107103,3
107104,3
107105,3
107106,3
107107,3
107108,3
107109,3
107110,3
107111,3
107112,3
107113,2
107114,2
107115,2
107116,2
107117,2
107118,2
107119,2
107120,2
107121,2
107122,2
107123,2
107124,2
107125,2
107126,2
107127,2
107128,2
107129,2
107130,2
107131,2
107132,2
107133,2
107134,2
107135,2
107136,2
107137,2
107138,2
107139,2
107140,2
107141,2
107142,2
107143,2
107144,2
107145,2
107146,2
107147,2
107148,2
107149,2
107150,2
107151,2
107152,2
107153,2
107154,2
107155,2
107156,2
107157,2
107158,2
107159,2
107160,2
107161,2
107162,2
107163,2
107164,2
107165,2
107166,2
107167,2
107168,2
107169,2
107170,2
107171,2
107172,2
107173,2
107174,2
107175,2
107176,2
107177,3
107178,2
107179,2
107180,2
107181,2
107182,2
107183,2
107184,2
107185,2
107186,2
107187,2
107188,2
107189,2
107190,2
107191,2
107192,2
107193,2
107194,2
107195,2
107196,2
107197,2
107198,2
107199,2
107200,2
107201,2
107202,2
107203,2
107204,2
107205,2
107206,2
107207,2
107208,2
107209,2
107210,2
107211,2
107212,2
107213,2
107214,2
107215,2
107216,2
107217,2
107218,2
107219,2
107220,2
107221,2
107222,2
107223,2
107224,2
107225,2
107226,2
107227,2
107228,2
107229,2
107230,2
107231,2
107232,2
107233,2
107234,2
107235,2
107236,2
107237,2
107238,2
107239,2
107240,2
107241,2
107242,2
107243,2
107244,2
107245,2
107246,2
107247,2
107248,2
107249,2
107250,2
107251,2
107252,2
107253,2
107254,2
107255,2
107256,2
107257,2
107258,2
107259,2
107260,2
107261,2
107262,2
107263,2
107264,2
107265,2
107266,2
107267,2
107268,2
107269,2
107270,2
107271,2
107272,2
107273,2
107274,2
107275,2
107276,2
107277,2
107278,2
107279,2
107280,2
107281,2
107282,2
107283,2
107284,2
107285,2
107286,2
107287,2
107288,2
107289,2
107290,2
107291,2
107292,2
107293,2
107294,2
107295,2
107296,2
107297,2
107298,2
107299,2
107300,2
107301,2
107302,2
107303,2
107304,2
107305,2
107306,2
107307,2
107308,2
107309,2
107310,2
107311,2
107312,2
107313,2
107314,2
107315,2
107316,2
107317,2
107318,2
107319,2
107320,2
107321,2
107322,2
107323,2
107324,2
107325,2
107326,2
107327,2
107328,2
107329,2
107330,2
107331,2
107332,2
107333,2
107334,2
107335,2
107336,2
107337,2
107338,2
107339,2
107340,2
107341,2
107342,2
107343,2
107344,2
107345,2
107346,2
107347,2
107348,2
107349,2
107350,2
107351,2
107352,2
107353,2
107354,2
107355,2
107356,2
107357,2
107358,2
107359,2
107360,2
107361,2
107362,2
107363,2
107364,2
107365,2
107366,2
107367,2
107368,2
107369,2
107370,2
107371,2
107372,2
107373,2
107374,2
107375,2
107376,2
107377,2
107378,2
107379,2
107380,2
107381,2
107382,2
107383,2
107384,2
107385,2
107386,2
107387,2
107388,2
107389,2
107390,2
107391,2
107392,2
107393,2
107394,2
107395,2
107396,2
107397,2
107398,2
107399,2
107400,2
107401,2
107402,2
107403,2
107404,2
107405,2
107406,2
107407,2
107408,2
107409,2
107410,2
107411,2
107412,2
107413,2
107414,2
107415,2
107416,2
107417,2
107418,2
107419,2
107420,2
107421,2
107422,2
107423,2
107424,2
107425,2
107426,2
107427,2
107428,2
107429,2
107430,2
107431,2
107432,2
107433,2
107434,2
107435,2
107436,2
107437,2
107438,2
107439,2
107440,2
107441,2
107442,2
107443,2
107444,2
107445,2
107446,2
107447,2
107448,2
107449,2
107450,2
107451,2
107452,2
107453,2
107454,2
107455,2
107456,2
107457,2
107458,2
107459,2
107460,2
107461,2
107462,2
107463,2
107464,2
107465,2
107466,2
107467,2
107468,2
107469,2
107470,2
107471,2
107472,2
107473,2
107474,2
107475,2
107476,2
107477,2
107478,2
107479,2
107480,2
107481,2
107482,2
107483,2
107484,2
107485,2
107486,2
107487,2
107488,2
107489,2
107490,2
107491,2
107492,2
107493,2
107494,2
107495,2
107496,2
107497,2
107498,2
107499,2
107500,2
107501,2
107502,2
107503,2
107504,2
107505,2
107506,2
107507,2
107508,2
107509,2
107510,2
107511,2
107512,2
107513,2
107514,2
107515,2
107516,2
107517,2
107518,2
107519,2
107520,2
107521,2
107522,2
107523,2
107524,2
107525,2
107526,2
107527,2
107528,2
107529,2
107530,2
107531,2
107532,2
107533,2
107534,2
107535,2
107536,2
107537,2
107538,2
107539,2
107540,2
107541,2
107542,2
107543,2
107544,2
107545,2
107546,2
107547,2
107548,2
107549,2
107550,2
107551,2
107552,2
107553,2
107554,2
107555,2
107556,2
107557,2
107558,2
107559,2
107560,3
107561,2
107562,2
107563,2
107564,2
107565,2
107566,2
107567,2
107568,2
107569,2
107570,2
107571,2
107572,2
107573,2
107574,2
107575,2
107576,2
107577,2
107578,2
107579,2
107580,2
107581,2
107582,2
107583,2
107584,2
107585,2
107586,2
107587,2
107588,2
107589,2
107590,2
107591,2
107592,2
107593,2
107594,2
107595,2
107596,2
107597,2
107598,2
107599,2
107600,2
107601,2
107602,2
107603,2
107604,2
107605,2
107606,2
107607,2
107608,3
107609,2
107610,2
107611,2
107612,2
107613,2
107614,2
107615,2
107616,2
107617,2
107618,2
107619,2
107620,2
107621,2
107622,2
107623,2
107624,2
107625,2
107626,2
107627,2
107628,2
107629,2
107630,2
107631,2
107632,2
107633,2
107634,2
107635,2
107636,2
107637,2
107638,2
107639,2
107640,2
107641,2
107642,2
107643,3
107644,2
107645,2
107646,2
107647,2
107648,2
107649,2
107650,2
107651,2
107652,2
107653,2
107654,2
107655,2
107656,2
107657,2
107658,2
107659,2
107660,2
107661,2
107662,2
107663,2
107664,2
107665,2
107666,2
107667,2
107668,2
107669,2
107670,2
107671,2
107672,3
107673,2
107674,2
107675,2
107676,2
107677,2
107678,2
107679,3
107680,3
107681,2
107682,2
107683,2
107684,2
107685,2
107686,2
107687,2
107688,2
107689,2
107690,2
107691,2
107692,2
107693,2
107694,3
107695,3
107696,3
107697,3
107698,3
107699,3
107700,3
107701,2
107702,3
107703,3
107704,3
107705,3
107706,3
107707,3
107708,3
107709,2
107710,2
107711,3
107712,3
107713,3
107714,2
107715,3
107716,3
107717,3
107718,3
107719,3
107720,3
107721,2
107722,3
107723,2
107724,3
107725,3
107726,3
107727,3
107728,3
107729,3
107730,3
107731,3
107732,3
107733,3
107734,2
107735,3
107736,3
107737,3
107738,3
107739,3
107740,3
107741,3
107742,3
107743,3
107744,3
107745,3
107746,3
107747,3
107748,3
107749,3
107750,3
107751,3
107752,3
107753,3
107754,3
107755,3
107756,3
107757,3
107758,3
107759,3
107760,2
107761,3
107762,3
107763,3
107764,3
107765,3
107766,3
107767,3
107768,3
107769,3
107770,3
107771,3
107772,3
107773,3
107774,3
107775,3
107776,3
107777,3
107778,3
107779,2
107780,2
107781,3
107782,3
107783,3
107784,3
107785,3
107786,3
107787,3
107788,3
107789,3
107790,3
107791,3
107792,3
107793,3
107794,2
107795,2
107796,3
107797,3
107798,2
107799,3
107800,3
107801,3
107802,3
107803,3
107804,3
107805,3
107806,3
107807,3
107808,3
107809,3
107810,3
107811,3
107812,3
107813,3
107814,3
107815,3
107816,3
107817,3
107818,3
107819,3
107820,3
107821,3
107822,3
107823,3
107824,3
107825,2
107826,3
107827,2
107828,3
107829,3
107830,2
107831,3
107832,3
107833,3
107834,3
107835,3
107836,3
107837,3
107838,3
107839,3
107840,3
107841,3
107842,3
107843,3
107844,3
107845,3
107846,3
107847,3
107848,3
107849,3
107850,3
107851,3
107852,3
107853,3
107854,3
107855,3
107856,3
107857,3
107858,3
107859,3
107860,3
107861,3
107862,3
107863,3
107864,3
107865,3
107866,3
107867,3
107868,3
107869,3
107870,3
107871,3
107872,3
107873,3
107874,3
107875,3
107876,3
107877,3
107878,3
107879,3
107880,3
107881,3
107882,3
107883,3
107884,2
107885,3
107886,3
107887,2
107888,3
107889,3
107890,3
107891,3
107892,3
107893,3
107894,3
107895,3
107896,3
107897,3
107898,3
107899,3
107900,3
107901,3
107902,3
107903,3
107904,3
107905,3
107906,3
107907,3
107908,3
107909,3
107910,3
107911,3
107912,3
107913,3
107914,3
107915,3
107916,3
107917,3
107918,2
107919,3
107920,3
107921,3
107922,3
107923,3
107924,3
107925,3
107926,3
107927,3
107928,2
107929,2
107930,3
107931,3
107932,3
107933,3
107934,3
107935,3
107936,3
107937,3
107938,3
107939,3
107940,3
107941,3
107942,3
107943,3
107944,3
107945,3
107946,3
107947,3
107948,3
107949,3
107950,3
107951,3
107952,3
107953,3
107954,3
107955,3
107956,3
107957,3
107958,3
107959,3
107960,3
107961,3
107962,3
107963,3
107964,3
107965,3
107966,3
107967,3
107968,3
107969,3
107970,3
107971,2
107972,2
107973,3
107974,3
107975,3
107976,3
107977,3
107978,3
107979,3
107980,3
107981,3
107982,3
107983,3
107984,3
107985,3
107986,3
107987,3
107988,3
107989,3
107990,3
107991,3
107992,2
107993,3
107994,2
107995,3
107996,3
107997,3
107998,3
107999,3
108000,3
108001,3
108002,3
108003,3
108004,3
108005,3
108006,3
108007,3
108008,2
108009,3
108010,3
108011,3
108012,3
108013,3
108014,3
108015,3
108016,2
108017,3
108018,2
108019,3
108020,3
108021,3
108022,3
108023,3
108024,3
108025,3
108026,2
108027,3
108028,3
108029,3
108030,3
108031,3
108032,3
108033,3
108034,3
108035,3
108036,3
108037,3
108038,3
108039,3
108040,3
108041,3
108042,3
108043,3
108044,3
108045,3
108046,3
108047,3
108048,3
108049,3
108050,3
108051,3
108052,3
108053,3
108054,3
108055,3
108056,3
108057,2
108058,3
108059,2
108060,3
108061,3
108062,3
108063,3
108064,3
108065,3
108066,2
108067,3
108068,3
108069,3
108070,2
108071,2
108072,3
108073,2
108074,3
108075,3
108076,2
108077,3
108078,3
108079,3
108080,2
108081,3
108082,3
108083,3
108084,3
108085,3
108086,3
108087,3
108088,3
108089,3
108090,3
108091,3
108092,3
108093,3
108094,3
108095,3
108096,3
108097,3
108098,3
108099,3
108100,3
108101,3
108102,3
108103,2
108104,3
108105,3
108106,3
108107,3
108108,3
108109,3
108110,3
108111,3
108112,3
108113,2
108114,3
108115,2
108116,3
108117,3
108118,3
108119,3
108120,3
108121,3
108122,3
108123,3
108124,3
108125,2
108126,3
108127,3
108128,3
108129,3
108130,3
108131,3
108132,3
108133,3
108134,3
108135,3
108136,3
108137,3
108138,3
108139,2
108140,3
108141,3
108142,2
108143,3
108144,3
108145,2
108146,3
108147,3
108148,3
108149,3
108150,3
108151,3
108152,3
108153,3
108154,2
108155,3
108156,2
108157,3
108158,3
108159,3
108160,3
108161,3
108162,3
108163,3
108164,3
108165,3
108166,3
108167,3
108168,3
108169,3
108170,3
108171,3
108172,3
108173,3
108174,3
108175,3
108176,3
108177,3
108178,3
108179,3
108180,3
108181,3
108182,3
108183,3
108184,2
108185,3
108186,3
108187,3
108188,3
108189,3
108190,3
108191,3
108192,3
108193,3
108194,3
108195,3
108196,3
108197,3
108198,3
108199,3
108200,3
108201,3
108202,3
108203,3
108204,3
108205,3
108206,3
108207,3
108208,3
108209,3
108210,3
108211,3
108212,3
108213,3
108214,3
108215,3
108216,3
108217,3
108218,3
108219,3
108220,3
108221,3
108222,3
108223,3
108224,3
108225,3
108226,3
108227,3
108228,3
108229,3
108230,2
108231,3
108232,3
108233,3
108234,3
108235,3
108236,3
108237,3
108238,3
108239,3
108240,3
108241,3
108242,3
108243,3
108244,3
108245,3
108246,2
108247,3
108248,2
108249,3
108250,3
108251,2
108252,3
108253,3
108254,3
108255,3
108256,3
108257,3
108258,3
108259,3
108260,3
108261,3
108262,3
108263,3
108264,3
108265,3
108266,3
108267,3
108268,3
108269,3
108270,3
108271,3
108272,3
108273,3
108274,3
108275,3
108276,3
108277,3
108278,3
108279,3
108280,3
108281,3
108282,3
108283,3
108284,3
108285,3
108286,3
108287,3
108288,3
108289,3
108290,3
108291,3
108292,3
108293,3
108294,3
108295,3
108296,3
108297,3
108298,3
108299,3
108300,3
108301,3
108302,3
108303,3
108304,3
108305,3
108306,3
108307,3
108308,3
108309,3
108310,3
108311,3
108312,3
108313,3
108314,3
108315,3
108316,3
108317,3
108318,3
108319,3
108320,3
108321,3
108322,3
108323,3
108324,3
108325,3
108326,3
108327,3
108328,3
108329,3
108330,3
108331,3
108332,3
108333,3
108334,3
108335,3
108336,3
108337,3
108338,3
108339,3
108340,3
108341,3
108342,3
108343,3
108344,3
108345,3
108346,3
108347,3
108348,3
108349,3
108350,3
108351,3
108352,2
108353,3
108354,3
108355,3
108356,3
108357,3
108358,3
108359,3
108360,3
108361,3
108362,3
108363,3
108364,3
108365,2
108366,3
108367,3
108368,3
108369,2
108370,3
108371,3
108372,3
108373,3
108374,3
108375,3
108376,3
108377,3
108378,3
108379,2
108380,3
108381,3
108382,3
108383,3
108384,2
108385,3
108386,3
108387,2
108388,3
108389,3
108390,3
108391,3
108392,3
108393,3
108394,3
108395,3
108396,2
108397,3
108398,3
108399,3
108400,3
108401,3
108402,3
108403,3
108404,3
108405,3
108406,3
108407,2
108408,3
108409,2
108410,3
108411,3
108412,3
108413,2
108414,2
108415,3
108416,3
108417,3
108418,3
108419,3
108420,3
108421,3
108422,3
108423,2
108424,3
108425,3
108426,3
108427,3
108428,3
108429,3
108430,3
108431,3
108432,3
108433,3
108434,3
108435,3
108436,3
108437,3
108438,3
108439,3
108440,3
108441,3
108442,3
108443,3
108444,3
108445,3
108446,3
108447,3
108448,3
108449,3
108450,3
108451,3
108452,3
108453,3
108454,3
108455,3
108456,3
108457,3
108458,3
108459,3
108460,3
108461,3
108462,3
108463,3
108464,3
108465,3
108466,3
108467,3
108468,3
108469,3
108470,3
108471,3
108472,3
108473,3
108474,3
108475,3
108476,3
108477,3
108478,3
108479,3
108480,3
108481,3
108482,3
108483,3
108484,3
108485,2
108486,3
108487,3
108488,3
108489,3
108490,3
108491,3
108492,3
108493,3
108494,3
108495,3
108496,3
108497,3
108498,3
108499,3
108500,3
108501,3
108502,3
108503,3
108504,3
108505,3
108506,3
108507,3
108508,3
108509,3
108510,3
108511,3
108512,3
108513,3
108514,2
108515,3
108516,2
108517,3
108518,3
108519,2
108520,3
108521,3
108522,3
108523,3
108524,3
108525,3
108526,3
108527,3
108528,3
108529,3
108530,3
108531,3
108532,3
108533,3
108534,3
108535,3
108536,3
108537,3
108538,3
108539,3
108540,3
108541,3
108542,3
108543,3
108544,3
108545,3
108546,3
108547,3
108548,3
108549,3
108550,3
108551,3
108552,3
108553,3
108554,3
108555,3
108556,2
108557,3
108558,3
108559,3
108560,3
108561,3
108562,3
108563,3
108564,3
108565,3
108566,3
108567,3
108568,3
108569,3
108570,3
108571,3
108572,3
108573,3
108574,3
108575,3
108576,3
108577,3
108578,3
108579,3
108580,3
108581,3
108582,3
108583,3
108584,3
108585,3
108586,3
108587,3
108588,2
108589,3
108590,3
108591,3
108592,3
108593,3
108594,3
108595,3
108596,3
108597,3
108598,3
108599,3
108600,3
108601,3
108602,3
108603,3
108604,3
108605,3
108606,3
108607,3
108608,3
108609,3
108610,3
108611,3
108612,3
108613,3
108614,3
108615,3
108616,3
108617,3
108618,3
108619,3
108620,3
108621,3
108622,3
108623,3
108624,3
108625,3
108626,3
108627,3
108628,3
108629,3
108630,3
108631,3
108632,3
108633,3
108634,3
108635,3
108636,3
108637,3
108638,3
108639,3
108640,3
108641,3
108642,3
108643,3
108644,3
108645,3
108646,3
108647,3
108648,3
108649,3
108650,3
108651,3
108652,3
108653,3
108654,3
108655,3
108656,3
108657,3
108658,3
108659,3
108660,3
108661,3
108662,3
108663,3
108664,3
108665,3
108666,3
108667,3
108668,3
108669,3
108670,3
108671,3
108672,2
108673,3
108674,3
108675,3
108676,3
108677,3
108678,3
108679,3
108680,3
108681,3
108682,3
108683,3
108684,3
108685,2
108686,2
108687,3
108688,2
108689,3
108690,3
108691,2
108692,3
108693,3
108694,3
108695,3
108696,3
108697,3
108698,3
108699,3
108700,3
108701,3
108702,3
108703,3
108704,3
108705,3
108706,3
108707,3
108708,3
108709,3
108710,3
108711,3
108712,3
108713,3
108714,3
108715,3
108716,3
108717,3
108718,3
108719,3
108720,3
108721,3
108722,3
108723,3
108724,3
108725,3
108726,3
108727,3
108728,3
108729,3
108730,3
108731,3
108732,3
108733,3
108734,3
108735,3
108736,3
108737,3
108738,3
108739,3
108740,3
108741,3
108742,3
108743,3
108744,3
108745,3
108746,3
108747,3
108748,3
108749,3
108750,3
108751,3
108752,3
108753,3
108754,3
108755,3
108756,3
108757,3
108758,3
108759,3
108760,3
108761,3
108762,3
108763,3
108764,3
108765,3
108766,3
108767,3
108768,3
108769,3
108770,3
108771,3
108772,3
108773,3
108774,3
108775,3
108776,3
108777,3
108778,3
108779,3
108780,3
108781,3
108782,3
108783,3
108784,3
108785,3
108786,3
108787,3
108788,3
108789,3
108790,3
108791,3
108792,3
108793,3
108794,3
108795,3
108796,3
108797,3
108798,3
108799,3
108800,3
108801,3
108802,3
108803,3
108804,3
108805,3
108806,3
108807,3
108808,3
108809,3
108810,3
108811,3
108812,3
108813,3
108814,3
108815,3
108816,3
108817,3
108818,3
108819,3
108820,3
108821,3
108822,3
108823,3
108824,3
108825,3
108826,3
108827,3
108828,3
108829,3
108830,3
108831,3
108832,3
108833,3
108834,3
108835,3
108836,3
108837,3
108838,3
108839,3
108840,3
108841,3
108842,3
108843,3
108844,3
108845,3
108846,3
108847,3
108848,3
108849,3
108850,3
108851,3
108852,3
108853,3
108854,3
108855,3
108856,3
108857,3
108858,3
108859,3
108860,3
108861,3
108862,3
108863,3
108864,3
108865,3
108866,3
108867,3
108868,3
108869,3
108870,3
108871,3
108872,3
108873,3
108874,3
108875,3
108876,3
108877,3
108878,3
108879,3
108880,3
108881,3
108882,3
108883,3
108884,3
108885,3
108886,3
108887,3
108888,3
108889,3
108890,3
108891,3
108892,3
108893,3
108894,3
108895,3
108896,3
108897,3
108898,3
108899,3
108900,3
108901,3
108902,3
108903,3
108904,3
108905,3
108906,3
108907,3
108908,3
108909,3
108910,3
108911,3
108912,3
108913,3
108914,3
108915,3
108916,3
108917,3
108918,3
108919,3
108920,3
108921,3
108922,3
108923,3
108924,3
108925,3
108926,3
108927,3
108928,3
108929,3
108930,3
108931,3
108932,3
108933,3
108934,3
108935,3
108936,3
108937,3
108938,3
108939,3
108940,3
108941,3
108942,3
108943,3
108944,3
108945,3
108946,3
108947,3
108948,3
108949,3
108950,3
108951,3
108952,3
108953,3
108954,3
108955,3
108956,3
108957,3
108958,3
108959,3
108960,3
108961,3
108962,3
108963,3
108964,3
108965,3
108966,3
108967,3
108968,3
108969,3
108970,3
108971,3
108972,3
108973,3
108974,3
108975,3
108976,3
108977,3
108978,3
108979,3
108980,3
108981,3
108982,3
108983,3
108984,3
108985,3
108986,3
108987,3
108988,3
108989,3
108990,3
108991,3
108992,3
108993,3
108994,3
108995,3
108996,3
108997,3
108998,3
108999,3
109000,3
109001,3
109002,3
109003,3
109004,3
109005,3
109006,3
109007,3
109008,3
109009,3
109010,3
109011,3
109012,3
109013,3
109014,3
109015,3
109016,3
109017,3
109018,3
109019,3
109020,3
109021,3
109022,3
109023,3
109024,3
109025,3
109026,3
109027,3
109028,3
109029,3
109030,3
109031,3
109032,3
109033,3
109034,3
109035,3
109036,3
109037,3
109038,3
109039,3
109040,3
109041,3
109042,3
109043,3
109044,3
109045,3
109046,3
109047,3
109048,3
109049,3
109050,3
109051,3
109052,3
109053,3
109054,3
109055,3
109056,3
109057,3
109058,3
109059,3
109060,3
109061,3
109062,3
109063,3
109064,3
109065,3
109066,3
109067,3
109068,3
109069,3
109070,3
109071,3
109072,3
109073,3
109074,3
109075,3
109076,3
109077,3
109078,3
109079,3
109080,3
109081,3
109082,3
109083,3
109084,3
109085,3
109086,3
109087,3
109088,3
109089,3
109090,3
109091,3
109092,3
109093,3
109094,3
109095,3
109096,3
109097,3
109098,3
109099,3
109100,3
109101,3
109102,3
109103,3
109104,3
109105,3
109106,3
109107,3
109108,3
109109,3
109110,3
109111,3
109112,3
109113,3
109114,3
109115,3
109116,3
109117,3
109118,3
109119,3
109120,3
109121,3
109122,3
109123,3
109124,3
109125,3
109126,3
109127,3
109128,3
109129,3
109130,3
109131,3
109132,3
109133,3
109134,3
109135,3
109136,3
109137,3
109138,3
109139,3
109140,3
109141,3
109142,3
109143,3
109144,3
109145,3
109146,3
109147,3
109148,3
109149,3
109150,3
109151,3
109152,3
109153,3
109154,3
109155,3
109156,3
109157,3
109158,3
109159,3
109160,3
109161,3
109162,3
109163,3
109164,3
109165,3
109166,3
109167,3
109168,3
109169,3
109170,3
109171,3
109172,3
109173,3
109174,3
109175,3
109176,3
109177,3
109178,3
109179,3
109180,3
109181,3
109182,3
109183,3
109184,3
109185,3
109186,3
109187,3
109188,3
109189,3
109190,3
109191,3
109192,3
109193,3
109194,3
109195,3
109196,3
109197,3
109198,3
109199,3
109200,3
109201,3
109202,3
109203,3
109204,3
109205,3
109206,3
109207,3
109208,3
109209,3
109210,3
109211,3
109212,3
109213,3
109214,3
109215,3
109216,3
109217,3
109218,3
109219,3
109220,3
109221,3
109222,3
109223,3
109224,3
109225,3
109226,3
109227,3
109228,3
109229,3
109230,3
109231,3
109232,3
109233,3
109234,3
109235,3
109236,3
109237,3
109238,3
109239,3
109240,3
109241,3
109242,3
109243,3
109244,3
109245,3
109246,3
109247,3
109248,3
109249,3
109250,3
109251,3
109252,3
109253,3
109254,3
109255,3
109256,3
109257,3
109258,3
109259,2
109260,3
109261,3
109262,3
109263,3
109264,2
109265,2
109266,3
109267,3
109268,3
109269,3
109270,3
109271,3
109272,3
109273,2
109274,3
109275,3
109276,3
109277,3
109278,3
109279,3
109280,3
109281,3
109282,3
109283,3
109284,3
109285,3
109286,3
109287,3
109288,3
109289,3
109290,3
109291,3
109292,3
109293,3
109294,3
109295,2
109296,2
109297,3
109298,3
109299,3
109300,3
109301,3
109302,3
109303,3
109304,3
109305,3
109306,3
109307,3
109308,3
109309,3
109310,3
109311,3
109312,3
109313,3
109314,3
109315,3
109316,3
109317,3
109318,3
109319,3
109320,3
109321,3
109322,3
109323,3
109324,3
109325,3
109326,3
109327,3
109328,3
109329,3
109330,3
109331,3
109332,3
109333,3
109334,3
109335,3
109336,3
109337,3
109338,3
109339,3
109340,3
109341,3
109342,3
109343,3
109344,2
109345,3
109346,3
109347,3
109348,3
109349,3
109350,3
109351,3
109352,3
109353,3
109354,2
109355,3
109356,3
109357,3
109358,2
109359,2
109360,3
109361,3
109362,3
109363,3
109364,3
109365,3
109366,3
109367,3
109368,3
109369,3
109370,3
109371,3
109372,3
109373,3
109374,3
109375,3
109376,3
109377,3
109378,3
109379,3
109380,3
109381,3
109382,3
109383,3
109384,3
109385,3
109386,3
109387,3
109388,3
109389,3
109390,3
109391,3
109392,3
109393,3
109394,3
109395,3
109396,3
109397,3
109398,2
109399,3
109400,3
109401,3
109402,2
109403,3
109404,3
109405,3
109406,3
109407,3
109408,3
109409,3
109410,3
109411,3
109412,2
109413,3
109414,3
109415,3
109416,3
109417,3
109418,2
109419,2
109420,3
109421,3
109422,2
109423,2
109424,3
109425,3
109426,3
109427,3
109428,3
109429,3
109430,3
109431,3
109432,3
109433,3
109434,3
109435,3
109436,3
109437,3
109438,3
109439,3
109440,3
109441,3
109442,3
109443,3
109444,3
109445,3
109446,3
109447,3
109448,3
109449,3
109450,3
109451,3
109452,3
109453,3
109454,3
109455,3
109456,3
109457,3
109458,3
109459,3
109460,3
109461,3
109462,3
109463,3
109464,3
109465,3
109466,3
109467,3
109468,3
109469,3
109470,3
109471,3
109472,3
109473,3
109474,3
109475,3
109476,3
109477,3
109478,3
109479,3
109480,3
109481,3
109482,3
109483,3
109484,3
109485,3
109486,3
109487,3
109488,3
109489,3
109490,3
109491,3
109492,3
109493,3
109494,3
109495,3
109496,3
109497,3
109498,3
109499,3
109500,3
109501,3
109502,3
109503,3
109504,3
109505,3
109506,3
109507,3
109508,3
109509,3
109510,2
109511,2
109512,2
109513,3
109514,2
109515,3
109516,3
109517,3
109518,3
109519,3
109520,3
109521,3
109522,3
109523,3
109524,3
109525,3
109526,3
109527,3
109528,3
109529,3
109530,3
109531,3
109532,3
109533,3
109534,3
109535,3
109536,3
109537,3
109538,3
109539,3
109540,3
109541,3
109542,3
109543,3
109544,3
109545,3
109546,3
109547,3
109548,3
109549,3
109550,3
109551,3
109552,3
109553,3
109554,3
109555,3
109556,3
109557,3
109558,2
109559,2
109560,3
109561,3
109562,3
109563,3
109564,3
109565,3
109566,3
109567,3
109568,3
109569,3
109570,3
109571,3
109572,3
109573,3
109574,3
109575,3
109576,3
109577,3
109578,3
109579,3
109580,3
109581,3
109582,3
109583,3
109584,3
109585,3
109586,3
109587,3
109588,3
109589,3
109590,3
109591,3
109592,2
109593,3
109594,3
109595,3
109596,3
109597,2
109598,3
109599,3
109600,3
109601,3
109602,3
109603,3
109604,3
109605,3
109606,3
109607,3
109608,3
109609,3
109610,3
109611,3
109612,3
109613,3
109614,3
109615,3
109616,2
109617,3
109618,3
109619,3
109620,3
109621,3
109622,3
109623,3
109624,3
109625,3
109626,3
109627,3
109628,3
109629,3
109630,3
109631,2
109632,2
109633,2
109634,2
109635,3
109636,2
109637,3
109638,2
109639,2
109640,2
109641,3
109642,3
109643,3
109644,2
109645,3
109646,3
109647,2
109648,3
109649,2
109650,2
109651,2
109652,3
109653,2
109654,3
109655,3
109656,3
109657,3
109658,3
109659,3
109660,2
109661,3
109662,3
109663,3
109664,3
109665,3
109666,3
109667,3
109668,2
109669,3
109670,3
109671,3
109672,3
109673,3
109674,2
109675,3
109676,3
109677,3
109678,3
109679,3
109680,3
109681,3
109682,3
109683,3
109684,3
109685,3
109686,2
109687,3
109688,2
109689,3
109690,3
109691,3
109692,3
109693,3
109694,3
109695,3
109696,2
109697,2
109698,2
109699,2
109700,2
109701,3
109702,3
109703,3
109704,3
109705,3
109706,3
109707,3
109708,3
109709,2
109710,3
109711,3
109712,3
109713,3
109714,3
109715,3
109716,3
109717,2
109718,3
109719,3
109720,2
109721,3
109722,3
109723,2
109724,2
109725,3
109726,3
109727,2
109728,2
109729,3
109730,3
109731,3
109732,3
109733,3
109734,3
109735,3
109736,2
109737,2
109738,2
109739,3
109740,2
109741,2
109742,2
109743,2
109744,3
109745,3
109746,3
109747,2
109748,3
109749,2
109750,2
109751,3
109752,3
109753,2
109754,2
109755,3
109756,3
109757,3
109758,3
109759,2
109760,3
109761,2
109762,2
109763,2
109764,3
109765,3
109766,2
109767,3
109768,2
109769,2
109770,3
109771,3
109772,3
109773,3
109774,3
109775,2
109776,2
109777,2
109778,2
109779,2
109780,3
109781,2
109782,3
109783,3
109784,3
109785,2
109786,2
109787,3
109788,3
109789,3
109790,3
109791,3
109792,3
109793,3
109794,2
109795,2
109796,3
109797,3
109798,3
109799,3
109800,3
109801,3
109802,2
109803,3
109804,2
109805,2
109806,2
109807,3
109808,3
109809,3
109810,3
109811,3
109812,3
109813,3
109814,3
109815,2
109816,3
109817,3
109818,3
109819,2
109820,2
109821,3
109822,3
109823,3
109824,3
109825,3
109826,3
109827,3
109828,3
109829,3
109830,2
109831,3
109832,3
109833,2
109834,2
109835,2
109836,2
109837,3
109838,3
109839,3
109840,3
109841,2
109842,3
109843,2
109844,2
109845,2
109846,3
109847,3
109848,2
109849,2
109850,2
109851,2
109852,2
109853,2
109854,3
109855,2
109856,2
109857,3
109858,3
109859,3
109860,3
109861,2
109862,3
109863,3
109864,3
109865,3
109866,3
109867,2
109868,2
109869,2
109870,2
109871,2
109872,2
109873,3
109874,3
109875,3
109876,3
109877,2
109878,3
109879,2
109880,3
109881,3
109882,3
109883,3
109884,3
109885,3
109886,3
109887,2
109888,3
109889,3
109890,2
109891,2
109892,3
109893,3
109894,3
109895,3
109896,2
109897,3
109898,3
109899,3
109900,3
109901,3
109902,2
109903,2
109904,2
109905,2
109906,3
109907,3
109908,2
109909,3
109910,2
109911,3
109912,3
109913,3
109914,3
109915,2
109916,3
109917,2
109918,2
109919,2
109920,3
109921,3
109922,3
109923,2
109924,3
109925,3
109926,3
109927,2
109928,2
109929,3
109930,3
109931,3
109932,2
109933,3
109934,3
109935,3
109936,3
109937,3
109938,3
109939,3
109940,3
109941,3
109942,3
109943,3
109944,3
109945,3
109946,3
109947,3
109948,3
109949,3
109950,3
109951,3
109952,3
109953,3
109954,3
109955,3
109956,3
109957,3
109958,3
109959,3
109960,3
109961,3
109962,3
109963,3
109964,3
109965,3
109966,3
109967,3
109968,3
109969,3
109970,3
109971,3
109972,3
109973,3
109974,3
109975,3
109976,3
109977,3
109978,3
109979,3
109980,3
109981,3
109982,3
109983,3
109984,3
109985,3
109986,3
109987,3
109988,3
109989,3
109990,3
109991,3
109992,3
109993,3
109994,3
109995,3
109996,3
109997,3
109998,3
109999,3
110000,3
110001,3
110002,3
110003,3
110004,3
110005,3
110006,3
110007,3
110008,3
110009,3
110010,3
110011,3
110012,3
110013,3
110014,3
110015,3
110016,3
110017,3
110018,3
110019,3
110020,3
110021,3
110022,3
110023,3
110024,3
110025,3
110026,3
110027,3
110028,3
110029,3
110030,3
110031,3
110032,3
110033,3
110034,3
110035,3
110036,3
110037,3
110038,3
110039,3
110040,3
110041,3
110042,3
110043,3
110044,3
110045,3
110046,3
110047,3
110048,3
110049,3
110050,3
110051,3
110052,3
110053,3
110054,3
110055,3
110056,3
110057,3
110058,3
110059,3
110060,3
110061,3
110062,3
110063,3
110064,3
110065,3
110066,3
110067,3
110068,3
110069,3
110070,3
110071,3
110072,3
110073,3
110074,3
110075,3
110076,3
110077,3
110078,3
110079,3
110080,3
110081,3
110082,3
110083,3
110084,3
110085,3
110086,3
110087,3
110088,3
110089,3
110090,3
110091,3
110092,3
110093,3
110094,3
110095,3
110096,3
110097,3
110098,3
110099,3
110100,3
110101,3
110102,3
110103,3
110104,3
110105,3
110106,3
110107,3
110108,3
110109,3
110110,3
110111,3
110112,3
110113,3
110114,3
110115,3
110116,3
110117,3
110118,3
110119,3
110120,3
110121,3
110122,3
110123,3
110124,3
110125,3
110126,3
110127,3
110128,3
110129,3
110130,3
110131,3
110132,3
110133,3
110134,3
110135,3
110136,3
110137,3
110138,3
110139,3
110140,3
110141,3
110142,3
110143,3
110144,3
110145,3
110146,3
110147,3
110148,3
110149,3
110150,3
110151,3
110152,3
110153,3
110154,3
110155,3
110156,3
110157,3
110158,3
110159,3
110160,3
110161,3
110162,3
110163,3
110164,3
110165,3
110166,3
110167,3
110168,3
110169,3
110170,3
110171,3
110172,3
110173,3
110174,3
110175,3
110176,3
110177,3
110178,3
110179,3
110180,3
110181,3
110182,3
110183,3
110184,3
110185,3
110186,3
110187,3
110188,3
110189,3
110190,3
110191,3
110192,3
110193,3
110194,3
110195,3
110196,3
110197,3
110198,3
110199,3
110200,3
110201,3
110202,3
110203,3
110204,3
110205,3
110206,3
110207,3
110208,3
110209,3
110210,3
110211,3
110212,3
110213,3
110214,3
110215,3
110216,3
110217,3
110218,3
110219,3
110220,3
110221,3
110222,3
110223,3
110224,3
110225,3
110226,3
110227,3
110228,3
110229,3
110230,3
110231,3
110232,3
110233,3
110234,3
110235,3
110236,3
110237,3
110238,3
110239,3
110240,3
110241,3
110242,3
110243,3
110244,3
110245,3
110246,3
110247,3
110248,3
110249,3
110250,3
110251,3
110252,3
110253,3
110254,3
110255,3
110256,3
110257,3
110258,3
110259,3
110260,3
110261,3
110262,3
110263,3
110264,3
110265,3
110266,3
110267,3
110268,3
110269,3
110270,3
110271,3
110272,3
110273,3
110274,3
110275,3
110276,3
110277,3
110278,3
110279,3
110280,3
110281,3
110282,3
110283,3
110284,3
110285,3
110286,3
110287,3
110288,3
110289,3
110290,3
110291,3
110292,3
110293,3
110294,3
110295,3
110296,3
110297,3
110298,3
110299,3
110300,3
110301,3
110302,3
110303,3
110304,3
110305,3
110306,3
110307,3
110308,3
110309,3
110310,3
110311,3
110312,3
110313,3
110314,3
110315,3
110316,3
110317,3
110318,3
110319,3
110320,3
110321,3
110322,2
110323,2
110324,2
110325,3
110326,3
110327,3
110328,2
110329,3
110330,3
110331,3
110332,3
110333,3
110334,3
110335,3
110336,3
110337,3
110338,3
110339,3
110340,3
110341,3
110342,3
110343,3
110344,3
110345,3
110346,2
110347,3
110348,3
110349,3
110350,3
110351,3
110352,3
110353,3
110354,3
110355,3
110356,3
110357,3
110358,3
110359,3
110360,3
110361,3
110362,3
110363,3
110364,3
110365,3
110366,3
110367,3
110368,3
110369,3
110370,3
110371,3
110372,3
110373,3
110374,3
110375,3
110376,3
110377,3
110378,3
110379,3
110380,3
110381,3
110382,3
110383,3
110384,3
110385,3
110386,2
110387,3
110388,2
110389,3
110390,2
110391,2
110392,3
110393,3
110394,3
110395,3
110396,3
110397,3
110398,2
110399,3
110400,3
110401,3
110402,3
110403,3
110404,3
110405,3
110406,2
110407,3
110408,3
110409,3
110410,2
110411,2
110412,2
110413,2
110414,2
110415,2
110416,2
110417,2
110418,2
110419,2
110420,2
110421,2
110422,2
110423,2
110424,3
110425,2
110426,3
110427,2
110428,2
110429,3
110430,3
110431,3
110432,3
110433,3
110434,3
110435,3
110436,3
110437,2
110438,3
110439,3
110440,3
110441,3
110442,2
110443,2
110444,3
110445,2
110446,2
110447,3
110448,3
110449,3
110450,2
110451,2
110452,3
110453,2
110454,2
110455,3
110456,2
110457,2
110458,2
110459,3
110460,2
110461,2
110462,2
110463,2
110464,3
110465,3
110466,2
110467,2
110468,3
110469,2
110470,2
110471,2
110472,2
110473,3
110474,3
110475,2
110476,3
110477,2
110478,2
110479,2
110480,2
110481,3
110482,2
110483,2
110484,2
110485,3
110486,3
110487,2
110488,3
110489,3
110490,3
110491,3
110492,3
110493,2
110494,3
110495,2
110496,3
110497,2
110498,3
110499,3
110500,2
110501,3
110502,2
110503,3
110504,2
110505,3
110506,2
110507,2
110508,2
110509,2
110510,3
110511,2
110512,3
110513,3
110514,2
110515,3
110516,2
110517,2
110518,3
110519,3
110520,3
110521,3
110522,2
110523,2
110524,2
110525,2
110526,2
110527,2
110528,2
110529,3
110530,2
110531,2
110532,3
110533,3
110534,3
110535,2
110536,3
110537,3
110538,2
110539,3
110540,2
110541,2
110542,2
110543,3
110544,3
110545,2
110546,2
110547,2
110548,2
110549,2
110550,3
110551,2
110552,2
110553,2
110554,2
110555,2
110556,2
110557,2
110558,2
110559,2
110560,2
110561,2
110562,2
110563,3
110564,3
110565,2
110566,3
110567,3
110568,2
110569,2
110570,2
110571,3
110572,2
110573,3
110574,2
110575,3
110576,2
110577,3
110578,2
110579,2
110580,2
110581,3
110582,2
110583,2
110584,2
110585,2
110586,3
110587,3
110588,2
110589,3
110590,3
110591,2
110592,3
110593,3
110594,3
110595,3
110596,3
110597,3
110598,3
110599,3
110600,3
110601,3
110602,3
110603,3
110604,3
110605,3
110606,3
110607,3
110608,3
110609,3
110610,3
110611,3
110612,3
110613,3
110614,3
110615,3
110616,3
110617,3
110618,3
110619,3
110620,3
110621,3
110622,3
110623,3
110624,3
110625,3
110626,3
110627,3
110628,3
110629,3
110630,3
110631,3
110632,3
110633,3
110634,3
110635,3
110636,3
110637,3
110638,3
110639,3
110640,3
110641,3
110642,3
110643,3
110644,3
110645,3
110646,3
110647,3
110648,3
110649,3
110650,3
110651,3
110652,3
110653,3
110654,3
110655,3
110656,3
110657,3
110658,3
110659,3
110660,3
110661,3
110662,3
110663,3
110664,3
110665,3
110666,3
110667,3
110668,3
110669,3
110670,3
110671,3
110672,3
110673,3
110674,3
110675,3
110676,3
110677,3
110678,3
110679,3
110680,3
110681,3
110682,3
110683,3
110684,3
110685,3
110686,3
110687,3
110688,3
110689,3
110690,3
110691,3
110692,3
110693,3
110694,3
110695,3
110696,3
110697,3
110698,3
110699,3
110700,3
110701,3
110702,3
110703,3
110704,3
110705,3
110706,3
110707,3
110708,3
110709,3
110710,3
110711,3
110712,3
110713,3
110714,3
110715,3
110716,3
110717,3
110718,3
110719,3
110720,3
110721,3
110722,3
110723,3
110724,3
110725,3
110726,3
110727,3
110728,3
110729,3
110730,3
110731,3
110732,3
110733,3
110734,3
110735,3
110736,3
110737,3
110738,3
110739,3
110740,3
110741,3
110742,3
110743,3
110744,3
110745,3
110746,3
110747,3
110748,3
110749,3
110750,3
110751,3
110752,3
110753,3
110754,3
110755,3
110756,3
110757,3
110758,3
110759,3
110760,3
110761,3
110762,3
110763,3
110764,3
110765,3
110766,3
110767,3
110768,3
110769,3
110770,3
110771,3
110772,3
110773,3
110774,3
110775,3
110776,3
110777,3
110778,3
110779,3
110780,3
110781,3
110782,3
110783,3
110784,3
110785,3
110786,3
110787,3
110788,3
110789,3
110790,3
110791,3
110792,3
110793,3
110794,3
110795,3
110796,3
110797,3
110798,3
110799,3
110800,3
110801,3
110802,3
110803,3
110804,3
110805,3
110806,3
110807,3
110808,3
110809,3
110810,3
110811,3
110812,3
110813,3
110814,3
110815,3
110816,3
110817,3
110818,3
110819,3
110820,3
110821,3
110822,3
110823,3
110824,3
110825,3
110826,3
110827,3
110828,3
110829,3
110830,3
110831,3
110832,3
110833,3
110834,3
110835,3
110836,3
110837,3
110838,3
110839,3
110840,3
110841,3
110842,3
110843,3
110844,3
110845,3
110846,3
110847,3
110848,3
110849,3
110850,3
110851,3
110852,3
110853,3
110854,3
110855,3
110856,3
110857,3
110858,3
110859,3
110860,3
110861,3
110862,3
110863,3
110864,3
110865,3
110866,3
110867,3
110868,3
110869,3
110870,3
110871,3
110872,3
110873,3
110874,3
110875,3
110876,3
110877,3
110878,3
110879,3
110880,3
110881,3
110882,3
110883,3
110884,3
110885,3
110886,3
110887,3
110888,3
110889,3
110890,3
110891,3
110892,3
110893,3
110894,3
110895,3
110896,3
110897,3
110898,3
110899,3
110900,3
110901,3
110902,3
110903,3
110904,3
110905,3
110906,3
110907,3
110908,3
110909,3
110910,3
110911,3
110912,3
110913,3
110914,3
110915,3
110916,3
110917,3
110918,3
110919,3
110920,3
110921,3
110922,3
110923,3
110924,3
110925,3
110926,3
110927,3
110928,3
110929,3
110930,3
110931,3
110932,3
110933,3
110934,3
110935,3
110936,3
110937,3
110938,3
110939,3
110940,3
110941,3
110942,3
110943,3
110944,3
110945,3
110946,3
110947,3
110948,3
110949,3
110950,3
110951,3
110952,3
110953,3
110954,3
110955,3
110956,3
110957,3
110958,3
110959,3
110960,3
110961,3
110962,3
110963,3
110964,3
110965,3
110966,3
110967,3
110968,3
110969,3
110970,3
110971,3
110972,3
110973,3
110974,3
110975,3
110976,3
110977,3
110978,3
110979,3
110980,3
110981,3
110982,3
110983,3
110984,3
110985,3
110986,3
110987,3
110988,3
110989,3
110990,3
110991,3
110992,3
110993,3
110994,3
110995,3
110996,3
110997,3
110998,3
110999,3
111000,3
111001,3
111002,3
111003,3
111004,3
111005,3
111006,3
111007,3
111008,3
111009,3
111010,3
111011,3
111012,3
111013,3
111014,3
111015,3
111016,3
111017,3
111018,3
111019,3
111020,3
111021,3
111022,3
111023,3
111024,3
111025,3
111026,3
111027,3
111028,3
111029,3
111030,3
111031,3
111032,3
111033,3
111034,3
111035,3
111036,3
111037,3
111038,3
111039,3
111040,3
111041,3
111042,3
111043,3
111044,3
111045,3
111046,3
111047,3
111048,3
111049,3
111050,3
111051,3
111052,3
111053,3
111054,3
111055,3
111056,3
111057,3
111058,3
111059,3
111060,3
111061,3
111062,3
111063,3
111064,3
111065,3
111066,3
111067,3
111068,3
111069,3
111070,3
111071,3
111072,3
111073,3
111074,3
111075,3
111076,3
111077,3
111078,3
111079,3
111080,3
111081,3
111082,3
111083,3
111084,3
111085,3
111086,3
111087,3
111088,3
111089,3
111090,3
111091,3
111092,3
111093,3
111094,3
111095,3
111096,3
111097,3
111098,3
111099,3
111100,3
111101,3
111102,3
111103,3
111104,3
111105,3
111106,3
111107,3
111108,3
111109,3
111110,3
111111,3
111112,3
111113,3
111114,3
111115,3
111116,3
111117,3
111118,3
111119,3
111120,3
111121,3
111122,3
111123,3
111124,3
111125,3
111126,3
111127,3
111128,3
111129,3
111130,3
111131,3
111132,3
111133,3
111134,3
111135,3
111136,3
111137,3
111138,3
111139,3
111140,3
111141,3
111142,3
111143,3
111144,3
111145,3
111146,3
111147,3
111148,3
111149,3
111150,3
111151,3
111152,3
111153,3
111154,3
111155,3
111156,3
111157,3
111158,3
111159,3
111160,3
111161,3
111162,3
111163,3
111164,3
111165,3
111166,3
111167,3
111168,3
111169,3
111170,3
111171,3
111172,3
111173,3
111174,3
111175,3
111176,3
111177,3
111178,3
111179,3
111180,3
111181,3
111182,3
111183,3
111184,3
111185,3
111186,3
111187,3
111188,3
111189,3
111190,3
111191,3
111192,3
111193,3
111194,3
111195,3
111196,3
111197,3
111198,3
111199,3
111200,3
111201,3
111202,3
111203,3
111204,3
111205,3
111206,3
111207,3
111208,3
111209,3
111210,3
111211,3
111212,3
111213,3
111214,3
111215,3
111216,3
111217,3
111218,0
111219,2
111220,2
111221,0
111222,0
111223,0
111224,0
111225,0
111226,3
111227,0
111228,0
111229,0
111230,2
111231,2
111232,2
111233,2
111234,2
111235,2
111236,3
111237,3
111238,3
111239,3
111240,3
111241,0
111242,0
111243,0
111244,0
111245,0
111246,3
111247,0
111248,3
111249,3
111250,3
111251,3
111252,3
111253,3
111254,3
111255,3
111256,3
111257,3
111258,3
111259,3
111260,3
111261,3
111262,3
111263,3
111264,3
111265,3
111266,3
111267,3
111268,3
111269,3
111270,3
111271,3
111272,3
111273,3
111274,3
111275,3
111276,3
111277,3
111278,3
111279,3
111280,3
111281,3
111282,3
111283,3
111284,3
111285,3
111286,3
111287,3
111288,3
111289,3
111290,3
111291,3
111292,3
111293,3
111294,3
111295,3
111296,3
111297,3
111298,3
111299,3
111300,3
111301,3
111302,3
111303,3
111304,3
111305,3
111306,3
111307,3
111308,3
111309,3
111310,3
111311,3
111312,3
111313,3
111314,3
111315,3
111316,3
111317,3
111318,3
111319,3
111320,3
111321,3
111322,0
111323,0
111324,3
111325,3
111326,3
111327,3
111328,3
111329,3
111330,3
111331,3
111332,3
111333,3
111334,3
111335,3
111336,3
111337,3
111338,3
111339,3
111340,3
111341,3
111342,3
111343,3
111344,3
111345,3
111346,3
111347,3
111348,3
111349,3
111350,3
111351,3
111352,3
111353,3
111354,3
111355,3
111356,3
111357,3
111358,3
111359,3
111360,3
111361,3
111362,3
111363,3
111364,3
111365,3
111366,3
111367,3
111368,3
111369,3
111370,3
111371,3
111372,3
111373,3
111374,3
111375,3
111376,3
111377,3
111378,3
111379,3
111380,3
111381,3
111382,3
111383,3
111384,3
111385,3
111386,3
111387,3
111388,3
111389,3
111390,3
111391,3
111392,3
111393,3
111394,3
111395,3
111396,3
111397,3
111398,3
111399,3
111400,3
111401,2
111402,3
111403,3
111404,3
111405,3
111406,3
111407,3
111408,3
111409,3
111410,3
111411,3
111412,3
111413,3
111414,3
111415,3
111416,3
111417,3
111418,3
111419,3
111420,3
111421,3
111422,3
111423,3
111424,3
111425,3
111426,3
111427,3
111428,3
111429,3
111430,3
111431,3
111432,3
111433,3
111434,3
111435,3
111436,3
111437,3
111438,3
111439,3
111440,3
111441,3
111442,3
111443,3
111444,3
111445,3
111446,3
111447,3
111448,3
111449,3
111450,3
111451,3
111452,3
111453,3
111454,3
111455,3
111456,3
111457,3
111458,3
111459,3
111460,3
111461,3
111462,3
111463,3
111464,3
111465,3
111466,3
111467,3
111468,3
111469,3
111470,3
111471,3
111472,3
111473,3
111474,3
111475,3
111476,3
111477,3
111478,3
111479,3
111480,3
111481,3
111482,3
111483,3
111484,3
111485,3
111486,3
111487,3
111488,3
111489,3
111490,3
111491,3
111492,3
111493,3
111494,3
111495,3
111496,3
111497,3
111498,3
111499,3
111500,3
111501,3
111502,3
111503,3
111504,3
111505,3
111506,3
111507,3
111508,3
111509,3
111510,3
111511,3
111512,3
111513,3
111514,3
111515,3
111516,3
111517,3
111518,3
111519,3
111520,3
111521,3
111522,3
111523,3
111524,3
111525,3
111526,3
111527,3
111528,3
111529,3
111530,3
111531,3
111532,3
111533,3
111534,3
111535,3
111536,3
111537,3
111538,3
111539,3
111540,3
111541,3
111542,3
111543,3
111544,3
111545,3
111546,3
111547,3
111548,3
111549,3
111550,3
111551,3
111552,3
111553,3
111554,3
111555,3
111556,3
111557,3
111558,3
111559,3
111560,3
111561,3
111562,3
111563,3
111564,3
111565,3
111566,3
111567,3
111568,3
111569,3
111570,3
111571,3
111572,3
111573,3
111574,3
111575,3
111576,3
111577,3
111578,3
111579,3
111580,3
111581,3
111582,3
111583,3
111584,3
111585,3
111586,3
111587,3
111588,3
111589,3
111590,3
111591,3
111592,3
111593,3
111594,3
111595,3
111596,3
111597,3
111598,3
111599,3
111600,3
111601,3
111602,3
111603,3
111604,3
111605,3
111606,3
111607,3
111608,3
111609,3
111610,3
111611,3
111612,3
111613,3
111614,3
111615,3
111616,3
111617,3
111618,3
111619,3
111620,3
111621,3
111622,3
111623,3
111624,3
111625,3
111626,3
111627,3
111628,3
111629,3
111630,3
111631,3
111632,3
111633,3
111634,3
111635,3
111636,3
111637,3
111638,3
111639,3
111640,3
111641,3
111642,3
111643,3
111644,3
111645,3
111646,3
111647,3
111648,3
111649,3
111650,3
111651,3
111652,3
111653,3
111654,3
111655,3
111656,3
111657,3
111658,3
111659,3
111660,3
111661,3
111662,3
111663,3
111664,3
111665,3
111666,3
111667,3
111668,3
111669,3
111670,3
111671,3
111672,3
111673,3
111674,3
111675,3
111676,3
111677,3
111678,3
111679,3
111680,3
111681,3
111682,3
111683,3
111684,3
111685,3
111686,3
111687,3
111688,3
111689,3
111690,3
111691,3
111692,3
111693,3
111694,3
111695,3
111696,3
111697,3
111698,3
111699,3
111700,3
111701,3
111702,3
111703,3
111704,3
111705,3
111706,3
111707,3
111708,3
111709,3
111710,3
111711,3
111712,3
111713,3
111714,3
111715,3
111716,3
111717,3
111718,3
111719,3
111720,3
111721,3
111722,3
111723,3
111724,3
111725,3
111726,3
111727,3
111728,3
111729,3
111730,3
111731,3
111732,3
111733,3
111734,3
111735,3
111736,3
111737,3
111738,3
111739,3
111740,3
111741,3
111742,3
111743,3
111744,3
111745,3
111746,3
111747,3
111748,3
111749,3
111750,3
111751,3
111752,3
111753,3
111754,3
111755,3
111756,3
111757,3
111758,3
111759,3
111760,3
111761,3
111762,3
111763,3
111764,3
111765,3
111766,3
111767,3
111768,3
111769,3
111770,3
111771,3
111772,3
111773,3
111774,3
111775,3
111776,3
111777,3
111778,3
111779,3
111780,3
111781,3
111782,3
111783,3
111784,3
111785,3
111786,3
111787,3
111788,3
111789,3
111790,3
111791,3
111792,3
111793,3
111794,3
111795,3
111796,3
111797,3
111798,3
111799,3
111800,3
111801,3
111802,3
111803,3
111804,3
111805,3
111806,3
111807,3
111808,3
111809,3
111810,3
111811,3
111812,3
111813,3
111814,3
111815,3
111816,3
111817,3
111818,3
111819,3
111820,3
111821,3
111822,3
111823,3
111824,3
111825,3
111826,3
111827,3
111828,3
111829,3
111830,3
111831,3
111832,3
111833,3
111834,3
111835,3
111836,3
111837,3
111838,3
111839,3
111840,3
111841,3
111842,3
111843,3
111844,3
111845,3
111846,3
111847,3
111848,3
111849,3
111850,3
111851,3
111852,3
111853,3
111854,3
111855,3
111856,3
111857,3
111858,3
111859,3
111860,3
111861,3
111862,3
111863,3
111864,3
111865,3
111866,3
111867,3
111868,3
111869,3
111870,3
111871,3
111872,3
111873,3
111874,3
111875,3
111876,3
111877,3
111878,3
111879,3
111880,3
111881,3
111882,3
111883,3
111884,3
111885,3
111886,3
111887,3
111888,3
111889,3
111890,3
111891,3
111892,3
111893,3
111894,3
111895,3
111896,3
111897,3
111898,3
111899,3
111900,3
111901,3
111902,3
111903,3
111904,3
111905,3
111906,3
111907,3
111908,3
111909,3
111910,3
111911,3
111912,3
111913,3
111914,3
111915,3
111916,3
111917,3
111918,3
111919,3
111920,3
111921,3
111922,3
111923,3
111924,3
111925,3
111926,3
111927,3
111928,3
111929,3
111930,3
111931,3
111932,3
111933,3
111934,3
111935,3
111936,3
111937,3
111938,3
111939,3
111940,3
111941,3
111942,3
111943,3
111944,3
111945,3
111946,3
111947,3
111948,3
111949,3
111950,3
111951,3
111952,3
111953,3
111954,3
111955,3
111956,3
111957,3
111958,3
111959,3
111960,3
111961,3
111962,3
111963,3
111964,3
111965,3
111966,3
111967,3
111968,3
111969,3
111970,3
111971,3
111972,3
111973,3
111974,3
111975,3
111976,3
111977,3
111978,3
111979,3
111980,3
111981,3
111982,3
111983,3
111984,3
111985,3
111986,3
111987,3
111988,3
111989,3
111990,3
111991,3
111992,3
111993,3
111994,3
111995,3
111996,3
111997,3
111998,3
111999,3
112000,3
112001,3
112002,3
112003,3
112004,3
112005,3
112006,3
112007,3
112008,3
112009,3
112010,3
112011,3
112012,3
112013,3
112014,3
112015,3
112016,3
112017,3
112018,3
112019,3
112020,3
112021,3
112022,3
112023,3
112024,3
112025,3
112026,3
112027,3
112028,3
112029,3
112030,3
112031,3
112032,3
112033,3
112034,3
112035,3
112036,3
112037,3
112038,3
112039,3
112040,3
112041,3
112042,3
112043,3
112044,3
112045,3
112046,3
112047,3
112048,3
112049,3
112050,3
112051,3
112052,3
112053,3
112054,3
112055,3
112056,3
112057,3
112058,3
112059,3
112060,3
112061,3
112062,3
112063,3
112064,3
112065,3
112066,3
112067,3
112068,3
112069,3
112070,3
112071,3
112072,3
112073,3
112074,3
112075,3
112076,3
112077,3
112078,3
112079,3
112080,3
112081,3
112082,3
112083,3
112084,3
112085,3
112086,3
112087,3
112088,3
112089,3
112090,3
112091,3
112092,3
112093,3
112094,3
112095,3
112096,3
112097,3
112098,3
112099,3
112100,3
112101,3
112102,3
112103,3
112104,3
112105,3
112106,3
112107,3
112108,3
112109,3
112110,3
112111,3
112112,3
112113,3
112114,3
112115,3
112116,3
112117,3
112118,3
112119,3
112120,3
112121,3
112122,3
112123,3
112124,3
112125,3
112126,3
112127,3
112128,3
112129,3
112130,3
112131,3
112132,3
112133,3
112134,3
112135,3
112136,3
112137,3
112138,3
112139,3
112140,3
112141,3
112142,3
112143,3
112144,3
112145,3
112146,3
112147,3
112148,3
112149,3
112150,3
112151,3
112152,3
112153,3
112154,3
112155,3
112156,3
112157,3
112158,3
112159,3
112160,3
112161,3
112162,3
112163,3
112164,3
112165,3
112166,3
112167,3
112168,3
112169,3
112170,3
112171,3
112172,3
112173,3
112174,3
112175,3
112176,3
112177,3
112178,3
112179,3
112180,3
112181,3
112182,3
112183,3
112184,3
112185,3
112186,3
112187,3
112188,3
112189,3
112190,3
112191,3
112192,3
112193,3
112194,3
112195,3
112196,3
112197,3
112198,3
112199,3
112200,3
112201,3
112202,3
112203,3
112204,3
112205,3
112206,3
112207,3
112208,3
112209,3
112210,3
112211,3
112212,3
112213,3
112214,3
112215,3
112216,3
112217,3
112218,3
112219,3
112220,3
112221,3
112222,3
112223,3
112224,3
112225,3
112226,3
112227,3
112228,3
112229,3
112230,3
112231,3
112232,3
112233,3
112234,3
112235,3
112236,3
112237,3
112238,3
112239,3
112240,3
112241,3
112242,3
112243,3
112244,3
112245,3
112246,3
112247,3
112248,3
112249,3
112250,3
112251,3
112252,3
112253,3
112254,3
112255,3
112256,3
112257,3
112258,3
112259,3
112260,3
112261,3
112262,3
112263,3
112264,3
112265,3
112266,3
112267,3
112268,3
112269,3
112270,3
112271,3
112272,3
112273,3
112274,3
112275,3
112276,3
112277,3
112278,3
112279,3
112280,3
112281,3
112282,3
112283,3
112284,3
112285,3
112286,3
112287,3
112288,3
112289,3
112290,3
112291,3
112292,3
112293,3
112294,3
112295,3
112296,3
112297,3
112298,3
112299,3
112300,3
112301,3
112302,3
112303,3
112304,3
112305,3
112306,3
112307,3
112308,3
112309,3
112310,3
112311,3
112312,3
112313,3
112314,3
112315,3
112316,3
112317,3
112318,3
112319,3
112320,3
112321,3
112322,3
112323,3
112324,3
112325,3
112326,3
112327,3
112328,3
112329,3
112330,3
112331,3
112332,3
112333,3
112334,3
112335,3
112336,3
112337,3
112338,3
112339,3
112340,3
112341,3
112342,3
112343,3
112344,3
112345,3
112346,3
112347,3
112348,3
112349,3
112350,3
112351,3
112352,3
112353,3
112354,3
112355,3
112356,3
112357,3
112358,3
112359,3
112360,3
112361,3
112362,3
112363,3
112364,3
112365,3
112366,3
112367,3
112368,3
112369,3
112370,3
112371,3
112372,3
112373,3
112374,3
112375,3
112376,3
112377,3
112378,3
112379,3
112380,3
112381,3
112382,3
112383,3
112384,3
112385,3
112386,3
112387,3
112388,3
112389,3
112390,3
112391,3
112392,3
112393,3
112394,3
112395,3
112396,3
112397,3
112398,3
112399,3
112400,3
112401,3
112402,3
112403,3
112404,3
112405,3
112406,3
112407,3
112408,3
112409,3
112410,3
112411,3
112412,3
112413,3
112414,3
112415,3
112416,3
112417,3
112418,3
112419,3
112420,3
112421,3
112422,3
112423,3
112424,3
112425,3
112426,3
112427,3
112428,3
112429,3
112430,3
112431,3
112432,3
112433,3
112434,3
112435,3
112436,3
112437,3
112438,3
112439,3
112440,3
112441,3
112442,3
112443,3
112444,3
112445,3
112446,3
112447,3
112448,3
112449,3
112450,3
112451,3
112452,3
112453,3
112454,3
112455,3
112456,3
112457,3
112458,3
112459,3
112460,3
112461,3
112462,3
112463,3
112464,3
112465,3
112466,3
112467,3
112468,3
112469,3
112470,3
112471,3
112472,3
112473,3
112474,3
112475,3
112476,3
112477,3
112478,3
112479,3
112480,3
112481,3
112482,3
112483,3
112484,3
112485,3
112486,3
112487,3
112488,3
112489,3
112490,3
112491,3
112492,3
112493,3
112494,3
112495,3
112496,3
112497,3
112498,3
112499,3
112500,3
112501,3
112502,3
112503,3
112504,3
112505,3
112506,3
112507,3
112508,3
112509,3
112510,3
112511,3
112512,3
112513,3
112514,3
112515,3
112516,3
112517,3
112518,3
112519,3
112520,3
112521,3
112522,3
112523,3
112524,3
112525,3
112526,3
112527,3
112528,3
112529,3
112530,3
112531,3
112532,3
112533,3
112534,3
112535,3
112536,3
112537,3
112538,3
112539,3
112540,3
112541,3
112542,3
112543,3
112544,3
112545,3
112546,3
112547,3
112548,3
112549,3
112550,3
112551,3
112552,3
112553,3
112554,3
112555,3
112556,3
112557,3
112558,3
112559,3
112560,3
112561,3
112562,3
112563,3
112564,3
112565,3
112566,3
112567,3
112568,3
112569,3
112570,3
112571,3
112572,3
112573,3
112574,3
112575,3
112576,3
112577,3
112578,3
112579,3
112580,3
112581,3
112582,3
112583,3
112584,3
112585,3
112586,3
112587,3
112588,3
112589,3
112590,3
112591,3
112592,3
112593,3
112594,3
112595,3
112596,3
112597,3
112598,3
112599,3
112600,3
112601,3
112602,3
112603,3
112604,3
112605,3
112606,3
112607,3
112608,3
112609,3
112610,3
112611,3
112612,3
112613,3
112614,3
112615,3
112616,3
112617,3
112618,3
112619,3
112620,3
112621,3
112622,3
112623,3
112624,3
112625,3
112626,3
112627,3
112628,3
112629,3
112630,3
112631,3
112632,3
112633,3
112634,3
112635,3
112636,3
112637,3
112638,3
112639,3
112640,3
112641,3
112642,3
112643,3
112644,3
112645,3
112646,3
112647,3
112648,3
112649,3
112650,3
112651,3
112652,3
112653,3
112654,3
112655,3
112656,3
112657,3
112658,3
112659,3
112660,3
112661,3
112662,3
112663,3
112664,3
112665,3
112666,3
112667,3
112668,3
112669,3
112670,3
112671,3
112672,3
112673,3
112674,3
112675,3
112676,3
112677,3
112678,3
112679,3
112680,3
112681,3
112682,3
112683,3
112684,3
112685,3
112686,3
112687,3
112688,3
112689,3
112690,3
112691,3
112692,3
112693,3
112694,3
112695,3
112696,3
112697,3
112698,3
112699,3
112700,3
112701,3
112702,3
112703,3
112704,3
112705,3
112706,3
112707,3
112708,3
112709,3
112710,3
112711,3
112712,3
112713,3
112714,3
112715,3
112716,3
112717,3
112718,3
112719,3
112720,3
112721,3
112722,3
112723,3
112724,3
112725,3
112726,3
112727,3
112728,3
112729,3
112730,3
112731,3
112732,3
112733,3
112734,3
112735,3
112736,3
112737,3
112738,3
112739,3
112740,3
112741,3
112742,3
112743,3
112744,3
112745,3
112746,3
112747,3
112748,3
112749,3
112750,3
112751,3
112752,3
112753,3
112754,3
112755,3
112756,3
112757,3
112758,3
112759,3
112760,3
112761,3
112762,3
112763,3
112764,3
112765,3
112766,3
112767,3
112768,3
112769,3
112770,3
112771,3
112772,3
112773,3
112774,3
112775,3
112776,3
112777,3
112778,3
112779,3
112780,3
112781,3
112782,3
112783,3
112784,3
112785,3
112786,3
112787,3
112788,3
112789,3
112790,3
112791,3
112792,3
112793,3
112794,3
112795,3
112796,3
112797,3
112798,3
112799,3
112800,3
112801,3
112802,3
112803,3
112804,3
112805,3
112806,3
112807,3
112808,3
112809,3
112810,3
112811,3
112812,3
112813,3
112814,3
112815,3
112816,3
112817,3
112818,3
112819,3
112820,3
112821,3
112822,3
112823,3
112824,3
112825,3
112826,3
112827,3
112828,3
112829,3
112830,3
112831,3
112832,3
112833,3
112834,3
112835,3
112836,3
112837,3
112838,3
112839,3
112840,3
112841,3
112842,3
112843,3
112844,3
112845,3
112846,3
112847,3
112848,3
112849,3
112850,3
112851,3
112852,3
112853,3
112854,3
112855,3
112856,3
112857,3
112858,3
112859,3
112860,3
112861,3
112862,3
112863,3
112864,3
112865,3
112866,3
112867,3
112868,3
112869,3
112870,3
112871,3
112872,3
112873,3
112874,3
112875,3
112876,3
112877,3
112878,3
112879,3
112880,3
112881,3
112882,3
112883,3
112884,3
112885,3
112886,3
112887,3
112888,3
112889,3
112890,3
112891,3
112892,3
112893,3
112894,3
112895,3
112896,3
112897,3
112898,3
112899,3
112900,3
112901,3
112902,3
112903,3
112904,3
112905,3
112906,3
112907,3
112908,3
112909,3
112910,3
112911,3
112912,3
112913,3
112914,3
112915,3
112916,3
112917,3
112918,3
112919,3
112920,3
112921,3
112922,3
112923,3
112924,3
112925,3
112926,3
112927,3
112928,3
112929,3
112930,3
112931,3
112932,3
112933,3
112934,3
112935,3
112936,3
112937,3
112938,3
112939,3
112940,3
112941,3
112942,3
112943,3
112944,3
112945,3
112946,3
112947,3
112948,3
112949,3
112950,3
112951,3
112952,3
112953,3
112954,3
112955,3
112956,3
112957,3
112958,3
112959,3
112960,3
112961,3
112962,3
112963,3
112964,3
112965,3
112966,3
112967,3
112968,3
112969,3
112970,3
112971,3
112972,3
112973,3
112974,3
112975,3
112976,3
112977,3
112978,3
112979,3
112980,3
112981,3
112982,3
112983,3
112984,3
112985,3
112986,3
112987,3
112988,3
112989,3
112990,3
112991,3
112992,3
112993,3
112994,3
112995,3
112996,3
112997,3
112998,3
112999,3
113000,3
113001,3
113002,3
113003,3
113004,3
113005,3
113006,3
113007,3
113008,3
113009,3
113010,3
113011,3
113012,3
113013,3
113014,3
113015,3
113016,3
113017,3
113018,3
113019,3
113020,3
113021,3
113022,3
113023,3
113024,3
113025,3
113026,3
113027,3
113028,3
113029,3
113030,3
113031,3
113032,3
113033,3
113034,3
113035,3
113036,3
113037,3
113038,3
113039,3
113040,3
113041,3
113042,3
113043,3
113044,3
113045,3
113046,3
113047,3
113048,3
113049,3
113050,3
113051,3
113052,3
113053,3
113054,3
113055,3
113056,3
113057,3
113058,3
113059,3
113060,3
113061,3
113062,3
113063,3
113064,3
113065,3
113066,3
113067,3
113068,3
113069,3
113070,3
113071,3
113072,3
113073,3
113074,3
113075,3
113076,3
113077,3
113078,3
113079,3
113080,3
113081,3
113082,3
113083,3
113084,3
113085,3
113086,3
113087,3
113088,3
113089,3
113090,3
113091,3
113092,3
113093,3
113094,3
113095,3
113096,3
113097,3
113098,3
113099,3
113100,3
113101,3
113102,3
113103,3
113104,3
113105,3
113106,3
113107,3
113108,3
113109,3
113110,3
113111,3
113112,3
113113,3
113114,3
113115,3
113116,3
113117,3
113118,3
113119,3
113120,3
113121,3
113122,3
113123,3
113124,3
113125,3
113126,3
113127,3
113128,3
113129,3
113130,3
113131,3
113132,3
113133,3
113134,3
113135,3
113136,3
113137,3
113138,3
113139,3
113140,3
113141,3
113142,3
113143,3
113144,3
113145,3
113146,3
113147,3
113148,3
113149,3
113150,3
113151,3
113152,3
113153,3
113154,3
113155,3
113156,3
113157,3
113158,3
113159,3
113160,3
113161,3
113162,3
113163,3
113164,3
113165,3
113166,3
113167,3
113168,3
113169,3
113170,3
113171,3
113172,3
113173,3
113174,3
113175,3
113176,3
113177,3
113178,3
113179,3
113180,3
113181,3
113182,3
113183,3
113184,3
113185,3
113186,3
113187,3
113188,3
113189,3
113190,3
113191,3
113192,3
113193,3
113194,3
113195,3
113196,3
113197,3
113198,3
113199,3
113200,3
113201,3
113202,3
113203,3
113204,3
113205,3
113206,3
113207,3
113208,3
113209,3
113210,3
113211,3
113212,3
113213,3
113214,3
113215,3
113216,3
113217,3
113218,3
113219,3
113220,3
113221,3
113222,3
113223,3
113224,3
113225,3
113226,3
113227,3
113228,3
113229,3
113230,3
113231,3
113232,3
113233,3
113234,3
113235,3
113236,3
113237,3
113238,3
113239,3
113240,3
113241,3
113242,3
113243,3
113244,3
113245,3
113246,3
113247,3
113248,3
113249,3
113250,3
113251,3
113252,3
113253,3
113254,3
113255,3
113256,3
113257,3
113258,3
113259,3
113260,3
113261,3
113262,3
113263,3
113264,3
113265,3
113266,3
113267,3
113268,3
113269,3
113270,3
113271,3
113272,3
113273,3
113274,3
113275,3
113276,3
113277,3
113278,3
113279,3
113280,3
113281,3
113282,3
113283,3
113284,3
113285,3
113286,3
113287,3
113288,3
113289,3
113290,3
113291,3
113292,3
113293,3
113294,3
113295,3
113296,3
113297,3
113298,3
113299,3
113300,3
113301,3
113302,3
113303,3
113304,3
113305,3
113306,3
113307,3
113308,3
113309,3
113310,3
113311,3
113312,3
113313,3
113314,3
113315,3
113316,3
113317,3
113318,3
113319,3
113320,3
113321,3
113322,3
113323,3
113324,3
113325,3
113326,3
113327,3
113328,3
113329,3
113330,3
113331,3
113332,3
113333,3
113334,3
113335,3
113336,3
113337,3
113338,3
113339,3
113340,3
113341,3
113342,3
113343,3
113344,3
113345,3
113346,3
113347,3
113348,3
113349,3
113350,3
113351,3
113352,3
113353,3
113354,3
113355,3
113356,3
113357,3
113358,3
113359,3
113360,3
113361,3
113362,3
113363,3
113364,3
113365,3
113366,3
113367,3
113368,3
113369,3
113370,3
113371,3
113372,3
113373,3
113374,3
113375,3
113376,3
113377,3
113378,3
113379,3
113380,3
113381,3
113382,3
113383,3
113384,3
113385,3
113386,3
113387,3
113388,3
113389,3
113390,3
113391,3
113392,3
113393,3
113394,3
113395,3
113396,3
113397,3
113398,3
113399,3
113400,3
113401,3
113402,3
113403,3
113404,3
113405,3
113406,3
113407,3
113408,3
113409,3
113410,3
113411,3
113412,3
113413,3
113414,3
113415,3
113416,3
113417,3
113418,3
113419,3
113420,3
113421,3
113422,3
113423,3
113424,3
113425,3
113426,3
113427,3
113428,3
113429,3
113430,3
113431,3
113432,3
113433,3
113434,3
113435,3
113436,3
113437,3
113438,3
113439,3
113440,3
113441,3
113442,3
113443,3
113444,3
113445,3
113446,3
113447,3
113448,3
113449,3
113450,3
113451,3
113452,3
113453,3
113454,3
113455,3
113456,3
113457,3
113458,3
113459,3
113460,3
113461,3
113462,3
113463,3
113464,3
113465,3
113466,3
113467,3
113468,3
113469,3
113470,3
113471,3
113472,3
113473,3
113474,3
113475,3
113476,3
113477,3
113478,3
113479,3
113480,3
113481,3
113482,3
113483,3
113484,3
113485,3
113486,3
113487,3
113488,3
113489,3
113490,3
113491,3
113492,3
113493,3
113494,3
113495,3
113496,3
113497,3
113498,3
113499,3
113500,3
113501,3
113502,3
113503,3
113504,3
113505,3
113506,3
113507,3
113508,3
113509,3
113510,3
113511,3
113512,3
113513,3
113514,3
113515,3
113516,3
113517,3
113518,3
113519,3
113520,3
113521,3
113522,3
113523,3
113524,3
113525,3
113526,3
113527,3
113528,3
113529,3
113530,3
113531,3
113532,3
113533,3
113534,3
113535,3
113536,3
113537,3
113538,3
113539,3
113540,3
113541,3
113542,3
113543,3
113544,3
113545,3
113546,3
113547,3
113548,3
113549,3
113550,3
113551,3
113552,3
113553,3
113554,3
113555,3
113556,3
113557,3
113558,3
113559,3
113560,3
113561,3
113562,3
113563,3
113564,3
113565,3
113566,3
113567,3
113568,3
113569,3
113570,3
113571,3
113572,3
113573,3
113574,3
113575,3
113576,3
113577,3
113578,3
113579,3
113580,3
113581,3
113582,3
113583,3
113584,3
113585,3
113586,3
113587,3
113588,3
113589,3
113590,3
113591,3
113592,3
113593,3
113594,3
113595,3
113596,3
113597,3
113598,3
113599,3
113600,3
113601,3
113602,3
113603,3
113604,3
113605,3
113606,3
113607,3
113608,3
113609,3
113610,3
113611,3
113612,3
113613,3
113614,3
113615,3
113616,3
113617,3
113618,3
113619,3
113620,3
113621,3
113622,3
113623,3
113624,3
113625,3
113626,3
113627,3
113628,3
113629,3
113630,3
113631,3
113632,3
113633,3
113634,3
113635,3
113636,3
113637,3
113638,3
113639,3
113640,3
113641,3
113642,3
113643,3
113644,3
113645,3
113646,3
113647,3
113648,3
113649,3
113650,3
113651,3
113652,3
113653,3
113654,3
113655,3
113656,3
113657,3
113658,3
113659,3
113660,3
113661,3
113662,3
113663,3
113664,3
113665,3
113666,3
113667,3
113668,3
113669,3
113670,3
113671,3
113672,3
113673,3
113674,3
113675,3
113676,3
113677,3
113678,3
113679,3
113680,3
113681,3
113682,3
113683,3
113684,3
113685,3
113686,3
113687,3
113688,3
113689,3
113690,3
113691,3
113692,3
113693,3
113694,3
113695,3
113696,3
113697,3
113698,3
113699,3
113700,3
113701,3
113702,3
113703,3
113704,3
113705,3
113706,3
113707,3
113708,3
113709,3
113710,3
113711,3
113712,3
113713,3
113714,3
113715,3
113716,3
113717,3
113718,3
113719,3
113720,3
113721,3
113722,3
113723,3
113724,3
113725,3
113726,3
113727,3
113728,3
113729,3
113730,3
113731,3
113732,3
113733,3
113734,3
113735,3
113736,3
113737,3
113738,3
113739,3
113740,3
113741,3
113742,3
113743,3
113744,3
113745,3
113746,3
113747,3
113748,3
113749,3
113750,3
113751,3
113752,3
113753,3
113754,3
113755,3
113756,3
113757,3
113758,3
113759,3
113760,3
113761,3
113762,3
113763,3
113764,3
113765,3
113766,3
113767,3
113768,3
113769,3
113770,3
113771,3
113772,3
113773,3
113774,3
113775,3
113776,3
113777,3
113778,3
113779,3
113780,3
113781,3
113782,3
113783,3
113784,3
113785,3
113786,3
113787,3
113788,3
113789,3
113790,3
113791,3
113792,3
113793,3
113794,3
113795,3
113796,3
113797,3
113798,3
113799,3
113800,3
113801,3
113802,3
113803,3
113804,3
113805,3
113806,3
113807,3
113808,3
113809,3
113810,3
113811,3
113812,3
113813,3
113814,3
113815,3
113816,3
113817,3
113818,3
113819,3
113820,3
113821,3
113822,3
113823,3
113824,3
113825,3
113826,3
113827,3
113828,3
113829,3
113830,3
113831,3
113832,3
113833,3
113834,3
113835,3
113836,3
113837,3
113838,3
113839,3
113840,3
113841,3
113842,3
113843,3
113844,3
113845,3
113846,3
113847,3
113848,3
113849,3
113850,3
113851,3
113852,3
113853,3
113854,3
113855,3
113856,3
113857,3
113858,3
113859,3
113860,3
113861,3
113862,3
113863,3
113864,3
113865,3
113866,3
113867,3
113868,3
113869,3
113870,3
113871,3
113872,3
113873,3
113874,3
113875,3
113876,3
113877,3
113878,3
113879,3
113880,3
113881,3
113882,3
113883,3
113884,3
113885,3
113886,3
113887,3
113888,3
113889,3
113890,3
113891,3
113892,3
113893,3
113894,3
113895,3
113896,3
113897,3
113898,3
113899,3
113900,3
113901,3
113902,3
113903,3
113904,3
113905,3
113906,3
113907,3
113908,3
113909,3
113910,3
113911,3
113912,3
113913,3
113914,3
113915,3
113916,3
113917,3
113918,3
113919,3
113920,3
113921,3
113922,3
113923,3
113924,3
113925,3
113926,3
113927,3
113928,3
113929,3
113930,3
113931,3
113932,3
113933,3
113934,3
113935,3
113936,3
113937,3
113938,3
113939,3
113940,3
113941,3
113942,3
113943,3
113944,3
113945,3
113946,3
113947,3
113948,3
113949,3
113950,3
113951,3
113952,3
113953,3
113954,3
113955,3
113956,3
113957,3
113958,3
113959,3
113960,3
113961,3
113962,3
113963,3
113964,3
113965,3
113966,3
113967,3
113968,3
113969,3
113970,3
113971,3
113972,3
113973,3
113974,3
113975,3
113976,3
113977,3
113978,3
113979,3
113980,3
113981,3
113982,3
113983,3
113984,3
113985,3
113986,3
113987,3
113988,3
113989,3
113990,3
113991,3
113992,3
113993,3
113994,3
113995,3
113996,3
113997,3
113998,3
113999,3
114000,3
114001,3
114002,3
114003,3
114004,3
114005,3
114006,3
114007,3
114008,3
114009,3
114010,3
114011,3
114012,3
114013,3
114014,3
114015,3
114016,3
114017,3
114018,3
114019,3
114020,3
114021,3
114022,3
114023,3
114024,3
114025,3
114026,3
114027,3
114028,3
114029,3
114030,3
114031,3
114032,3
114033,3
114034,3
114035,3
114036,3
114037,3
114038,3
114039,3
114040,3
114041,3
114042,3
114043,3
114044,3
114045,3
114046,3
114047,3
114048,3
114049,3
114050,3
114051,3
114052,3
114053,3
114054,3
114055,3
114056,3
114057,3
114058,3
114059,3
114060,3
114061,3
114062,3
114063,3
114064,3
114065,3
114066,3
114067,3
114068,3
114069,3
114070,3
114071,3
114072,3
114073,3
114074,3
114075,3
114076,3
114077,3
114078,3
114079,3
114080,3
114081,3
114082,3
114083,3
114084,3
114085,3
114086,3
114087,3
114088,3
114089,3
114090,3
114091,3
114092,3
114093,3
114094,3
114095,3
114096,3
114097,3
114098,3
114099,3
114100,3
114101,3
114102,3
114103,3
114104,3
114105,3
114106,3
114107,3
114108,3
114109,3
114110,3
114111,3
114112,3
114113,3
114114,3
114115,3
114116,3
114117,3
114118,3
114119,3
114120,3
114121,3
114122,3
114123,3
114124,3
114125,3
114126,3
114127,3
114128,3
114129,3
114130,3
114131,3
114132,3
114133,3
114134,3
114135,3
114136,3
114137,3
114138,3
114139,3
114140,3
114141,3
114142,3
114143,3
114144,3
114145,3
114146,3
114147,3
114148,3
114149,3
114150,3
114151,3
114152,3
114153,3
114154,3
114155,3
114156,3
114157,3
114158,3
114159,3
114160,3
114161,3
114162,3
114163,3
114164,3
114165,3
114166,3
114167,3
114168,3
114169,3
114170,3
114171,3
114172,3
114173,3
114174,3
114175,3
114176,3
114177,3
114178,3
114179,3
114180,3
114181,3
114182,3
114183,3
114184,3
114185,3
114186,3
114187,3
114188,3
114189,3
114190,3
114191,3
114192,3
114193,3
114194,3
114195,3
114196,3
114197,3
114198,3
114199,3
114200,3
114201,3
114202,3
114203,3
114204,3
114205,3
114206,3
114207,3
114208,3
114209,3
114210,3
114211,3
114212,3
114213,3
114214,3
114215,3
114216,3
114217,3
114218,3
114219,3
114220,3
114221,3
114222,3
114223,3
114224,3
114225,3
114226,3
114227,3
114228,3
114229,3
114230,3
114231,3
114232,3
114233,3
114234,3
114235,3
114236,3
114237,3
114238,3
114239,3
114240,3
114241,3
114242,3
114243,3
114244,3
114245,3
114246,3
114247,3
114248,3
114249,3
114250,3
114251,3
114252,3
114253,3
114254,3
114255,3
114256,3
114257,3
114258,3
114259,3
114260,3
114261,3
114262,3
114263,3
114264,3
114265,3
114266,3
114267,3
114268,3
114269,3
114270,3
114271,3
114272,3
114273,3
114274,3
114275,3
114276,3
114277,3
114278,3
114279,3
114280,3
114281,3
114282,3
114283,3
114284,3
114285,3
114286,3
114287,3
114288,3
114289,3
114290,3
114291,3
114292,3
114293,3
114294,3
114295,3
114296,3
114297,3
114298,3
114299,3
114300,3
114301,3
114302,3
114303,3
114304,3
114305,3
114306,3
114307,3
114308,3
114309,3
114310,3
114311,3
114312,3
114313,3
114314,3
114315,3
114316,3
114317,3
114318,3
114319,3
114320,3
114321,3
114322,3
114323,3
114324,3
114325,3
114326,3
114327,3
114328,3
114329,3
114330,3
114331,3
114332,3
114333,3
114334,3
114335,3
114336,3
114337,3
114338,3
114339,3
114340,3
114341,3
114342,3
114343,3
114344,3
114345,3
114346,3
114347,3
114348,3
114349,3
114350,3
114351,3
114352,3
114353,3
114354,3
114355,3
114356,3
114357,3
114358,3
114359,3
114360,3
114361,3
114362,3
114363,3
114364,3
114365,3
114366,3
114367,3
114368,3
114369,3
114370,3
114371,3
114372,3
114373,3
114374,3
114375,3
114376,3
114377,3
114378,3
114379,3
114380,3
114381,3
114382,3
114383,3
114384,3
114385,3
114386,3
114387,3
114388,3
114389,3
114390,3
114391,3
114392,3
114393,3
114394,3
114395,3
114396,3
114397,3
114398,3
114399,3
114400,3
114401,3
114402,3
114403,3
114404,3
114405,3
114406,3
114407,3
114408,3
114409,3
114410,3
114411,3
114412,3
114413,3
114414,3
114415,3
114416,3
114417,3
114418,3
114419,3
114420,3
114421,3
114422,3
114423,3
114424,3
114425,3
114426,3
114427,3
114428,3
114429,3
114430,3
114431,3
114432,3
114433,3
114434,3
114435,3
114436,3
114437,3
114438,3
114439,3
114440,3
114441,3
114442,3
114443,3
114444,3
114445,3
114446,3
114447,3
114448,3
114449,3
114450,3
114451,3
114452,3
114453,3
114454,3
114455,3
114456,3
114457,3
114458,3
114459,3
114460,3
114461,3
114462,3
114463,3
114464,3
114465,3
114466,3
114467,3
114468,3
114469,3
114470,3
114471,3
114472,3
114473,3
114474,3
114475,3
114476,3
114477,3
114478,3
114479,3
114480,3
114481,3
114482,3
114483,3
114484,3
114485,3
114486,3
114487,3
114488,3
114489,3
114490,3
114491,3
114492,3
114493,3
114494,3
114495,3
114496,3
114497,3
114498,3
114499,3
114500,3
114501,3
114502,3
114503,3
114504,3
114505,3
114506,3
114507,3
114508,3
114509,3
114510,3
114511,3
114512,3
114513,3
114514,3
114515,3
114516,3
114517,3
114518,3
114519,3
114520,3
114521,3
114522,3
114523,3
114524,3
114525,3
114526,3
114527,3
114528,3
114529,3
114530,3
114531,3
114532,3
114533,3
114534,3
114535,3
114536,3
114537,3
114538,3
114539,3
114540,3
114541,3
114542,3
114543,3
114544,3
114545,3
114546,3
114547,3
114548,3
114549,3
114550,3
114551,3
114552,3
114553,3
114554,3
114555,3
114556,3
114557,3
114558,3
114559,3
114560,3
114561,3
114562,3
114563,3
114564,3
114565,3
114566,3
114567,3
114568,3
114569,3
114570,3
114571,3
114572,3
114573,3
114574,3
114575,3
114576,3
114577,3
114578,3
114579,3
114580,3
114581,3
114582,3
114583,3
114584,3
114585,3
114586,3
114587,3
114588,3
114589,3
114590,3
114591,3
114592,3
114593,3
114594,3
114595,3
114596,3
114597,3
114598,3
114599,3
114600,3
114601,3
114602,3
114603,3
114604,3
114605,3
114606,3
114607,3
114608,3
114609,3
114610,3
114611,3
114612,3
114613,3
114614,3
114615,3
114616,3
114617,3
114618,3
114619,3
114620,3
114621,3
114622,3
114623,3
114624,3
114625,3
114626,3
114627,3
114628,3
114629,3
114630,3
114631,3
114632,3
114633,3
114634,3
114635,3
114636,3
114637,3
114638,3
114639,3
114640,3
114641,3
114642,3
114643,3
114644,3
114645,3
114646,3
114647,3
114648,3
114649,3
114650,3
114651,3
114652,3
114653,3
114654,2
114655,3
114656,3
114657,2
114658,2
114659,2
114660,3
114661,2
114662,2
114663,3
114664,3
114665,3
114666,3
114667,3
114668,3
114669,3
114670,3
114671,3
114672,3
114673,3
114674,3
114675,3
114676,2
114677,2
114678,2
114679,3
114680,3
114681,3
114682,3
114683,3
114684,3
114685,2
114686,3
114687,2
114688,3
114689,3
114690,3
114691,3
114692,3
114693,2
114694,2
114695,2
114696,2
114697,3
114698,2
114699,3
114700,3
114701,3
114702,3
114703,2
114704,2
114705,2
114706,2
114707,3
114708,3
114709,3
114710,3
114711,3
114712,3
114713,3
114714,2
114715,2
114716,2
114717,2
114718,2
114719,2
114720,2
114721,2
114722,2
114723,2
114724,2
114725,3
114726,2
114727,3
114728,2
114729,2
114730,2
114731,2
114732,2
114733,2
114734,2
114735,2
114736,2
114737,2
114738,2
114739,2
114740,2
114741,3
114742,2
114743,2
114744,3
114745,3
114746,2
114747,3
114748,2
114749,2
114750,2
114751,2
114752,2
114753,2
114754,2
114755,2
114756,2
114757,2
114758,3
114759,2
114760,3
114761,3
114762,2
114763,2
114764,3
114765,3
114766,2
114767,3
114768,2
114769,3
114770,3
114771,3
114772,3
114773,2
114774,2
114775,2
114776,2
114777,2
114778,2
114779,3
114780,3
114781,3
114782,2
114783,2
114784,2
114785,2
114786,3
114787,2
114788,2
114789,2
114790,2
114791,2
114792,2
114793,2
114794,2
114795,3
114796,2
114797,3
114798,2
114799,2
114800,3
114801,2
114802,2
114803,3
114804,2
114805,3
114806,2
114807,2
114808,3
114809,3
114810,2
114811,2
114812,2
114813,2
114814,3
114815,3
114816,3
114817,3
114818,2
114819,2
114820,3
114821,2
114822,3
114823,3
114824,2
114825,2
114826,3
114827,2
114828,2
114829,3
114830,2
114831,3
114832,3
114833,2
114834,2
114835,2
114836,3
114837,2
114838,2
114839,2
114840,2
114841,3
114842,2
114843,2
114844,2
114845,2
114846,2
114847,2
114848,3
114849,2
114850,2
114851,3
114852,2
114853,2
114854,2
114855,2
114856,2
114857,2
114858,2
114859,2
114860,3
114861,2
114862,2
114863,2
114864,3
114865,2
114866,3
114867,2
114868,2
114869,2
114870,2
114871,3
114872,3
114873,3
114874,3
114875,2
114876,3
114877,3
114878,3
114879,3
114880,3
114881,3
114882,3
114883,3
114884,3
114885,3
114886,3
114887,3
114888,3
114889,3
114890,3
114891,3
114892,3
114893,3
114894,3
114895,3
114896,3
114897,3
114898,3
114899,3
114900,3
114901,3
114902,3
114903,3
114904,2
114905,3
114906,3
114907,3
114908,3
114909,3
114910,3
114911,3
114912,3
114913,3
114914,3
114915,3
114916,3
114917,3
114918,3
114919,3
114920,2
114921,3
114922,3
114923,3
114924,3
114925,3
114926,3
114927,3
114928,3
114929,3
114930,3
114931,3
114932,3
114933,3
114934,3
114935,3
114936,3
114937,3
114938,3
114939,3
114940,3
114941,3
114942,3
114943,3
114944,3
114945,2
114946,3
114947,3
114948,3
114949,3
114950,3
114951,3
114952,3
114953,3
114954,3
114955,3
114956,3
114957,3
114958,3
114959,3
114960,3
114961,3
114962,3
114963,3
114964,3
114965,3
114966,3
114967,3
114968,3
114969,3
114970,3
114971,3
114972,3
114973,3
114974,3
114975,3
114976,3
114977,3
114978,3
114979,2
114980,3
114981,3
114982,3
114983,3
114984,3
114985,3
114986,3
114987,3
114988,3
114989,3
114990,3
114991,3
114992,3
114993,3
114994,3
114995,3
114996,3
114997,3
114998,3
114999,2
115000,3
115001,3
115002,3
115003,3
115004,3
115005,3
115006,3
115007,3
115008,3
115009,3
115010,3
115011,3
115012,3
115013,3
115014,3
115015,3
115016,3
115017,2
115018,3
115019,2
115020,3
115021,3
115022,3
115023,3
115024,3
115025,2
115026,3
115027,3
115028,3
115029,2
115030,3
115031,3
115032,3
115033,3
115034,3
115035,3
115036,3
115037,3
115038,3
115039,2
115040,3
115041,3
115042,3
115043,3
115044,3
115045,3
115046,3
115047,3
115048,3
115049,3
115050,3
115051,3
115052,3
115053,3
115054,3
115055,3
115056,3
115057,3
115058,3
115059,3
115060,3
115061,3
115062,3
115063,3
115064,3
115065,3
115066,3
115067,3
115068,3
115069,3
115070,3
115071,3
115072,3
115073,3
115074,3
115075,3
115076,3
115077,3
115078,3
115079,3
115080,3
115081,3
115082,3
115083,3
115084,3
115085,3
115086,3
115087,3
115088,3
115089,3
115090,3
115091,3
115092,3
115093,2
115094,3
115095,3
115096,3
115097,3
115098,3
115099,3
115100,3
115101,3
115102,3
115103,3
115104,3
115105,3
115106,3
115107,3
115108,3
115109,3
115110,3
115111,3
115112,3
115113,3
115114,3
115115,3
115116,3
115117,3
115118,3
115119,3
115120,3
115121,3
115122,3
115123,3
115124,3
115125,3
115126,3
115127,3
115128,3
115129,3
115130,3
115131,3
115132,3
115133,3
115134,3
115135,3
115136,3
115137,3
115138,3
115139,3
115140,3
115141,3
115142,3
115143,3
115144,3
115145,3
115146,3
115147,3
115148,3
115149,3
115150,3
115151,3
115152,3
115153,3
115154,3
115155,3
115156,3
115157,3
115158,3
115159,3
115160,3
115161,3
115162,3
115163,3
115164,3
115165,3
115166,3
115167,3
115168,2
115169,3
115170,3
115171,3
115172,3
115173,3
115174,3
115175,3
115176,3
115177,3
115178,2
115179,3
115180,3
115181,3
115182,3
115183,3
115184,3
115185,3
115186,3
115187,3
115188,3
115189,3
115190,3
115191,3
115192,3
115193,3
115194,3
115195,3
115196,3
115197,3
115198,3
115199,3
115200,3
115201,3
115202,3
115203,3
115204,3
115205,3
115206,3
115207,3
115208,3
115209,3
115210,3
115211,3
115212,3
115213,3
115214,3
115215,3
115216,3
115217,3
115218,3
115219,3
115220,3
115221,3
115222,3
115223,3
115224,3
115225,3
115226,3
115227,3
115228,3
115229,3
115230,3
115231,3
115232,3
115233,3
115234,3
115235,3
115236,3
115237,3
115238,3
115239,3
115240,3
115241,3
115242,3
115243,3
115244,3
115245,3
115246,3
115247,3
115248,3
115249,3
115250,3
115251,3
115252,3
115253,3
115254,3
115255,3
115256,3
115257,3
115258,3
115259,3
115260,3
115261,3
115262,3
115263,3
115264,3
115265,3
115266,3
115267,3
115268,3
115269,3
115270,3
115271,3
115272,3
115273,3
115274,3
115275,3
115276,3
115277,3
115278,3
115279,3
115280,3
115281,3
115282,3
115283,3
115284,3
115285,2
115286,2
115287,3
115288,3
115289,3
115290,3
115291,3
115292,3
115293,3
115294,3
115295,3
115296,3
115297,3
115298,3
115299,3
115300,3
115301,3
115302,3
115303,3
115304,3
115305,3
115306,3
115307,3
115308,3
115309,3
115310,3
115311,3
115312,3
115313,3
115314,3
115315,3
115316,3
115317,3
115318,3
115319,3
115320,3
115321,3
115322,3
115323,3
115324,3
115325,3
115326,3
115327,3
115328,3
115329,3
115330,3
115331,3
115332,3
115333,3
115334,3
115335,3
115336,3
115337,3
115338,3
115339,3
115340,3
115341,3
115342,3
115343,3
115344,3
115345,3
115346,3
115347,3
115348,3
115349,3
115350,3
115351,3
115352,3
115353,3
115354,3
115355,3
115356,3
115357,3
115358,3
115359,3
115360,3
115361,3
115362,3
115363,3
115364,3
115365,3
115366,3
115367,3
115368,3
115369,3
115370,3
115371,3
115372,3
115373,3
115374,3
115375,3
115376,3
115377,3
115378,3
115379,3
115380,3
115381,3
115382,3
115383,3
115384,3
115385,3
115386,3
115387,3
115388,3
115389,3
115390,3
115391,3
115392,3
115393,3
115394,3
115395,3
115396,3
115397,3
115398,3
115399,3
115400,3
115401,3
115402,3
115403,3
115404,3
115405,3
115406,3
115407,3
115408,3
115409,3
115410,3
115411,3
115412,3
115413,3
115414,3
115415,3
115416,3
115417,3
115418,3
115419,3
115420,3
115421,3
115422,3
115423,3
115424,3
115425,3
115426,3
115427,3
115428,3
115429,3
115430,3
115431,3
115432,3
115433,3
115434,3
115435,3
115436,3
115437,3
115438,3
115439,3
115440,3
115441,3
115442,3
115443,3
115444,3
115445,3
115446,3
115447,3
115448,3
115449,3
115450,3
115451,3
115452,3
115453,3
115454,3
115455,3
115456,3
115457,3
115458,3
115459,3
115460,3
115461,3
115462,3
115463,3
115464,3
115465,3
115466,3
115467,3
115468,3
115469,3
115470,3
115471,3
115472,3
115473,3
115474,3
115475,3
115476,3
115477,3
115478,3
115479,3
115480,3
115481,3
115482,3
115483,3
115484,3
115485,3
115486,3
115487,3
115488,3
115489,3
115490,3
115491,3
115492,3
115493,3
115494,3
115495,3
115496,3
115497,3
115498,3
115499,3
115500,3
115501,3
115502,3
115503,3
115504,3
115505,3
115506,3
115507,3
115508,3
115509,3
115510,3
115511,3
115512,3
115513,3
115514,3
115515,3
115516,3
115517,3
115518,3
115519,3
115520,3
115521,3
115522,3
115523,3
115524,3
115525,3
115526,3
115527,3
115528,3
115529,3
115530,3
115531,3
115532,3
115533,3
115534,3
115535,3
115536,3
115537,3
115538,3
115539,3
115540,3
115541,3
115542,3
115543,3
115544,3
115545,3
115546,3
115547,3
115548,3
115549,3
115550,3
115551,3
115552,3
115553,3
115554,3
115555,3
115556,3
115557,3
115558,3
115559,3
115560,3
115561,3
115562,3
115563,3
115564,3
115565,3
115566,3
115567,3
115568,3
115569,3
115570,3
115571,3
115572,3
115573,3
115574,3
115575,3
115576,3
115577,3
115578,3
115579,3
115580,3
115581,3
115582,3
115583,3
115584,3
115585,3
115586,3
115587,3
115588,3
115589,3
115590,3
115591,3
115592,3
115593,3
115594,3
115595,3
115596,3
115597,3
115598,3
115599,3
115600,3
115601,3
115602,3
115603,3
115604,3
115605,3
115606,3
115607,3
115608,3
115609,3
115610,3
115611,3
115612,3
115613,3
115614,3
115615,3
115616,3
115617,3
115618,3
115619,3
115620,3
115621,3
115622,3
115623,3
115624,3
115625,3
115626,3
115627,3
115628,3
115629,3
115630,3
115631,3
115632,3
115633,3
115634,3
115635,3
115636,3
115637,3
115638,3
115639,3
115640,3
115641,3
115642,3
115643,3
115644,3
115645,3
115646,3
115647,3
115648,3
115649,3
115650,3
115651,3
115652,3
115653,3
115654,3
115655,3
115656,3
115657,3
115658,3
115659,3
115660,3
115661,3
115662,3
115663,3
115664,3
115665,3
115666,3
115667,3
115668,3
115669,3
115670,3
115671,3
115672,3
115673,3
115674,3
115675,3
115676,3
115677,3
115678,3
115679,3
115680,3
115681,3
115682,3
115683,3
115684,3
115685,3
115686,3
115687,3
115688,3
115689,3
115690,3
115691,3
115692,3
115693,3
115694,2
115695,3
115696,3
115697,3
115698,3
115699,3
115700,3
115701,3
115702,3
115703,3
115704,3
115705,3
115706,3
115707,3
115708,3
115709,3
115710,3
115711,3
115712,3
115713,3
115714,3
115715,3
115716,3
115717,3
115718,3
115719,3
115720,3
115721,3
115722,3
115723,3
115724,3
115725,3
115726,3
115727,3
115728,3
115729,3
115730,3
115731,3
115732,3
115733,3
115734,3
115735,3
115736,3
115737,3
115738,3
115739,3
115740,3
115741,3
115742,3
115743,3
115744,3
115745,3
115746,3
115747,3
115748,3
115749,3
115750,2
115751,3
115752,3
115753,3
115754,2
115755,3
115756,3
115757,3
115758,3
115759,3
115760,3
115761,3
115762,3
115763,3
115764,3
115765,2
115766,2
115767,3
115768,3
115769,3
115770,3
115771,2
115772,3
115773,3
115774,3
115775,3
115776,3
115777,3
115778,3
115779,3
115780,3
115781,3
115782,3
115783,3
115784,3
115785,3
115786,3
115787,3
115788,3
115789,3
115790,3
115791,3
115792,3
115793,3
115794,3
115795,3
115796,3
115797,3
115798,3
115799,3
115800,3
115801,3
115802,3
115803,3
115804,3
115805,3
115806,2
115807,3
115808,3
115809,3
115810,3
115811,3
115812,3
115813,3
115814,3
115815,3
115816,3
115817,3
115818,3
115819,3
115820,3
115821,3
115822,3
115823,3
115824,3
115825,3
115826,3
115827,3
115828,3
115829,3
115830,3
115831,3
115832,3
115833,3
115834,3
115835,3
115836,3
115837,3
115838,3
115839,3
115840,3
115841,3
115842,3
115843,3
115844,3
115845,3
115846,3
115847,3
115848,3
115849,3
115850,3
115851,3
115852,3
115853,3
115854,3
115855,3
115856,3
115857,3
115858,3
115859,3
115860,3
115861,3
115862,3
115863,3
115864,3
115865,3
115866,3
115867,2
115868,3
115869,3
115870,3
115871,3
115872,3
115873,3
115874,3
115875,3
115876,3
115877,3
115878,3
115879,3
115880,3
115881,3
115882,3
115883,3
115884,3
115885,3
115886,3
115887,3
115888,3
115889,3
115890,3
115891,3
115892,3
115893,3
115894,3
115895,3
115896,3
115897,3
115898,3
115899,3
115900,3
115901,3
115902,3
115903,3
115904,3
115905,3
115906,3
115907,3
115908,2
115909,3
115910,3
115911,3
115912,3
115913,3
115914,3
115915,3
115916,3
115917,2
115918,3
115919,3
115920,3
115921,3
115922,3
115923,3
115924,3
115925,3
115926,3
115927,3
115928,3
115929,3
115930,3
115931,3
115932,3
115933,3
115934,3
115935,3
115936,3
115937,3
115938,3
115939,3
115940,3
115941,3
115942,3
115943,3
115944,3
115945,3
115946,3
115947,3
115948,3
115949,3
115950,3
115951,3
115952,3
115953,3
115954,3
115955,3
115956,3
115957,3
115958,3
115959,2
115960,3
115961,3
115962,3
115963,3
115964,3
115965,3
115966,3
115967,3
115968,3
115969,3
115970,3
115971,3
115972,3
115973,3
115974,3
115975,3
115976,3
115977,3
115978,3
115979,3
115980,3
115981,3
115982,3
115983,3
115984,2
115985,3
115986,3
115987,3
115988,3
115989,3
115990,3
115991,3
115992,3
115993,3
115994,3
115995,3
115996,3
115997,3
115998,3
115999,3
116000,3
116001,3
116002,3
116003,3
116004,3
116005,3
116006,3
116007,3
116008,3
116009,3
116010,3
116011,3
116012,3
116013,3
116014,2
116015,3
116016,3
116017,3
116018,3
116019,3
116020,3
116021,3
116022,3
116023,3
116024,3
116025,3
116026,3
116027,3
116028,3
116029,3
116030,3
116031,3
116032,3
116033,3
116034,3
116035,3
116036,3
116037,3
116038,3
116039,3
116040,3
116041,3
116042,3
116043,3
116044,3
116045,3
116046,3
116047,3
116048,3
116049,3
116050,3
116051,3
116052,3
116053,3
116054,3
116055,3
116056,3
116057,3
116058,3
116059,3
116060,3
116061,3
116062,3
116063,3
116064,3
116065,3
116066,3
116067,3
116068,3
116069,3
116070,3
116071,3
116072,3
116073,3
116074,3
116075,3
116076,3
116077,3
116078,3
116079,3
116080,3
116081,3
116082,3
116083,3
116084,3
116085,3
116086,3
116087,3
116088,3
116089,3
116090,3
116091,3
116092,3
116093,3
116094,3
116095,3
116096,3
116097,3
116098,3
116099,3
116100,3
116101,3
116102,3
116103,3
116104,3
116105,3
116106,3
116107,3
116108,3
116109,3
116110,3
116111,3
116112,3
116113,3
116114,3
116115,3
116116,3
116117,3
116118,3
116119,3
116120,3
116121,3
116122,3
116123,3
116124,3
116125,3
116126,3
116127,3
116128,3
116129,3
116130,3
116131,3
116132,3
116133,3
116134,3
116135,3
116136,3
116137,3
116138,3
116139,3
116140,3
116141,3
116142,3
116143,3
116144,3
116145,3
116146,3
116147,3
116148,2
116149,2
116150,3
116151,3
116152,3
116153,3
116154,3
116155,3
116156,3
116157,3
116158,3
116159,3
116160,3
116161,3
116162,3
116163,3
116164,3
116165,3
116166,3
116167,2
116168,3
116169,3
116170,3
116171,3
116172,3
116173,3
116174,3
116175,3
116176,3
116177,3
116178,3
116179,3
116180,3
116181,3
116182,3
116183,3
116184,3
116185,3
116186,2
116187,3
116188,3
116189,3
116190,3
116191,3
116192,3
116193,3
116194,3
116195,3
116196,3
116197,3
116198,3
116199,3
116200,3
116201,3
116202,3
116203,3
116204,3
116205,3
116206,3
116207,3
116208,3
116209,3
116210,3
116211,3
116212,3
116213,3
116214,3
116215,3
116216,3
116217,3
116218,3
116219,3
116220,2
116221,3
116222,3
116223,3
116224,3
116225,3
116226,3
116227,3
116228,3
116229,3
116230,3
116231,3
116232,3
116233,3
116234,3
116235,3
116236,3
116237,3
116238,3
116239,3
116240,3
116241,3
116242,3
116243,3
116244,3
116245,3
116246,3
116247,3
116248,3
116249,3
116250,3
116251,3
116252,3
116253,3
116254,3
116255,3
116256,3
116257,2
116258,3
116259,3
116260,3
116261,3
116262,3
116263,3
116264,3
116265,3
116266,3
116267,3
116268,3
116269,3
116270,3
116271,3
116272,3
116273,3
116274,3
116275,3
116276,3
116277,3
116278,3
116279,3
116280,3
116281,3
116282,3
116283,3
116284,3
116285,3
116286,3
116287,3
116288,3
116289,3
116290,3
116291,3
116292,3
116293,3
116294,3
116295,3
116296,3
116297,3
116298,3
116299,3
116300,3
116301,3
116302,3
116303,3
116304,3
116305,3
116306,3
116307,3
116308,3
116309,3
116310,3
116311,3
116312,3
116313,3
116314,3
116315,3
116316,3
116317,3
116318,3
116319,3
116320,2
116321,3
116322,3
116323,3
116324,3
116325,3
116326,3
116327,3
116328,3
116329,3
116330,2
116331,3
116332,3
116333,3
116334,3
116335,3
116336,3
116337,3
116338,3
116339,3
116340,3
116341,3
116342,3
116343,3
116344,3
116345,3
116346,3
116347,3
116348,3
116349,3
116350,3
116351,3
116352,3
116353,3
116354,3
116355,3
116356,3
116357,3
116358,3
116359,3
116360,3
116361,3
116362,3
116363,3
116364,3
116365,3
116366,3
116367,3
116368,3
116369,3
116370,3
116371,3
116372,3
116373,3
116374,3
116375,3
116376,3
116377,3
116378,3
116379,3
116380,3
116381,3
116382,3
116383,3
116384,3
116385,3
116386,3
116387,3
116388,3
116389,3
116390,3
116391,3
116392,3
116393,3
116394,3
116395,3
116396,3
116397,3
116398,3
116399,3
116400,3
116401,3
116402,3
116403,3
116404,3
116405,3
116406,3
116407,3
116408,3
116409,3
116410,3
116411,3
116412,3
116413,3
116414,3
116415,3
116416,3
116417,3
116418,3
116419,3
116420,3
116421,3
116422,3
116423,3
116424,3
116425,3
116426,3
116427,3
116428,3
116429,3
116430,3
116431,3
116432,3
116433,3
116434,3
116435,3
116436,3
116437,3
116438,3
116439,3
116440,3
116441,3
116442,3
116443,3
116444,3
116445,3
116446,3
116447,3
116448,3
116449,3
116450,3
116451,3
116452,3
116453,3
116454,3
116455,3
116456,3
116457,3
116458,3
116459,3
116460,3
116461,3
116462,3
116463,3
116464,3
116465,3
116466,3
116467,3
116468,3
116469,3
116470,3
116471,3
116472,3
116473,3
116474,3
116475,3
116476,3
116477,3
116478,3
116479,3
116480,3
116481,3
116482,3
116483,3
116484,3
116485,3
116486,3
116487,3
116488,3
116489,3
116490,3
116491,3
116492,3
116493,3
116494,3
116495,3
116496,3
116497,2
116498,3
116499,3
116500,3
116501,3
116502,3
116503,3
116504,3
116505,3
116506,3
116507,3
116508,2
116509,3
116510,3
116511,3
116512,2
116513,3
116514,3
116515,3
116516,3
116517,3
116518,3
116519,2
116520,3
116521,3
116522,3
116523,3
116524,3
116525,3
116526,3
116527,3
116528,3
116529,3
116530,3
116531,3
116532,3
116533,3
116534,3
116535,3
116536,3
116537,3
116538,2
116539,3
116540,3
116541,3
116542,3
116543,3
116544,3
116545,3
116546,3
116547,3
116548,3
116549,3
116550,3
116551,3
116552,3
116553,3
116554,3
116555,3
116556,3
116557,3
116558,3
116559,3
116560,3
116561,3
116562,3
116563,3
116564,3
116565,3
116566,3
116567,3
116568,3
116569,3
116570,3
116571,3
116572,3
116573,3
116574,3
116575,3
116576,3
116577,3
116578,3
116579,3
116580,3
116581,3
116582,3
116583,3
116584,3
116585,3
116586,3
116587,3
116588,3
116589,2
116590,3
116591,3
116592,3
116593,3
116594,3
116595,3
116596,3
116597,3
116598,3
116599,3
116600,3
116601,2
116602,3
116603,3
116604,3
116605,3
116606,3
116607,3
116608,3
116609,3
116610,2
116611,2
116612,3
116613,2
116614,3
116615,3
116616,0
116617,0
116618,0
116619,3
116620,3
116621,3
116622,3
116623,3
116624,3
116625,3
116626,3
116627,3
116628,3
116629,3
116630,3
116631,3
116632,0
116633,3
116634,3
116635,3
116636,3
116637,3
116638,0
116639,3
116640,0
116641,0
116642,0
116643,3
116644,3
116645,3
116646,3
116647,3
116648,3
116649,3
116650,3
116651,3
116652,0
116653,3
116654,3
116655,3
116656,3
116657,3
116658,3
116659,3
116660,3
116661,3
116662,3
116663,3
116664,3
116665,3
116666,3
116667,3
116668,3
116669,3
116670,3
116671,3
116672,3
116673,3
116674,3
116675,3
116676,3
116677,3
116678,3
116679,3
116680,3
116681,3
116682,3
116683,3
116684,3
116685,3
116686,3
116687,3
116688,3
116689,3
116690,3
116691,3
116692,3
116693,3
116694,3
116695,3
116696,3
116697,3
116698,3
116699,3
116700,3
116701,3
116702,3
116703,3
116704,3
116705,3
116706,3
116707,3
116708,3
116709,3
116710,3
116711,3
116712,3
116713,3
116714,3
116715,3
116716,3
116717,3
116718,3
116719,3
116720,3
116721,3
116722,3
116723,3
116724,3
116725,3
116726,3
116727,3
116728,3
116729,3
116730,3
116731,3
116732,3
116733,3
116734,3
116735,3
116736,3
116737,3
116738,3
116739,3
116740,3
116741,3
116742,3
116743,3
116744,3
116745,3
116746,3
116747,3
116748,3
116749,3
116750,3
116751,3
116752,3
116753,3
116754,3
116755,3
116756,3
116757,3
116758,3
116759,3
116760,3
116761,3
116762,3
116763,3
116764,3
116765,3
116766,3
116767,3
116768,3
116769,3
116770,3
116771,3
116772,3
116773,3
116774,3
116775,3
116776,3
116777,3
116778,3
116779,3
116780,3
116781,3
116782,3
116783,3
116784,3
116785,3
116786,3
116787,3
116788,3
116789,3
116790,3
116791,3
116792,3
116793,3
116794,3
116795,3
116796,3
116797,3
116798,3
116799,3
116800,3
116801,3
116802,3
116803,3
116804,3
116805,3
116806,3
116807,3
116808,3
116809,3
116810,3
116811,3
116812,3
116813,3
116814,3
116815,3
116816,3
116817,3
116818,3
116819,3
116820,3
116821,3
116822,3
116823,3
116824,3
116825,3
116826,3
116827,3
116828,3
116829,3
116830,3
116831,3
116832,3
116833,3
116834,3
116835,3
116836,3
116837,3
116838,3
116839,3
116840,3
116841,3
116842,3
116843,3
116844,3
116845,3
116846,3
116847,3
116848,3
116849,3
116850,3
116851,3
116852,3
116853,3
116854,3
116855,3
116856,3
116857,3
116858,3
116859,3
116860,3
116861,3
116862,3
116863,3
116864,3
116865,0
116866,3
116867,3
116868,3
116869,3
116870,3
116871,3
116872,3
116873,3
116874,3
116875,3
116876,3
116877,3
116878,3
116879,3
116880,3
116881,3
116882,3
116883,3
116884,3
116885,3
116886,3
116887,3
116888,2
116889,3
116890,3
116891,3
116892,3
116893,3
116894,3
116895,3
116896,3
116897,3
116898,2
116899,3
116900,3
116901,3
116902,3
116903,3
116904,3
116905,3
116906,3
116907,3
116908,3
116909,3
116910,3
116911,3
116912,3
116913,3
116914,3
116915,3
116916,3
116917,3
116918,3
116919,3
116920,3
116921,3
116922,3
116923,3
116924,3
116925,3
116926,3
116927,3
116928,3
116929,3
116930,3
116931,3
116932,3
116933,3
116934,3
116935,3
116936,3
116937,3
116938,3
116939,3
116940,3
116941,3
116942,3
116943,3
116944,3
116945,3
116946,3
116947,3
116948,3
116949,3
116950,2
116951,3
116952,3
116953,3
116954,3
116955,3
116956,3
116957,3
116958,3
116959,3
116960,3
116961,3
116962,3
116963,3
116964,3
116965,3
116966,3
116967,3
116968,3
116969,3
116970,3
116971,3
116972,3
116973,3
116974,3
116975,3
116976,3
116977,3
116978,3
116979,3
116980,3
116981,3
116982,3
116983,3
116984,3
116985,3
116986,3
116987,3
116988,3
116989,3
116990,3
116991,3
116992,3
116993,3
116994,3
116995,3
116996,3
116997,3
116998,3
116999,3
117000,3
117001,3
117002,3
117003,3
117004,3
117005,3
117006,3
117007,3
117008,3
117009,3
117010,3
117011,3
117012,3
117013,3
117014,3
117015,3
117016,3
117017,3
117018,3
117019,3
117020,3
117021,3
117022,3
117023,3
117024,3
117025,3
117026,3
117027,3
117028,3
117029,3
117030,3
117031,3
117032,3
117033,3
117034,3
117035,3
117036,3
117037,3
117038,3
117039,3
117040,3
117041,3
117042,3
117043,3
117044,3
117045,3
117046,3
117047,3
117048,3
117049,3
117050,3
117051,3
117052,3
117053,3
117054,3
117055,3
117056,3
117057,3
117058,3
117059,3
117060,3
117061,3
117062,3
117063,3
117064,3
117065,3
117066,3
117067,3
117068,3
117069,3
117070,3
117071,3
117072,3
117073,3
117074,3
117075,3
117076,3
117077,3
117078,3
117079,3
117080,3
117081,3
117082,3
117083,3
117084,3
117085,3
117086,3
117087,3
117088,3
117089,3
117090,3
117091,3
117092,3
117093,3
117094,3
117095,3
117096,3
117097,3
117098,3
117099,3
117100,3
117101,3
117102,3
117103,3
117104,3
117105,3
117106,3
117107,3
117108,3
117109,3
117110,3
117111,3
117112,3
117113,3
117114,3
117115,3
117116,3
117117,3
117118,3
117119,3
117120,3
117121,3
117122,3
117123,3
117124,3
117125,3
117126,3
117127,3
117128,3
117129,3
117130,3
117131,3
117132,3
117133,3
117134,3
117135,3
117136,3
117137,3
117138,3
117139,3
117140,3
117141,3
117142,3
117143,3
117144,3
117145,3
117146,3
117147,3
117148,3
117149,3
117150,3
117151,3
117152,3
117153,3
117154,3
117155,3
117156,3
117157,3
117158,3
117159,3
117160,3
117161,3
117162,3
117163,3
117164,3
117165,3
117166,3
117167,3
117168,3
117169,3
117170,3
117171,3
117172,3
117173,3
117174,3
117175,3
117176,3
117177,3
117178,3
117179,3
117180,3
117181,3
117182,3
117183,3
117184,3
117185,3
117186,3
117187,3
117188,3
117189,3
117190,3
117191,3
117192,3
117193,3
117194,3
117195,3
117196,3
117197,3
117198,3
117199,3
117200,3
117201,3
117202,3
117203,3
117204,3
117205,3
117206,3
117207,3
117208,3
117209,3
117210,3
117211,3
117212,3
117213,3
117214,3
117215,3
117216,3
117217,3
117218,3
117219,3
117220,3
117221,3
117222,3
117223,3
117224,3
117225,3
117226,3
117227,3
117228,3
117229,3
117230,3
117231,3
117232,3
117233,3
117234,3
117235,3
117236,3
117237,3
117238,3
117239,3
117240,3
117241,3
117242,3
117243,3
117244,3
117245,3
117246,3
117247,3
117248,3
117249,3
117250,3
117251,3
117252,3
117253,3
117254,3
117255,3
117256,3
117257,3
117258,3
117259,3
117260,3
117261,3
117262,3
117263,3
117264,3
117265,3
117266,3
117267,3
117268,3
117269,3
117270,3
117271,3
117272,3
117273,3
117274,3
117275,3
117276,3
117277,3
117278,3
117279,3
117280,3
117281,3
117282,3
117283,3
117284,3
117285,3
117286,3
117287,3
117288,3
117289,3
117290,3
117291,3
117292,3
117293,3
117294,3
117295,3
117296,3
117297,3
117298,3
117299,3
117300,3
117301,3
117302,3
117303,3
117304,3
117305,3
117306,3
117307,3
117308,3
117309,3
117310,3
117311,3
117312,3
117313,3
117314,3
117315,3
117316,3
117317,3
117318,3
117319,3
117320,3
117321,3
117322,3
117323,3
117324,3
117325,3
117326,3
117327,3
117328,3
117329,3
117330,3
117331,3
117332,3
117333,3
117334,3
117335,3
117336,3
117337,3
117338,3
117339,3
117340,3
117341,3
117342,3
117343,3
117344,3
117345,3
117346,3
117347,3
117348,3
117349,3
117350,3
117351,3
117352,3
117353,3
117354,3
117355,3
117356,3
117357,3
117358,3
117359,3
117360,3
117361,3
117362,3
117363,3
117364,3
117365,3
117366,3
117367,3
117368,3
117369,3
117370,3
117371,3
117372,3
117373,3
117374,3
117375,3
117376,3
117377,3
117378,3
117379,3
117380,3
117381,3
117382,3
117383,3
117384,3
117385,3
117386,3
117387,3
117388,3
117389,3
117390,3
117391,3
117392,3
117393,3
117394,3
117395,3
117396,3
117397,3
117398,3
117399,3
117400,3
117401,3
117402,3
117403,3
117404,3
117405,3
117406,3
117407,3
117408,3
117409,3
117410,3
117411,3
117412,3
117413,3
117414,3
117415,3
117416,3
117417,3
117418,3
117419,3
117420,3
117421,3
117422,3
117423,3
117424,3
117425,3
117426,3
117427,3
117428,3
117429,3
117430,3
117431,3
117432,3
117433,3
117434,3
117435,3
117436,3
117437,3
117438,3
117439,3
117440,3
117441,3
117442,3
117443,3
117444,3
117445,3
117446,3
117447,3
117448,3
117449,3
117450,3
117451,3
117452,3
117453,3
117454,3
117455,3
117456,3
117457,3
117458,3
117459,3
117460,3
117461,3
117462,3
117463,3
117464,3
117465,3
117466,3
117467,3
117468,3
117469,3
117470,3
117471,3
117472,3
117473,3
117474,3
117475,3
117476,3
117477,3
117478,3
117479,3
117480,3
117481,3
117482,3
117483,3
117484,3
117485,3
117486,3
117487,3
117488,3
117489,3
117490,3
117491,3
117492,3
117493,3
117494,3
117495,3
117496,3
117497,3
117498,3
117499,3
117500,3
117501,3
117502,3
117503,3
117504,3
117505,3
117506,3
117507,3
117508,3
117509,3
117510,3
117511,3
117512,3
117513,3
117514,3
117515,3
117516,3
117517,3
117518,3
117519,3
117520,3
117521,3
117522,3
117523,3
117524,3
117525,3
117526,3
117527,3
117528,3
117529,3
117530,3
117531,3
117532,3
117533,3
117534,3
117535,3
117536,3
117537,3
117538,3
117539,3
117540,3
117541,3
117542,3
117543,3
117544,3
117545,3
117546,3
117547,3
117548,3
117549,3
117550,3
117551,3
117552,3
117553,3
117554,3
117555,3
117556,3
117557,3
117558,3
117559,3
117560,3
117561,3
117562,3
117563,3
117564,3
117565,3
117566,3
117567,3
117568,3
117569,3
117570,3
117571,3
117572,3
117573,3
117574,3
117575,3
117576,3
117577,3
117578,3
117579,3
117580,3
117581,3
117582,3
117583,3
117584,3
117585,3
117586,3
117587,3
117588,3
117589,3
117590,3
117591,3
117592,3
117593,3
117594,3
117595,3
117596,3
117597,3
117598,3
117599,3
117600,3
117601,3
117602,3
117603,3
117604,3
117605,3
117606,3
117607,3
117608,3
117609,3
117610,3
117611,3
117612,3
117613,3
117614,3
117615,3
117616,3
117617,3
117618,3
117619,3
117620,3
117621,3
117622,3
117623,3
117624,3
117625,3
117626,3
117627,3
117628,3
117629,3
117630,3
117631,3
117632,3
117633,3
117634,3
117635,3
117636,3
117637,3
117638,3
117639,3
117640,3
117641,3
117642,3
117643,3
117644,3
117645,3
117646,3
117647,3
117648,3
117649,3
117650,3
117651,3
117652,3
117653,3
117654,3
117655,3
117656,3
117657,3
117658,3
117659,3
117660,3
117661,3
117662,3
117663,3
117664,3
117665,3
117666,3
117667,3
117668,3
117669,3
117670,3
117671,3
117672,3
117673,3
117674,3
117675,3
117676,3
117677,3
117678,3
117679,3
117680,3
117681,3
117682,3
117683,3
117684,3
117685,3
117686,3
117687,3
117688,3
117689,3
117690,3
117691,3
117692,3
117693,3
117694,3
117695,3
117696,3
117697,3
117698,3
117699,3
117700,3
117701,3
117702,3
117703,3
117704,3
117705,3
117706,3
117707,3
117708,3
117709,3
117710,3
117711,3
117712,3
117713,3
117714,3
117715,3
117716,3
117717,3
117718,3
117719,3
117720,3
117721,3
117722,3
117723,3
117724,3
117725,3
117726,3
117727,3
117728,3
117729,3
117730,3
117731,3
117732,3
117733,3
117734,3
117735,3
117736,3
117737,3
117738,3
117739,3
117740,3
117741,3
117742,3
117743,3
117744,3
117745,3
117746,3
117747,3
117748,3
117749,3
117750,3
117751,3
117752,3
117753,3
117754,3
117755,3
117756,3
117757,3
117758,3
117759,3
117760,3
117761,3
117762,3
117763,3
117764,3
117765,3
117766,3
117767,3
117768,3
117769,3
117770,3
117771,3
117772,3
117773,3
117774,3
117775,3
117776,3
117777,3
117778,3
117779,3
117780,3
117781,3
117782,3
117783,3
117784,3
117785,3
117786,3
117787,3
117788,3
117789,3
117790,3
117791,3
117792,3
117793,3
117794,3
117795,3
117796,3
117797,3
117798,3
117799,3
117800,3
117801,3
117802,3
117803,3
117804,3
117805,3
117806,3
117807,3
117808,3
117809,3
117810,3
117811,3
117812,3
117813,3
117814,3
117815,3
117816,3
117817,3
117818,3
117819,3
117820,3
117821,3
117822,3
117823,3
117824,3
117825,3
117826,3
117827,3
117828,3
117829,3
117830,3
117831,3
117832,3
117833,3
117834,3
117835,3
117836,3
117837,3
117838,3
117839,3
117840,3
117841,3
117842,3
117843,3
117844,3
117845,3
117846,3
117847,3
117848,3
117849,3
117850,3
117851,3
117852,3
117853,3
117854,3
117855,3
117856,3
117857,3
117858,3
117859,3
117860,3
117861,3
117862,3
117863,3
117864,3
117865,3
117866,3
117867,3
117868,3
117869,3
117870,3
117871,3
117872,3
117873,3
117874,3
117875,3
117876,3
117877,3
117878,3
117879,3
117880,3
117881,3
117882,3
117883,3
117884,3
117885,3
117886,3
117887,3
117888,3
117889,3
117890,3
117891,3
117892,3
117893,3
117894,3
117895,3
117896,3
117897,3
117898,3
117899,3
117900,3
117901,3
117902,3
117903,3
117904,3
117905,3
117906,3
117907,3
117908,3
117909,3
117910,3
117911,3
117912,3
117913,3
117914,3
117915,3
117916,3
117917,3
117918,3
117919,3
117920,3
117921,3
117922,3
117923,3
117924,3
117925,3
117926,3
117927,3
117928,3
117929,3
117930,3
117931,3
117932,3
117933,3
117934,3
117935,3
117936,3
117937,3
117938,3
117939,3
117940,3
117941,3
117942,3
117943,3
117944,3
117945,3
117946,3
117947,3
117948,3
117949,3
117950,3
117951,3
117952,3
117953,3
117954,3
117955,3
117956,3
117957,3
117958,3
117959,3
117960,3
117961,3
117962,3
117963,3
117964,3
117965,3
117966,3
117967,3
117968,3
117969,3
117970,3
117971,3
117972,3
117973,3
117974,3
117975,3
117976,3
117977,3
117978,3
117979,3
117980,3
117981,3
117982,3
117983,3
117984,3
117985,3
117986,3
117987,3
117988,3
117989,3
117990,3
117991,3
117992,3
117993,3
117994,3
117995,3
117996,3
117997,3
117998,3
117999,3
118000,3
118001,3
118002,3
118003,3
118004,3
118005,3
118006,3
118007,3
118008,3
118009,3
118010,3
118011,3
118012,3
118013,3
118014,3
118015,3
118016,3
118017,3
118018,3
118019,3
118020,3
118021,3
118022,3
118023,3
118024,3
118025,3
118026,3
118027,3
118028,3
118029,3
118030,3
118031,3
118032,3
118033,3
118034,3
118035,3
118036,3
118037,3
118038,3
118039,3
118040,3
118041,3
118042,3
118043,3
118044,3
118045,3
118046,3
118047,3
118048,3
118049,3
118050,3
118051,3
118052,3
118053,3
118054,3
118055,3
118056,3
118057,3
118058,3
118059,3
118060,3
118061,3
118062,3
118063,3
118064,3
118065,3
118066,3
118067,3
118068,3
118069,3
118070,3
118071,3
118072,3
118073,3
118074,3
118075,3
118076,3
118077,3
118078,3
118079,3
118080,3
118081,3
118082,3
118083,3
118084,3
118085,3
118086,3
118087,3
118088,3
118089,3
118090,3
118091,3
118092,3
118093,3
118094,3
118095,3
118096,3
118097,3
118098,3
118099,3
118100,3
118101,3
118102,3
118103,3
118104,3
118105,3
118106,3
118107,3
118108,3
118109,3
118110,3
118111,3
118112,3
118113,3
118114,3
118115,3
118116,3
118117,3
118118,3
118119,3
118120,3
118121,3
118122,3
118123,3
118124,3
118125,3
118126,3
118127,3
118128,3
118129,3
118130,3
118131,3
118132,3
118133,3
118134,3
118135,3
118136,3
118137,3
118138,3
118139,3
118140,3
118141,3
118142,3
118143,3
118144,3
118145,3
118146,3
118147,3
118148,3
118149,3
118150,3
118151,3
118152,3
118153,3
118154,3
118155,3
118156,3
118157,3
118158,3
118159,3
118160,3
118161,3
118162,3
118163,3
118164,3
118165,3
118166,3
118167,3
118168,3
118169,3
118170,3
118171,3
118172,3
118173,3
118174,3
118175,3
118176,3
118177,3
118178,3
118179,3
118180,3
118181,3
118182,3
118183,3
118184,3
118185,3
118186,3
118187,3
118188,3
118189,3
118190,3
118191,3
118192,3
118193,3
118194,3
118195,3
118196,3
118197,3
118198,3
118199,3
118200,3
118201,3
118202,3
118203,3
118204,3
118205,3
118206,3
118207,3
118208,3
118209,3
118210,3
118211,3
118212,3
118213,3
118214,3
118215,3
118216,3
118217,3
118218,3
118219,3
118220,3
118221,3
118222,3
118223,3
118224,3
118225,3
118226,3
118227,3
118228,3
118229,3
118230,3
118231,3
118232,3
118233,3
118234,3
118235,3
118236,3
118237,3
118238,3
118239,3
118240,3
118241,3
118242,3
118243,3
118244,3
118245,3
118246,3
118247,3
118248,3
118249,3
118250,3
118251,3
118252,3
118253,3
118254,3
118255,3
118256,3
118257,3
118258,3
118259,3
118260,3
118261,3
118262,3
118263,3
118264,3
118265,3
118266,3
118267,3
118268,3
118269,3
118270,3
118271,3
118272,3
118273,3
118274,3
118275,3
118276,3
118277,3
118278,3
118279,3
118280,3
118281,3
118282,3
118283,3
118284,3
118285,3
118286,3
118287,3
118288,3
118289,3
118290,3
118291,3
118292,3
118293,3
118294,3
118295,3
118296,3
118297,3
118298,3
118299,3
118300,3
118301,3
118302,3
118303,3
118304,3
118305,3
118306,3
118307,3
118308,3
118309,3
118310,3
118311,3
118312,3
118313,3
118314,3
118315,3
118316,3
118317,3
118318,3
118319,3
118320,3
118321,3
118322,3
118323,3
118324,3
118325,3
118326,3
118327,3
118328,3
118329,3
118330,3
118331,3
118332,3
118333,3
118334,3
118335,3
118336,3
118337,3
118338,3
118339,3
118340,3
118341,3
118342,3
118343,3
118344,3
118345,3
118346,3
118347,3
118348,3
118349,3
118350,3
118351,3
118352,3
118353,3
118354,3
118355,3
118356,3
118357,3
118358,3
118359,3
118360,3
118361,3
118362,3
118363,3
118364,3
118365,3
118366,3
118367,3
118368,3
118369,3
118370,3
118371,3
118372,3
118373,3
118374,3
118375,3
118376,3
118377,3
118378,3
118379,3
118380,3
118381,3
118382,3
118383,3
118384,3
118385,3
118386,3
118387,3
118388,3
118389,3
118390,3
118391,3
118392,3
118393,3
118394,3
118395,3
118396,3
118397,3
118398,3
118399,3
118400,3
118401,3
118402,3
118403,3
118404,3
118405,3
118406,3
118407,3
118408,3
118409,3
118410,3
118411,3
118412,3
118413,3
118414,3
118415,3
118416,3
118417,3
118418,3
118419,3
118420,3
118421,3
118422,3
118423,3
118424,3
118425,3
118426,3
118427,3
118428,3
118429,3
118430,3
118431,3
118432,3
118433,3
118434,3
118435,3
118436,3
118437,3
118438,3
118439,3
118440,3
118441,3
118442,3
118443,3
118444,3
118445,3
118446,3
118447,3
118448,3
118449,3
118450,3
118451,3
118452,3
118453,3
118454,3
118455,3
118456,3
118457,3
118458,3
118459,3
118460,3
118461,3
118462,3
118463,3
118464,3
118465,3
118466,3
118467,3
118468,3
118469,3
118470,3
118471,3
118472,3
118473,3
118474,3
118475,3
118476,3
118477,3
118478,3
118479,3
118480,3
118481,3
118482,3
118483,3
118484,3
118485,3
118486,3
118487,3
118488,3
118489,3
118490,3
118491,3
118492,3
118493,3
118494,3
118495,3
118496,3
118497,3
118498,3
118499,3
118500,3
118501,3
118502,3
118503,3
118504,3
118505,3
118506,3
118507,3
118508,3
118509,3
118510,3
118511,3
118512,3
118513,3
118514,3
118515,3
118516,3
118517,3
118518,3
118519,3
118520,3
118521,3
118522,3
118523,3
118524,3
118525,3
118526,3
118527,3
118528,3
118529,3
118530,3
118531,3
118532,3
118533,3
118534,3
118535,3
118536,3
118537,3
118538,3
118539,3
118540,3
118541,3
118542,3
118543,3
118544,3
118545,3
118546,3
118547,3
118548,3
118549,3
118550,3
118551,3
118552,3
118553,3
118554,3
118555,3
118556,3
118557,3
118558,3
118559,3
118560,3
118561,3
118562,3
118563,3
118564,3
118565,3
118566,3
118567,3
118568,3
118569,3
118570,3
118571,3
118572,3
118573,3
118574,3
118575,3
118576,3
118577,3
118578,3
118579,3
118580,3
118581,3
118582,3
118583,3
118584,3
118585,3
118586,3
118587,3
118588,3
118589,3
118590,3
118591,3
118592,3
118593,3
118594,3
118595,3
118596,3
118597,3
118598,3
118599,3
118600,3
118601,3
118602,3
118603,3
118604,3
118605,3
118606,3
118607,3
118608,3
118609,3
118610,3
118611,3
118612,3
118613,3
118614,3
118615,3
118616,3
118617,3
118618,3
118619,3
118620,3
118621,3
118622,3
118623,3
118624,3
118625,3
118626,3
118627,3
118628,3
118629,3
118630,3
118631,3
118632,3
118633,3
118634,3
118635,3
118636,3
118637,3
118638,3
118639,3
118640,3
118641,3
118642,3
118643,3
118644,3
118645,3
118646,3
118647,3
118648,3
118649,3
118650,3
118651,3
118652,3
118653,3
118654,3
118655,3
118656,3
118657,3
118658,3
118659,3
118660,3
118661,3
118662,3
118663,3
118664,3
118665,3
118666,3
118667,3
118668,3
118669,3
118670,3
118671,3
118672,3
118673,3
118674,3
118675,3
118676,3
118677,3
118678,3
118679,3
118680,3
118681,3
118682,3
118683,3
118684,3
118685,3
118686,3
118687,3
118688,3
118689,3
118690,3
118691,3
118692,3
118693,3
118694,3
118695,3
118696,3
118697,3
118698,3
118699,3
118700,3
118701,3
118702,3
118703,3
118704,3
118705,3
118706,3
118707,3
118708,3
118709,3
118710,3
118711,3
118712,3
118713,3
118714,3
118715,3
118716,3
118717,3
118718,3
118719,3
118720,3
118721,3
118722,3
118723,3
118724,3
118725,3
118726,3
118727,3
118728,3
118729,3
118730,3
118731,3
118732,3
118733,3
118734,3
118735,3
118736,3
118737,3
118738,3
118739,3
118740,3
118741,3
118742,3
118743,3
118744,3
118745,3
118746,3
118747,3
118748,3
118749,3
118750,3
118751,3
118752,3
118753,3
118754,3
118755,3
118756,3
118757,3
118758,3
118759,3
118760,3
118761,3
118762,3
118763,3
118764,3
118765,3
118766,3
118767,3
118768,3
118769,3
118770,3
118771,3
118772,3
118773,3
118774,3
118775,3
118776,3
118777,3
118778,3
118779,3
118780,3
118781,3
118782,3
118783,3
118784,3
118785,3
118786,3
118787,3
118788,3
118789,3
118790,3
118791,3
118792,3
118793,3
118794,3
118795,3
118796,3
118797,3
118798,3
118799,3
118800,3
118801,3
118802,3
118803,3
118804,3
118805,3
118806,3
118807,3
118808,3
118809,3
118810,3
118811,3
118812,3
118813,3
118814,3
118815,3
118816,3
118817,3
118818,3
118819,3
118820,3
118821,3
118822,3
118823,3
118824,3
118825,3
118826,3
118827,3
118828,3
118829,3
118830,3
118831,3
118832,3
118833,3
118834,3
118835,3
118836,3
118837,3
118838,3
118839,3
118840,3
118841,3
118842,3
118843,3
118844,3
118845,3
118846,3
118847,3
118848,3
118849,3
118850,3
118851,3
118852,3
118853,3
118854,3
118855,3
118856,3
118857,3
118858,3
118859,3
118860,3
118861,3
118862,3
118863,3
118864,3
118865,3
118866,3
118867,3
118868,3
118869,3
118870,3
118871,3
118872,3
118873,3
118874,3
118875,3
118876,3
118877,3
118878,3
118879,3
118880,3
118881,3
118882,3
118883,3
118884,3
118885,3
118886,3
118887,3
118888,3
118889,3
118890,3
118891,3
118892,3
118893,3
118894,3
118895,3
118896,3
118897,3
118898,3
118899,3
118900,3
118901,3
118902,3
118903,3
118904,3
118905,3
118906,3
118907,3
118908,3
118909,3
118910,3
118911,3
118912,3
118913,3
118914,3
118915,3
118916,3
118917,3
118918,3
118919,3
118920,3
118921,3
118922,3
118923,3
118924,3
118925,3
118926,3
118927,3
118928,3
118929,3
118930,3
118931,3
118932,3
118933,3
118934,3
118935,3
118936,3
118937,3
118938,3
118939,3
118940,3
118941,3
118942,3
118943,3
118944,3
118945,3
118946,3
118947,3
118948,3
118949,3
118950,3
118951,3
118952,3
118953,3
118954,3
118955,3
118956,3
118957,3
118958,3
118959,3
118960,3
118961,3
118962,3
118963,3
118964,3
118965,3
118966,3
118967,3
118968,3
118969,3
118970,3
118971,3
118972,3
118973,3
118974,3
118975,3
118976,3
118977,3
118978,3
118979,3
118980,3
118981,3
118982,3
118983,3
118984,3
118985,3
118986,3
118987,3
118988,3
118989,3
118990,3
118991,3
118992,3
118993,3
118994,3
118995,3
118996,3
118997,3
118998,3
118999,3
119000,3
119001,3
119002,3
119003,3
119004,3
119005,3
119006,3
119007,3
119008,3
119009,3
119010,3
119011,3
119012,3
119013,3
119014,3
119015,3
119016,3
119017,3
119018,3
119019,3
119020,3
119021,3
119022,3
119023,3
119024,3
119025,3
119026,3
119027,3
119028,3
119029,3
119030,3
119031,3
119032,3
119033,3
119034,3
119035,3
119036,3
119037,3
119038,3
119039,3
119040,3
119041,3
119042,3
119043,3
119044,3
119045,3
119046,3
119047,3
119048,3
119049,3
119050,3
119051,3
119052,3
119053,3
119054,3
119055,3
119056,3
119057,3
119058,3
119059,3
119060,3
119061,3
119062,3
119063,3
119064,3
119065,3
119066,3
119067,3
119068,3
119069,3
119070,3
119071,3
119072,3
119073,3
119074,3
119075,3
119076,3
119077,3
119078,3
119079,3
119080,3
119081,3
119082,3
119083,3
119084,3
119085,3
119086,3
119087,3
119088,3
119089,3
119090,3
119091,3
119092,3
119093,3
119094,3
119095,3
119096,3
119097,3
119098,3
119099,3
119100,3
119101,3
119102,3
119103,3
119104,3
119105,3
119106,3
119107,3
119108,3
119109,3
119110,3
119111,3
119112,3
119113,3
119114,3
119115,3
119116,3
119117,3
119118,3
119119,3
119120,3
119121,3
119122,3
119123,3
119124,3
119125,3
119126,3
119127,3
119128,3
119129,3
119130,3
119131,3
119132,3
119133,3
119134,3
119135,3
119136,3
119137,3
119138,3
119139,3
119140,3
119141,3
119142,3
119143,3
119144,3
119145,3
119146,3
119147,3
119148,3
119149,3
119150,3
119151,3
119152,3
119153,3
119154,3
119155,3
119156,3
119157,3
119158,3
119159,3
119160,3
119161,3
119162,3
119163,3
119164,3
119165,3
119166,3
119167,3
119168,3
119169,3
119170,3
119171,3
119172,3
119173,3
119174,3
119175,3
119176,3
119177,3
119178,3
119179,3
119180,3
119181,3
119182,3
119183,3
119184,3
119185,3
119186,3
119187,3
119188,3
119189,3
119190,3
119191,3
119192,3
119193,3
119194,3
119195,3
119196,3
119197,3
119198,3
119199,3
119200,3
119201,3
119202,3
119203,3
119204,3
119205,3
119206,3
119207,3
119208,3
119209,3
119210,3
119211,3
119212,3
119213,3
119214,3
119215,3
119216,3
119217,3
119218,3
119219,3
119220,3
119221,3
119222,3
119223,3
119224,3
119225,3
119226,3
119227,3
119228,3
119229,3
119230,3
119231,3
119232,3
119233,3
119234,3
119235,3
119236,3
119237,3
119238,3
119239,3
119240,3
119241,3
119242,3
119243,3
119244,3
119245,3
119246,3
119247,3
119248,3
119249,3
119250,3
119251,3
119252,3
119253,3
119254,3
119255,3
119256,3
119257,3
119258,3
119259,3
119260,3
119261,3
119262,3
119263,3
119264,3
119265,3
119266,3
119267,3
119268,3
119269,3
119270,3
119271,3
119272,3
119273,3
119274,3
119275,3
119276,3
119277,3
119278,3
119279,3
119280,3
119281,3
119282,3
119283,3
119284,3
119285,3
119286,3
119287,3
119288,3
119289,3
119290,3
119291,3
119292,3
119293,3
119294,3
119295,3
119296,3
119297,3
119298,3
119299,3
119300,3
119301,3
119302,3
119303,3
119304,3
119305,3
119306,3
119307,3
119308,3
119309,3
119310,3
119311,3
119312,3
119313,3
119314,3
119315,3
119316,3
119317,3
119318,3
119319,3
119320,3
119321,3
119322,3
119323,3
119324,3
119325,3
119326,3
119327,3
119328,3
119329,3
119330,3
119331,3
119332,3
119333,3
119334,3
119335,3
119336,3
119337,3
119338,3
119339,3
119340,3
119341,3
119342,3
119343,3
119344,3
119345,3
119346,3
119347,3
119348,3
119349,3
119350,3
119351,3
119352,3
119353,3
119354,3
119355,3
119356,3
119357,3
119358,3
119359,3
119360,3
119361,3
119362,3
119363,3
119364,3
119365,3
119366,3
119367,3
119368,3
119369,3
119370,3
119371,3
119372,3
119373,3
119374,3
119375,3
119376,3
119377,3
119378,3
119379,3
119380,3
119381,3
119382,3
119383,3
119384,3
119385,3
119386,3
119387,3
119388,3
119389,3
119390,3
119391,3
119392,3
119393,3
119394,3
119395,3
119396,3
119397,3
119398,3
119399,3
119400,3
119401,3
119402,3
119403,3
119404,3
119405,3
119406,3
119407,3
119408,3
119409,3
119410,3
119411,3
119412,3
119413,3
119414,3
119415,3
119416,3
119417,3
119418,3
119419,3
119420,3
119421,3
119422,3
119423,3
119424,3
119425,3
119426,3
119427,3
119428,3
119429,3
119430,3
119431,3
119432,3
119433,3
119434,3
119435,3
119436,3
119437,3
119438,3
119439,3
119440,3
119441,3
119442,3
119443,3
119444,3
119445,3
119446,3
119447,3
119448,3
119449,3
119450,3
119451,3
119452,3
119453,3
119454,3
119455,3
119456,3
119457,3
119458,3
119459,3
119460,3
119461,3
119462,3
119463,3
119464,3
119465,3
119466,3
119467,3
119468,3
119469,3
119470,3
119471,3
119472,3
119473,3
119474,3
119475,3
119476,3
119477,3
119478,3
119479,3
119480,3
119481,3
119482,3
119483,3
119484,3
119485,3
119486,3
119487,3
119488,3
119489,3
119490,3
119491,3
119492,3
119493,3
119494,3
119495,3
119496,3
119497,3
119498,3
119499,3
119500,3
119501,3
119502,3
119503,3
119504,3
119505,3
119506,3
119507,3
119508,3
119509,3
119510,3
119511,3
119512,3
119513,3
119514,3
119515,3
119516,3
119517,3
119518,3
119519,3
119520,3
119521,3
119522,3
119523,3
119524,3
119525,3
119526,3
119527,3
119528,3
119529,3
119530,3
119531,3
119532,3
119533,3
119534,3
119535,3
119536,3
119537,3
119538,3
119539,3
119540,3
119541,3
119542,3
119543,3
119544,3
119545,3
119546,3
119547,3
119548,3
119549,3
119550,3
119551,3
119552,3
119553,3
119554,3
119555,3
119556,3
119557,3
119558,3
119559,3
119560,3
119561,3
119562,3
119563,3
119564,3
119565,3
119566,3
119567,3
119568,3
119569,3
119570,3
119571,3
119572,3
119573,3
119574,3
119575,3
119576,3
119577,3
119578,3
119579,3
119580,3
119581,3
119582,3
119583,3
119584,3
119585,3
119586,3
119587,3
119588,3
119589,3
119590,3
119591,3
119592,3
119593,3
119594,3
119595,3
119596,3
119597,3
119598,3
119599,3
119600,3
119601,3
119602,3
119603,3
119604,3
119605,3
119606,3
119607,3
119608,3
119609,3
119610,3
119611,3
119612,3
119613,3
119614,3
119615,3
119616,3
119617,3
119618,3
119619,3
119620,3
119621,3
119622,3
119623,3
119624,3
119625,3
119626,3
119627,3
119628,3
119629,3
119630,3
119631,3
119632,3
119633,3
119634,3
119635,3
119636,3
119637,3
119638,3
119639,3
119640,3
119641,3
119642,3
119643,3
119644,3
119645,3
119646,3
119647,3
119648,3
119649,3
119650,3
119651,3
119652,3
119653,3
119654,3
119655,3
119656,3
119657,3
119658,3
119659,3
119660,3
119661,3
119662,3
119663,3
119664,3
119665,3
119666,3
119667,3
119668,3
119669,3
119670,3
119671,3
119672,3
119673,3
119674,3
119675,3
119676,3
119677,3
119678,3
119679,3
119680,3
119681,3
119682,3
119683,3
119684,3
119685,3
119686,3
119687,3
119688,3
119689,3
119690,3
119691,3
119692,3
119693,3
119694,3
119695,3
119696,3
119697,3
119698,3
119699,3
119700,3
119701,3
119702,3
119703,3
119704,3
119705,3
119706,3
119707,3
119708,3
119709,3
119710,3
119711,3
119712,3
119713,3
119714,3
119715,3
119716,3
119717,3
119718,3
119719,3
119720,3
119721,3
119722,3
119723,3
119724,3
119725,3
119726,3
119727,3
119728,3
119729,3
119730,3
119731,3
119732,3
119733,3
119734,3
119735,3
119736,3
119737,3
119738,3
119739,3
119740,3
119741,3
119742,3
119743,3
119744,3
119745,3
119746,3
119747,3
119748,3
119749,3
119750,3
119751,3
119752,3
119753,3
119754,3
119755,3
119756,3
119757,3
119758,3
119759,3
119760,3
119761,3
119762,3
119763,3
119764,3
119765,3
119766,3
119767,3
119768,3
119769,3
119770,3
119771,3
119772,3
119773,3
119774,3
119775,3
119776,3
119777,3
119778,3
119779,3
119780,3
119781,3
119782,3
119783,3
119784,3
119785,3
119786,3
119787,3
119788,3
119789,3
119790,3
119791,3
119792,3
119793,3
119794,3
119795,3
119796,3
119797,3
119798,3
119799,3
119800,3
119801,3
119802,3
119803,3
119804,3
119805,3
119806,3
119807,3
119808,3
119809,3
119810,3
119811,3
119812,3
119813,3
119814,3
119815,3
119816,3
119817,3
119818,3
119819,3
119820,3
119821,3
119822,3
119823,3
119824,3
119825,3
119826,3
119827,3
119828,3
119829,3
119830,3
119831,3
119832,3
119833,3
119834,3
119835,3
119836,3
119837,3
119838,3
119839,3
119840,3
119841,3
119842,3
119843,3
119844,3
119845,3
119846,3
119847,3
119848,3
119849,3
119850,3
119851,3
119852,3
119853,3
119854,3
119855,3
119856,3
119857,3
119858,3
119859,3
119860,3
119861,3
119862,3
119863,3
119864,3
119865,3
119866,3
119867,3
119868,3
119869,3
119870,3
119871,3
119872,3
119873,3
119874,3
119875,3
119876,3
119877,3
119878,3
119879,3
119880,3
119881,3
119882,3
119883,3
119884,3
119885,3
119886,3
119887,3
119888,3
119889,3
119890,3
119891,3
119892,3
119893,3
119894,3
119895,3
119896,3
119897,3
119898,3
119899,3
119900,3
119901,3
119902,3
119903,3
119904,3
119905,3
119906,3
119907,3
119908,3
119909,3
119910,3
119911,3
119912,3
119913,3
119914,3
119915,3
119916,3
119917,3
119918,3
119919,3
119920,3
119921,3
119922,3
119923,3
119924,3
119925,3
119926,3
119927,3
119928,3
119929,3
119930,3
119931,3
119932,3
119933,3
119934,3
119935,3
119936,3
119937,3
119938,3
119939,3
119940,3
119941,3
119942,3
119943,3
119944,3
119945,3
119946,3
119947,3
119948,3
119949,3
119950,3
119951,3
119952,3
119953,3
119954,3
119955,3
119956,3
119957,3
119958,3
119959,3
119960,3
119961,3
119962,3
119963,3
119964,3
119965,3
119966,3
119967,3
119968,3
119969,3
119970,3
119971,3
119972,3
119973,3
119974,3
119975,3
119976,3
119977,3
119978,3
119979,3
119980,3
119981,3
119982,3
119983,3
119984,3
119985,3
119986,3
119987,3
119988,3
119989,3
119990,3
119991,3
119992,3
119993,3
119994,3
119995,3
119996,3
119997,3
119998,3
119999,3
120000,3
120001,3
120002,3
120003,3
120004,3
120005,3
120006,3
120007,3
120008,3
120009,3
120010,3
120011,3
120012,3
120013,3
120014,3
120015,3
120016,3
120017,3
120018,3
120019,3
120020,3
120021,3
120022,3
120023,3
120024,3
120025,3
120026,3
120027,3
120028,3
120029,3
120030,3
120031,3
120032,3
120033,3
120034,3
120035,3
120036,3
120037,3
120038,3
120039,3
120040,3
120041,3
120042,3
120043,3
120044,3
120045,3
120046,3
120047,3
120048,3
120049,3
120050,3
120051,3
120052,3
120053,3
120054,3
120055,3
120056,3
120057,3
120058,3
120059,3
120060,3
120061,3
120062,3
120063,3
120064,3
120065,3
120066,3
120067,3
120068,3
120069,3
120070,3
120071,3
120072,3
120073,3
120074,3
120075,3
120076,3
120077,3
120078,3
120079,3
120080,3
120081,3
120082,3
120083,3
120084,3
120085,3
120086,3
120087,3
120088,3
120089,3
120090,3
120091,3
120092,3
120093,3
120094,3
120095,3
120096,3
120097,3
120098,3
120099,3
120100,3
120101,3
120102,3
120103,3
120104,3
120105,3
120106,3
120107,3
120108,3
120109,3
120110,3
120111,3
120112,3
120113,3
120114,3
120115,3
120116,3
120117,3
120118,3
120119,3
120120,3
120121,3
120122,3
120123,3
120124,3
120125,3
120126,3
120127,3
120128,3
120129,3
120130,3
120131,3
120132,3
120133,3
120134,3
120135,3
120136,3
120137,3
120138,3
120139,3
120140,3
120141,3
120142,3
120143,3
120144,3
120145,3
120146,3
120147,3
120148,3
120149,3
120150,3
120151,3
120152,3
120153,3
120154,3
120155,3
120156,3
120157,3
120158,3
120159,3
120160,3
120161,3
120162,3
120163,3
120164,3
120165,3
120166,3
120167,3
120168,3
120169,3
120170,3
120171,3
120172,3
120173,3
120174,3
120175,3
120176,3
120177,3
120178,3
120179,3
120180,3
120181,3
120182,3
120183,3
120184,3
120185,3
120186,3
120187,3
120188,3
120189,3
120190,3
120191,3
120192,3
120193,3
120194,3
120195,3
120196,3
120197,3
120198,3
120199,3
120200,3
120201,3
120202,3
120203,3
120204,3
120205,3
120206,3
120207,3
120208,3
120209,3
120210,3
120211,3
120212,3
120213,3
120214,3
120215,3
120216,3
120217,3
120218,3
120219,3
120220,3
120221,3
120222,3
120223,3
120224,3
120225,3
120226,3
120227,3
120228,3
120229,3
120230,3
120231,3
120232,3
120233,3
120234,3
120235,3
120236,3
120237,3
120238,3
120239,3
120240,3
120241,3
120242,3
120243,3
120244,3
120245,3
120246,3
120247,3
120248,3
120249,3
120250,3
120251,3
120252,3
120253,3
120254,3
120255,3
120256,3
120257,3
120258,3
120259,3
120260,3
120261,3
120262,3
120263,3
120264,3
120265,3
120266,3
120267,3
120268,3
120269,3
120270,3
120271,3
120272,3
120273,3
120274,3
120275,3
120276,3
120277,3
120278,3
120279,3
120280,3
120281,3
120282,3
120283,3
120284,3
120285,3
120286,3
120287,3
120288,3
120289,3
120290,3
120291,3
120292,3
120293,3
120294,3
120295,3
120296,3
120297,3
120298,3
120299,3
120300,3
120301,3
120302,3
120303,3
120304,3
120305,3
120306,3
120307,3
120308,3
120309,3
120310,3
120311,3
120312,3
120313,3
120314,3
120315,3
120316,3
120317,3
120318,3
120319,3
120320,3
120321,3
120322,3
120323,3
120324,3
120325,3
120326,3
120327,3
120328,3
120329,3
120330,3
120331,3
120332,3
120333,3
120334,3
120335,3
120336,3
120337,3
120338,3
120339,3
120340,3
120341,3
120342,3
120343,3
120344,3
120345,3
120346,3
120347,3
120348,3
120349,3
120350,3
120351,3
120352,3
120353,3
120354,3
120355,3
120356,3
120357,3
120358,3
120359,3
120360,3
120361,3
120362,3
120363,3
120364,3
120365,3
120366,3
120367,3
120368,3
120369,3
120370,3
120371,3
120372,3
120373,3
120374,3
120375,3
120376,3
120377,3
120378,3
120379,3
120380,3
120381,3
120382,3
120383,3
120384,3
120385,3
120386,3
120387,3
120388,3
120389,3
120390,3
120391,3
120392,3
120393,3
120394,3
120395,3
120396,3
120397,3
120398,3
120399,3
120400,3
120401,3
120402,3
120403,3
120404,3
120405,3
120406,3
120407,3
120408,3
120409,3
120410,3
120411,3
120412,3
120413,3
120414,3
120415,3
120416,3
120417,3
120418,3
120419,3
120420,3
120421,3
120422,3
120423,3
120424,3
120425,3
120426,3
120427,3
120428,3
120429,3
120430,3
120431,3
120432,3
120433,3
120434,3
120435,3
120436,3
120437,3
120438,3
120439,3
120440,3
120441,3
120442,3
120443,3
120444,3
120445,3
120446,3
120447,3
120448,3
120449,3
120450,3
120451,3
120452,3
120453,3
120454,3
120455,3
120456,3
120457,3
120458,3
120459,3
120460,3
120461,3
120462,3
120463,3
120464,3
120465,3
120466,3
120467,3
120468,3
120469,3
120470,3
120471,3
120472,3
120473,3
120474,3
120475,3
120476,3
120477,3
120478,3
120479,3
120480,3
120481,3
120482,3
120483,3
120484,3
120485,3
120486,3
120487,3
120488,3
120489,3
120490,3
120491,3
120492,3
120493,3
120494,3
120495,3
120496,3
120497,3
120498,3
120499,3
120500,3
120501,3
120502,3
120503,3
120504,3
120505,3
120506,3
120507,3
120508,3
120509,3
120510,3
120511,3
120512,3
120513,3
120514,3
120515,3
120516,3
120517,3
120518,3
120519,3
120520,3
120521,3
120522,3
120523,3
120524,3
120525,3
