Id,change_type
0,2
1,1
2,2
3,3
4,2
5,2
6,2
7,1
8,2
9,1
10,2
11,1
12,3
13,2
14,1
15,2
16,1
17,2
18,2
19,2
20,1
21,1
22,2
23,1
24,1
25,2
26,1
27,1
28,1
29,2
30,1
31,2
32,1
33,2
34,2
35,2
36,1
37,2
38,2
39,1
40,1
41,1
42,1
43,1
44,1
45,3
46,1
47,2
48,3
49,2
50,3
51,3
52,3
53,3
54,2
55,3
56,3
57,2
58,1
59,1
60,1
61,2
62,3
63,3
64,3
65,1
66,3
67,1
68,1
69,3
70,1
71,1
72,1
73,1
74,2
75,0
76,1
77,2
78,3
79,3
80,3
81,2
82,3
83,3
84,1
85,2
86,3
87,1
88,3
89,1
90,1
91,1
92,1
93,1
94,1
95,1
96,1
97,1
98,4
99,0
100,0
101,0
102,0
103,4
104,4
105,1
106,4
107,4
108,0
109,3
110,0
111,0
112,1
113,2
114,0
115,0
116,0
117,2
118,1
119,1
120,0
121,1
122,1
123,0
124,2
125,0
126,0
127,1
128,1
129,0
130,0
131,1
132,0
133,0
134,0
135,0
136,0
137,0
138,0
139,0
140,0
141,0
142,0
143,0
144,0
145,0
146,0
147,0
148,0
149,0
150,0
151,0
152,0
153,0
154,0
155,0
156,0
157,0
158,0
159,0
160,0
161,0
162,4
163,0
164,0
165,0
166,1
167,1
168,0
169,0
170,0
171,0
172,0
173,0
174,0
175,0
176,0
177,0
178,0
179,0
180,0
181,0
182,0
183,0
184,0
185,1
186,1
187,1
188,0
189,1
190,1
191,1
192,0
193,4
194,1
195,1
196,0
197,3
198,1
199,1
200,3
201,3
202,1
203,0
204,2
205,2
206,3
207,2
208,3
209,2
210,3
211,2
212,2
213,1
214,1
215,3
216,3
217,2
218,3
219,3
220,3
221,4
222,4
223,4
224,3
225,0
226,0
227,0
228,4
229,3
230,2
231,1
232,2
233,4
234,4
235,3
236,3
237,3
238,3
239,4
240,3
241,4
242,4
243,3
244,4
245,3
246,3
247,3
248,4
249,4
250,2
251,3
252,2
253,0
254,3
255,3
256,2
257,2
258,3
259,4
260,3
261,3
262,1
263,2
264,2
265,1
266,1
267,3
268,1
269,1
270,1
271,1
272,3
273,3
274,3
275,3
276,0
277,3
278,0
279,0
280,0
281,0
282,0
283,0
284,0
285,0
286,0
287,0
288,0
289,0
290,0
291,0
292,0
293,0
294,0
295,3
296,0
297,0
298,0
299,2
300,3
301,3
302,3
303,3
304,1
305,3
306,3
307,1
308,1
309,1
310,1
311,2
312,1
313,1
314,3
315,4
316,3
317,3
318,3
319,3
320,3
321,0
322,2
323,2
324,3
325,3
326,3
327,3
328,3
329,3
330,3
331,2
332,3
333,3
334,3
335,1
336,2
337,3
338,2
339,3
340,3
341,4
342,3
343,3
344,3
345,3
346,3
347,3
348,3
349,4
350,3
351,0
352,0
353,0
354,0
355,3
356,0
357,0
358,0
359,0
360,0
361,0
362,0
363,0
364,3
365,0
366,0
367,0
368,0
369,0
370,0
371,0
372,0
373,0
374,0
375,0
376,0
377,0
378,0
379,0
380,0
381,0
382,0
383,0
384,0
385,0
386,0
387,0
388,0
389,0
390,0
391,0
392,0
393,0
394,0
395,0
396,0
397,0
398,0
399,0
400,0
401,0
402,0
403,0
404,3
405,0
406,3
407,0
408,0
409,0
410,0
411,0
412,0
413,0
414,0
415,0
416,0
417,3
418,3
419,3
420,1
421,3
422,3
423,3
424,3
425,3
426,2
427,3
428,2
429,3
430,1
431,3
432,3
433,3
434,3
435,2
436,4
437,4
438,3
439,3
440,0
441,2
442,2
443,0
444,3
445,0
446,0
447,1
448,3
449,0
450,1
451,0
452,0
453,4
454,0
455,0
456,0
457,0
458,3
459,3
460,1
461,1
462,0
463,0
464,0
465,0
466,0
467,0
468,0
469,0
470,0
471,0
472,0
473,0
474,0
475,0
476,0
477,0
478,0
479,0
480,0
481,0
482,0
483,0
484,0
485,0
486,0
487,3
488,3
489,0
490,0
491,0
492,0
493,0
494,0
495,4
496,3
497,3
498,3
499,4
500,2
501,3
502,2
503,3
504,4
505,2
506,3
507,3
508,4
509,3
510,3
511,4
512,4
513,2
514,4
515,4
516,4
517,4
518,4
519,3
520,2
521,2
522,3
523,3
524,3
525,2
526,4
527,3
528,2
529,3
530,3
531,2
532,3
533,2
534,3
535,4
536,3
537,3
538,3
539,3
540,3
541,3
542,3
543,3
544,3
545,3
546,3
547,4
548,3
549,3
550,4
551,1
552,3
553,1
554,1
555,1
556,3
557,3
558,3
559,3
560,2
561,3
562,2
563,2
564,2
565,2
566,1
567,3
568,2
569,3
570,3
571,3
572,3
573,1
574,3
575,0
576,4
577,3
578,3
579,4
580,0
581,3
582,4
583,1
584,3
585,3
586,2
587,1
588,3
589,1
590,3
591,2
592,3
593,3
594,3
595,3
596,3
597,3
598,3
599,1
600,3
601,0
602,3
603,3
604,4
605,3
606,3
607,4
608,4
609,1
610,3
611,0
612,1
613,3
614,1
615,3
616,4
617,1
618,4
619,1
620,1
621,3
622,0
623,1
624,3
625,3
626,4
627,3
628,1
629,2
630,3
631,3
632,2
633,3
634,2
635,3
636,3
637,3
638,1
639,3
640,2
641,3
642,3
643,1
644,3
645,3
646,3
647,3
648,3
649,2
650,3
651,2
652,3
653,0
654,0
655,0
656,0
657,3
658,3
659,3
660,3
661,3
662,0
663,2
664,0
665,1
666,1
667,3
668,4
669,1
670,4
671,3
672,1
673,3
674,1
675,3
676,3
677,2
678,4
679,2
680,3
681,2
682,3
683,2
684,3
685,2
686,3
687,4
688,1
689,3
690,3
691,2
692,2
693,3
694,4
695,3
696,4
697,2
698,3
699,2
700,3
701,1
702,3
703,1
704,1
705,3
706,3
707,3
708,2
709,1
710,1
711,3
712,2
713,3
714,3
715,0
716,4
717,0
718,0
719,3
720,3
721,0
722,0
723,3
724,0
725,0
726,0
727,3
728,3
729,3
730,4
731,3
732,4
733,2
734,4
735,2
736,4
737,3
738,4
739,4
740,3
741,4
742,3
743,3
744,2
745,3
746,3
747,3
748,4
749,1
750,4
751,3
752,4
753,4
754,3
755,4
756,4
757,3
758,2
759,2
760,2
761,4
762,2
763,2
764,3
765,3
766,0
767,3
768,3
769,3
770,3
771,2
772,4
773,4
774,4
775,3
776,4
777,3
778,3
779,1
780,1
781,3
782,3
783,4
784,4
785,3
786,3
787,2
788,3
789,2
790,3
791,1
792,4
793,3
794,3
795,4
796,3
797,4
798,3
799,3
800,1
801,3
802,0
803,0
804,1
805,1
806,3
807,0
808,4
809,3
810,1
811,3
812,2
813,2
814,2
815,3
816,3
817,3
818,3
819,3
820,4
821,3
822,2
823,2
824,3
825,2
826,4
827,3
828,2
829,2
830,2
831,2
832,1
833,2
834,3
835,3
836,3
837,3
838,3
839,3
840,3
841,3
842,2
843,3
844,3
845,3
846,2
847,2
848,2
849,3
850,3
851,3
852,3
853,3
854,3
855,2
856,3
857,2
858,2
859,3
860,2
861,3
862,3
863,3
864,2
865,3
866,2
867,2
868,3
869,3
870,3
871,3
872,2
873,2
874,2
875,3
876,1
877,3
878,3
879,3
880,0
881,2
882,3
883,1
884,3
885,3
886,2
887,2
888,3
889,3
890,3
891,2
892,2
893,2
894,2
895,3
896,2
897,2
898,2
899,3
900,3
901,3
902,2
903,3
904,3
905,3
906,3
907,2
908,2
909,2
910,3
911,3
912,3
913,2
914,3
915,3
916,3
917,3
918,3
919,2
920,3
921,3
922,3
923,3
924,3
925,3
926,3
927,3
928,3
929,4
930,3
931,3
932,2
933,3
934,3
935,3
936,3
937,3
938,3
939,2
940,2
941,0
942,2
943,2
944,2
945,3
946,3
947,2
948,2
949,2
950,2
951,2
952,3
953,2
954,3
955,3
956,3
957,3
958,3
959,2
960,2
961,3
962,2
963,2
964,2
965,1
966,3
967,3
968,3
969,3
970,3
971,3
972,3
973,3
974,3
975,2
976,1
977,3
978,3
979,3
980,2
981,3
982,3
983,2
984,2
985,2
986,3
987,3
988,3
989,0
990,3
991,3
992,3
993,3
994,3
995,0
996,3
997,3
998,3
999,3
1000,3
1001,3
1002,2
1003,3
1004,3
1005,3
1006,3
1007,3
1008,3
1009,3
1010,3
1011,2
1012,3
1013,3
1014,2
1015,2
1016,1
1017,3
1018,2
1019,3
1020,4
1021,2
1022,3
1023,3
1024,1
1025,3
1026,3
1027,3
1028,3
1029,1
1030,3
1031,3
1032,3
1033,3
1034,2
1035,3
1036,3
1037,3
1038,3
1039,2
1040,3
1041,3
1042,2
1043,2
1044,3
1045,3
1046,3
1047,3
1048,3
1049,3
1050,3
1051,2
1052,2
1053,3
1054,2
1055,3
1056,4
1057,3
1058,4
1059,3
1060,3
1061,3
1062,2
1063,3
1064,3
1065,3
1066,3
1067,3
1068,3
1069,3
1070,2
1071,2
1072,2
1073,2
1074,0
1075,2
1076,2
1077,3
1078,3
1079,3
1080,2
1081,3
1082,3
1083,3
1084,3
1085,3
1086,3
1087,3
1088,3
1089,3
1090,3
1091,3
1092,3
1093,2
1094,2
1095,2
1096,3
1097,3
1098,3
1099,3
1100,3
1101,3
1102,3
1103,3
1104,2
1105,3
1106,1
1107,2
1108,3
1109,4
1110,3
1111,3
1112,3
1113,2
1114,2
1115,2
1116,2
1117,3
1118,2
1119,2
1120,3
1121,4
1122,2
1123,2
1124,2
1125,3
1126,3
1127,1
1128,3
1129,2
1130,3
1131,2
1132,2
1133,0
1134,3
1135,3
1136,2
1137,3
1138,3
1139,3
1140,3
1141,3
1142,3
1143,1
1144,3
1145,3
1146,2
1147,3
1148,3
1149,2
1150,3
1151,2
1152,2
1153,1
1154,3
1155,2
1156,2
1157,3
1158,1
1159,1
1160,3
1161,2
1162,2
1163,2
1164,3
1165,2
1166,2
1167,2
1168,2
1169,4
1170,2
1171,2
1172,3
1173,2
1174,3
1175,3
1176,2
1177,3
1178,3
1179,3
1180,1
1181,1
1182,3
1183,3
1184,3
1185,3
1186,1
1187,3
1188,3
1189,3
1190,3
1191,3
1192,3
1193,3
1194,2
1195,3
1196,2
1197,1
1198,3
1199,3
1200,0
1201,2
1202,3
1203,4
1204,3
1205,3
1206,3
1207,3
1208,2
1209,3
1210,3
1211,3
1212,3
1213,2
1214,3
1215,2
1216,2
1217,3
1218,3
1219,3
1220,1
1221,3
1222,3
1223,3
1224,3
1225,3
1226,3
1227,3
1228,3
1229,3
1230,3
1231,3
1232,3
1233,3
1234,3
1235,3
1236,3
1237,3
1238,3
1239,1
1240,3
1241,3
1242,3
1243,3
1244,4
1245,2
1246,4
1247,3
1248,3
1249,2
1250,2
1251,3
1252,2
1253,3
1254,3
1255,4
1256,2
1257,3
1258,3
1259,3
1260,3
1261,3
1262,3
1263,1
1264,3
1265,2
1266,3
1267,3
1268,3
1269,2
1270,3
1271,3
1272,3
1273,3
1274,1
1275,1
1276,3
1277,3
1278,3
1279,3
1280,3
1281,2
1282,2
1283,3
1284,3
1285,3
1286,3
1287,3
1288,2
1289,3
1290,3
1291,3
1292,3
1293,3
1294,2
1295,3
1296,2
1297,3
1298,2
1299,3
1300,3
1301,2
1302,2
1303,3
1304,2
1305,3
1306,3
1307,3
1308,2
1309,3
1310,3
1311,3
1312,3
1313,3
1314,3
1315,3
1316,2
1317,1
1318,2
1319,2
1320,3
1321,3
1322,2
1323,3
1324,2
1325,3
1326,3
1327,3
1328,3
1329,2
1330,3
1331,3
1332,3
1333,3
1334,2
1335,2
1336,3
1337,3
1338,3
1339,3
1340,2
1341,3
1342,1
1343,3
1344,2
1345,3
1346,3
1347,3
1348,3
1349,3
1350,3
1351,3
1352,2
1353,3
1354,3
1355,3
1356,3
1357,3
1358,2
1359,3
1360,3
1361,3
1362,3
1363,4
1364,3
1365,3
1366,3
1367,3
1368,3
1369,2
1370,3
1371,3
1372,3
1373,2
1374,2
1375,3
1376,3
1377,2
1378,3
1379,2
1380,3
1381,4
1382,3
1383,3
1384,2
1385,2
1386,3
1387,3
1388,3
1389,3
1390,3
1391,3
1392,3
1393,3
1394,3
1395,3
1396,2
1397,3
1398,2
1399,3
1400,3
1401,3
1402,3
1403,3
1404,3
1405,3
1406,3
1407,3
1408,2
1409,3
1410,3
1411,3
1412,2
1413,2
1414,2
1415,3
1416,2
1417,3
1418,2
1419,3
1420,1
1421,3
1422,2
1423,2
1424,2
1425,2
1426,3
1427,3
1428,3
1429,3
1430,3
1431,3
1432,3
1433,3
1434,3
1435,2
1436,3
1437,3
1438,3
1439,3
1440,3
1441,1
1442,3
1443,3
1444,3
1445,3
1446,3
1447,3
1448,3
1449,3
1450,3
1451,3
1452,3
1453,1
1454,2
1455,2
1456,3
1457,3
1458,3
1459,3
1460,2
1461,2
1462,3
1463,3
1464,3
1465,2
1466,2
1467,2
1468,3
1469,2
1470,3
1471,3
1472,3
1473,3
1474,2
1475,3
1476,3
1477,2
1478,3
1479,1
1480,3
1481,2
1482,3
1483,2
1484,3
1485,2
1486,3
1487,2
1488,2
1489,2
1490,3
1491,3
1492,3
1493,2
1494,4
1495,3
1496,3
1497,3
1498,2
1499,2
1500,3
1501,3
1502,3
1503,3
1504,2
1505,2
1506,2
1507,3
1508,3
1509,3
1510,3
1511,3
1512,3
1513,3
1514,2
1515,2
1516,2
1517,2
1518,2
1519,2
1520,3
1521,2
1522,2
1523,3
1524,2
1525,3
1526,3
1527,3
1528,3
1529,3
1530,3
1531,3
1532,3
1533,3
1534,2
1535,3
1536,3
1537,3
1538,3
1539,3
1540,3
1541,0
1542,1
1543,3
1544,3
1545,3
1546,2
1547,3
1548,2
1549,2
1550,3
1551,2
1552,3
1553,3
1554,3
1555,2
1556,2
1557,2
1558,2
1559,3
1560,1
1561,3
1562,2
1563,2
1564,3
1565,3
1566,2
1567,2
1568,2
1569,2
1570,0
1571,2
1572,3
1573,2
1574,2
1575,2
1576,3
1577,3
1578,2
1579,2
1580,3
1581,3
1582,3
1583,3
1584,3
1585,2
1586,3
1587,3
1588,2
1589,2
1590,3
1591,3
1592,3
1593,3
1594,3
1595,3
1596,2
1597,3
1598,1
1599,3
1600,2
1601,3
1602,2
1603,3
1604,3
1605,3
1606,3
1607,3
1608,2
1609,1
1610,3
1611,3
1612,3
1613,3
1614,3
1615,3
1616,3
1617,2
1618,3
1619,3
1620,3
1621,2
1622,3
1623,2
1624,2
1625,3
1626,3
1627,3
1628,3
1629,3
1630,3
1631,3
1632,3
1633,3
1634,3
1635,3
1636,1
1637,1
1638,3
1639,3
1640,3
1641,3
1642,3
1643,3
1644,3
1645,3
1646,2
1647,2
1648,3
1649,1
1650,1
1651,3
1652,3
1653,3
1654,3
1655,3
1656,3
1657,3
1658,3
1659,3
1660,3
1661,3
1662,3
1663,1
1664,3
1665,3
1666,3
1667,1
1668,0
1669,0
1670,1
1671,3
1672,1
1673,1
1674,0
1675,0
1676,3
1677,2
1678,3
1679,1
1680,3
1681,3
1682,3
1683,3
1684,3
1685,3
1686,2
1687,3
1688,3
1689,3
1690,0
1691,0
1692,3
1693,3
1694,2
1695,0
1696,2
1697,3
1698,1
1699,2
1700,3
1701,2
1702,1
1703,2
1704,2
1705,3
1706,3
1707,3
1708,3
1709,3
1710,3
1711,2
1712,3
1713,2
1714,3
1715,1
1716,1
1717,2
1718,0
1719,3
1720,3
1721,3
1722,3
1723,2
1724,3
1725,3
1726,2
1727,3
1728,3
1729,3
1730,3
1731,3
1732,2
1733,3
1734,2
1735,3
1736,3
1737,2
1738,3
1739,3
1740,2
1741,3
1742,1
1743,3
1744,3
1745,3
1746,1
1747,3
1748,3
1749,3
1750,3
1751,3
1752,0
1753,3
1754,2
1755,0
1756,2
1757,0
1758,1
1759,3
1760,3
1761,3
1762,3
1763,3
1764,3
1765,0
1766,3
1767,3
1768,3
1769,1
1770,3
1771,3
1772,3
1773,1
1774,1
1775,3
1776,3
1777,1
1778,2
1779,2
1780,0
1781,3
1782,0
1783,0
1784,0
1785,0
1786,0
1787,0
1788,0
1789,0
1790,0
1791,0
1792,0
1793,0
1794,0
1795,0
1796,0
1797,0
1798,0
1799,0
1800,0
1801,0
1802,0
1803,1
1804,1
1805,1
1806,3
1807,1
1808,3
1809,1
1810,3
1811,1
1812,3
1813,1
1814,3
1815,1
1816,3
1817,3
1818,3
1819,3
1820,3
1821,2
1822,3
1823,2
1824,2
1825,0
1826,3
1827,2
1828,3
1829,1
1830,3
1831,0
1832,0
1833,3
1834,1
1835,2
1836,3
1837,3
1838,3
1839,3
1840,3
1841,3
1842,2
1843,2
1844,0
1845,0
1846,0
1847,2
1848,1
1849,0
1850,3
1851,3
1852,3
1853,3
1854,3
1855,0
1856,3
1857,3
1858,3
1859,0
1860,3
1861,3
1862,2
1863,2
1864,3
1865,3
1866,1
1867,3
1868,3
1869,1
1870,3
1871,2
1872,0
1873,3
1874,3
1875,3
1876,3
1877,3
1878,3
1879,1
1880,3
1881,0
1882,3
1883,3
1884,3
1885,0
1886,2
1887,2
1888,3
1889,3
1890,1
1891,0
1892,0
1893,0
1894,3
1895,1
1896,1
1897,3
1898,2
1899,3
1900,3
1901,2
1902,2
1903,0
1904,2
1905,3
1906,3
1907,3
1908,3
1909,0
1910,0
1911,3
1912,2
1913,2
1914,3
1915,3
1916,3
1917,1
1918,2
1919,0
1920,1
1921,1
1922,3
1923,1
1924,3
1925,3
1926,2
1927,0
1928,3
1929,0
1930,3
1931,3
1932,2
1933,2
1934,0
1935,0
1936,3
1937,0
1938,0
1939,3
1940,2
1941,2
1942,2
1943,1
1944,2
1945,3
1946,3
1947,1
1948,2
1949,1
1950,3
1951,3
1952,0
1953,3
1954,2
1955,2
1956,3
1957,3
1958,1
1959,2
1960,0
1961,0
1962,0
1963,1
1964,0
1965,0
1966,0
1967,3
1968,3
1969,0
1970,3
1971,2
1972,1
1973,2
1974,3
1975,2
1976,1
1977,3
1978,0
1979,3
1980,3
1981,3
1982,3
1983,3
1984,0
1985,2
1986,2
1987,0
1988,0
1989,1
1990,1
1991,0
1992,0
1993,2
1994,0
1995,0
1996,3
1997,3
1998,3
1999,2
2000,3
2001,3
2002,3
2003,1
2004,2
2005,2
2006,2
2007,3
2008,2
2009,1
2010,1
2011,3
2012,1
2013,3
2014,0
2015,3
2016,3
2017,0
2018,0
2019,0
2020,3
2021,0
2022,1
2023,1
2024,3
2025,3
2026,3
2027,3
2028,3
2029,3
2030,0
2031,3
2032,0
2033,0
2034,3
2035,3
2036,1
2037,2
2038,3
2039,3
2040,3
2041,1
2042,3
2043,2
2044,3
2045,3
2046,0
2047,3
2048,3
2049,3
2050,3
2051,3
2052,0
2053,3
2054,1
2055,3
2056,3
2057,2
2058,0
2059,1
2060,1
2061,1
2062,1
2063,3
2064,0
2065,0
2066,3
2067,3
2068,3
2069,3
2070,1
2071,1
2072,3
2073,1
2074,0
2075,0
2076,0
2077,0
2078,0
2079,0
2080,0
2081,0
2082,0
2083,0
2084,1
2085,2
2086,3
2087,2
2088,0
2089,2
2090,1
2091,1
2092,0
2093,1
2094,0
2095,3
2096,3
2097,3
2098,1
2099,3
2100,3
2101,3
2102,1
2103,3
2104,0
2105,0
2106,0
2107,0
2108,1
2109,0
2110,1
2111,3
2112,3
2113,3
2114,3
2115,3
2116,1
2117,1
2118,3
2119,3
2120,3
2121,2
2122,3
2123,3
2124,3
2125,3
2126,3
2127,3
2128,1
2129,3
2130,2
2131,2
2132,3
2133,3
2134,3
2135,0
2136,0
2137,0
2138,3
2139,2
2140,3
2141,1
2142,2
2143,1
2144,2
2145,3
2146,0
2147,2
2148,1
2149,3
2150,0
2151,0
2152,0
2153,0
2154,3
2155,0
2156,2
2157,2
2158,3
2159,3
2160,0
2161,0
2162,0
2163,0
2164,1
2165,3
2166,3
2167,1
2168,3
2169,2
2170,1
2171,1
2172,3
2173,1
2174,3
2175,3
2176,3
2177,2
2178,3
2179,3
2180,3
2181,2
2182,3
2183,3
2184,1
2185,1
2186,1
2187,0
2188,0
2189,3
2190,0
2191,0
2192,1
2193,0
2194,2
2195,3
2196,3
2197,2
2198,3
2199,3
2200,3
2201,3
2202,3
2203,3
2204,3
2205,3
2206,2
2207,3
2208,0
2209,0
2210,2
2211,2
2212,3
2213,3
2214,3
2215,2
2216,3
2217,1
2218,3
2219,3
2220,1
2221,1
2222,1
2223,1
2224,0
2225,2
2226,2
2227,0
2228,3
2229,0
2230,3
2231,0
2232,3
2233,0
2234,0
2235,0
2236,0
2237,3
2238,0
2239,3
2240,2
2241,3
2242,3
2243,2
2244,2
2245,3
2246,0
2247,2
2248,2
2249,0
2250,0
2251,0
2252,0
2253,2
2254,2
2255,0
2256,2
2257,3
2258,3
2259,2
2260,0
2261,0
2262,2
2263,0
2264,0
2265,0
2266,0
2267,0
2268,0
2269,0
2270,0
2271,0
2272,0
2273,0
2274,0
2275,0
2276,2
2277,1
2278,3
2279,3
2280,2
2281,0
2282,0
2283,2
2284,2
2285,2
2286,1
2287,3
2288,1
2289,3
2290,2
2291,1
2292,0
2293,2
2294,2
2295,2
2296,1
2297,1
2298,2
2299,2
2300,3
2301,2
2302,0
2303,1
2304,3
2305,3
2306,1
2307,0
2308,0
2309,0
2310,0
2311,0
2312,0
2313,0
2314,0
2315,0
2316,0
2317,0
2318,0
2319,0
2320,0
2321,0
2322,0
2323,0
2324,0
2325,2
2326,0
2327,3
2328,0
2329,0
2330,0
2331,0
2332,0
2333,0
2334,2
2335,3
2336,3
2337,3
2338,3
2339,3
2340,3
2341,1
2342,3
2343,1
2344,2
2345,2
2346,3
2347,1
2348,2
2349,2
2350,3
2351,1
2352,3
2353,2
2354,1
2355,0
2356,1
2357,1
2358,1
2359,1
2360,0
2361,0
2362,0
2363,0
2364,0
2365,0
2366,1
2367,3
2368,3
2369,3
2370,3
2371,3
2372,3
2373,4
2374,3
2375,3
2376,1
2377,3
2378,2
2379,3
2380,2
2381,3
2382,2
2383,1
2384,1
2385,2
2386,1
2387,3
2388,3
2389,3
2390,3
2391,2
2392,3
2393,3
2394,2
2395,3
2396,3
2397,1
2398,1
2399,3
2400,2
2401,1
2402,1
2403,0
2404,0
2405,0
2406,3
2407,3
2408,3
2409,3
2410,3
2411,2
2412,1
2413,1
2414,1
2415,3
2416,1
2417,1
2418,1
2419,0
2420,3
2421,3
2422,1
2423,1
2424,3
2425,0
2426,0
2427,0
2428,0
2429,0
2430,0
2431,0
2432,0
2433,0
2434,0
2435,0
2436,0
2437,0
2438,1
2439,0
2440,0
2441,0
2442,0
2443,0
2444,0
2445,0
2446,0
2447,0
2448,0
2449,0
2450,0
2451,1
2452,1
2453,2
2454,1
2455,3
2456,3
2457,3
2458,1
2459,2
2460,1
2461,3
2462,3
2463,3
2464,3
2465,3
2466,2
2467,3
2468,3
2469,3
2470,0
2471,1
2472,3
2473,0
2474,3
2475,2
2476,3
2477,3
2478,2
2479,2
2480,2
2481,3
2482,3
2483,3
2484,3
2485,2
2486,2
2487,2
2488,3
2489,3
2490,2
2491,3
2492,0
2493,3
2494,3
2495,2
2496,3
2497,0
2498,1
2499,0
2500,0
2501,3
2502,2
2503,2
2504,3
2505,3
2506,2
2507,2
2508,2
2509,2
2510,2
2511,3
2512,2
2513,2
2514,3
2515,2
2516,2
2517,2
2518,2
2519,2
2520,2
2521,2
2522,0
2523,2
2524,3
2525,2
2526,0
2527,3
2528,2
2529,3
2530,2
2531,0
2532,0
2533,0
2534,1
2535,1
2536,3
2537,3
2538,3
2539,3
2540,3
2541,1
2542,3
2543,3
2544,3
2545,3
2546,3
2547,3
2548,3
2549,3
2550,3
2551,3
2552,3
2553,3
2554,3
2555,0
2556,2
2557,3
2558,2
2559,3
2560,3
2561,3
2562,1
2563,3
2564,3
2565,2
2566,3
2567,2
2568,3
2569,3
2570,1
2571,3
2572,3
2573,3
2574,0
2575,0
2576,3
2577,0
2578,3
2579,3
2580,3
2581,3
2582,3
2583,2
2584,1
2585,0
2586,0
2587,1
2588,3
2589,2
2590,1
2591,2
2592,2
2593,3
2594,2
2595,3
2596,0
2597,3
2598,0
2599,0
2600,0
2601,0
2602,0
2603,2
2604,2
2605,2
2606,2
2607,2
2608,3
2609,2
2610,2
2611,2
2612,3
2613,2
2614,3
2615,0
2616,3
2617,3
2618,3
2619,3
2620,3
2621,3
2622,3
2623,2
2624,3
2625,2
2626,3
2627,3
2628,2
2629,2
2630,0
2631,1
2632,3
2633,2
2634,3
2635,2
2636,2
2637,2
2638,1
2639,2
2640,1
2641,2
2642,3
2643,1
2644,3
2645,3
2646,3
2647,1
2648,2
2649,3
2650,2
2651,2
2652,3
2653,0
2654,2
2655,2
2656,3
2657,2
2658,0
2659,0
2660,2
2661,3
2662,3
2663,3
2664,0
2665,2
2666,1
2667,3
2668,3
2669,2
2670,3
2671,3
2672,3
2673,1
2674,3
2675,3
2676,2
2677,3
2678,2
2679,2
2680,2
2681,2
2682,3
2683,2
2684,3
2685,2
2686,3
2687,0
2688,2
2689,3
2690,2
2691,3
2692,2
2693,2
2694,3
2695,0
2696,3
2697,2
2698,2
2699,1
2700,2
2701,2
2702,2
2703,1
2704,2
2705,1
2706,0
2707,1
2708,0
2709,1
2710,0
2711,0
2712,2
2713,3
2714,3
2715,2
2716,2
2717,2
2718,2
2719,2
2720,2
2721,3
2722,1
2723,2
2724,2
2725,1
2726,2
2727,2
2728,1
2729,3
2730,0
2731,3
2732,0
2733,3
2734,3
2735,3
2736,3
2737,0
2738,3
2739,0
2740,3
2741,3
2742,3
2743,3
2744,3
2745,3
2746,3
2747,0
2748,0
2749,0
2750,3
2751,3
2752,0
2753,2
2754,3
2755,0
2756,3
2757,3
2758,3
2759,2
2760,0
2761,3
2762,3
2763,3
2764,3
2765,3
2766,1
2767,2
2768,0
2769,0
2770,0
2771,0
2772,3
2773,4
2774,2
2775,2
2776,2
2777,0
2778,0
2779,3
2780,0
2781,0
2782,0
2783,0
2784,3
2785,3
2786,3
2787,2
2788,4
2789,2
2790,3
2791,3
2792,3
2793,2
2794,3
2795,3
2796,3
2797,3
2798,3
2799,3
2800,2
2801,3
2802,1
2803,3
2804,3
2805,3
2806,3
2807,3
2808,2
2809,3
2810,3
2811,3
2812,2
2813,3
2814,3
2815,3
2816,3
2817,4
2818,3
2819,0
2820,3
2821,3
2822,3
2823,2
2824,3
2825,3
2826,0
2827,0
2828,3
2829,2
2830,3
2831,3
2832,0
2833,2
2834,3
2835,3
2836,3
2837,2
2838,1
2839,2
2840,3
2841,3
2842,3
2843,3
2844,3
2845,2
2846,3
2847,3
2848,2
2849,3
2850,3
2851,2
2852,2
2853,3
2854,3
2855,3
2856,1
2857,1
2858,3
2859,2
2860,1
2861,1
2862,1
2863,3
2864,0
2865,3
2866,3
2867,3
2868,0
2869,4
2870,4
2871,3
2872,3
2873,3
2874,2
2875,3
2876,3
2877,3
2878,3
2879,1
2880,3
2881,1
2882,1
2883,2
2884,1
2885,2
2886,3
2887,1
2888,3
2889,0
2890,4
2891,2
2892,2
2893,1
2894,3
2895,2
2896,3
2897,3
2898,3
2899,3
2900,2
2901,1
2902,1
2903,2
2904,1
2905,0
2906,1
2907,1
2908,2
2909,1
2910,3
2911,1
2912,3
2913,2
2914,2
2915,2
2916,2
2917,3
2918,1
2919,3
2920,3
2921,3
2922,3
2923,1
2924,3
2925,2
2926,3
2927,3
2928,1
2929,2
2930,3
2931,3
2932,3
2933,2
2934,4
2935,3
2936,3
2937,3
2938,3
2939,1
2940,1
2941,2
2942,1
2943,2
2944,2
2945,3
2946,1
2947,1
2948,1
2949,1
2950,3
2951,3
2952,3
2953,3
2954,3
2955,3
2956,3
2957,1
2958,3
2959,1
2960,3
2961,3
2962,3
2963,1
2964,1
2965,3
2966,0
2967,1
2968,0
2969,2
2970,3
2971,3
2972,3
2973,3
2974,2
2975,1
2976,3
2977,3
2978,2
2979,3
2980,2
2981,2
2982,3
2983,1
2984,3
2985,3
2986,1
2987,3
2988,1
2989,1
2990,3
2991,2
2992,2
2993,0
2994,2
2995,2
2996,3
2997,0
2998,3
2999,3
3000,3
3001,3
3002,3
3003,3
3004,2
3005,3
3006,3
3007,0
3008,2
3009,3
3010,0
3011,3
3012,3
3013,3
3014,0
3015,2
3016,2
3017,3
3018,3
3019,2
3020,3
3021,3
3022,3
3023,3
3024,2
3025,3
3026,3
3027,2
3028,2
3029,1
3030,3
3031,3
3032,3
3033,3
3034,3
3035,3
3036,3
3037,2
3038,1
3039,1
3040,2
3041,3
3042,2
3043,3
3044,3
3045,2
3046,2
3047,3
3048,3
3049,2
3050,2
3051,3
3052,3
3053,3
3054,3
3055,3
3056,3
3057,3
3058,3
3059,2
3060,3
3061,3
3062,0
3063,3
3064,2
3065,3
3066,3
3067,3
3068,3
3069,3
3070,3
3071,2
3072,4
3073,3
3074,3
3075,1
3076,3
3077,3
3078,3
3079,3
3080,3
3081,3
3082,3
3083,3
3084,3
3085,4
3086,2
3087,3
3088,3
3089,3
3090,3
3091,3
3092,3
3093,3
3094,3
3095,3
3096,4
3097,3
3098,3
3099,3
3100,3
3101,3
3102,3
3103,3
3104,3
3105,3
3106,3
3107,3
3108,3
3109,4
3110,2
3111,3
3112,3
3113,4
3114,3
3115,1
3116,3
3117,3
3118,3
3119,3
3120,3
3121,3
3122,3
3123,3
3124,2
3125,3
3126,3
3127,1
3128,1
3129,3
3130,2
3131,2
3132,3
3133,2
3134,3
3135,1
3136,3
3137,3
3138,3
3139,3
3140,3
3141,3
3142,4
3143,3
3144,1
3145,3
3146,1
3147,1
3148,2
3149,0
3150,3
3151,2
3152,3
3153,4
3154,3
3155,2
3156,3
3157,4
3158,3
3159,3
3160,4
3161,3
3162,1
3163,1
3164,3
3165,0
3166,2
3167,3
3168,3
3169,4
3170,3
3171,1
3172,3
3173,1
3174,3
3175,0
3176,1
3177,4
3178,4
3179,3
3180,3
3181,3
3182,0
3183,2
3184,3
3185,1
3186,2
3187,2
3188,2
3189,1
3190,3
3191,1
3192,3
3193,3
3194,3
3195,3
3196,1
3197,2
3198,3
3199,3
3200,3
3201,3
3202,3
3203,3
3204,3
3205,0
3206,3
3207,3
3208,3
3209,3
3210,0
3211,3
3212,1
3213,1
3214,2
3215,3
3216,3
3217,3
3218,2
3219,1
3220,3
3221,1
3222,3
3223,0
3224,0
3225,1
3226,0
3227,0
3228,0
3229,1
3230,0
3231,0
3232,0
3233,0
3234,0
3235,3
3236,3
3237,3
3238,2
3239,3
3240,0
3241,0
3242,0
3243,0
3244,1
3245,0
3246,1
3247,1
3248,3
3249,0
3250,0
3251,3
3252,3
3253,1
3254,1
3255,3
3256,0
3257,1
3258,0
3259,3
3260,2
3261,2
3262,3
3263,0
3264,3
3265,3
3266,2
3267,3
3268,3
3269,3
3270,1
3271,3
3272,2
3273,3
3274,3
3275,2
3276,3
3277,3
3278,3
3279,1
3280,2
3281,3
3282,3
3283,3
3284,0
3285,3
3286,3
3287,3
3288,3
3289,0
3290,2
3291,0
3292,1
3293,1
3294,1
3295,3
3296,0
3297,1
3298,3
3299,1
3300,1
3301,0
3302,0
3303,1
3304,3
3305,3
3306,3
3307,3
3308,1
3309,3
3310,3
3311,3
3312,3
3313,2
3314,3
3315,3
3316,3
3317,2
3318,4
3319,2
3320,3
3321,0
3322,3
3323,2
3324,3
3325,3
3326,3
3327,3
3328,2
3329,2
3330,1
3331,3
3332,3
3333,2
3334,2
3335,3
3336,1
3337,0
3338,2
3339,3
3340,2
3341,3
3342,3
3343,3
3344,2
3345,3
3346,0
3347,3
3348,3
3349,3
3350,0
3351,2
3352,3
3353,3
3354,3
3355,2
3356,3
3357,3
3358,3
3359,1
3360,3
3361,3
3362,3
3363,3
3364,4
3365,3
3366,3
3367,2
3368,3
3369,3
3370,3
3371,3
3372,3
3373,1
3374,3
3375,1
3376,3
3377,3
3378,3
3379,0
3380,3
3381,3
3382,3
3383,3
3384,4
3385,3
3386,3
3387,3
3388,2
3389,3
3390,1
3391,3
3392,3
3393,3
3394,3
3395,3
3396,3
3397,3
3398,1
3399,1
3400,4
3401,1
3402,2
3403,1
3404,1
3405,1
3406,1
3407,3
3408,1
3409,3
3410,2
3411,3
3412,4
3413,3
3414,0
3415,3
3416,3
3417,3
3418,3
3419,1
3420,1
3421,2
3422,3
3423,3
3424,3
3425,3
3426,2
3427,2
3428,3
3429,3
3430,3
3431,3
3432,2
3433,3
3434,3
3435,3
3436,2
3437,1
3438,3
3439,2
3440,3
3441,3
3442,3
3443,2
3444,1
3445,1
3446,1
3447,3
3448,3
3449,0
3450,1
3451,3
3452,1
3453,0
3454,3
3455,4
3456,0
3457,3
3458,2
3459,2
3460,3
3461,3
3462,3
3463,3
3464,3
3465,3
3466,3
3467,3
3468,2
3469,3
3470,3
3471,1
3472,3
3473,3
3474,0
3475,0
3476,1
3477,3
3478,3
3479,1
3480,1
3481,0
3482,3
3483,3
3484,3
3485,1
3486,3
3487,3
3488,3
3489,3
3490,3
3491,3
3492,3
3493,3
3494,3
3495,3
3496,3
3497,1
3498,1
3499,3
3500,3
3501,2
3502,3
3503,3
3504,4
3505,3
3506,3
3507,3
3508,1
3509,1
3510,2
3511,3
3512,3
3513,0
3514,4
3515,1
3516,0
3517,3
3518,1
3519,1
3520,4
3521,3
3522,2
3523,3
3524,3
3525,2
3526,3
3527,3
3528,3
3529,1
3530,3
3531,3
3532,3
3533,3
3534,3
3535,4
3536,1
3537,1
3538,1
3539,1
3540,3
3541,3
3542,3
3543,3
3544,3
3545,1
3546,2
3547,3
3548,3
3549,1
3550,3
3551,0
3552,2
3553,3
3554,3
3555,3
3556,0
3557,3
3558,1
3559,3
3560,3
3561,3
3562,3
3563,3
3564,3
3565,1
3566,3
3567,3
3568,3
3569,3
3570,3
3571,3
3572,3
3573,1
3574,3
3575,3
3576,3
3577,3
3578,3
3579,3
3580,3
3581,0
3582,3
3583,0
3584,0
3585,2
3586,2
3587,3
3588,1
3589,3
3590,2
3591,2
3592,3
3593,3
3594,3
3595,3
3596,1
3597,3
3598,3
3599,3
3600,1
3601,3
3602,1
3603,3
3604,3
3605,3
3606,3
3607,1
3608,1
3609,2
3610,1
3611,2
3612,3
3613,1
3614,1
3615,1
3616,3
3617,1
3618,1
3619,1
3620,1
3621,1
3622,3
3623,3
3624,1
3625,1
3626,1
3627,4
3628,1
3629,3
3630,3
3631,3
3632,3
3633,1
3634,1
3635,1
3636,3
3637,3
3638,0
3639,3
3640,3
3641,3
3642,3
3643,3
3644,2
3645,3
3646,1
3647,0
3648,3
3649,3
3650,1
3651,3
3652,1
3653,1
3654,1
3655,3
3656,3
3657,3
3658,3
3659,0
3660,4
3661,3
3662,1
3663,1
3664,1
3665,1
3666,1
3667,2
3668,3
3669,1
3670,3
3671,1
3672,3
3673,4
3674,3
3675,3
3676,1
3677,1
3678,3
3679,3
3680,3
3681,3
3682,3
3683,3
3684,4
3685,3
3686,2
3687,3
3688,3
3689,2
3690,2
3691,3
3692,3
3693,3
3694,3
3695,3
3696,3
3697,3
3698,3
3699,3
3700,3
3701,3
3702,0
3703,0
3704,3
3705,3
3706,2
3707,0
3708,2
3709,3
3710,2
3711,3
3712,4
3713,4
3714,3
3715,4
3716,4
3717,4
3718,4
3719,4
3720,4
3721,0
3722,4
3723,4
3724,4
3725,4
3726,2
3727,4
3728,0
3729,3
3730,3
3731,2
3732,2
3733,2
3734,2
3735,3
3736,4
3737,4
3738,4
3739,3
3740,0
3741,3
3742,2
3743,4
3744,0
3745,2
3746,3
3747,3
3748,4
3749,4
3750,4
3751,3
3752,4
3753,2
3754,4
3755,3
3756,3
3757,4
3758,4
3759,4
3760,4
3761,3
3762,4
3763,3
3764,3
3765,3
3766,3
3767,3
3768,3
3769,0
3770,3
3771,2
3772,3
3773,3
3774,4
3775,3
3776,3
3777,3
3778,3
3779,3
3780,3
3781,3
3782,3
3783,4
3784,4
3785,3
3786,3
3787,4
3788,4
3789,2
3790,2
3791,3
3792,3
3793,3
3794,1
3795,3
3796,3
3797,0
3798,0
3799,3
3800,1
3801,3
3802,3
3803,3
3804,2
3805,2
3806,3
3807,3
3808,3
3809,3
3810,4
3811,3
3812,3
3813,3
3814,3
3815,0
3816,0
3817,0
3818,2
3819,2
3820,3
3821,3
3822,2
3823,2
3824,3
3825,2
3826,3
3827,2
3828,3
3829,2
3830,4
3831,3
3832,0
3833,3
3834,3
3835,3
3836,4
3837,4
3838,4
3839,3
3840,3
3841,4
3842,3
3843,4
3844,0
3845,0
3846,4
3847,2
3848,3
3849,3
3850,3
3851,4
3852,4
3853,3
3854,3
3855,3
3856,3
3857,3
3858,3
3859,2
3860,3
3861,2
3862,3
3863,3
3864,2
3865,3
3866,3
3867,3
3868,3
3869,4
3870,2
3871,2
3872,2
3873,3
3874,2
3875,4
3876,2
3877,3
3878,4
3879,4
3880,3
3881,3
3882,3
3883,3
3884,4
3885,2
3886,4
3887,4
3888,3
3889,2
3890,3
3891,4
3892,3
3893,3
3894,3
3895,3
3896,3
3897,3
3898,3
3899,3
3900,2
3901,2
3902,3
3903,2
3904,0
3905,4
3906,4
3907,0
3908,2
3909,3
3910,3
3911,3
3912,2
3913,2
3914,3
3915,0
3916,3
3917,3
3918,3
3919,3
3920,3
3921,3
3922,3
3923,3
3924,4
3925,2
3926,3
3927,4
3928,0
3929,3
3930,0
3931,4
3932,4
3933,0
3934,0
3935,3
3936,0
3937,3
3938,3
3939,0
3940,3
3941,3
3942,4
3943,2
3944,3
3945,0
3946,3
3947,3
3948,3
3949,0
3950,3
3951,3
3952,3
3953,0
3954,4
3955,0
3956,0
3957,4
3958,3
3959,3
3960,2
3961,4
3962,4
3963,4
3964,4
3965,4
3966,4
3967,3
3968,4
3969,4
3970,4
3971,4
3972,4
3973,4
3974,4
3975,4
3976,4
3977,4
3978,4
3979,4
3980,4
3981,4
3982,4
3983,4
3984,4
3985,4
3986,4
3987,4
3988,4
3989,4
3990,4
3991,4
3992,4
3993,4
3994,4
3995,4
3996,3
3997,4
3998,4
3999,4
4000,4
4001,4
4002,4
4003,0
4004,3
4005,3
4006,0
4007,0
4008,3
4009,3
4010,0
4011,3
4012,3
4013,3
4014,4
4015,3
4016,2
4017,3
4018,4
4019,4
4020,0
4021,0
4022,0
4023,3
4024,2
4025,3
4026,0
4027,3
4028,4
4029,3
4030,3
4031,3
4032,3
4033,3
4034,3
4035,0
4036,0
4037,3
4038,3
4039,0
4040,0
4041,3
4042,4
4043,3
4044,4
4045,4
4046,4
4047,0
4048,3
4049,3
4050,3
4051,0
4052,2
4053,2
4054,3
4055,3
4056,3
4057,0
4058,3
4059,2
4060,0
4061,4
4062,2
4063,4
4064,4
4065,1
4066,4
4067,4
4068,4
4069,4
4070,4
4071,0
4072,4
4073,4
4074,4
4075,4
4076,4
4077,4
4078,3
4079,4
4080,4
4081,4
4082,4
4083,4
4084,3
4085,4
4086,4
4087,3
4088,4
4089,4
4090,4
4091,4
4092,4
4093,0
4094,0
4095,4
4096,3
4097,4
4098,4
4099,4
4100,4
4101,4
4102,2
4103,3
4104,4
4105,0
4106,4
4107,4
4108,4
4109,4
4110,3
4111,4
4112,4
4113,4
4114,3
4115,3
4116,4
4117,4
4118,4
4119,4
4120,4
4121,4
4122,3
4123,4
4124,4
4125,4
4126,4
4127,0
4128,4
4129,4
4130,3
4131,3
4132,0
4133,2
4134,4
4135,0
4136,4
4137,4
4138,0
4139,3
4140,4
4141,0
4142,3
4143,3
4144,3
4145,0
4146,3
4147,0
4148,3
4149,3
4150,3
4151,0
4152,3
4153,0
4154,3
4155,3
4156,3
4157,3
4158,1
4159,2
4160,1
4161,3
4162,3
4163,3
4164,3
4165,3
4166,3
4167,3
4168,3
4169,3
4170,3
4171,4
4172,4
4173,0
4174,4
4175,2
4176,2
4177,4
4178,2
4179,4
4180,3
4181,3
4182,3
4183,3
4184,0
4185,4
4186,4
4187,4
4188,4
4189,4
4190,4
4191,4
4192,4
4193,4
4194,4
4195,3
4196,3
4197,4
4198,4
4199,4
4200,0
4201,0
4202,4
4203,4
4204,4
4205,3
4206,0
4207,0
4208,0
4209,4
4210,4
4211,4
4212,3
4213,0
4214,4
4215,4
4216,0
4217,3
4218,4
4219,3
4220,4
4221,3
4222,4
4223,3
4224,4
4225,3
4226,4
4227,4
4228,0
4229,4
4230,4
4231,0
4232,4
4233,4
4234,4
4235,4
4236,4
4237,4
4238,4
4239,4
4240,3
4241,4
4242,3
4243,3
4244,4
4245,3
4246,4
4247,3
4248,4
4249,4
4250,4
4251,4
4252,3
4253,4
4254,3
4255,0
4256,4
4257,3
4258,4
4259,4
4260,3
4261,4
4262,3
4263,4
4264,3
4265,4
4266,3
4267,3
4268,3
4269,3
4270,3
4271,4
4272,4
4273,4
4274,0
4275,4
4276,3
4277,0
4278,3
4279,3
4280,3
4281,3
4282,3
4283,3
4284,3
4285,2
4286,3
4287,4
4288,3
4289,2
4290,3
4291,0
4292,0
4293,2
4294,0
4295,3
4296,0
4297,4
4298,0
4299,3
4300,3
4301,4
4302,4
4303,0
4304,4
4305,3
4306,3
4307,4
4308,3
4309,4
4310,3
4311,4
4312,3
4313,3
4314,3
4315,3
4316,0
4317,3
4318,3
4319,2
4320,3
4321,4
4322,3
4323,3
4324,3
4325,3
4326,4
4327,3
4328,3
4329,4
4330,3
4331,3
4332,4
4333,3
4334,3
4335,3
4336,3
4337,4
4338,3
4339,4
4340,4
4341,2
4342,4
4343,4
4344,3
4345,4
4346,4
4347,4
4348,4
4349,4
4350,4
4351,4
4352,4
4353,4
4354,4
4355,3
4356,4
4357,4
4358,4
4359,3
4360,3
4361,3
4362,3
4363,3
4364,4
4365,3
4366,4
4367,4
4368,3
4369,4
4370,4
4371,3
4372,3
4373,3
4374,3
4375,3
4376,4
4377,4
4378,4
4379,3
4380,3
4381,4
4382,4
4383,4
4384,4
4385,4
4386,4
4387,4
4388,4
4389,4
4390,4
4391,4
4392,4
4393,4
4394,4
4395,4
4396,4
4397,4
4398,4
4399,3
4400,3
4401,3
4402,3
4403,4
4404,4
4405,3
4406,4
4407,3
4408,3
4409,3
4410,2
4411,3
4412,3
4413,2
4414,3
4415,4
4416,3
4417,4
4418,3
4419,3
4420,0
4421,4
4422,2
4423,3
4424,4
4425,4
4426,2
4427,3
4428,3
4429,4
4430,4
4431,4
4432,4
4433,4
4434,3
4435,4
4436,4
4437,4
4438,4
4439,3
4440,4
4441,4
4442,4
4443,4
4444,4
4445,4
4446,4
4447,4
4448,4
4449,2
4450,3
4451,4
4452,4
4453,4
4454,4
4455,4
4456,4
4457,3
4458,4
4459,4
4460,4
4461,4
4462,2
4463,0
4464,3
4465,0
4466,4
4467,4
4468,4
4469,3
4470,3
4471,4
4472,4
4473,3
4474,4
4475,3
4476,3
4477,3
4478,4
4479,4
4480,3
4481,4
4482,4
4483,4
4484,4
4485,0
4486,4
4487,4
4488,4
4489,3
4490,2
4491,4
4492,4
4493,4
4494,4
4495,4
4496,4
4497,4
4498,4
4499,4
4500,4
4501,4
4502,4
4503,4
4504,0
4505,3
4506,3
4507,3
4508,4
4509,3
4510,3
4511,3
4512,4
4513,4
4514,4
4515,4
4516,4
4517,4
4518,3
4519,0
4520,4
4521,4
4522,4
4523,4
4524,4
4525,4
4526,4
4527,4
4528,4
4529,0
4530,4
4531,4
4532,4
4533,3
4534,4
4535,4
4536,4
4537,4
4538,3
4539,4
4540,4
4541,4
4542,4
4543,3
4544,4
4545,3
4546,4
4547,4
4548,4
4549,4
4550,2
4551,3
4552,3
4553,3
4554,3
4555,4
4556,0
4557,3
4558,4
4559,3
4560,3
4561,4
4562,0
4563,4
4564,4
4565,4
4566,4
4567,4
4568,0
4569,4
4570,4
4571,0
4572,4
4573,4
4574,4
4575,4
4576,3
4577,4
4578,4
4579,4
4580,4
4581,4
4582,4
4583,4
4584,3
4585,2
4586,4
4587,4
4588,4
4589,4
4590,3
4591,2
4592,3
4593,4
4594,4
4595,3
4596,4
4597,4
4598,0
4599,4
4600,3
4601,3
4602,3
4603,3
4604,4
4605,3
4606,4
4607,4
4608,2
4609,4
4610,4
4611,4
4612,3
4613,4
4614,4
4615,4
4616,3
4617,3
4618,4
4619,4
4620,3
4621,4
4622,4
4623,4
4624,4
4625,3
4626,4
4627,4
4628,4
4629,4
4630,4
4631,4
4632,3
4633,4
4634,4
4635,4
4636,4
4637,4
4638,3
4639,4
4640,4
4641,4
4642,4
4643,4
4644,4
4645,4
4646,4
4647,3
4648,4
4649,4
4650,4
4651,4
4652,4
4653,4
4654,4
4655,4
4656,4
4657,4
4658,4
4659,4
4660,4
4661,3
4662,2
4663,4
4664,4
4665,4
4666,4
4667,4
4668,4
4669,4
4670,4
4671,4
4672,4
4673,4
4674,4
4675,4
4676,4
4677,4
4678,4
4679,4
4680,4
4681,0
4682,3
4683,4
4684,0
4685,4
4686,4
4687,4
4688,4
4689,4
4690,2
4691,4
4692,4
4693,4
4694,4
4695,4
4696,3
4697,4
4698,4
4699,4
4700,4
4701,4
4702,4
4703,4
4704,4
4705,3
4706,4
4707,3
4708,4
4709,4
4710,4
4711,4
4712,4
4713,4
4714,4
4715,3
4716,3
4717,3
4718,4
4719,4
4720,4
4721,4
4722,4
4723,4
4724,4
4725,4
4726,4
4727,3
4728,4
4729,4
4730,4
4731,4
4732,4
4733,4
4734,4
4735,4
4736,4
4737,4
4738,4
4739,3
4740,4
4741,4
4742,3
4743,4
4744,4
4745,4
4746,4
4747,4
4748,4
4749,4
4750,4
4751,3
4752,4
4753,3
4754,4
4755,3
4756,3
4757,4
4758,4
4759,0
4760,0
4761,4
4762,4
4763,4
4764,4
4765,4
4766,4
4767,4
4768,4
4769,4
4770,4
4771,4
4772,4
4773,4
4774,4
4775,3
4776,4
4777,4
4778,0
4779,4
4780,3
4781,4
4782,4
4783,4
4784,4
4785,4
4786,4
4787,4
4788,4
4789,4
4790,4
4791,4
4792,4
4793,3
4794,4
4795,4
4796,3
4797,4
4798,4
4799,4
4800,4
4801,3
4802,3
4803,3
4804,4
4805,4
4806,4
4807,4
4808,0
4809,4
4810,1
4811,1
4812,3
4813,0
4814,3
4815,3
4816,4
4817,0
4818,4
4819,3
4820,3
4821,4
4822,4
4823,3
4824,3
4825,2
4826,3
4827,4
4828,0
4829,3
4830,4
4831,2
4832,4
4833,4
4834,0
4835,4
4836,4
4837,2
4838,4
4839,3
4840,3
4841,3
4842,3
4843,3
4844,3
4845,3
4846,4
4847,2
4848,4
4849,0
4850,3
4851,0
4852,3
4853,3
4854,2
4855,3
4856,2
4857,4
4858,3
4859,4
4860,4
4861,4
4862,0
4863,0
4864,4
4865,4
4866,4
4867,4
4868,4
4869,4
4870,4
4871,4
4872,4
4873,4
4874,4
4875,4
4876,4
4877,4
4878,4
4879,3
4880,4
4881,4
4882,4
4883,4
4884,4
4885,4
4886,4
4887,4
4888,4
4889,4
4890,4
4891,4
4892,4
4893,4
4894,4
4895,4
4896,4
4897,2
4898,4
4899,4
4900,4
4901,4
4902,4
4903,4
4904,3
4905,4
4906,4
4907,4
4908,4
4909,3
4910,4
4911,4
4912,4
4913,4
4914,4
4915,4
4916,4
4917,4
4918,4
4919,4
4920,3
4921,4
4922,4
4923,4
4924,4
4925,4
4926,4
4927,4
4928,4
4929,4
4930,4
4931,4
4932,4
4933,2
4934,4
4935,4
4936,4
4937,4
4938,4
4939,0
4940,4
4941,4
4942,4
4943,4
4944,0
4945,4
4946,4
4947,4
4948,4
4949,4
4950,4
4951,4
4952,4
4953,4
4954,4
4955,4
4956,4
4957,3
4958,4
4959,4
4960,4
4961,4
4962,4
4963,4
4964,4
4965,4
4966,4
4967,4
4968,4
4969,4
4970,4
4971,4
4972,4
4973,4
4974,4
4975,3
4976,4
4977,4
4978,4
4979,4
4980,4
4981,4
4982,4
4983,4
4984,4
4985,4
4986,4
4987,4
4988,4
4989,4
4990,4
4991,4
4992,4
4993,4
4994,4
4995,4
4996,4
4997,4
4998,4
4999,4
5000,4
5001,4
5002,4
5003,4
5004,4
5005,4
5006,4
5007,4
5008,4
5009,4
5010,4
5011,0
5012,4
5013,4
5014,4
5015,4
5016,4
5017,4
5018,4
5019,4
5020,0
5021,4
5022,4
5023,4
5024,3
5025,4
5026,4
5027,4
5028,4
5029,4
5030,4
5031,3
5032,4
5033,4
5034,4
5035,4
5036,4
5037,4
5038,4
5039,4
5040,4
5041,4
5042,4
5043,4
5044,4
5045,4
5046,4
5047,4
5048,4
5049,4
5050,4
5051,4
5052,4
5053,4
5054,4
5055,4
5056,2
5057,3
5058,4
5059,3
5060,2
5061,4
5062,4
5063,4
5064,4
5065,4
5066,4
5067,4
5068,4
5069,4
5070,3
5071,4
5072,4
5073,4
5074,4
5075,4
5076,4
5077,4
5078,4
5079,4
5080,4
5081,4
5082,4
5083,4
5084,4
5085,4
5086,4
5087,4
5088,4
5089,4
5090,3
5091,4
5092,4
5093,4
5094,4
5095,4
5096,4
5097,4
5098,4
5099,3
5100,4
5101,4
5102,4
5103,3
5104,4
5105,4
5106,4
5107,4
5108,4
5109,3
5110,4
5111,4
5112,4
5113,3
5114,4
5115,3
5116,4
5117,4
5118,4
5119,4
5120,0
5121,4
5122,3
5123,3
5124,3
5125,2
5126,3
5127,0
5128,3
5129,3
5130,3
5131,3
5132,3
5133,4
5134,3
5135,3
5136,4
5137,4
5138,3
5139,3
5140,4
5141,0
5142,4
5143,4
5144,4
5145,4
5146,4
5147,4
5148,3
5149,3
5150,4
5151,4
5152,4
5153,4
5154,4
5155,3
5156,4
5157,4
5158,4
5159,4
5160,4
5161,4
5162,3
5163,3
5164,2
5165,4
5166,3
5167,4
5168,4
5169,3
5170,4
5171,3
5172,4
5173,3
5174,3
5175,2
5176,4
5177,4
5178,4
5179,4
5180,4
5181,4
5182,4
5183,3
5184,4
5185,4
5186,4
5187,4
5188,4
5189,4
5190,4
5191,4
5192,4
5193,4
5194,4
5195,4
5196,4
5197,4
5198,4
5199,4
5200,4
5201,4
5202,4
5203,3
5204,4
5205,2
5206,4
5207,4
5208,4
5209,4
5210,4
5211,4
5212,4
5213,4
5214,4
5215,3
5216,4
5217,4
5218,4
5219,4
5220,4
5221,4
5222,4
5223,4
5224,4
5225,4
5226,2
5227,4
5228,4
5229,2
5230,3
5231,3
5232,3
5233,4
5234,3
5235,4
5236,4
5237,4
5238,4
5239,4
5240,4
5241,4
5242,4
5243,4
5244,4
5245,4
5246,2
5247,3
5248,3
5249,4
5250,3
5251,4
5252,4
5253,0
5254,4
5255,4
5256,3
5257,4
5258,4
5259,2
5260,4
5261,4
5262,4
5263,4
5264,4
5265,4
5266,4
5267,4
5268,4
5269,4
5270,4
5271,3
5272,4
5273,4
5274,2
5275,4
5276,4
5277,4
5278,4
5279,4
5280,4
5281,4
5282,4
5283,4
5284,2
5285,4
5286,4
5287,4
5288,4
5289,0
5290,4
5291,2
5292,3
5293,4
5294,3
5295,4
5296,4
5297,4
5298,4
5299,4
5300,3
5301,3
5302,4
5303,0
5304,4
5305,4
5306,4
5307,4
5308,4
5309,4
5310,4
5311,4
5312,4
5313,4
5314,4
5315,4
5316,4
5317,4
5318,4
5319,4
5320,3
5321,4
5322,4
5323,4
5324,4
5325,4
5326,4
5327,4
5328,4
5329,3
5330,4
5331,4
5332,4
5333,4
5334,4
5335,4
5336,4
5337,4
5338,4
5339,4
5340,4
5341,4
5342,4
5343,3
5344,4
5345,4
5346,3
5347,0
5348,0
5349,0
5350,2
5351,3
5352,2
5353,3
5354,3
5355,3
5356,3
5357,4
5358,3
5359,4
5360,4
5361,3
5362,3
5363,4
5364,3
5365,4
5366,3
5367,4
5368,4
5369,4
5370,4
5371,4
5372,4
5373,2
5374,4
5375,4
5376,3
5377,4
5378,4
5379,4
5380,4
5381,0
5382,4
5383,4
5384,4
5385,4
5386,4
5387,4
5388,4
5389,4
5390,3
5391,4
5392,4
5393,4
5394,4
5395,4
5396,4
5397,4
5398,4
5399,4
5400,3
5401,0
5402,4
5403,4
5404,3
5405,4
5406,4
5407,3
5408,4
5409,4
5410,3
5411,2
5412,4
5413,4
5414,3
5415,2
5416,4
5417,4
5418,4
5419,0
5420,3
5421,4
5422,4
5423,4
5424,4
5425,4
5426,0
5427,4
5428,0
5429,3
5430,3
5431,4
5432,4
5433,3
5434,0
5435,4
5436,4
5437,3
5438,4
5439,3
5440,2
5441,3
5442,0
5443,3
5444,4
5445,4
5446,4
5447,4
5448,4
5449,4
5450,4
5451,4
5452,4
5453,4
5454,3
5455,4
5456,4
5457,4
5458,4
5459,4
5460,0
5461,0
5462,0
5463,3
5464,0
5465,3
5466,4
5467,3
5468,2
5469,0
5470,0
5471,4
5472,3
5473,4
5474,4
5475,4
5476,4
5477,4
5478,4
5479,3
5480,4
5481,4
5482,4
5483,4
5484,4
5485,4
5486,4
5487,4
5488,0
5489,4
5490,3
5491,4
5492,4
5493,4
5494,4
5495,0
5496,4
5497,4
5498,4
5499,0
5500,3
5501,4
5502,4
5503,4
5504,4
5505,4
5506,4
5507,4
5508,3
5509,4
5510,3
5511,3
5512,0
5513,3
5514,3
5515,3
5516,3
5517,2
5518,4
5519,2
5520,4
5521,4
5522,3
5523,3
5524,2
5525,4
5526,4
5527,0
5528,3
5529,4
5530,3
5531,4
5532,3
5533,3
5534,0
5535,4
5536,3
5537,3
5538,3
5539,0
5540,4
5541,4
5542,3
5543,3
5544,3
5545,3
5546,3
5547,3
5548,2
5549,2
5550,4
5551,3
5552,3
5553,4
5554,4
5555,4
5556,4
5557,4
5558,3
5559,4
5560,4
5561,4
5562,3
5563,4
5564,4
5565,2
5566,0
5567,3
5568,4
5569,4
5570,4
5571,2
5572,4
5573,4
5574,4
5575,4
5576,3
5577,4
5578,4
5579,4
5580,0
5581,3
5582,4
5583,3
5584,4
5585,0
5586,4
5587,3
5588,4
5589,4
5590,4
5591,4
5592,2
5593,2
5594,4
5595,3
5596,3
5597,4
5598,3
5599,4
5600,4
5601,4
5602,4
5603,4
5604,4
5605,4
5606,1
5607,2
5608,2
5609,3
5610,3
5611,3
5612,3
5613,4
5614,3
5615,4
5616,2
5617,3
5618,2
5619,3
5620,3
5621,3
5622,2
5623,4
5624,3
5625,3
5626,4
5627,3
5628,2
5629,0
5630,3
5631,3
5632,3
5633,3
5634,2
5635,0
5636,3
5637,3
5638,3
5639,3
5640,4
5641,3
5642,4
5643,2
5644,2
5645,3
5646,4
5647,0
5648,3
5649,4
5650,4
5651,4
5652,3
5653,4
5654,0
5655,0
5656,0
5657,0
5658,3
5659,4
5660,4
5661,4
5662,4
5663,3
5664,4
5665,3
5666,4
5667,0
5668,4
5669,3
5670,3
5671,3
5672,3
5673,3
5674,3
5675,3
5676,3
5677,0
5678,4
5679,3
5680,3
5681,3
5682,3
5683,4
5684,4
5685,2
5686,4
5687,3
5688,2
5689,4
5690,4
5691,4
5692,0
5693,4
5694,4
5695,0
5696,0
5697,0
5698,3
5699,0
5700,4
5701,4
5702,4
5703,0
5704,4
5705,4
5706,4
5707,2
5708,4
5709,3
5710,4
5711,0
5712,3
5713,4
5714,4
5715,4
5716,3
5717,4
5718,4
5719,0
5720,4
5721,4
5722,4
5723,4
5724,4
5725,3
5726,4
5727,3
5728,4
5729,4
5730,3
5731,2
5732,4
5733,4
5734,4
5735,4
5736,2
5737,4
5738,2
5739,2
5740,4
5741,3
5742,4
5743,2
5744,4
5745,0
5746,4
5747,3
5748,4
5749,4
5750,4
5751,3
5752,0
5753,3
5754,0
5755,0
5756,0
5757,3
5758,3
5759,3
5760,4
5761,4
5762,0
5763,4
5764,0
5765,3
5766,3
5767,4
5768,3
5769,3
5770,3
5771,3
5772,4
5773,3
5774,3
5775,3
5776,3
5777,0
5778,3
5779,3
5780,3
5781,3
5782,3
5783,3
5784,3
5785,3
5786,4
5787,3
5788,3
5789,3
5790,3
5791,3
5792,4
5793,0
5794,3
5795,4
5796,4
5797,4
5798,4
5799,4
5800,4
5801,4
5802,3
5803,4
5804,4
5805,4
5806,3
5807,0
5808,3
5809,3
5810,4
5811,3
5812,3
5813,3
5814,3
5815,3
5816,3
5817,4
5818,3
5819,3
5820,4
5821,3
5822,3
5823,3
5824,3
5825,3
5826,4
5827,4
5828,4
5829,3
5830,3
5831,3
5832,4
5833,3
5834,3
5835,2
5836,3
5837,0
5838,0
5839,0
5840,0
5841,3
5842,0
5843,3
5844,3
5845,3
5846,4
5847,4
5848,4
5849,3
5850,3
5851,4
5852,3
5853,4
5854,4
5855,4
5856,4
5857,4
5858,4
5859,0
5860,3
5861,4
5862,4
5863,4
5864,0
5865,4
5866,3
5867,4
5868,3
5869,4
5870,0
5871,3
5872,3
5873,3
5874,3
5875,2
5876,3
5877,4
5878,3
5879,3
5880,2
5881,4
5882,2
5883,4
5884,4
5885,4
5886,0
5887,2
5888,3
5889,4
5890,4
5891,3
5892,0
5893,4
5894,4
5895,4
5896,3
5897,3
5898,3
5899,3
5900,4
5901,4
5902,2
5903,3
5904,2
5905,4
5906,3
5907,4
5908,4
5909,3
5910,2
5911,3
5912,3
5913,3
5914,4
5915,4
5916,3
5917,4
5918,3
5919,0
5920,4
5921,4
5922,4
5923,4
5924,4
5925,3
5926,3
5927,3
5928,3
5929,4
5930,3
5931,0
5932,4
5933,3
5934,4
5935,4
5936,4
5937,4
5938,4
5939,0
5940,4
5941,0
5942,4
5943,4
5944,2
5945,4
5946,0
5947,4
5948,4
5949,4
5950,4
5951,2
5952,2
5953,4
5954,4
5955,4
5956,4
5957,2
5958,4
5959,4
5960,4
5961,4
5962,4
5963,4
5964,3
5965,4
5966,2
5967,4
5968,2
5969,3
5970,4
5971,3
5972,4
5973,4
5974,3
5975,4
5976,4
5977,4
5978,4
5979,4
5980,4
5981,4
5982,4
5983,4
5984,4
5985,4
5986,4
5987,4
5988,4
5989,3
5990,0
5991,4
5992,4
5993,0
5994,4
5995,4
5996,4
5997,3
5998,4
5999,4
6000,4
6001,4
6002,4
6003,4
6004,4
6005,4
6006,4
6007,4
6008,3
6009,4
6010,3
6011,4
6012,0
6013,4
6014,4
6015,4
6016,4
6017,3
6018,3
6019,3
6020,0
6021,4
6022,3
6023,4
6024,3
6025,3
6026,4
6027,4
6028,4
6029,4
6030,3
6031,3
6032,3
6033,3
6034,4
6035,0
6036,3
6037,2
6038,3
6039,3
6040,3
6041,3
6042,4
6043,3
6044,3
6045,3
6046,4
6047,3
6048,4
6049,3
6050,4
6051,4
6052,4
6053,4
6054,3
6055,3
6056,4
6057,3
6058,4
6059,3
6060,4
6061,3
6062,4
6063,3
6064,3
6065,2
6066,3
6067,4
6068,4
6069,4
6070,3
6071,3
6072,3
6073,2
6074,4
6075,4
6076,4
6077,4
6078,4
6079,4
6080,3
6081,3
6082,3
6083,4
6084,4
6085,4
6086,0
6087,4
6088,3
6089,3
6090,4
6091,3
6092,3
6093,4
6094,3
6095,3
6096,2
6097,4
6098,4
6099,3
6100,4
6101,4
6102,4
6103,4
6104,4
6105,3
6106,4
6107,3
6108,3
6109,4
6110,3
6111,4
6112,3
6113,4
6114,3
6115,3
6116,3
6117,3
6118,4
6119,4
6120,3
6121,4
6122,2
6123,3
6124,4
6125,4
6126,4
6127,3
6128,3
6129,4
6130,3
6131,4
6132,4
6133,4
6134,3
6135,4
6136,3
6137,4
6138,4
6139,4
6140,4
6141,3
6142,4
6143,4
6144,4
6145,4
6146,2
6147,4
6148,4
6149,4
6150,3
6151,4
6152,4
6153,4
6154,4
6155,4
6156,4
6157,4
6158,4
6159,4
6160,4
6161,4
6162,4
6163,4
6164,4
6165,4
6166,4
6167,4
6168,4
6169,4
6170,4
6171,4
6172,4
6173,3
6174,4
6175,4
6176,4
6177,3
6178,4
6179,4
6180,3
6181,3
6182,4
6183,3
6184,4
6185,0
6186,4
6187,4
6188,4
6189,4
6190,4
6191,4
6192,4
6193,4
6194,4
6195,4
6196,4
6197,4
6198,4
6199,3
6200,3
6201,4
6202,3
6203,4
6204,4
6205,4
6206,4
6207,4
6208,3
6209,3
6210,3
6211,4
6212,4
6213,4
6214,4
6215,4
6216,4
6217,4
6218,4
6219,4
6220,4
6221,4
6222,4
6223,4
6224,3
6225,4
6226,0
6227,3
6228,4
6229,4
6230,0
6231,4
6232,3
6233,0
6234,4
6235,4
6236,0
6237,2
6238,2
6239,4
6240,3
6241,3
6242,0
6243,3
6244,0
6245,2
6246,4
6247,3
6248,4
6249,4
6250,4
6251,4
6252,4
6253,4
6254,4
6255,4
6256,4
6257,3
6258,3
6259,3
6260,2
6261,2
6262,0
6263,4
6264,4
6265,4
6266,3
6267,4
6268,4
6269,4
6270,4
6271,4
6272,4
6273,4
6274,4
6275,4
6276,3
6277,3
6278,4
6279,4
6280,4
6281,3
6282,3
6283,3
6284,4
6285,4
6286,4
6287,4
6288,4
6289,4
6290,2
6291,2
6292,0
6293,3
6294,4
6295,4
6296,4
6297,4
6298,2
6299,4
6300,4
6301,3
6302,4
6303,3
6304,0
6305,3
6306,3
6307,4
6308,3
6309,2
6310,4
6311,2
6312,0
6313,4
6314,3
6315,0
6316,3
6317,3
6318,3
6319,3
6320,3
6321,4
6322,3
6323,3
6324,4
6325,3
6326,4
6327,4
6328,4
6329,4
6330,4
6331,4
6332,4
6333,4
6334,4
6335,4
6336,4
6337,4
6338,4
6339,0
6340,4
6341,0
6342,0
6343,0
6344,0
6345,4
6346,4
6347,4
6348,4
6349,4
6350,3
6351,4
6352,0
6353,4
6354,0
6355,4
6356,4
6357,4
6358,4
6359,4
6360,4
6361,4
6362,4
6363,4
6364,4
6365,4
6366,4
6367,3
6368,4
6369,3
6370,3
6371,4
6372,3
6373,0
6374,3
6375,3
6376,3
6377,2
6378,3
6379,3
6380,3
6381,2
6382,3
6383,3
6384,3
6385,3
6386,0
6387,3
6388,4
6389,3
6390,3
6391,0
6392,0
6393,4
6394,3
6395,4
6396,0
6397,3
6398,3
6399,3
6400,3
6401,3
6402,3
6403,4
6404,3
6405,4
6406,4
6407,4
6408,4
6409,4
6410,4
6411,4
6412,4
6413,4
6414,4
6415,4
6416,4
6417,2
6418,4
6419,4
6420,4
6421,4
6422,4
6423,4
6424,4
6425,4
6426,4
6427,4
6428,4
6429,0
6430,4
6431,4
6432,4
6433,3
6434,4
6435,4
6436,4
6437,3
6438,0
6439,3
6440,4
6441,3
6442,3
6443,4
6444,4
6445,4
6446,4
6447,2
6448,4
6449,4
6450,4
6451,4
6452,4
6453,3
6454,2
6455,3
6456,3
6457,4
6458,4
6459,4
6460,4
6461,4
6462,4
6463,4
6464,4
6465,4
6466,0
6467,0
6468,4
6469,4
6470,3
6471,4
6472,3
6473,4
6474,4
6475,3
6476,3
6477,4
6478,3
6479,3
6480,3
6481,4
6482,3
6483,3
6484,4
6485,4
6486,3
6487,4
6488,4
6489,3
6490,4
6491,3
6492,4
6493,4
6494,4
6495,4
6496,4
6497,4
6498,3
6499,2
6500,2
6501,2
6502,0
6503,2
6504,2
6505,3
6506,4
6507,3
6508,4
6509,0
6510,4
6511,4
6512,3
6513,3
6514,3
6515,3
6516,3
6517,4
6518,4
6519,4
6520,4
6521,3
6522,3
6523,4
6524,0
6525,4
6526,0
6527,4
6528,4
6529,3
6530,3
6531,4
6532,4
6533,4
6534,0
6535,4
6536,4
6537,4
6538,4
6539,3
6540,4
6541,4
6542,4
6543,4
6544,3
6545,3
6546,4
6547,4
6548,4
6549,4
6550,4
6551,4
6552,3
6553,4
6554,3
6555,4
6556,4
6557,4
6558,4
6559,3
6560,4
6561,4
6562,0
6563,4
6564,4
6565,4
6566,3
6567,3
6568,4
6569,3
6570,3
6571,3
6572,4
6573,4
6574,0
6575,4
6576,4
6577,3
6578,4
6579,3
6580,4
6581,4
6582,4
6583,4
6584,3
6585,4
6586,4
6587,4
6588,4
6589,4
6590,2
6591,4
6592,0
6593,3
6594,4
6595,4
6596,3
6597,4
6598,3
6599,3
6600,4
6601,4
6602,4
6603,4
6604,4
6605,4
6606,3
6607,3
6608,3
6609,4
6610,3
6611,4
6612,0
6613,0
6614,0
6615,4
6616,3
6617,3
6618,3
6619,3
6620,4
6621,3
6622,2
6623,0
6624,4
6625,0
6626,4
6627,4
6628,4
6629,2
6630,0
6631,4
6632,0
6633,0
6634,3
6635,0
6636,4
6637,4
6638,4
6639,3
6640,3
6641,3
6642,3
6643,2
6644,0
6645,3
6646,3
6647,3
6648,4
6649,2
6650,3
6651,3
6652,0
6653,3
6654,3
6655,0
6656,4
6657,4
6658,4
6659,4
6660,4
6661,4
6662,3
6663,3
6664,3
6665,4
6666,4
6667,0
6668,0
6669,4
6670,4
6671,0
6672,0
6673,4
6674,4
6675,4
6676,4
6677,3
6678,0
6679,0
6680,4
6681,4
6682,4
6683,4
6684,4
6685,4
6686,0
6687,4
6688,4
6689,4
6690,3
6691,3
6692,3
6693,3
6694,3
6695,4
6696,4
6697,2
6698,3
6699,0
6700,4
6701,4
6702,4
6703,0
6704,4
6705,4
6706,4
6707,4
6708,0
6709,0
6710,4
6711,0
6712,3
6713,4
6714,0
6715,0
6716,3
6717,4
6718,4
6719,3
6720,4
6721,3
6722,3
6723,3
6724,3
6725,3
6726,3
6727,4
6728,4
6729,4
6730,4
6731,4
6732,3
6733,3
6734,3
6735,3
6736,3
6737,4
6738,4
6739,4
6740,4
6741,2
6742,3
6743,4
6744,4
6745,4
6746,3
6747,3
6748,4
6749,4
6750,4
6751,3
6752,4
6753,0
6754,4
6755,4
6756,2
6757,4
6758,4
6759,4
6760,3
6761,4
6762,4
6763,4
6764,3
6765,4
6766,2
6767,4
6768,4
6769,4
6770,4
6771,4
6772,4
6773,4
6774,4
6775,4
6776,4
6777,4
6778,4
6779,4
6780,0
6781,0
6782,3
6783,4
6784,4
6785,4
6786,4
6787,2
6788,4
6789,4
6790,4
6791,4
6792,4
6793,4
6794,4
6795,4
6796,4
6797,4
6798,4
6799,4
6800,4
6801,4
6802,2
6803,4
6804,4
6805,4
6806,4
6807,4
6808,3
6809,4
6810,4
6811,4
6812,4
6813,4
6814,2
6815,2
6816,0
6817,4
6818,4
6819,3
6820,4
6821,4
6822,4
6823,4
6824,4
6825,3
6826,3
6827,4
6828,4
6829,4
6830,3
6831,4
6832,4
6833,4
6834,0
6835,3
6836,4
6837,4
6838,3
6839,4
6840,3
6841,3
6842,3
6843,4
6844,3
6845,4
6846,3
6847,3
6848,4
6849,4
6850,4
6851,4
6852,4
6853,2
6854,4
6855,3
6856,0
6857,3
6858,4
6859,4
6860,3
6861,4
6862,4
6863,4
6864,4
6865,2
6866,4
6867,4
6868,4
6869,4
6870,3
6871,3
6872,4
6873,4
6874,3
6875,3
6876,3
6877,0
6878,4
6879,4
6880,4
6881,4
6882,2
6883,4
6884,4
6885,4
6886,4
6887,4
6888,4
6889,4
6890,0
6891,4
6892,0
6893,4
6894,4
6895,4
6896,4
6897,0
6898,2
6899,2
6900,3
6901,2
6902,3
6903,4
6904,4
6905,3
6906,3
6907,4
6908,3
6909,3
6910,2
6911,2
6912,3
6913,4
6914,3
6915,4
6916,4
6917,3
6918,3
6919,3
6920,4
6921,3
6922,2
6923,3
6924,4
6925,3
6926,4
6927,3
6928,4
6929,4
6930,3
6931,3
6932,3
6933,3
6934,3
6935,3
6936,3
6937,3
6938,4
6939,0
6940,3
6941,4
6942,4
6943,4
6944,3
6945,3
6946,3
6947,4
6948,4
6949,4
6950,0
6951,2
6952,3
6953,3
6954,4
6955,4
6956,3
6957,3
6958,4
6959,4
6960,3
6961,3
6962,4
6963,4
6964,3
6965,3
6966,3
6967,3
6968,3
6969,3
6970,4
6971,4
6972,4
6973,3
6974,4
6975,0
6976,4
6977,4
6978,4
6979,4
6980,4
6981,3
6982,4
6983,4
6984,4
6985,3
6986,2
6987,4
6988,4
6989,3
6990,3
6991,4
6992,4
6993,0
6994,3
6995,4
6996,0
6997,4
6998,4
6999,4
7000,4
7001,4
7002,4
7003,4
7004,0
7005,4
7006,4
7007,4
7008,4
7009,4
7010,4
7011,0
7012,4
7013,4
7014,0
7015,3
7016,4
7017,4
7018,4
7019,4
7020,4
7021,4
7022,4
7023,4
7024,0
7025,4
7026,2
7027,4
7028,3
7029,0
7030,3
7031,4
7032,3
7033,4
7034,3
7035,3
7036,4
7037,4
7038,4
7039,4
7040,0
7041,2
7042,4
7043,4
7044,0
7045,4
7046,3
7047,3
7048,3
7049,4
7050,4
7051,3
7052,3
7053,4
7054,4
7055,0
7056,3
7057,3
7058,3
7059,3
7060,4
7061,4
7062,3
7063,3
7064,4
7065,3
7066,0
7067,0
7068,0
7069,4
7070,4
7071,4
7072,3
7073,3
7074,4
7075,4
7076,3
7077,3
7078,3
7079,0
7080,4
7081,3
7082,4
7083,4
7084,3
7085,3
7086,3
7087,3
7088,3
7089,0
7090,4
7091,4
7092,4
7093,3
7094,4
7095,3
7096,4
7097,3
7098,4
7099,3
7100,0
7101,4
7102,3
7103,0
7104,3
7105,4
7106,3
7107,3
7108,4
7109,3
7110,4
7111,4
7112,4
7113,4
7114,4
7115,4
7116,4
7117,4
7118,4
7119,3
7120,4
7121,3
7122,0
7123,3
7124,3
7125,3
7126,3
7127,4
7128,3
7129,0
7130,0
7131,4
7132,3
7133,3
7134,0
7135,3
7136,2
7137,0
7138,0
7139,4
7140,4
7141,4
7142,4
7143,4
7144,4
7145,4
7146,4
7147,3
7148,3
7149,4
7150,4
7151,3
7152,0
7153,3
7154,3
7155,0
7156,3
7157,3
7158,3
7159,3
7160,4
7161,4
7162,4
7163,4
7164,3
7165,4
7166,4
7167,3
7168,2
7169,4
7170,4
7171,3
7172,4
7173,4
7174,0
7175,4
7176,2
7177,4
7178,4
7179,3
7180,4
7181,4
7182,4
7183,4
7184,3
7185,3
7186,3
7187,4
7188,4
7189,2
7190,3
7191,4
7192,4
7193,4
7194,4
7195,4
7196,4
7197,4
7198,4
7199,0
7200,0
7201,3
7202,3
7203,3
7204,4
7205,4
7206,3
7207,4
7208,4
7209,3
7210,1
7211,3
7212,3
7213,3
7214,4
7215,3
7216,4
7217,4
7218,4
7219,4
7220,3
7221,3
7222,3
7223,3
7224,3
7225,4
7226,2
7227,4
7228,4
7229,4
7230,3
7231,3
7232,4
7233,3
7234,3
7235,4
7236,4
7237,4
7238,3
7239,4
7240,4
7241,3
7242,3
7243,3
7244,4
7245,4
7246,4
7247,4
7248,0
7249,3
7250,4
7251,3
7252,3
7253,3
7254,3
7255,3
7256,0
7257,0
7258,3
7259,3
7260,3
7261,3
7262,4
7263,4
7264,4
7265,3
7266,3
7267,4
7268,4
7269,3
7270,3
7271,4
7272,3
7273,3
7274,3
7275,3
7276,3
7277,0
7278,3
7279,3
7280,3
7281,4
7282,2
7283,3
7284,3
7285,3
7286,4
7287,4
7288,3
7289,0
7290,0
7291,3
7292,4
7293,4
7294,4
7295,4
7296,4
7297,0
7298,4
7299,4
7300,0
7301,4
7302,4
7303,0
7304,0
7305,4
7306,0
7307,4
7308,4
7309,4
7310,4
7311,4
7312,4
7313,4
7314,4
7315,3
7316,3
7317,3
7318,1
7319,1
7320,4
7321,1
7322,3
7323,3
7324,3
7325,3
7326,3
7327,3
7328,3
7329,3
7330,3
7331,3
7332,3
7333,1
7334,3
7335,1
7336,1
7337,1
7338,1
7339,0
7340,1
7341,0
7342,2
7343,1
7344,2
7345,2
7346,2
7347,2
7348,1
7349,1
7350,1
7351,1
7352,1
7353,3
7354,2
7355,3
7356,3
7357,1
7358,3
7359,2
7360,2
7361,3
7362,2
7363,3
7364,1
7365,3
7366,1
7367,1
7368,3
7369,3
7370,1
7371,2
7372,0
7373,3
7374,0
7375,2
7376,2
7377,0
7378,0
7379,2
7380,1
7381,3
7382,2
7383,0
7384,2
7385,2
7386,2
7387,2
7388,3
7389,2
7390,2
7391,2
7392,3
7393,2
7394,2
7395,2
7396,3
7397,2
7398,2
7399,3
7400,2
7401,2
7402,1
7403,2
7404,2
7405,2
7406,2
7407,2
7408,2
7409,1
7410,3
7411,1
7412,2
7413,1
7414,1
7415,2
7416,2
7417,0
7418,2
7419,1
7420,3
7421,1
7422,1
7423,3
7424,3
7425,3
7426,1
7427,1
7428,2
7429,1
7430,2
7431,3
7432,3
7433,3
7434,1
7435,3
7436,1
7437,1
7438,1
7439,1
7440,2
7441,2
7442,1
7443,2
7444,1
7445,2
7446,1
7447,1
7448,1
7449,1
7450,1
7451,3
7452,3
7453,3
7454,3
7455,3
7456,3
7457,3
7458,2
7459,2
7460,1
7461,3
7462,1
7463,1
7464,3
7465,1
7466,3
7467,2
7468,3
7469,3
7470,3
7471,1
7472,3
7473,0
7474,3
7475,1
7476,1
7477,1
7478,1
7479,1
7480,1
7481,1
7482,1
7483,1
7484,2
7485,2
7486,2
7487,2
7488,2
7489,2
7490,1
7491,1
7492,2
7493,1
7494,2
7495,2
7496,2
7497,2
7498,2
7499,1
7500,3
7501,1
7502,1
7503,2
7504,3
7505,2
7506,1
7507,1
7508,1
7509,3
7510,3
7511,1
7512,1
7513,1
7514,3
7515,1
7516,1
7517,1
7518,1
7519,1
7520,3
7521,1
7522,0
7523,1
7524,2
7525,2
7526,1
7527,1
7528,3
7529,1
7530,1
7531,1
7532,1
7533,2
7534,2
7535,1
7536,1
7537,1
7538,1
7539,1
7540,3
7541,2
7542,3
7543,2
7544,3
7545,1
7546,3
7547,1
7548,2
7549,2
7550,2
7551,2
7552,2
7553,1
7554,2
7555,2
7556,3
7557,3
7558,3
7559,2
7560,2
7561,2
7562,1
7563,2
7564,2
7565,2
7566,3
7567,1
7568,3
7569,1
7570,3
7571,1
7572,2
7573,2
7574,2
7575,2
7576,2
7577,2
7578,2
7579,1
7580,3
7581,1
7582,1
7583,2
7584,1
7585,2
7586,2
7587,1
7588,1
7589,1
7590,2
7591,3
7592,2
7593,1
7594,1
7595,1
7596,1
7597,1
7598,1
7599,1
7600,1
7601,1
7602,1
7603,1
7604,1
7605,1
7606,1
7607,1
7608,1
7609,3
7610,1
7611,1
7612,2
7613,0
7614,0
7615,2
7616,2
7617,2
7618,1
7619,1
7620,1
7621,1
7622,1
7623,1
7624,2
7625,1
7626,1
7627,2
7628,2
7629,2
7630,3
7631,2
7632,2
7633,2
7634,2
7635,1
7636,1
7637,2
7638,2
7639,2
7640,2
7641,2
7642,2
7643,2
7644,2
7645,2
7646,0
7647,2
7648,1
7649,1
7650,1
7651,2
7652,1
7653,2
7654,2
7655,1
7656,1
7657,1
7658,1
7659,1
7660,0
7661,3
7662,3
7663,1
7664,1
7665,2
7666,1
7667,1
7668,2
7669,1
7670,2
7671,2
7672,2
7673,2
7674,4
7675,2
7676,2
7677,2
7678,2
7679,2
7680,2
7681,2
7682,2
7683,2
7684,2
7685,2
7686,2
7687,0
7688,2
7689,2
7690,2
7691,3
7692,2
7693,2
7694,2
7695,2
7696,4
7697,4
7698,2
7699,2
7700,2
7701,2
7702,2
7703,2
7704,2
7705,3
7706,2
7707,2
7708,2
7709,2
7710,2
7711,2
7712,3
7713,2
7714,2
7715,2
7716,2
7717,2
7718,2
7719,2
7720,3
7721,2
7722,3
7723,3
7724,2
7725,2
7726,3
7727,2
7728,2
7729,2
7730,2
7731,2
7732,2
7733,2
7734,2
7735,2
7736,0
7737,2
7738,2
7739,2
7740,2
7741,2
7742,3
7743,2
7744,2
7745,2
7746,2
7747,2
7748,2
7749,2
7750,2
7751,2
7752,2
7753,2
7754,2
7755,3
7756,2
7757,2
7758,2
7759,2
7760,2
7761,2
7762,2
7763,2
7764,2
7765,2
7766,2
7767,2
7768,2
7769,2
7770,2
7771,2
7772,2
7773,2
7774,2
7775,2
7776,2
7777,2
7778,2
7779,2
7780,2
7781,2
7782,2
7783,2
7784,3
7785,3
7786,2
7787,2
7788,2
7789,2
7790,2
7791,2
7792,2
7793,2
7794,2
7795,3
7796,2
7797,2
7798,2
7799,2
7800,4
7801,2
7802,2
7803,2
7804,2
7805,2
7806,2
7807,2
7808,2
7809,2
7810,3
7811,2
7812,2
7813,2
7814,4
7815,2
7816,1
7817,2
7818,1
7819,4
7820,3
7821,3
7822,2
7823,1
7824,1
7825,1
7826,0
7827,2
7828,2
7829,1
7830,3
7831,4
7832,1
7833,1
7834,3
7835,2
7836,2
7837,2
7838,2
7839,2
7840,2
7841,2
7842,3
7843,2
7844,2
7845,3
7846,3
7847,3
7848,3
7849,3
7850,2
7851,2
7852,2
7853,4
7854,3
7855,2
7856,2
7857,2
7858,2
7859,3
7860,0
7861,2
7862,2
7863,3
7864,2
7865,2
7866,2
7867,2
7868,2
7869,2
7870,4
7871,1
7872,0
7873,2
7874,2
7875,2
7876,3
7877,2
7878,2
7879,2
7880,1
7881,4
7882,1
7883,2
7884,2
7885,2
7886,0
7887,2
7888,2
7889,3
7890,2
7891,2
7892,1
7893,2
7894,2
7895,2
7896,2
7897,2
7898,1
7899,1
7900,1
7901,2
7902,4
7903,1
7904,2
7905,2
7906,2
7907,2
7908,2
7909,2
7910,2
7911,1
7912,2
7913,2
7914,2
7915,2
7916,3
7917,3
7918,2
7919,3
7920,2
7921,2
7922,2
7923,0
7924,2
7925,2
7926,3
7927,4
7928,3
7929,2
7930,3
7931,3
7932,3
7933,2
7934,2
7935,2
7936,2
7937,2
7938,2
7939,2
7940,0
7941,2
7942,2
7943,2
7944,2
7945,2
7946,3
7947,3
7948,0
7949,0
7950,3
7951,2
7952,4
7953,0
7954,2
7955,2
7956,2
7957,2
7958,1
7959,2
7960,1
7961,1
7962,1
7963,2
7964,2
7965,3
7966,2
7967,2
7968,2
7969,2
7970,1
7971,1
7972,1
7973,3
7974,0
7975,1
7976,3
7977,2
7978,3
7979,2
7980,2
7981,2
7982,3
7983,2
7984,2
7985,2
7986,2
7987,3
7988,2
7989,2
7990,2
7991,2
7992,2
7993,2
7994,2
7995,2
7996,4
7997,2
7998,2
7999,3
8000,2
8001,3
8002,2
8003,0
8004,1
8005,2
8006,2
8007,2
8008,2
8009,2
8010,2
8011,2
8012,2
8013,2
8014,2
8015,2
8016,3
8017,2
8018,2
8019,2
8020,2
8021,2
8022,2
8023,2
8024,2
8025,3
8026,2
8027,2
8028,2
8029,2
8030,2
8031,2
8032,2
8033,2
8034,2
8035,3
8036,3
8037,2
8038,2
8039,2
8040,2
8041,3
8042,3
8043,3
8044,1
8045,1
8046,3
8047,2
8048,3
8049,2
8050,1
8051,1
8052,2
8053,2
8054,2
8055,2
8056,2
8057,2
8058,2
8059,2
8060,2
8061,2
8062,2
8063,2
8064,1
8065,2
8066,1
8067,2
8068,2
8069,2
8070,1
8071,2
8072,2
8073,2
8074,2
8075,1
8076,3
8077,4
8078,3
8079,2
8080,2
8081,2
8082,2
8083,2
8084,2
8085,2
8086,2
8087,2
8088,2
8089,1
8090,4
8091,1
8092,3
8093,1
8094,2
8095,3
8096,2
8097,1
8098,2
8099,3
8100,2
8101,4
8102,3
8103,1
8104,2
8105,2
8106,2
8107,4
8108,2
8109,2
8110,2
8111,2
8112,3
8113,2
8114,3
8115,2
8116,2
8117,3
8118,3
8119,4
8120,3
8121,2
8122,2
8123,3
8124,3
8125,2
8126,2
8127,3
8128,1
8129,3
8130,3
8131,4
8132,0
8133,2
8134,2
8135,1
8136,2
8137,2
8138,3
8139,0
8140,4
8141,2
8142,2
8143,2
8144,2
8145,2
8146,2
8147,2
8148,2
8149,2
8150,1
8151,2
8152,2
8153,0
8154,2
8155,0
8156,3
8157,2
8158,2
8159,2
8160,1
8161,2
8162,0
8163,2
8164,3
8165,2
8166,2
8167,2
8168,2
8169,2
8170,3
8171,2
8172,4
8173,3
8174,1
8175,1
8176,3
8177,1
8178,2
8179,2
8180,2
8181,2
8182,4
8183,0
8184,2
8185,2
8186,2
8187,2
8188,1
8189,1
8190,2
8191,3
8192,2
8193,2
8194,3
8195,4
8196,2
8197,2
8198,2
8199,2
8200,4
8201,4
8202,0
8203,2
8204,1
8205,2
8206,1
8207,3
8208,3
8209,0
8210,2
8211,2
8212,2
8213,2
8214,0
8215,3
8216,1
8217,1
8218,1
8219,2
8220,2
8221,4
8222,3
8223,2
8224,1
8225,3
8226,0
8227,1
8228,0
8229,2
8230,1
8231,2
8232,2
8233,2
8234,1
8235,1
8236,1
8237,3
8238,2
8239,1
8240,4
8241,1
8242,3
8243,2
8244,2
8245,2
8246,3
8247,3
8248,2
8249,2
8250,1
8251,1
8252,1
8253,1
8254,1
8255,1
8256,2
8257,2
8258,3
8259,2
8260,2
8261,2
8262,2
8263,4
8264,2
8265,2
8266,2
8267,3
8268,2
8269,2
8270,2
8271,2
8272,3
8273,3
8274,1
8275,1
8276,0
8277,1
8278,3
8279,2
8280,2
8281,2
8282,3
8283,0
8284,2
8285,1
8286,3
8287,2
8288,2
8289,2
8290,1
8291,4
8292,2
8293,3
8294,3
8295,3
8296,3
8297,3
8298,2
8299,4
8300,3
8301,2
8302,4
8303,3
8304,3
8305,3
8306,4
8307,3
8308,3
8309,4
8310,2
8311,2
8312,4
8313,4
8314,2
8315,3
8316,2
8317,4
8318,4
8319,2
8320,0
8321,3
8322,2
8323,4
8324,2
8325,3
8326,4
8327,2
8328,2
8329,2
8330,2
8331,2
8332,3
8333,4
8334,2
8335,2
8336,4
8337,3
8338,3
8339,4
8340,3
8341,2
8342,2
8343,2
8344,2
8345,3
8346,3
8347,3
8348,3
8349,2
8350,3
8351,2
8352,1
8353,3
8354,1
8355,1
8356,2
8357,2
8358,2
8359,2
8360,4
8361,2
8362,0
8363,0
8364,4
8365,2
8366,2
8367,0
8368,4
8369,1
8370,0
8371,0
8372,2
8373,2
8374,2
8375,2
8376,2
8377,2
8378,0
8379,1
8380,1
8381,2
8382,2
8383,2
8384,2
8385,2
8386,2
8387,2
8388,2
8389,1
8390,2
8391,2
8392,2
8393,2
8394,2
8395,2
8396,1
8397,2
8398,1
8399,1
8400,1
8401,0
8402,2
8403,2
8404,2
8405,2
8406,2
8407,1
8408,3
8409,0
8410,0
8411,3
8412,2
8413,2
8414,2
8415,4
8416,2
8417,3
8418,2
8419,2
8420,2
8421,0
8422,0
8423,0
8424,3
8425,3
8426,2
8427,2
8428,2
8429,2
8430,2
8431,2
8432,1
8433,2
8434,2
8435,1
8436,2
8437,2
8438,2
8439,1
8440,2
8441,1
8442,2
8443,1
8444,2
8445,3
8446,1
8447,1
8448,1
8449,2
8450,4
8451,1
8452,1
8453,1
8454,1
8455,1
8456,2
8457,1
8458,1
8459,1
8460,3
8461,1
8462,4
8463,2
8464,2
8465,1
8466,3
8467,2
8468,1
8469,0
8470,1
8471,0
8472,2
8473,2
8474,2
8475,2
8476,2
8477,0
8478,1
8479,2
8480,2
8481,1
8482,2
8483,2
8484,2
8485,3
8486,3
8487,1
8488,1
8489,2
8490,2
8491,2
8492,2
8493,3
8494,3
8495,2
8496,2
8497,3
8498,3
8499,3
8500,3
8501,3
8502,2
8503,2
8504,2
8505,3
8506,3
8507,3
8508,2
8509,2
8510,4
8511,3
8512,4
8513,2
8514,2
8515,3
8516,3
8517,3
8518,3
8519,2
8520,1
8521,3
8522,0
8523,2
8524,2
8525,4
8526,3
8527,2
8528,2
8529,2
8530,2
8531,2
8532,2
8533,2
8534,1
8535,2
8536,4
8537,2
8538,2
8539,2
8540,4
8541,2
8542,2
8543,2
8544,2
8545,0
8546,3
8547,2
8548,0
8549,2
8550,3
8551,2
8552,2
8553,2
8554,3
8555,3
8556,2
8557,2
8558,2
8559,1
8560,2
8561,2
8562,1
8563,1
8564,1
8565,2
8566,2
8567,1
8568,3
8569,2
8570,1
8571,2
8572,1
8573,1
8574,2
8575,2
8576,0
8577,1
8578,2
8579,2
8580,2
8581,2
8582,2
8583,2
8584,2
8585,1
8586,1
8587,2
8588,4
8589,1
8590,2
8591,2
8592,2
8593,2
8594,2
8595,3
8596,2
8597,2
8598,2
8599,2
8600,1
8601,0
8602,1
8603,1
8604,1
8605,1
8606,1
8607,1
8608,4
8609,4
8610,1
8611,1
8612,1
8613,1
8614,1
8615,1
8616,1
8617,2
8618,3
8619,2
8620,2
8621,1
8622,2
8623,1
8624,1
8625,2
8626,3
8627,2
8628,2
8629,3
8630,2
8631,2
8632,3
8633,2
8634,3
8635,3
8636,3
8637,2
8638,1
8639,3
8640,2
8641,4
8642,2
8643,2
8644,2
8645,2
8646,2
8647,2
8648,1
8649,2
8650,2
8651,2
8652,2
8653,2
8654,2
8655,3
8656,2
8657,2
8658,2
8659,2
8660,4
8661,2
8662,2
8663,2
8664,2
8665,2
8666,2
8667,2
8668,0
8669,3
8670,1
8671,3
8672,3
8673,3
8674,2
8675,2
8676,3
8677,3
8678,3
8679,3
8680,2
8681,2
8682,2
8683,3
8684,2
8685,2
8686,4
8687,2
8688,1
8689,2
8690,2
8691,2
8692,2
8693,2
8694,2
8695,2
8696,2
8697,2
8698,2
8699,0
8700,3
8701,4
8702,3
8703,2
8704,3
8705,2
8706,0
8707,2
8708,2
8709,1
8710,3
8711,4
8712,4
8713,4
8714,2
8715,1
8716,2
8717,1
8718,1
8719,1
8720,2
8721,2
8722,3
8723,2
8724,3
8725,4
8726,3
8727,2
8728,4
8729,3
8730,4
8731,2
8732,2
8733,3
8734,3
8735,2
8736,2
8737,2
8738,0
8739,3
8740,3
8741,2
8742,2
8743,3
8744,2
8745,2
8746,1
8747,1
8748,4
8749,3
8750,2
8751,2
8752,2
8753,1
8754,2
8755,3
8756,2
8757,2
8758,3
8759,1
8760,4
8761,1
8762,3
8763,4
8764,2
8765,3
8766,2
8767,1
8768,3
8769,1
8770,3
8771,3
8772,3
8773,2
8774,1
8775,1
8776,3
8777,2
8778,2
8779,3
8780,1
8781,2
8782,2
8783,4
8784,1
8785,1
8786,2
8787,1
8788,4
8789,2
8790,4
8791,2
8792,4
8793,4
8794,3
8795,1
8796,3
8797,3
8798,2
8799,2
8800,4
8801,3
8802,2
8803,3
8804,3
8805,1
8806,2
8807,3
8808,3
8809,3
8810,2
8811,3
8812,2
8813,3
8814,1
8815,3
8816,2
8817,2
8818,4
8819,2
8820,1
8821,2
8822,2
8823,3
8824,2
8825,2
8826,2
8827,3
8828,2
8829,0
8830,3
8831,3
8832,3
8833,3
8834,0
8835,2
8836,3
8837,0
8838,1
8839,3
8840,2
8841,0
8842,2
8843,2
8844,2
8845,2
8846,2
8847,2
8848,2
8849,2
8850,2
8851,2
8852,2
8853,2
8854,2
8855,2
8856,1
8857,2
8858,2
8859,2
8860,1
8861,2
8862,2
8863,1
8864,1
8865,1
8866,2
8867,1
8868,2
8869,2
8870,2
8871,2
8872,1
8873,2
8874,2
8875,2
8876,2
8877,0
8878,2
8879,2
8880,1
8881,2
8882,1
8883,0
8884,4
8885,3
8886,2
8887,3
8888,2
8889,3
8890,1
8891,1
8892,1
8893,3
8894,3
8895,2
8896,2
8897,4
8898,0
8899,3
8900,0
8901,2
8902,1
8903,2
8904,1
8905,2
8906,1
8907,2
8908,3
8909,3
8910,1
8911,4
8912,1
8913,1
8914,1
8915,1
8916,1
8917,1
8918,1
8919,1
8920,1
8921,1
8922,1
8923,1
8924,1
8925,1
8926,4
8927,1
8928,1
8929,1
8930,1
8931,1
8932,3
8933,2
8934,1
8935,2
8936,3
8937,3
8938,2
8939,1
8940,1
8941,1
8942,0
8943,2
8944,2
8945,3
8946,2
8947,1
8948,4
8949,2
8950,2
8951,2
8952,2
8953,1
8954,3
8955,4
8956,2
8957,2
8958,4
8959,2
8960,2
8961,2
8962,2
8963,2
8964,2
8965,1
8966,1
8967,2
8968,2
8969,2
8970,2
8971,0
8972,0
8973,1
8974,2
8975,2
8976,1
8977,0
8978,2
8979,2
8980,1
8981,2
8982,2
8983,2
8984,3
8985,2
8986,0
8987,0
8988,0
8989,3
8990,1
8991,2
8992,0
8993,0
8994,3
8995,2
8996,3
8997,2
8998,3
8999,4
9000,2
9001,2
9002,2
9003,0
9004,2
9005,3
9006,2
9007,3
9008,3
9009,2
9010,2
9011,3
9012,2
9013,2
9014,2
9015,1
9016,3
9017,2
9018,2
9019,3
9020,3
9021,3
9022,2
9023,1
9024,3
9025,3
9026,3
9027,2
9028,3
9029,1
9030,2
9031,3
9032,2
9033,3
9034,2
9035,0
9036,2
9037,1
9038,1
9039,1
9040,1
9041,2
9042,2
9043,4
9044,4
9045,2
9046,2
9047,2
9048,2
9049,1
9050,1
9051,1
9052,1
9053,1
9054,1
9055,3
9056,1
9057,1
9058,1
9059,1
9060,1
9061,1
9062,1
9063,3
9064,1
9065,1
9066,1
9067,1
9068,3
9069,2
9070,3
9071,1
9072,2
9073,0
9074,1
9075,1
9076,2
9077,3
9078,2
9079,2
9080,1
9081,2
9082,1
9083,4
9084,3
9085,2
9086,2
9087,2
9088,2
9089,2
9090,1
9091,3
9092,2
9093,3
9094,2
9095,0
9096,0
9097,3
9098,3
9099,3
9100,2
9101,3
9102,3
9103,2
9104,2
9105,0
9106,3
9107,3
9108,3
9109,2
9110,0
9111,3
9112,3
9113,3
9114,3
9115,1
9116,2
9117,3
9118,2
9119,2
9120,2
9121,1
9122,1
9123,1
9124,1
9125,1
9126,1
9127,1
9128,1
9129,2
9130,3
9131,1
9132,1
9133,1
9134,1
9135,3
9136,2
9137,2
9138,2
9139,3
9140,2
9141,2
9142,3
9143,3
9144,2
9145,1
9146,1
9147,0
9148,2
9149,1
9150,1
9151,2
9152,2
9153,3
9154,1
9155,1
9156,2
9157,2
9158,2
9159,3
9160,2
9161,2
9162,2
9163,2
9164,2
9165,3
9166,4
9167,2
9168,3
9169,4
9170,0
9171,3
9172,2
9173,4
9174,2
9175,3
9176,0
9177,2
9178,2
9179,2
9180,0
9181,2
9182,3
9183,2
9184,3
9185,2
9186,0
9187,3
9188,2
9189,0
9190,2
9191,2
9192,2
9193,2
9194,4
9195,2
9196,3
9197,3
9198,2
9199,2
9200,1
9201,2
9202,3
9203,3
9204,2
9205,3
9206,2
9207,2
9208,2
9209,3
9210,3
9211,3
9212,2
9213,2
9214,3
9215,0
9216,3
9217,4
9218,3
9219,2
9220,3
9221,3
9222,2
9223,2
9224,2
9225,2
9226,4
9227,0
9228,3
9229,3
9230,2
9231,2
9232,2
9233,3
9234,2
9235,2
9236,2
9237,3
9238,2
9239,2
9240,0
9241,2
9242,3
9243,2
9244,2
9245,3
9246,2
9247,2
9248,2
9249,2
9250,1
9251,3
9252,1
9253,3
9254,2
9255,2
9256,2
9257,2
9258,0
9259,2
9260,2
9261,1
9262,0
9263,0
9264,1
9265,2
9266,3
9267,2
9268,4
9269,2
9270,2
9271,4
9272,3
9273,1
9274,2
9275,1
9276,1
9277,4
9278,4
9279,2
9280,2
9281,2
9282,2
9283,3
9284,4
9285,1
9286,2
9287,4
9288,2
9289,2
9290,2
9291,4
9292,2
9293,4
9294,2
9295,3
9296,2
9297,1
9298,1
9299,2
9300,1
9301,4
9302,3
9303,3
9304,1
9305,1
9306,3
9307,1
9308,4
9309,4
9310,1
9311,3
9312,2
9313,4
9314,2
9315,1
9316,2
9317,2
9318,3
9319,4
9320,2
9321,3
9322,3
9323,4
9324,3
9325,3
9326,3
9327,2
9328,2
9329,2
9330,2
9331,3
9332,1
9333,3
9334,2
9335,2
9336,1
9337,2
9338,1
9339,2
9340,4
9341,1
9342,1
9343,3
9344,1
9345,3
9346,3
9347,3
9348,3
9349,2
9350,4
9351,3
9352,2
9353,1
9354,3
9355,2
9356,2
9357,2
9358,3
9359,1
9360,1
9361,1
9362,1
9363,2
9364,2
9365,3
9366,1
9367,2
9368,4
9369,1
9370,1
9371,2
9372,1
9373,2
9374,2
9375,3
9376,2
9377,2
9378,3
9379,2
9380,2
9381,3
9382,3
9383,2
9384,1
9385,1
9386,1
9387,3
9388,2
9389,2
9390,4
9391,3
9392,2
9393,2
9394,2
9395,2
9396,2
9397,1
9398,2
9399,2
9400,2
9401,2
9402,2
9403,3
9404,2
9405,2
9406,3
9407,3
9408,2
9409,2
9410,2
9411,3
9412,4
9413,3
9414,4
9415,4
9416,3
9417,2
9418,1
9419,1
9420,3
9421,3
9422,3
9423,2
9424,1
9425,2
9426,2
9427,1
9428,1
9429,1
9430,2
9431,2
9432,4
9433,2
9434,2
9435,3
9436,2
9437,2
9438,2
9439,2
9440,2
9441,4
9442,2
9443,2
9444,3
9445,2
9446,2
9447,2
9448,2
9449,2
9450,2
9451,2
9452,2
9453,2
9454,4
9455,4
9456,2
9457,2
9458,2
9459,2
9460,2
9461,2
9462,2
9463,2
9464,2
9465,2
9466,1
9467,4
9468,2
9469,2
9470,2
9471,2
9472,2
9473,2
9474,2
9475,4
9476,2
9477,4
9478,2
9479,4
9480,2
9481,2
9482,2
9483,4
9484,2
9485,2
9486,2
9487,2
9488,4
9489,2
9490,2
9491,2
9492,2
9493,2
9494,2
9495,2
9496,2
9497,2
9498,2
9499,3
9500,2
9501,2
9502,3
9503,2
9504,2
9505,2
9506,2
9507,4
9508,2
9509,2
9510,4
9511,2
9512,2
9513,3
9514,2
9515,2
9516,2
9517,3
9518,2
9519,2
9520,2
9521,2
9522,0
9523,2
9524,2
9525,2
9526,2
9527,2
9528,2
9529,4
9530,2
9531,2
9532,2
9533,2
9534,3
9535,1
9536,2
9537,3
9538,2
9539,2
9540,2
9541,2
9542,2
9543,2
9544,4
9545,2
9546,2
9547,2
9548,2
9549,2
9550,2
9551,2
9552,3
9553,2
9554,2
9555,1
9556,2
9557,2
9558,2
9559,2
9560,2
9561,3
9562,3
9563,2
9564,2
9565,2
9566,3
9567,2
9568,3
9569,2
9570,2
9571,2
9572,2
9573,2
9574,2
9575,3
9576,3
9577,2
9578,3
9579,2
9580,2
9581,2
9582,2
9583,3
9584,3
9585,2
9586,2
9587,3
9588,2
9589,2
9590,3
9591,2
9592,2
9593,2
9594,3
9595,2
9596,3
9597,2
9598,2
9599,3
9600,2
9601,3
9602,2
9603,3
9604,2
9605,2
9606,2
9607,2
9608,2
9609,2
9610,2
9611,2
9612,2
9613,2
9614,3
9615,2
9616,2
9617,2
9618,2
9619,2
9620,2
9621,2
9622,2
9623,3
9624,3
9625,3
9626,2
9627,2
9628,3
9629,2
9630,3
9631,3
9632,2
9633,3
9634,2
9635,3
9636,3
9637,3
9638,2
9639,2
9640,2
9641,3
9642,2
9643,3
9644,2
9645,2
9646,2
9647,3
9648,3
9649,3
9650,2
9651,2
9652,2
9653,2
9654,3
9655,3
9656,2
9657,2
9658,2
9659,2
9660,2
9661,2
9662,2
9663,2
9664,4
9665,2
9666,2
9667,3
9668,0
9669,2
9670,2
9671,2
9672,2
9673,3
9674,3
9675,2
9676,3
9677,2
9678,2
9679,2
9680,2
9681,3
9682,2
9683,2
9684,2
9685,0
9686,2
9687,2
9688,2
9689,2
9690,1
9691,2
9692,2
9693,2
9694,2
9695,2
9696,2
9697,2
9698,2
9699,2
9700,2
9701,2
9702,2
9703,2
9704,2
9705,2
9706,2
9707,2
9708,3
9709,2
9710,2
9711,3
9712,3
9713,2
9714,1
9715,1
9716,1
9717,3
9718,3
9719,2
9720,3
9721,2
9722,3
9723,3
9724,2
9725,2
9726,2
9727,3
9728,2
9729,2
9730,2
9731,2
9732,3
9733,2
9734,2
9735,3
9736,2
9737,1
9738,1
9739,3
9740,2
9741,2
9742,2
9743,2
9744,3
9745,3
9746,3
9747,2
9748,2
9749,2
9750,2
9751,2
9752,2
9753,2
9754,3
9755,0
9756,2
9757,2
9758,3
9759,3
9760,2
9761,3
9762,3
9763,3
9764,3
9765,3
9766,3
9767,4
9768,3
9769,2
9770,3
9771,3
9772,4
9773,3
9774,3
9775,3
9776,2
9777,2
9778,3
9779,3
9780,2
9781,3
9782,4
9783,4
9784,1
9785,1
9786,2
9787,2
9788,2
9789,1
9790,1
9791,3
9792,2
9793,2
9794,1
9795,1
9796,2
9797,1
9798,3
9799,3
9800,1
9801,0
9802,2
9803,2
9804,2
9805,2
9806,2
9807,2
9808,2
9809,2
9810,2
9811,4
9812,2
9813,2
9814,4
9815,0
9816,4
9817,2
9818,4
9819,2
9820,0
9821,2
9822,2
9823,2
9824,2
9825,2
9826,1
9827,2
9828,2
9829,3
9830,1
9831,1
9832,2
9833,2
9834,2
9835,1
9836,2
9837,0
9838,3
9839,2
9840,2
9841,3
9842,1
9843,1
9844,3
9845,2
9846,1
9847,1
9848,1
9849,3
9850,3
9851,2
9852,2
9853,1
9854,3
9855,3
9856,2
9857,2
9858,2
9859,2
9860,2
9861,4
9862,2
9863,1
9864,2
9865,4
9866,3
9867,1
9868,2
9869,3
9870,4
9871,2
9872,2
9873,2
9874,4
9875,2
9876,3
9877,2
9878,3
9879,2
9880,3
9881,3
9882,3
9883,2
9884,2
9885,1
9886,2
9887,2
9888,2
9889,3
9890,2
9891,3
9892,3
9893,2
9894,2
9895,2
9896,2
9897,2
9898,2
9899,3
9900,2
9901,0
9902,3
9903,2
9904,3
9905,3
9906,2
9907,3
9908,2
9909,3
9910,2
9911,3
9912,2
9913,1
9914,3
9915,3
9916,2
9917,2
9918,2
9919,2
9920,3
9921,2
9922,2
9923,3
9924,3
9925,3
9926,3
9927,3
9928,3
9929,2
9930,3
9931,2
9932,3
9933,3
9934,1
9935,2
9936,2
9937,2
9938,3
9939,3
9940,2
9941,2
9942,4
9943,2
9944,2
9945,2
9946,2
9947,2
9948,2
9949,3
9950,2
9951,2
9952,3
9953,2
9954,2
9955,2
9956,2
9957,2
9958,2
9959,2
9960,2
9961,2
9962,3
9963,2
9964,2
9965,2
9966,2
9967,4
9968,2
9969,2
9970,2
9971,2
9972,2
9973,2
9974,2
9975,2
9976,2
9977,2
9978,2
9979,3
9980,2
9981,2
9982,2
9983,4
9984,4
9985,2
9986,2
9987,3
9988,2
9989,2
9990,4
9991,0
9992,2
9993,4
9994,3
9995,2
9996,2
9997,2
9998,3
9999,2
10000,2
10001,2
10002,2
10003,2
10004,2
10005,2
10006,2
10007,2
10008,0
10009,2
10010,2
10011,2
10012,2
10013,2
10014,2
10015,2
10016,2
10017,2
10018,2
10019,2
10020,2
10021,2
10022,3
10023,2
10024,2
10025,3
10026,2
10027,2
10028,0
10029,2
10030,2
10031,2
10032,2
10033,3
10034,2
10035,3
10036,2
10037,2
10038,2
10039,2
10040,2
10041,2
10042,2
10043,2
10044,2
10045,2
10046,2
10047,2
10048,0
10049,2
10050,2
10051,2
10052,2
10053,2
10054,2
10055,2
10056,2
10057,4
10058,2
10059,2
10060,1
10061,1
10062,2
10063,4
10064,2
10065,3
10066,2
10067,2
10068,0
10069,2
10070,3
10071,2
10072,2
10073,2
10074,4
10075,3
10076,0
10077,1
10078,3
10079,4
10080,4
10081,2
10082,3
10083,3
10084,3
10085,2
10086,4
10087,4
10088,3
10089,3
10090,2
10091,3
10092,3
10093,2
10094,2
10095,3
10096,2
10097,2
10098,2
10099,1
10100,4
10101,4
10102,4
10103,4
10104,4
10105,2
10106,2
10107,2
10108,2
10109,2
10110,4
10111,2
10112,3
10113,3
10114,2
10115,2
10116,2
10117,4
10118,2
10119,3
10120,2
10121,2
10122,2
10123,1
10124,3
10125,4
10126,3
10127,4
10128,4
10129,4
10130,3
10131,4
10132,3
10133,3
10134,3
10135,2
10136,2
10137,2
10138,2
10139,4
10140,2
10141,4
10142,4
10143,4
10144,2
10145,2
10146,4
10147,4
10148,2
10149,3
10150,2
10151,4
10152,3
10153,2
10154,2
10155,2
10156,2
10157,2
10158,2
10159,2
10160,2
10161,3
10162,2
10163,2
10164,2
10165,2
10166,2
10167,2
10168,2
10169,3
10170,2
10171,2
10172,2
10173,3
10174,0
10175,2
10176,2
10177,2
10178,2
10179,3
10180,0
10181,2
10182,2
10183,2
10184,2
10185,2
10186,2
10187,2
10188,3
10189,2
10190,2
10191,2
10192,2
10193,2
10194,2
10195,2
10196,2
10197,0
10198,3
10199,2
10200,2
10201,2
10202,0
10203,3
10204,2
10205,2
10206,2
10207,2
10208,3
10209,0
10210,2
10211,0
10212,2
10213,2
10214,3
10215,2
10216,0
10217,0
10218,2
10219,2
10220,2
10221,3
10222,3
10223,2
10224,2
10225,2
10226,3
10227,2
10228,2
10229,3
10230,2
10231,0
10232,3
10233,2
10234,0
10235,0
10236,2
10237,2
10238,3
10239,4
10240,2
10241,2
10242,2
10243,2
10244,1
10245,2
10246,2
10247,2
10248,2
10249,2
10250,2
10251,2
10252,2
10253,2
10254,2
10255,2
10256,2
10257,0
10258,2
10259,0
10260,2
10261,2
10262,2
10263,0
10264,2
10265,2
10266,2
10267,2
10268,2
10269,3
10270,0
10271,2
10272,3
10273,2
10274,3
10275,3
10276,2
10277,2
10278,2
10279,2
10280,2
10281,2
10282,2
10283,2
10284,4
10285,2
10286,2
10287,2
10288,2
10289,2
10290,2
10291,2
10292,2
10293,2
10294,2
10295,2
10296,0
10297,0
10298,4
10299,2
10300,1
10301,2
10302,2
10303,0
10304,2
10305,0
10306,2
10307,2
10308,2
10309,3
10310,3
10311,2
10312,2
10313,4
10314,2
10315,3
10316,2
10317,2
10318,2
10319,2
10320,2
10321,2
10322,2
10323,2
10324,2
10325,2
10326,2
10327,2
10328,3
10329,2
10330,3
10331,1
10332,3
10333,3
10334,1
10335,3
10336,1
10337,2
10338,3
10339,2
10340,2
10341,2
10342,2
10343,2
10344,3
10345,2
10346,3
10347,3
10348,3
10349,3
10350,1
10351,1
10352,3
10353,0
10354,4
10355,2
10356,3
10357,2
10358,2
10359,2
10360,2
10361,2
10362,2
10363,2
10364,2
10365,3
10366,3
10367,3
10368,2
10369,3
10370,3
10371,0
10372,3
10373,2
10374,2
10375,2
10376,2
10377,2
10378,2
10379,2
10380,3
10381,2
10382,2
10383,2
10384,2
10385,2
10386,3
10387,2
10388,2
10389,2
10390,2
10391,2
10392,2
10393,2
10394,3
10395,2
10396,2
10397,2
10398,2
10399,3
10400,2
10401,2
10402,2
10403,2
10404,2
10405,3
10406,2
10407,2
10408,2
10409,2
10410,2
10411,2
10412,2
10413,2
10414,2
10415,2
10416,2
10417,3
10418,2
10419,2
10420,2
10421,3
10422,2
10423,2
10424,2
10425,2
10426,2
10427,2
10428,4
10429,2
10430,2
10431,2
10432,2
10433,2
10434,3
10435,2
10436,3
10437,2
10438,2
10439,2
10440,2
10441,2
10442,2
10443,2
10444,2
10445,3
10446,2
10447,3
10448,2
10449,1
10450,2
10451,2
10452,2
10453,2
10454,3
10455,4
10456,3
10457,2
10458,2
10459,2
10460,2
10461,2
10462,3
10463,2
10464,3
10465,2
10466,2
10467,2
10468,2
10469,2
10470,2
10471,2
10472,2
10473,2
10474,2
10475,2
10476,3
10477,2
10478,2
10479,2
10480,2
10481,2
10482,2
10483,3
10484,2
10485,3
10486,2
10487,2
10488,2
10489,2
10490,1
10491,2
10492,2
10493,2
10494,3
10495,2
10496,2
10497,2
10498,3
10499,3
10500,2
10501,2
10502,2
10503,2
10504,3
10505,2
10506,2
10507,2
10508,1
10509,2
10510,1
10511,1
10512,2
10513,4
10514,2
10515,2
10516,2
10517,0
10518,2
10519,2
10520,2
10521,2
10522,0
10523,2
10524,2
10525,2
10526,2
10527,2
10528,2
10529,2
10530,2
10531,3
10532,4
10533,2
10534,2
10535,2
10536,4
10537,3
10538,3
10539,3
10540,2
10541,3
10542,4
10543,4
10544,3
10545,1
10546,2
10547,2
10548,2
10549,2
10550,2
10551,3
10552,2
10553,3
10554,2
10555,2
10556,2
10557,2
10558,2
10559,2
10560,2
10561,2
10562,2
10563,2
10564,3
10565,2
10566,2
10567,2
10568,0
10569,1
10570,4
10571,3
10572,1
10573,2
10574,2
10575,1
10576,4
10577,2
10578,3
10579,1
10580,1
10581,2
10582,1
10583,2
10584,2
10585,3
10586,2
10587,2
10588,4
10589,3
10590,2
10591,2
10592,2
10593,2
10594,2
10595,3
10596,3
10597,2
10598,2
10599,3
10600,2
10601,2
10602,2
10603,2
10604,2
10605,2
10606,2
10607,2
10608,2
10609,2
10610,4
10611,2
10612,2
10613,2
10614,2
10615,2
10616,3
10617,2
10618,2
10619,2
10620,2
10621,2
10622,2
10623,2
10624,2
10625,0
10626,2
10627,0
10628,2
10629,2
10630,2
10631,2
10632,2
10633,2
10634,2
10635,1
10636,0
10637,2
10638,2
10639,4
10640,3
10641,2
10642,2
10643,0
10644,2
10645,2
10646,2
10647,0
10648,1
10649,2
10650,1
10651,2
10652,3
10653,2
10654,2
10655,2
10656,2
10657,2
10658,2
10659,2
10660,2
10661,2
10662,2
10663,2
10664,2
10665,2
10666,1
10667,2
10668,2
10669,2
10670,3
10671,2
10672,2
10673,2
10674,3
10675,2
10676,2
10677,3
10678,2
10679,2
10680,2
10681,2
10682,2
10683,3
10684,2
10685,2
10686,2
10687,2
10688,2
10689,2
10690,2
10691,2
10692,2
10693,2
10694,2
10695,2
10696,2
10697,3
10698,2
10699,2
10700,2
10701,2
10702,2
10703,2
10704,2
10705,2
10706,2
10707,2
10708,2
10709,2
10710,2
10711,2
10712,2
10713,2
10714,2
10715,2
10716,2
10717,2
10718,3
10719,3
10720,2
10721,4
10722,2
10723,3
10724,2
10725,2
10726,3
10727,2
10728,2
10729,2
10730,2
10731,2
10732,2
10733,0
10734,0
10735,2
10736,2
10737,2
10738,3
10739,2
10740,3
10741,2
10742,0
10743,2
10744,2
10745,2
10746,2
10747,2
10748,2
10749,2
10750,2
10751,2
10752,1
10753,2
10754,3
10755,2
10756,2
10757,2
10758,2
10759,2
10760,2
10761,3
10762,3
10763,2
10764,3
10765,2
10766,4
10767,2
10768,3
10769,2
10770,3
10771,2
10772,2
10773,2
10774,2
10775,2
10776,0
10777,2
10778,2
10779,1
10780,3
10781,3
10782,2
10783,2
10784,2
10785,3
10786,3
10787,2
10788,3
10789,2
10790,3
10791,3
10792,2
10793,2
10794,3
10795,3
10796,2
10797,2
10798,3
10799,2
10800,2
10801,3
10802,2
10803,3
10804,2
10805,2
10806,3
10807,3
10808,2
10809,3
10810,2
10811,1
10812,2
10813,2
10814,2
10815,0
10816,3
10817,3
10818,2
10819,3
10820,2
10821,2
10822,2
10823,2
10824,3
10825,2
10826,2
10827,2
10828,2
10829,3
10830,2
10831,4
10832,2
10833,2
10834,2
10835,2
10836,2
10837,2
10838,2
10839,4
10840,2
10841,2
10842,2
10843,2
10844,2
10845,2
10846,2
10847,2
10848,2
10849,2
10850,2
10851,2
10852,2
10853,1
10854,2
10855,3
10856,2
10857,2
10858,2
10859,2
10860,2
10861,3
10862,2
10863,2
10864,2
10865,2
10866,2
10867,2
10868,2
10869,2
10870,0
10871,2
10872,2
10873,2
10874,2
10875,2
10876,2
10877,2
10878,2
10879,2
10880,2
10881,2
10882,3
10883,2
10884,1
10885,3
10886,2
10887,2
10888,0
10889,3
10890,2
10891,2
10892,4
10893,2
10894,2
10895,2
10896,0
10897,2
10898,2
10899,2
10900,3
10901,4
10902,2
10903,2
10904,2
10905,2
10906,2
10907,2
10908,2
10909,2
10910,2
10911,3
10912,3
10913,2
10914,2
10915,2
10916,2
10917,2
10918,2
10919,3
10920,4
10921,2
10922,2
10923,2
10924,2
10925,2
10926,2
10927,2
10928,2
10929,2
10930,2
10931,2
10932,2
10933,2
10934,2
10935,2
10936,2
10937,2
10938,2
10939,2
10940,2
10941,2
10942,2
10943,2
10944,2
10945,2
10946,2
10947,2
10948,2
10949,2
10950,2
10951,4
10952,2
10953,2
10954,4
10955,2
10956,2
10957,2
10958,1
10959,2
10960,2
10961,3
10962,1
10963,3
10964,2
10965,4
10966,2
10967,2
10968,2
10969,2
10970,1
10971,4
10972,2
10973,2
10974,3
10975,1
10976,2
10977,2
10978,3
10979,2
10980,2
10981,2
10982,2
10983,2
10984,2
10985,2
10986,3
10987,2
10988,2
10989,1
10990,2
10991,3
10992,3
10993,2
10994,2
10995,2
10996,3
10997,2
10998,2
10999,2
11000,2
11001,1
11002,2
11003,2
11004,2
11005,2
11006,2
11007,2
11008,3
11009,2
11010,2
11011,2
11012,2
11013,2
11014,2
11015,2
11016,2
11017,2
11018,0
11019,0
11020,2
11021,2
11022,2
11023,3
11024,2
11025,2
11026,2
11027,2
11028,2
11029,2
11030,2
11031,2
11032,2
11033,2
11034,3
11035,2
11036,2
11037,2
11038,2
11039,4
11040,2
11041,2
11042,2
11043,2
11044,2
11045,2
11046,2
11047,2
11048,2
11049,2
11050,2
11051,2
11052,2
11053,2
11054,2
11055,2
11056,3
11057,2
11058,2
11059,2
11060,2
11061,2
11062,2
11063,3
11064,2
11065,0
11066,3
11067,0
11068,4
11069,3
11070,3
11071,2
11072,3
11073,3
11074,0
11075,2
11076,2
11077,0
11078,2
11079,3
11080,2
11081,3
11082,3
11083,1
11084,2
11085,4
11086,4
11087,2
11088,2
11089,2
11090,0
11091,2
11092,3
11093,4
11094,2
11095,3
11096,3
11097,2
11098,3
11099,2
11100,2
11101,2
11102,3
11103,2
11104,3
11105,3
11106,2
11107,3
11108,2
11109,2
11110,3
11111,3
11112,3
11113,1
11114,2
11115,2
11116,3
11117,3
11118,2
11119,2
11120,3
11121,3
11122,3
11123,2
11124,2
11125,4
11126,0
11127,4
11128,2
11129,4
11130,2
11131,4
11132,3
11133,3
11134,3
11135,3
11136,3
11137,2
11138,0
11139,0
11140,0
11141,0
11142,0
11143,2
11144,2
11145,2
11146,0
11147,1
11148,2
11149,2
11150,3
11151,2
11152,3
11153,4
11154,3
11155,3
11156,1
11157,1
11158,2
11159,2
11160,2
11161,2
11162,4
11163,2
11164,2
11165,3
11166,2
11167,2
11168,2
11169,2
11170,2
11171,3
11172,2
11173,3
11174,2
11175,2
11176,2
11177,3
11178,3
11179,2
11180,3
11181,3
11182,2
11183,2
11184,2
11185,2
11186,2
11187,4
11188,2
11189,2
11190,2
11191,2
11192,3
11193,4
11194,2
11195,2
11196,2
11197,2
11198,3
11199,2
11200,2
11201,2
11202,2
11203,2
11204,3
11205,2
11206,2
11207,2
11208,2
11209,2
11210,2
11211,2
11212,2
11213,2
11214,2
11215,2
11216,2
11217,2
11218,0
11219,3
11220,2
11221,2
11222,2
11223,2
11224,0
11225,0
11226,0
11227,4
11228,2
11229,2
11230,2
11231,2
11232,2
11233,2
11234,2
11235,4
11236,0
11237,2
11238,2
11239,3
11240,2
11241,0
11242,3
11243,2
11244,0
11245,2
11246,2
11247,2
11248,2
11249,3
11250,2
11251,2
11252,3
11253,1
11254,2
11255,2
11256,4
11257,3
11258,2
11259,4
11260,2
11261,2
11262,3
11263,1
11264,4
11265,4
11266,2
11267,2
11268,2
11269,3
11270,1
11271,3
11272,1
11273,2
11274,3
11275,3
11276,0
11277,4
11278,3
11279,3
11280,3
11281,1
11282,2
11283,3
11284,2
11285,3
11286,2
11287,2
11288,1
11289,3
11290,2
11291,3
11292,2
11293,3
11294,3
11295,3
11296,4
11297,3
11298,0
11299,3
11300,4
11301,2
11302,0
11303,4
11304,1
11305,1
11306,3
11307,2
11308,2
11309,0
11310,4
11311,3
11312,2
11313,4
11314,2
11315,3
11316,4
11317,2
11318,2
11319,4
11320,4
11321,3
11322,3
11323,2
11324,2
11325,3
11326,4
11327,0
11328,1
11329,2
11330,2
11331,3
11332,4
11333,3
11334,4
11335,4
11336,2
11337,2
11338,2
11339,2
11340,2
11341,2
11342,2
11343,2
11344,2
11345,2
11346,2
11347,2
11348,3
11349,3
11350,3
11351,2
11352,1
11353,1
11354,2
11355,2
11356,4
11357,2
11358,1
11359,2
11360,0
11361,2
11362,2
11363,0
11364,3
11365,0
11366,4
11367,2
11368,2
11369,3
11370,2
11371,3
11372,2
11373,2
11374,2
11375,2
11376,2
11377,2
11378,3
11379,3
11380,2
11381,3
11382,2
11383,3
11384,3
11385,2
11386,2
11387,3
11388,3
11389,3
11390,0
11391,2
11392,0
11393,3
11394,2
11395,2
11396,1
11397,1
11398,3
11399,3
11400,3
11401,3
11402,2
11403,3
11404,1
11405,1
11406,2
11407,3
11408,0
11409,1
11410,0
11411,2
11412,2
11413,3
11414,3
11415,3
11416,3
11417,3
11418,3
11419,3
11420,3
11421,2
11422,2
11423,3
11424,2
11425,0
11426,0
11427,2
11428,2
11429,0
11430,2
11431,3
11432,3
11433,3
11434,3
11435,0
11436,3
11437,2
11438,3
11439,3
11440,3
11441,2
11442,2
11443,2
11444,0
11445,0
11446,3
11447,1
11448,2
11449,3
11450,2
11451,2
11452,2
11453,2
11454,3
11455,2
11456,2
11457,2
11458,2
11459,2
11460,2
11461,2
11462,2
11463,1
11464,4
11465,2
11466,2
11467,3
11468,2
11469,2
11470,3
11471,4
11472,2
11473,2
11474,0
11475,2
11476,4
11477,2
11478,3
11479,2
11480,2
11481,2
11482,2
11483,2
11484,2
11485,4
11486,3
11487,4
11488,2
11489,3
11490,2
11491,2
11492,2
11493,2
11494,4
11495,0
11496,0
11497,1
11498,1
11499,2
11500,2
11501,3
11502,3
11503,0
11504,3
11505,2
11506,4
11507,2
11508,3
11509,2
11510,3
11511,2
11512,3
11513,3
11514,4
11515,3
11516,2
11517,2
11518,4
11519,3
11520,4
11521,3
11522,4
11523,3
11524,2
11525,2
11526,2
11527,3
11528,2
11529,0
11530,1
11531,1
11532,0
11533,2
11534,0
11535,2
11536,4
11537,1
11538,4
11539,1
11540,3
11541,1
11542,2
11543,3
11544,2
11545,2
11546,2
11547,2
11548,2
11549,3
11550,2
11551,2
11552,2
11553,4
11554,2
11555,3
11556,2
11557,2
11558,3
11559,2
11560,2
11561,2
11562,4
11563,2
11564,2
11565,2
11566,2
11567,4
11568,2
11569,2
11570,2
11571,2
11572,2
11573,2
11574,2
11575,2
11576,2
11577,2
11578,2
11579,4
11580,2
11581,2
11582,2
11583,2
11584,2
11585,2
11586,2
11587,2
11588,4
11589,2
11590,2
11591,2
11592,2
11593,2
11594,3
11595,2
11596,3
11597,2
11598,2
11599,2
11600,2
11601,4
11602,3
11603,3
11604,3
11605,2
11606,2
11607,4
11608,3
11609,3
11610,3
11611,2
11612,2
11613,1
11614,0
11615,2
11616,2
11617,2
11618,2
11619,2
11620,2
11621,2
11622,1
11623,3
11624,3
11625,3
11626,2
11627,2
11628,3
11629,2
11630,2
11631,3
11632,2
11633,3
11634,3
11635,2
11636,2
11637,2
11638,2
11639,3
11640,3
11641,3
11642,0
11643,0
11644,0
11645,2
11646,0
11647,0
11648,0
11649,2
11650,1
11651,1
11652,2
11653,2
11654,0
11655,2
11656,2
11657,2
11658,2
11659,2
11660,2
11661,2
11662,0
11663,4
11664,2
11665,2
11666,2
11667,2
11668,2
11669,2
11670,2
11671,2
11672,2
11673,2
11674,2
11675,3
11676,2
11677,2
11678,2
11679,3
11680,2
11681,2
11682,2
11683,2
11684,2
11685,2
11686,2
11687,2
11688,2
11689,2
11690,2
11691,0
11692,0
11693,0
11694,1
11695,4
11696,2
11697,2
11698,3
11699,2
11700,2
11701,2
11702,2
11703,2
11704,2
11705,2
11706,4
11707,2
11708,2
11709,2
11710,2
11711,2
11712,4
11713,0
11714,2
11715,2
11716,4
11717,2
11718,4
11719,4
11720,0
11721,0
11722,4
11723,2
11724,2
11725,2
11726,3
11727,2
11728,2
11729,2
11730,4
11731,2
11732,2
11733,2
11734,0
11735,2
11736,0
11737,3
11738,3
11739,3
11740,2
11741,2
11742,0
11743,0
11744,0
11745,0
11746,2
11747,2
11748,0
11749,0
11750,0
11751,4
11752,2
11753,2
11754,2
11755,1
11756,0
11757,1
11758,2
11759,3
11760,2
11761,1
11762,1
11763,3
11764,2
11765,3
11766,2
11767,2
11768,3
11769,1
11770,1
11771,2
11772,4
11773,3
11774,4
11775,2
11776,3
11777,3
11778,2
11779,2
11780,3
11781,3
11782,2
11783,1
11784,2
11785,0
11786,3
11787,2
11788,3
11789,3
11790,1
11791,1
11792,4
11793,4
11794,3
11795,2
11796,2
11797,2
11798,3
11799,2
11800,0
11801,4
11802,0
11803,4
11804,2
11805,3
11806,1
11807,3
11808,2
11809,2
11810,2
11811,2
11812,0
11813,0
11814,0
11815,0
11816,2
11817,2
11818,2
11819,2
11820,0
11821,0
11822,0
11823,0
11824,0
11825,2
11826,3
11827,3
11828,0
11829,1
11830,0
11831,3
11832,0
11833,2
11834,2
11835,2
11836,3
11837,0
11838,3
11839,3
11840,2
11841,2
11842,2
11843,3
11844,0
11845,3
11846,2
11847,2
11848,3
11849,3
11850,1
11851,0
11852,3
11853,2
11854,3
11855,0
11856,3
11857,2
11858,3
11859,3
11860,3
11861,3
11862,2
11863,3
11864,2
11865,3
11866,1
11867,1
11868,3
11869,1
11870,2
11871,3
11872,3
11873,4
11874,2
11875,2
11876,3
11877,2
11878,2
11879,2
11880,3
11881,2
11882,2
11883,3
11884,2
11885,2
11886,2
11887,2
11888,3
11889,2
11890,2
11891,2
11892,2
11893,2
11894,2
11895,2
11896,2
11897,3
11898,2
11899,2
11900,2
11901,2
11902,2
11903,3
11904,1
11905,3
11906,2
11907,3
11908,0
11909,0
11910,0
11911,3
11912,0
11913,0
11914,3
11915,0
11916,0
11917,0
11918,0
11919,0
11920,0
11921,0
11922,0
11923,2
11924,1
11925,2
11926,2
11927,1
11928,2
11929,2
11930,3
11931,3
11932,2
11933,2
11934,4
11935,2
11936,1
11937,3
11938,1
11939,1
11940,2
11941,2
11942,2
11943,2
11944,1
11945,4
11946,2
11947,1
11948,1
11949,1
11950,2
11951,1
11952,1
11953,3
11954,2
11955,3
11956,4
11957,0
11958,2
11959,3
11960,2
11961,2
11962,2
11963,3
11964,2
11965,2
11966,2
11967,2
11968,4
11969,2
11970,2
11971,2
11972,2
11973,2
11974,2
11975,2
11976,2
11977,0
11978,1
11979,0
11980,4
11981,0
11982,3
11983,3
11984,3
11985,2
11986,2
11987,2
11988,2
11989,2
11990,2
11991,2
11992,2
11993,2
11994,2
11995,3
11996,2
11997,2
11998,2
11999,2
12000,2
12001,2
12002,2
12003,1
12004,2
12005,2
12006,2
12007,0
12008,2
12009,3
12010,2
12011,3
12012,0
12013,0
12014,3
12015,0
12016,3
12017,3
12018,2
12019,3
12020,1
12021,1
12022,3
12023,1
12024,0
12025,3
12026,0
12027,0
12028,1
12029,3
12030,1
12031,1
12032,0
12033,1
12034,1
12035,3
12036,1
12037,1
12038,2
12039,3
12040,2
12041,2
12042,2
12043,2
12044,2
12045,0
12046,3
12047,3
12048,0
12049,3
12050,3
12051,2
12052,2
12053,2
12054,3
12055,3
12056,2
12057,1
12058,1
12059,1
12060,0
12061,4
12062,3
12063,3
12064,0
12065,3
12066,0
12067,3
12068,0
12069,2
12070,3
12071,3
12072,3
12073,1
12074,0
12075,3
12076,2
12077,1
12078,3
12079,3
12080,0
12081,0
12082,0
12083,3
12084,3
12085,3
12086,3
12087,3
12088,0
12089,0
12090,0
12091,0
12092,0
12093,0
12094,3
12095,1
12096,3
12097,0
12098,0
12099,3
12100,3
12101,3
12102,0
12103,0
12104,0
12105,0
12106,0
12107,0
12108,0
12109,3
12110,3
12111,3
12112,3
12113,3
12114,0
12115,1
12116,3
12117,3
12118,3
12119,3
12120,2
12121,3
12122,3
12123,3
12124,3
12125,2
12126,2
12127,3
12128,3
12129,2
12130,2
12131,2
12132,2
12133,2
12134,3
12135,2
12136,2
12137,3
12138,2
12139,2
12140,3
12141,3
12142,3
12143,3
12144,3
12145,1
12146,3
12147,3
12148,3
12149,3
12150,3
12151,2
12152,2
12153,3
12154,2
12155,3
12156,3
12157,3
12158,3
12159,2
12160,3
12161,1
12162,1
12163,3
12164,1
12165,3
12166,3
12167,3
12168,2
12169,3
12170,0
12171,1
12172,2
12173,3
12174,3
12175,3
12176,3
12177,2
12178,3
12179,3
12180,2
12181,3
12182,2
12183,3
12184,3
12185,3
12186,3
12187,3
12188,3
12189,3
12190,3
12191,3
12192,1
12193,3
12194,2
12195,3
12196,3
12197,3
12198,3
12199,3
12200,2
12201,2
12202,2
12203,3
12204,2
12205,3
12206,3
12207,3
12208,3
12209,3
12210,3
12211,3
12212,3
12213,3
12214,0
12215,3
12216,3
12217,3
12218,3
12219,3
12220,3
12221,2
12222,3
12223,3
12224,3
12225,3
12226,3
12227,3
12228,3
12229,3
12230,3
12231,3
12232,3
12233,3
12234,3
12235,3
12236,1
12237,1
12238,3
12239,0
12240,0
12241,0
12242,0
12243,0
12244,3
12245,0
12246,3
12247,0
12248,3
12249,2
12250,3
12251,2
12252,3
12253,2
12254,3
12255,3
12256,3
12257,3
12258,3
12259,3
12260,3
12261,3
12262,0
12263,3
12264,0
12265,1
12266,3
12267,3
12268,2
12269,2
12270,2
12271,0
12272,2
12273,2
12274,2
12275,3
12276,2
12277,2
12278,3
12279,2
12280,2
12281,2
12282,0
12283,3
12284,3
12285,2
12286,3
12287,2
12288,2
12289,0
12290,2
12291,0
12292,3
12293,3
12294,2
12295,0
12296,3
12297,0
12298,3
12299,2
12300,3
12301,3
12302,3
12303,3
12304,0
12305,0
12306,0
12307,3
12308,3
12309,3
12310,0
12311,3
12312,3
12313,3
12314,2
12315,3
12316,2
12317,2
12318,3
12319,3
12320,3
12321,2
12322,3
12323,0
12324,0
12325,3
12326,0
12327,0
12328,3
12329,3
12330,3
12331,3
12332,3
12333,3
12334,3
12335,3
12336,3
12337,3
12338,3
12339,2
12340,3
12341,3
12342,3
12343,1
12344,3
12345,3
12346,2
12347,2
12348,0
12349,2
12350,2
12351,2
12352,3
12353,3
12354,2
12355,2
12356,3
12357,0
12358,3
12359,3
12360,2
12361,2
12362,3
12363,3
12364,3
12365,3
12366,2
12367,2
12368,0
12369,0
12370,0
12371,3
12372,1
12373,0
12374,2
12375,3
12376,3
12377,3
12378,3
12379,0
12380,2
12381,3
12382,2
12383,3
12384,3
12385,0
12386,3
12387,3
12388,2
12389,2
12390,2
12391,2
12392,3
12393,2
12394,0
12395,3
12396,0
12397,0
12398,0
12399,0
12400,3
12401,0
12402,3
12403,3
12404,0
12405,0
12406,3
12407,3
12408,2
12409,2
12410,2
12411,3
12412,0
12413,3
12414,3
12415,0
12416,1
12417,0
12418,2
12419,0
12420,0
12421,0
12422,0
12423,2
12424,0
12425,0
12426,2
12427,3
12428,3
12429,0
12430,0
12431,0
12432,0
12433,0
12434,0
12435,0
12436,0
12437,0
12438,0
12439,0
12440,0
12441,3
12442,0
12443,0
12444,0
12445,0
12446,0
12447,0
12448,0
12449,0
12450,0
12451,0
12452,0
12453,0
12454,0
12455,0
12456,3
12457,2
12458,3
12459,2
12460,2
12461,2
12462,2
12463,1
12464,2
12465,2
12466,3
12467,0
12468,0
12469,0
12470,0
12471,0
12472,0
12473,0
12474,0
12475,0
12476,0
12477,3
12478,2
12479,3
12480,0
12481,0
12482,0
12483,3
12484,0
12485,0
12486,2
12487,0
12488,3
12489,3
12490,3
12491,3
12492,3
12493,0
12494,3
12495,3
12496,2
12497,3
12498,2
12499,3
12500,0
12501,3
12502,3
12503,3
12504,2
12505,3
12506,3
12507,3
12508,0
12509,3
12510,3
12511,2
12512,1
12513,1
12514,2
12515,2
12516,3
12517,2
12518,1
12519,2
12520,2
12521,2
12522,2
12523,2
12524,1
12525,2
12526,2
12527,2
12528,2
12529,2
12530,2
12531,1
12532,2
12533,2
12534,2
12535,2
12536,2
12537,2
12538,1
12539,1
12540,2
12541,2
12542,3
12543,0
12544,2
12545,1
12546,1
12547,2
12548,2
12549,1
12550,2
12551,2
12552,2
12553,1
12554,2
12555,2
12556,3
12557,3
12558,2
12559,3
12560,2
12561,2
12562,2
12563,1
12564,2
12565,2
12566,2
12567,3
12568,3
12569,2
12570,2
12571,2
12572,1
12573,2
12574,2
12575,2
12576,2
12577,2
12578,2
12579,1
12580,0
12581,2
12582,2
12583,2
12584,2
12585,2
12586,2
12587,2
12588,2
12589,1
12590,2
12591,2
12592,2
12593,2
12594,2
12595,2
12596,2
12597,2
12598,2
12599,2
12600,3
12601,3
12602,0
12603,3
12604,2
12605,1
12606,2
12607,2
12608,2
12609,2
12610,2
12611,2
12612,2
12613,2
12614,2
12615,2
12616,2
12617,2
12618,2
12619,2
12620,2
12621,2
12622,2
12623,0
12624,2
12625,3
12626,3
12627,2
12628,2
12629,2
12630,2
12631,2
12632,2
12633,2
12634,2
12635,2
12636,3
12637,2
12638,2
12639,2
12640,2
12641,3
12642,2
12643,2
12644,2
12645,3
12646,2
12647,2
12648,2
12649,2
12650,2
12651,2
12652,2
12653,2
12654,1
12655,1
12656,2
12657,2
12658,2
12659,2
12660,2
12661,2
12662,2
12663,2
12664,2
12665,2
12666,2
12667,2
12668,2
12669,2
12670,2
12671,2
12672,2
12673,2
12674,2
12675,0
12676,2
12677,2
12678,2
12679,2
12680,2
12681,2
12682,2
12683,2
12684,2
12685,2
12686,2
12687,3
12688,2
12689,2
12690,1
12691,2
12692,2
12693,2
12694,2
12695,2
12696,2
12697,3
12698,2
12699,2
12700,2
12701,2
12702,0
12703,2
12704,2
12705,2
12706,2
12707,1
12708,0
12709,2
12710,2
12711,2
12712,2
12713,2
12714,2
12715,2
12716,2
12717,3
12718,2
12719,2
12720,2
12721,2
12722,2
12723,2
12724,2
12725,2
12726,2
12727,2
12728,2
12729,2
12730,2
12731,2
12732,2
12733,2
12734,2
12735,2
12736,2
12737,2
12738,2
12739,2
12740,2
12741,2
12742,2
12743,2
12744,2
12745,2
12746,2
12747,2
12748,2
12749,2
12750,2
12751,2
12752,2
12753,2
12754,2
12755,2
12756,3
12757,2
12758,2
12759,2
12760,2
12761,2
12762,2
12763,2
12764,2
12765,1
12766,2
12767,2
12768,2
12769,2
12770,2
12771,2
12772,2
12773,2
12774,2
12775,2
12776,2
12777,2
12778,2
12779,2
12780,2
12781,2
12782,2
12783,2
12784,2
12785,2
12786,2
12787,2
12788,2
12789,2
12790,2
12791,3
12792,3
12793,2
12794,0
12795,0
12796,2
12797,2
12798,2
12799,3
12800,0
12801,2
12802,3
12803,2
12804,2
12805,2
12806,2
12807,2
12808,3
12809,2
12810,2
12811,0
12812,2
12813,3
12814,2
12815,3
12816,0
12817,3
12818,3
12819,2
12820,0
12821,2
12822,2
12823,2
12824,2
12825,2
12826,2
12827,2
12828,2
12829,2
12830,2
12831,2
12832,2
12833,2
12834,2
12835,2
12836,2
12837,2
12838,2
12839,2
12840,2
12841,2
12842,2
12843,2
12844,2
12845,2
12846,0
12847,2
12848,2
12849,2
12850,0
12851,2
12852,2
12853,4
12854,2
12855,2
12856,2
12857,2
12858,2
12859,2
12860,2
12861,2
12862,2
12863,2
12864,2
12865,2
12866,0
12867,2
12868,3
12869,2
12870,2
12871,2
12872,3
12873,2
12874,2
12875,2
12876,2
12877,2
12878,2
12879,2
12880,0
12881,2
12882,2
12883,2
12884,2
12885,2
12886,2
12887,2
12888,2
12889,2
12890,2
12891,2
12892,2
12893,2
12894,2
12895,2
12896,2
12897,2
12898,2
12899,2
12900,0
12901,2
12902,0
12903,2
12904,2
12905,0
12906,2
12907,2
12908,2
12909,2
12910,2
12911,2
12912,2
12913,2
12914,2
12915,2
12916,2
12917,2
12918,2
12919,2
12920,2
12921,2
12922,2
12923,2
12924,2
12925,0
12926,2
12927,2
12928,2
12929,2
12930,2
12931,2
12932,2
12933,2
12934,2
12935,2
12936,2
12937,2
12938,2
12939,2
12940,2
12941,2
12942,2
12943,2
12944,2
12945,2
12946,2
12947,2
12948,2
12949,2
12950,2
12951,2
12952,2
12953,2
12954,2
12955,2
12956,2
12957,2
12958,0
12959,2
12960,2
12961,2
12962,2
12963,2
12964,2
12965,2
12966,2
12967,3
12968,2
12969,2
12970,0
12971,2
12972,0
12973,2
12974,2
12975,2
12976,2
12977,1
12978,2
12979,2
12980,2
12981,2
12982,2
12983,2
12984,2
12985,0
12986,2
12987,3
12988,2
12989,2
12990,2
12991,2
12992,2
12993,2
12994,2
12995,2
12996,3
12997,2
12998,2
12999,3
13000,2
13001,2
13002,3
13003,2
13004,3
13005,2
13006,2
13007,3
13008,2
13009,2
13010,2
13011,2
13012,2
13013,2
13014,0
13015,2
13016,2
13017,2
13018,0
13019,0
13020,2
13021,2
13022,2
13023,2
13024,2
13025,2
13026,2
13027,2
13028,2
13029,2
13030,2
13031,0
13032,3
13033,3
13034,3
13035,3
13036,0
13037,2
13038,2
13039,2
13040,2
13041,3
13042,4
13043,4
13044,2
13045,2
13046,2
13047,2
13048,2
13049,2
13050,3
13051,2
13052,2
13053,2
13054,2
13055,2
13056,2
13057,2
13058,3
13059,2
13060,2
13061,2
13062,2
13063,2
13064,2
13065,2
13066,2
13067,2
13068,0
13069,2
13070,0
13071,2
13072,3
13073,2
13074,2
13075,0
13076,0
13077,2
13078,2
13079,0
13080,2
13081,2
13082,3
13083,2
13084,2
13085,2
13086,2
13087,2
13088,2
13089,2
13090,2
13091,2
13092,2
13093,2
13094,2
13095,2
13096,2
13097,2
13098,0
13099,2
13100,2
13101,2
13102,2
13103,2
13104,2
13105,2
13106,2
13107,2
13108,2
13109,2
13110,2
13111,2
13112,0
13113,2
13114,2
13115,2
13116,2
13117,0
13118,2
13119,2
13120,2
13121,2
13122,2
13123,2
13124,2
13125,2
13126,2
13127,2
13128,3
13129,2
13130,2
13131,2
13132,2
13133,2
13134,2
13135,2
13136,2
13137,2
13138,2
13139,2
13140,2
13141,2
13142,2
13143,2
13144,2
13145,2
13146,2
13147,2
13148,2
13149,2
13150,0
13151,2
13152,2
13153,2
13154,2
13155,2
13156,2
13157,2
13158,2
13159,2
13160,2
13161,2
13162,2
13163,2
13164,2
13165,2
13166,2
13167,2
13168,2
13169,2
13170,2
13171,0
13172,2
13173,2
13174,2
13175,2
13176,2
13177,2
13178,2
13179,2
13180,2
13181,3
13182,2
13183,2
13184,3
13185,2
13186,2
13187,2
13188,2
13189,2
13190,2
13191,2
13192,2
13193,2
13194,2
13195,2
13196,2
13197,2
13198,2
13199,2
13200,3
13201,2
13202,1
13203,2
13204,2
13205,0
13206,0
13207,2
13208,2
13209,2
13210,0
13211,2
13212,0
13213,2
13214,3
13215,2
13216,2
13217,2
13218,2
13219,2
13220,2
13221,2
13222,2
13223,2
13224,2
13225,2
13226,3
13227,2
13228,2
13229,2
13230,2
13231,2
13232,2
13233,2
13234,2
13235,2
13236,2
13237,2
13238,2
13239,2
13240,2
13241,2
13242,2
13243,2
13244,2
13245,2
13246,2
13247,0
13248,2
13249,2
13250,2
13251,2
13252,2
13253,2
13254,0
13255,0
13256,3
13257,0
13258,0
13259,0
13260,2
13261,0
13262,2
13263,2
13264,2
13265,2
13266,1
13267,2
13268,1
13269,2
13270,2
13271,3
13272,3
13273,2
13274,2
13275,0
13276,2
13277,2
13278,2
13279,3
13280,2
13281,2
13282,2
13283,2
13284,0
13285,2
13286,2
13287,2
13288,2
13289,2
13290,2
13291,2
13292,2
13293,3
13294,2
13295,2
13296,2
13297,2
13298,0
13299,2
13300,2
13301,2
13302,2
13303,2
13304,2
13305,2
13306,1
13307,2
13308,2
13309,2
13310,2
13311,2
13312,2
13313,2
13314,2
13315,2
13316,2
13317,2
13318,2
13319,2
13320,2
13321,2
13322,2
13323,2
13324,2
13325,2
13326,2
13327,2
13328,2
13329,2
13330,2
13331,2
13332,2
13333,2
13334,2
13335,0
13336,2
13337,2
13338,2
13339,2
13340,2
13341,2
13342,2
13343,2
13344,2
13345,2
13346,2
13347,2
13348,2
13349,2
13350,2
13351,2
13352,0
13353,2
13354,2
13355,2
13356,2
13357,2
13358,2
13359,2
13360,2
13361,2
13362,2
13363,2
13364,2
13365,2
13366,2
13367,2
13368,2
13369,2
13370,2
13371,2
13372,2
13373,2
13374,3
13375,2
13376,2
13377,2
13378,2
13379,2
13380,2
13381,1
13382,2
13383,2
13384,0
13385,2
13386,0
13387,0
13388,2
13389,3
13390,0
13391,2
13392,2
13393,2
13394,2
13395,2
13396,2
13397,2
13398,2
13399,2
13400,2
13401,2
13402,2
13403,2
13404,2
13405,2
13406,2
13407,2
13408,2
13409,0
13410,2
13411,2
13412,2
13413,2
13414,2
13415,2
13416,2
13417,2
13418,2
13419,2
13420,2
13421,2
13422,2
13423,2
13424,2
13425,2
13426,2
13427,2
13428,2
13429,0
13430,2
13431,2
13432,2
13433,2
13434,1
13435,2
13436,2
13437,2
13438,2
13439,2
13440,2
13441,2
13442,2
13443,2
13444,2
13445,2
13446,2
13447,0
13448,2
13449,2
13450,2
13451,2
13452,2
13453,3
13454,2
13455,2
13456,2
13457,2
13458,2
13459,2
13460,2
13461,2
13462,2
13463,3
13464,2
13465,2
13466,2
13467,2
13468,2
13469,2
13470,0
13471,3
13472,2
13473,3
13474,2
13475,0
13476,0
13477,2
13478,2
13479,3
13480,2
13481,2
13482,2
13483,2
13484,2
13485,2
13486,2
13487,2
13488,2
13489,2
13490,2
13491,2
13492,2
13493,2
13494,2
13495,2
13496,2
13497,2
13498,2
13499,2
13500,0
13501,0
13502,2
13503,2
13504,2
13505,0
13506,2
13507,2
13508,2
13509,2
13510,2
13511,2
13512,2
13513,2
13514,2
13515,2
13516,2
13517,0
13518,2
13519,2
13520,2
13521,2
13522,2
13523,2
13524,2
13525,0
13526,2
13527,2
13528,2
13529,2
13530,2
13531,0
13532,2
13533,0
13534,2
13535,2
13536,0
13537,0
13538,2
13539,2
13540,2
13541,0
13542,2
13543,2
13544,0
13545,0
13546,0
13547,2
13548,2
13549,1
13550,0
13551,0
13552,0
13553,2
13554,2
13555,2
13556,0
13557,0
13558,2
13559,0
13560,0
13561,0
13562,0
13563,0
13564,0
13565,0
13566,0
13567,2
13568,2
13569,2
13570,2
13571,2
13572,2
13573,2
13574,2
13575,2
13576,2
13577,2
13578,2
13579,2
13580,2
13581,2
13582,2
13583,2
13584,0
13585,2
13586,2
13587,2
13588,2
13589,2
13590,2
13591,2
13592,2
13593,2
13594,2
13595,2
13596,2
13597,0
13598,0
13599,0
13600,0
13601,2
13602,2
13603,2
13604,2
13605,2
13606,2
13607,1
13608,1
13609,2
13610,1
13611,4
13612,2
13613,2
13614,2
13615,2
13616,2
13617,2
13618,1
13619,3
13620,2
13621,2
13622,3
13623,3
13624,3
13625,3
13626,0
13627,0
13628,0
13629,0
13630,0
13631,0
13632,0
13633,2
13634,0
13635,0
13636,0
13637,0
13638,0
13639,0
13640,0
13641,0
13642,0
13643,0
13644,0
13645,2
13646,2
13647,0
13648,0
13649,2
13650,0
13651,2
13652,0
13653,2
13654,2
13655,2
13656,2
13657,2
13658,1
13659,1
13660,2
13661,3
13662,1
13663,0
13664,3
13665,1
13666,3
13667,3
13668,2
13669,1
13670,0
13671,1
13672,2
13673,2
13674,0
13675,3
13676,2
13677,2
13678,2
13679,1
13680,2
13681,2
13682,3
13683,2
13684,2
13685,2
13686,2
13687,3
13688,3
13689,1
13690,3
13691,2
13692,0
13693,3
13694,3
13695,1
13696,1
13697,3
13698,1
13699,2
13700,2
13701,3
13702,3
13703,2
13704,3
13705,2
13706,2
13707,3
13708,2
13709,2
13710,2
13711,2
13712,3
13713,2
13714,2
13715,2
13716,2
13717,2
13718,2
13719,3
13720,3
13721,3
13722,1
13723,3
13724,1
13725,1
13726,2
13727,2
13728,0
13729,2
13730,0
13731,0
13732,0
13733,0
13734,0
13735,0
13736,2
13737,2
13738,2
13739,0
13740,0
13741,3
13742,0
13743,3
13744,3
13745,0
13746,3
13747,0
13748,0
13749,0
13750,0
13751,0
13752,0
13753,1
13754,0
13755,0
13756,1
13757,2
13758,2
13759,2
13760,3
13761,2
13762,1
13763,3
13764,3
13765,3
13766,2
13767,3
13768,1
13769,2
13770,2
13771,2
13772,2
13773,2
13774,2
13775,3
13776,1
13777,1
13778,3
13779,3
13780,3
13781,3
13782,3
13783,3
13784,1
13785,1
13786,3
13787,3
13788,3
13789,3
13790,3
13791,3
13792,3
13793,3
13794,3
13795,1
13796,3
13797,1
13798,1
13799,1
13800,0
13801,3
13802,2
13803,3
13804,0
13805,1
13806,3
13807,3
13808,3
13809,3
13810,2
13811,3
13812,3
13813,3
13814,3
13815,3
13816,2
13817,2
13818,0
13819,2
13820,2
13821,3
13822,2
13823,3
13824,1
13825,2
13826,3
13827,3
13828,3
13829,2
13830,2
13831,2
13832,2
13833,3
13834,3
13835,0
13836,3
13837,0
13838,3
13839,3
13840,2
13841,2
13842,2
13843,2
13844,2
13845,2
13846,3
13847,2
13848,3
13849,2
13850,1
13851,2
13852,3
13853,2
13854,2
13855,2
13856,2
13857,3
13858,0
13859,3
13860,0
13861,2
13862,0
13863,2
13864,2
13865,2
13866,1
13867,2
13868,2
13869,0
13870,0
13871,0
13872,2
13873,3
13874,3
13875,2
13876,2
13877,2
13878,2
13879,2
13880,2
13881,2
13882,0
13883,2
13884,2
13885,2
13886,2
13887,2
13888,2
13889,2
13890,2
13891,1
13892,2
13893,2
13894,2
13895,2
13896,3
13897,1
13898,2
13899,3
13900,3
13901,3
13902,2
13903,1
13904,2
13905,2
13906,2
13907,2
13908,2
13909,0
13910,2
13911,2
13912,2
13913,0
13914,2
13915,2
13916,2
13917,2
13918,2
13919,2
13920,2
13921,3
13922,2
13923,0
13924,3
13925,2
13926,2
13927,2
13928,3
13929,2
13930,2
13931,2
13932,2
13933,2
13934,0
13935,2
13936,2
13937,2
13938,2
13939,0
13940,3
13941,3
13942,2
13943,3
13944,2
13945,2
13946,0
13947,0
13948,0
13949,0
13950,0
13951,0
13952,0
13953,0
13954,2
13955,2
13956,2
13957,2
13958,2
13959,2
13960,2
13961,2
13962,2
13963,2
13964,2
13965,2
13966,2
13967,2
13968,2
13969,2
13970,2
13971,2
13972,2
13973,0
13974,2
13975,2
13976,3
13977,3
13978,2
13979,2
13980,2
13981,3
13982,2
13983,2
13984,2
13985,2
13986,2
13987,2
13988,2
13989,2
13990,2
13991,2
13992,2
13993,2
13994,2
13995,2
13996,2
13997,2
13998,2
13999,2
14000,2
14001,2
14002,2
14003,0
14004,0
14005,3
14006,2
14007,2
14008,0
14009,2
14010,3
14011,2
14012,0
14013,0
14014,0
14015,0
14016,0
14017,0
14018,0
14019,0
14020,0
14021,2
14022,2
14023,0
14024,2
14025,2
14026,2
14027,3
14028,2
14029,2
14030,2
14031,2
14032,2
14033,2
14034,2
14035,2
14036,2
14037,2
14038,2
14039,0
14040,2
14041,2
14042,2
14043,2
14044,2
14045,0
14046,3
14047,3
14048,3
14049,3
14050,3
14051,2
14052,2
14053,0
14054,0
14055,3
14056,2
14057,3
14058,0
14059,2
14060,0
14061,3
14062,3
14063,3
14064,3
14065,2
14066,2
14067,2
14068,2
14069,2
14070,2
14071,3
14072,2
14073,2
14074,3
14075,3
14076,3
14077,2
14078,3
14079,2
14080,2
14081,2
14082,2
14083,2
14084,0
14085,2
14086,2
14087,2
14088,2
14089,2
14090,1
14091,3
14092,3
14093,2
14094,3
14095,2
14096,3
14097,2
14098,2
14099,0
14100,0
14101,0
14102,0
14103,0
14104,0
14105,0
14106,0
14107,0
14108,2
14109,3
14110,2
14111,4
14112,2
14113,3
14114,2
14115,3
14116,2
14117,3
14118,0
14119,1
14120,2
14121,1
14122,0
14123,0
14124,2
14125,3
14126,2
14127,2
14128,2
14129,2
14130,2
14131,2
14132,2
14133,2
14134,3
14135,3
14136,3
14137,2
14138,2
14139,2
14140,2
14141,3
14142,2
14143,1
14144,3
14145,3
14146,3
14147,2
14148,2
14149,3
14150,2
14151,1
14152,3
14153,3
14154,2
14155,0
14156,3
14157,2
14158,3
14159,1
14160,1
14161,2
14162,1
14163,2
14164,2
14165,2
14166,2
14167,2
14168,2
14169,3
14170,1
14171,1
14172,0
14173,0
14174,2
14175,2
14176,2
14177,2
14178,3
14179,2
14180,1
14181,1
14182,2
14183,2
14184,2
14185,2
14186,2
14187,2
14188,2
14189,2
14190,1
14191,2
14192,2
14193,2
14194,2
14195,2
14196,1
14197,2
14198,2
14199,2
14200,0
14201,2
14202,1
14203,2
14204,2
14205,3
14206,1
14207,2
14208,3
14209,0
14210,2
14211,1
14212,2
14213,0
14214,3
14215,0
14216,0
14217,3
14218,1
14219,1
14220,2
14221,1
14222,1
14223,2
14224,3
14225,2
14226,2
14227,3
14228,2
14229,3
14230,1
14231,1
14232,2
14233,1
14234,2
14235,2
14236,2
14237,3
14238,0
14239,0
14240,0
14241,0
14242,2
14243,2
14244,0
14245,2
14246,2
14247,2
14248,3
14249,2
14250,2
14251,2
14252,2
14253,2
14254,2
14255,2
14256,2
14257,3
14258,2
14259,2
14260,1
14261,2
14262,2
14263,1
14264,2
14265,2
14266,2
14267,2
14268,2
14269,2
14270,2
14271,3
14272,2
14273,2
14274,2
14275,2
14276,2
14277,2
14278,2
14279,2
14280,2
14281,3
14282,2
14283,2
14284,2
14285,2
14286,1
14287,2
14288,2
14289,2
14290,2
14291,2
14292,3
14293,1
14294,1
14295,2
14296,2
14297,2
14298,2
14299,2
14300,2
14301,1
14302,0
14303,3
14304,1
14305,3
14306,0
14307,0
14308,0
14309,2
14310,2
14311,2
14312,2
14313,2
14314,2
14315,2
14316,2
14317,3
14318,2
14319,2
14320,3
14321,2
14322,2
14323,2
14324,2
14325,2
14326,2
14327,2
14328,2
14329,2
14330,2
14331,2
14332,2
14333,2
14334,3
14335,2
14336,2
14337,3
14338,2
14339,2
14340,2
14341,2
14342,2
14343,3
14344,3
14345,2
14346,2
14347,3
14348,2
14349,2
14350,2
14351,1
14352,1
14353,1
14354,0
14355,0
14356,0
14357,0
14358,0
14359,0
14360,3
14361,1
14362,3
14363,3
14364,3
14365,1
14366,2
14367,1
14368,2
14369,2
14370,1
14371,4
14372,2
14373,2
14374,2
14375,2
14376,2
14377,3
14378,2
14379,2
14380,3
14381,1
14382,2
14383,2
14384,2
14385,2
14386,3
14387,3
14388,2
14389,2
14390,2
14391,1
14392,2
14393,2
14394,2
14395,2
14396,2
14397,3
14398,2
14399,3
14400,2
14401,3
14402,1
14403,3
14404,2
14405,3
14406,3
14407,3
14408,2
14409,0
14410,1
14411,2
14412,2
14413,2
14414,0
14415,3
14416,2
14417,2
14418,2
14419,2
14420,2
14421,3
14422,0
14423,2
14424,2
14425,2
14426,1
14427,3
14428,2
14429,2
14430,2
14431,2
14432,2
14433,3
14434,1
14435,3
14436,2
14437,2
14438,2
14439,2
14440,1
14441,2
14442,1
14443,3
14444,3
14445,2
14446,2
14447,2
14448,2
14449,3
14450,2
14451,3
14452,1
14453,2
14454,2
14455,2
14456,0
14457,2
14458,2
14459,2
14460,0
14461,3
14462,3
14463,2
14464,2
14465,2
14466,2
14467,2
14468,2
14469,2
14470,2
14471,2
14472,2
14473,2
14474,2
14475,2
14476,2
14477,2
14478,2
14479,2
14480,2
14481,2
14482,2
14483,2
14484,2
14485,2
14486,2
14487,2
14488,2
14489,2
14490,2
14491,2
14492,2
14493,2
14494,2
14495,2
14496,2
14497,2
14498,3
14499,2
14500,2
14501,2
14502,2
14503,2
14504,3
14505,2
14506,3
14507,2
14508,3
14509,1
14510,2
14511,0
14512,0
14513,2
14514,3
14515,2
14516,2
14517,1
14518,1
14519,2
14520,2
14521,2
14522,3
14523,1
14524,3
14525,1
14526,2
14527,3
14528,3
14529,0
14530,0
14531,0
14532,0
14533,1
14534,2
14535,1
14536,1
14537,2
14538,3
14539,2
14540,2
14541,2
14542,2
14543,2
14544,2
14545,1
14546,2
14547,2
14548,3
14549,3
14550,1
14551,2
14552,2
14553,1
14554,3
14555,2
14556,2
14557,2
14558,2
14559,3
14560,1
14561,0
14562,3
14563,1
14564,0
14565,3
14566,3
14567,2
14568,1
14569,2
14570,2
14571,2
14572,2
14573,3
14574,3
14575,1
14576,3
14577,3
14578,2
14579,2
14580,2
14581,1
14582,2
14583,2
14584,2
14585,2
14586,2
14587,2
14588,3
14589,2
14590,3
14591,2
14592,2
14593,2
14594,2
14595,2
14596,2
14597,2
14598,2
14599,1
14600,3
14601,3
14602,2
14603,2
14604,2
14605,2
14606,2
14607,2
14608,2
14609,2
14610,0
14611,1
14612,1
14613,3
14614,2
14615,2
14616,2
14617,3
14618,0
14619,3
14620,2
14621,2
14622,3
14623,1
14624,2
14625,3
14626,2
14627,2
14628,1
14629,3
14630,2
14631,3
14632,2
14633,2
14634,3
14635,1
14636,1
14637,3
14638,1
14639,1
14640,1
14641,2
14642,3
14643,3
14644,3
14645,1
14646,3
14647,2
14648,2
14649,3
14650,1
14651,1
14652,1
14653,1
14654,1
14655,3
14656,3
14657,3
14658,3
14659,3
14660,1
14661,3
14662,1
14663,3
14664,1
14665,3
14666,3
14667,3
14668,3
14669,3
14670,3
14671,2
14672,2
14673,3
14674,2
14675,0
14676,1
14677,3
14678,1
14679,1
14680,3
14681,3
14682,0
14683,0
14684,0
14685,3
14686,2
14687,3
14688,2
14689,3
14690,1
14691,3
14692,2
14693,1
14694,3
14695,3
14696,0
14697,1
14698,2
14699,3
14700,2
14701,1
14702,2
14703,3
14704,2
14705,3
14706,2
14707,2
14708,3
14709,3
14710,2
14711,3
14712,3
14713,2
14714,2
14715,2
14716,2
14717,0
14718,2
14719,1
14720,2
14721,2
14722,2
14723,2
14724,2
14725,3
14726,3
14727,2
14728,3
14729,2
14730,1
14731,3
14732,1
14733,4
14734,2
14735,2
14736,0
14737,2
14738,2
14739,2
14740,3
14741,2
14742,2
14743,3
14744,3
14745,0
14746,2
14747,2
14748,0
14749,0
14750,2
14751,1
14752,2
14753,0
14754,0
14755,0
14756,0
14757,0
14758,4
14759,2
14760,3
14761,2
14762,3
14763,0
14764,0
14765,3
14766,2
14767,3
14768,2
14769,2
14770,2
14771,3
14772,2
14773,2
14774,3
14775,2
14776,2
14777,2
14778,3
14779,2
14780,2
14781,2
14782,3
14783,2
14784,2
14785,2
14786,2
14787,3
14788,3
14789,0
14790,0
14791,1
14792,1
14793,1
14794,1
14795,1
14796,1
14797,3
14798,3
14799,3
14800,3
14801,3
14802,3
14803,2
14804,3
14805,3
14806,3
14807,3
14808,3
14809,2
14810,2
14811,2
14812,3
14813,0
14814,1
14815,0
14816,0
14817,0
14818,0
14819,0
14820,3
14821,3
14822,2
14823,3
14824,3
14825,1
14826,3
14827,3
14828,3
14829,2
14830,3
14831,2
14832,2
14833,2
14834,2
14835,2
14836,2
14837,2
14838,2
14839,2
14840,2
14841,2
14842,2
14843,2
14844,2
14845,2
14846,2
14847,2
14848,2
14849,2
14850,2
14851,2
14852,3
14853,2
14854,2
14855,3
14856,3
14857,2
14858,2
14859,2
14860,2
14861,2
14862,2
14863,3
14864,3
14865,2
14866,2
14867,2
14868,2
14869,3
14870,2
14871,2
14872,1
14873,2
14874,2
14875,3
14876,2
14877,2
14878,2
14879,2
14880,1
14881,2
14882,3
14883,2
14884,3
14885,3
14886,2
14887,2
14888,0
14889,2
14890,0
14891,2
14892,2
14893,4
14894,4
14895,4
14896,4
14897,4
14898,2
14899,2
14900,0
14901,2
14902,2
14903,2
14904,2
14905,2
14906,2
14907,3
14908,2
14909,2
14910,3
14911,1
14912,2
14913,1
14914,0
14915,0
14916,1
14917,2
14918,1
14919,2
14920,2
14921,2
14922,2
14923,1
14924,1
14925,1
14926,3
14927,2
14928,3
14929,3
14930,1
14931,3
14932,2
14933,2
14934,2
14935,2
14936,0
14937,2
14938,3
14939,2
14940,2
14941,2
14942,2
14943,1
14944,2
14945,2
14946,3
14947,2
14948,2
14949,1
14950,2
14951,3
14952,2
14953,2
14954,2
14955,1
14956,2
14957,2
14958,2
14959,3
14960,3
14961,2
14962,2
14963,2
14964,2
14965,2
14966,2
14967,3
14968,2
14969,2
14970,2
14971,2
14972,2
14973,2
14974,2
14975,2
14976,2
14977,2
14978,2
14979,0
14980,2
14981,2
14982,2
14983,2
14984,2
14985,2
14986,2
14987,2
14988,2
14989,2
14990,2
14991,2
14992,2
14993,2
14994,2
14995,3
14996,2
14997,2
14998,2
14999,1
15000,2
15001,2
15002,3
15003,4
15004,4
15005,4
15006,2
15007,2
15008,2
15009,2
15010,2
15011,2
15012,2
15013,2
15014,2
15015,3
15016,4
15017,4
15018,4
15019,4
15020,4
15021,4
15022,4
15023,2
15024,4
15025,4
15026,1
15027,4
15028,4
15029,4
15030,4
15031,4
15032,4
15033,4
15034,4
15035,4
15036,4
15037,2
15038,2
15039,1
15040,0
15041,0
15042,4
15043,4
15044,0
15045,2
15046,3
15047,0
15048,0
15049,2
15050,1
15051,2
15052,2
15053,1
15054,2
15055,1
15056,2
15057,3
15058,2
15059,3
15060,2
15061,2
15062,2
15063,2
15064,2
15065,1
15066,2
15067,2
15068,2
15069,2
15070,2
15071,3
15072,1
15073,4
15074,3
15075,3
15076,3
15077,2
15078,2
15079,1
15080,2
15081,3
15082,1
15083,2
15084,2
15085,2
15086,1
15087,1
15088,3
15089,1
15090,2
15091,2
15092,0
15093,4
15094,1
15095,1
15096,1
15097,2
15098,2
15099,2
15100,2
15101,2
15102,2
15103,2
15104,2
15105,2
15106,2
15107,2
15108,2
15109,2
15110,2
15111,2
15112,2
15113,2
15114,2
15115,3
15116,2
15117,3
15118,1
15119,2
15120,3
15121,2
15122,1
15123,2
15124,3
15125,1
15126,0
15127,2
15128,1
15129,1
15130,4
15131,3
15132,0
15133,2
15134,3
15135,2
15136,4
15137,2
15138,2
15139,2
15140,2
15141,3
15142,1
15143,4
15144,2
15145,2
15146,3
15147,2
15148,1
15149,2
15150,4
15151,3
15152,3
15153,2
15154,3
15155,4
15156,2
15157,2
15158,4
15159,3
15160,3
15161,1
15162,3
15163,1
15164,2
15165,4
15166,1
15167,4
15168,4
15169,2
15170,3
15171,4
15172,3
15173,3
15174,2
15175,3
15176,4
15177,4
15178,4
15179,4
15180,3
15181,1
15182,3
15183,3
15184,3
15185,3
15186,4
15187,4
15188,3
15189,3
15190,1
15191,2
15192,2
15193,2
15194,2
15195,2
15196,2
15197,2
15198,2
15199,2
15200,3
15201,2
15202,3
15203,3
15204,2
15205,2
15206,2
15207,2
15208,2
15209,2
15210,2
15211,2
15212,2
15213,2
15214,2
15215,3
15216,2
15217,2
15218,3
15219,2
15220,2
15221,2
15222,2
15223,3
15224,2
15225,2
15226,2
15227,2
15228,2
15229,3
15230,2
15231,2
15232,2
15233,2
15234,2
15235,2
15236,2
15237,2
15238,3
15239,2
15240,2
15241,2
15242,2
15243,2
15244,2
15245,2
15246,2
15247,3
15248,2
15249,2
15250,2
15251,2
15252,2
15253,2
15254,2
15255,2
15256,2
15257,2
15258,2
15259,2
15260,2
15261,2
15262,2
15263,2
15264,2
15265,2
15266,2
15267,2
15268,2
15269,2
15270,2
15271,2
15272,2
15273,2
15274,2
15275,2
15276,3
15277,2
15278,2
15279,2
15280,2
15281,2
15282,3
15283,2
15284,3
15285,2
15286,2
15287,2
15288,2
15289,2
15290,2
15291,2
15292,1
15293,2
15294,2
15295,1
15296,0
15297,0
15298,0
15299,0
15300,1
15301,1
15302,0
15303,0
15304,0
15305,0
15306,0
15307,0
15308,0
15309,0
15310,2
15311,2
15312,2
15313,2
15314,3
15315,2
15316,2
15317,0
15318,0
15319,1
15320,1
15321,1
15322,1
15323,1
15324,3
15325,1
15326,1
15327,3
15328,1
15329,3
15330,2
15331,1
15332,3
15333,1
15334,2
15335,2
15336,3
15337,1
15338,1
15339,2
15340,1
15341,2
15342,2
15343,3
15344,1
15345,0
15346,1
15347,3
15348,2
15349,1
15350,3
15351,1
15352,2
15353,2
15354,2
15355,2
15356,2
15357,3
15358,3
15359,2
15360,2
15361,2
15362,2
15363,2
15364,3
15365,3
15366,2
15367,2
15368,2
15369,0
15370,2
15371,2
15372,2
15373,2
15374,2
15375,2
15376,2
15377,2
15378,2
15379,2
15380,2
15381,2
15382,2
15383,2
15384,2
15385,2
15386,2
15387,2
15388,2
15389,2
15390,2
15391,2
15392,2
15393,3
15394,3
15395,2
15396,2
15397,3
15398,2
15399,0
15400,3
15401,0
15402,2
15403,2
15404,2
15405,2
15406,2
15407,2
15408,0
15409,0
15410,3
15411,4
15412,0
15413,3
15414,2
15415,2
15416,2
15417,3
15418,0
15419,3
15420,3
15421,3
15422,2
15423,2
15424,2
15425,2
15426,0
15427,2
15428,3
15429,0
15430,3
15431,2
15432,0
15433,0
15434,1
15435,3
15436,2
15437,3
15438,3
15439,2
15440,4
15441,3
15442,2
15443,2
15444,2
15445,2
15446,2
15447,0
15448,2
15449,2
15450,2
15451,2
15452,2
15453,2
15454,2
15455,0
15456,2
15457,2
15458,2
15459,2
15460,2
15461,2
15462,4
15463,4
15464,2
15465,4
15466,2
15467,4
15468,2
15469,2
15470,2
15471,2
15472,2
15473,2
15474,2
15475,0
15476,2
15477,2
15478,2
15479,2
15480,2
15481,3
15482,4
15483,2
15484,4
15485,2
15486,2
15487,2
15488,2
15489,2
15490,2
15491,2
15492,2
15493,2
15494,2
15495,2
15496,3
15497,2
15498,2
15499,2
15500,2
15501,3
15502,2
15503,2
15504,3
15505,2
15506,4
15507,2
15508,4
15509,0
15510,0
15511,0
15512,0
15513,0
15514,0
15515,0
15516,0
15517,3
15518,2
15519,2
15520,2
15521,2
15522,2
15523,2
15524,2
15525,3
15526,0
15527,2
15528,3
15529,2
15530,2
15531,2
15532,2
15533,0
15534,1
15535,0
15536,2
15537,2
15538,3
15539,2
15540,2
15541,1
15542,3
15543,2
15544,2
15545,3
15546,2
15547,3
15548,2
15549,2
15550,2
15551,3
15552,2
15553,2
15554,2
15555,2
15556,1
15557,3
15558,2
15559,2
15560,2
15561,2
15562,3
15563,1
15564,2
15565,2
15566,2
15567,2
15568,3
15569,2
15570,2
15571,2
15572,2
15573,3
15574,2
15575,2
15576,2
15577,1
15578,3
15579,3
15580,3
15581,2
15582,2
15583,0
15584,0
15585,2
15586,2
15587,3
15588,0
15589,2
15590,0
15591,0
15592,0
15593,0
15594,0
15595,2
15596,2
15597,2
15598,2
15599,2
15600,0
15601,0
15602,0
15603,3
15604,3
15605,0
15606,0
15607,2
15608,2
15609,2
15610,2
15611,2
15612,0
15613,4
15614,3
15615,2
15616,2
15617,2
15618,2
15619,2
15620,2
15621,2
15622,2
15623,2
15624,2
15625,2
15626,2
15627,2
15628,2
15629,2
15630,2
15631,0
15632,0
15633,0
15634,0
15635,0
15636,0
15637,0
15638,0
15639,0
15640,2
15641,2
15642,2
15643,2
15644,2
15645,2
15646,2
15647,2
15648,2
15649,2
15650,3
15651,0
15652,0
15653,0
15654,0
15655,1
15656,2
15657,2
15658,2
15659,3
15660,4
15661,3
15662,0
15663,0
15664,0
15665,0
15666,1
15667,0
15668,0
15669,0
15670,2
15671,0
15672,1
15673,1
15674,2
15675,3
15676,0
15677,3
15678,2
15679,0
15680,0
15681,0
15682,0
15683,0
15684,0
15685,0
15686,0
15687,0
15688,0
15689,2
15690,0
15691,0
15692,0
15693,0
15694,0
15695,0
15696,0
15697,0
15698,0
15699,0
15700,0
15701,0
15702,0
15703,0
15704,0
15705,1
15706,2
15707,2
15708,2
15709,2
15710,2
15711,2
15712,3
15713,3
15714,2
15715,2
15716,2
15717,3
15718,2
15719,3
15720,2
15721,0
15722,3
15723,2
15724,2
15725,2
15726,0
15727,0
15728,0
15729,3
15730,2
15731,2
15732,2
15733,2
15734,0
15735,3
15736,0
15737,4
15738,2
15739,0
15740,0
15741,0
15742,0
15743,3
15744,3
15745,3
15746,2
15747,3
15748,0
15749,3
15750,0
15751,0
15752,0
15753,3
15754,3
15755,3
15756,3
15757,3
15758,0
15759,2
15760,3
15761,2
15762,2
15763,2
15764,2
15765,3
15766,2
15767,3
15768,3
15769,2
15770,2
15771,2
15772,3
15773,2
15774,2
15775,0
15776,2
15777,2
15778,2
15779,3
15780,2
15781,2
15782,2
15783,2
15784,2
15785,2
15786,2
15787,2
15788,4
15789,2
15790,3
15791,3
15792,3
15793,4
15794,4
15795,4
15796,4
15797,2
15798,4
15799,4
15800,2
15801,2
15802,2
15803,2
15804,2
15805,2
15806,2
15807,2
15808,2
15809,2
15810,2
15811,2
15812,2
15813,2
15814,2
15815,2
15816,4
15817,3
15818,4
15819,3
15820,2
15821,2
15822,2
15823,2
15824,2
15825,2
15826,2
15827,2
15828,2
15829,2
15830,2
15831,2
15832,2
15833,2
15834,2
15835,3
15836,2
15837,2
15838,4
15839,2
15840,2
15841,2
15842,2
15843,2
15844,2
15845,3
15846,2
15847,2
15848,2
15849,2
15850,0
15851,3
15852,2
15853,2
15854,2
15855,2
15856,2
15857,2
15858,2
15859,2
15860,2
15861,2
15862,2
15863,3
15864,2
15865,2
15866,2
15867,2
15868,2
15869,3
15870,0
15871,2
15872,2
15873,2
15874,0
15875,0
15876,0
15877,0
15878,0
15879,2
15880,0
15881,0
15882,0
15883,0
15884,0
15885,0
15886,2
15887,2
15888,0
15889,0
15890,0
15891,0
15892,0
15893,0
15894,0
15895,0
15896,0
15897,1
15898,2
15899,2
15900,1
15901,2
15902,1
15903,2
15904,1
15905,2
15906,2
15907,2
15908,2
15909,2
15910,2
15911,1
15912,2
15913,2
15914,2
15915,2
15916,2
15917,2
15918,1
15919,3
15920,3
15921,2
15922,2
15923,3
15924,2
15925,2
15926,4
15927,0
15928,3
15929,2
15930,0
15931,0
15932,2
15933,2
15934,2
15935,2
15936,2
15937,2
15938,0
15939,0
15940,2
15941,2
15942,2
15943,2
15944,2
15945,3
15946,2
15947,2
15948,4
15949,2
15950,2
15951,2
15952,2
15953,2
15954,2
15955,2
15956,2
15957,2
15958,2
15959,2
15960,2
15961,0
15962,0
15963,4
15964,2
15965,0
15966,2
15967,2
15968,2
15969,0
15970,2
15971,2
15972,3
15973,2
15974,2
15975,2
15976,2
15977,2
15978,2
15979,2
15980,2
15981,2
15982,0
15983,0
15984,2
15985,4
15986,2
15987,0
15988,0
15989,0
15990,2
15991,2
15992,2
15993,2
15994,2
15995,2
15996,2
15997,4
15998,2
15999,4
16000,0
16001,1
16002,3
16003,2
16004,2
16005,2
16006,2
16007,2
16008,2
16009,2
16010,2
16011,0
16012,2
16013,4
16014,0
16015,3
16016,2
16017,2
16018,2
16019,2
16020,2
16021,2
16022,2
16023,2
16024,3
16025,2
16026,2
16027,0
16028,4
16029,2
16030,2
16031,2
16032,2
16033,2
16034,2
16035,2
16036,2
16037,4
16038,2
16039,4
16040,2
16041,4
16042,2
16043,2
16044,2
16045,2
16046,2
16047,3
16048,2
16049,2
16050,4
16051,4
16052,2
16053,2
16054,4
16055,2
16056,2
16057,2
16058,2
16059,2
16060,2
16061,2
16062,4
16063,2
16064,2
16065,4
16066,2
16067,2
16068,4
16069,4
16070,2
16071,2
16072,2
16073,2
16074,2
16075,2
16076,2
16077,2
16078,2
16079,2
16080,2
16081,2
16082,2
16083,2
16084,2
16085,2
16086,2
16087,2
16088,2
16089,2
16090,2
16091,2
16092,2
16093,3
16094,0
16095,2
16096,2
16097,2
16098,2
16099,2
16100,2
16101,2
16102,2
16103,2
16104,2
16105,2
16106,2
16107,2
16108,2
16109,2
16110,2
16111,2
16112,2
16113,2
16114,2
16115,2
16116,2
16117,2
16118,2
16119,2
16120,2
16121,2
16122,2
16123,2
16124,2
16125,2
16126,2
16127,0
16128,2
16129,2
16130,2
16131,2
16132,2
16133,2
16134,2
16135,2
16136,2
16137,2
16138,2
16139,2
16140,3
16141,2
16142,2
16143,2
16144,2
16145,2
16146,2
16147,2
16148,2
16149,2
16150,2
16151,3
16152,2
16153,2
16154,2
16155,2
16156,2
16157,2
16158,2
16159,2
16160,2
16161,2
16162,2
16163,4
16164,3
16165,2
16166,3
16167,2
16168,2
16169,2
16170,2
16171,2
16172,4
16173,2
16174,2
16175,2
16176,0
16177,4
16178,2
16179,2
16180,4
16181,2
16182,2
16183,2
16184,2
16185,0
16186,2
16187,4
16188,2
16189,4
16190,2
16191,2
16192,2
16193,4
16194,4
16195,4
16196,4
16197,4
16198,4
16199,2
16200,2
16201,2
16202,4
16203,2
16204,4
16205,2
16206,4
16207,2
16208,4
16209,2
16210,2
16211,2
16212,2
16213,2
16214,2
16215,0
16216,2
16217,2
16218,0
16219,2
16220,2
16221,2
16222,2
16223,4
16224,2
16225,2
16226,4
16227,2
16228,2
16229,2
16230,2
16231,2
16232,2
16233,2
16234,2
16235,2
16236,2
16237,2
16238,0
16239,2
16240,2
16241,2
16242,2
16243,0
16244,2
16245,2
16246,2
16247,0
16248,2
16249,2
16250,4
16251,2
16252,2
16253,2
16254,2
16255,2
16256,2
16257,2
16258,2
16259,2
16260,2
16261,2
16262,0
16263,0
16264,2
16265,0
16266,2
16267,3
16268,2
16269,2
16270,2
16271,2
16272,2
16273,0
16274,0
16275,2
16276,3
16277,2
16278,2
16279,2
16280,2
16281,2
16282,0
16283,2
16284,2
16285,2
16286,2
16287,2
16288,2
16289,2
16290,2
16291,2
16292,2
16293,2
16294,2
16295,2
16296,2
16297,2
16298,2
16299,2
16300,2
16301,2
16302,2
16303,2
16304,2
16305,2
16306,2
16307,2
16308,2
16309,2
16310,2
16311,2
16312,2
16313,2
16314,2
16315,2
16316,0
16317,2
16318,2
16319,2
16320,2
16321,2
16322,2
16323,2
16324,2
16325,2
16326,2
16327,2
16328,3
16329,2
16330,0
16331,2
16332,2
16333,2
16334,2
16335,2
16336,2
16337,2
16338,2
16339,2
16340,2
16341,2
16342,2
16343,2
16344,2
16345,2
16346,2
16347,2
16348,2
16349,3
16350,2
16351,2
16352,2
16353,0
16354,2
16355,2
16356,2
16357,2
16358,0
16359,3
16360,3
16361,2
16362,2
16363,2
16364,3
16365,3
16366,0
16367,0
16368,2
16369,3
16370,2
16371,2
16372,0
16373,4
16374,0
16375,0
16376,1
16377,2
16378,2
16379,2
16380,2
16381,2
16382,2
16383,2
16384,2
16385,2
16386,2
16387,0
16388,2
16389,0
16390,3
16391,3
16392,2
16393,2
16394,2
16395,2
16396,3
16397,4
16398,0
16399,0
16400,2
16401,2
16402,2
16403,2
16404,2
16405,2
16406,2
16407,2
16408,2
16409,2
16410,0
16411,3
16412,2
16413,2
16414,3
16415,2
16416,3
16417,2
16418,2
16419,2
16420,2
16421,2
16422,0
16423,2
16424,2
16425,2
16426,2
16427,2
16428,2
16429,2
16430,4
16431,4
16432,2
16433,2
16434,2
16435,2
16436,4
16437,2
16438,2
16439,2
16440,2
16441,4
16442,2
16443,2
16444,2
16445,4
16446,2
16447,2
16448,2
16449,2
16450,2
16451,2
16452,2
16453,2
16454,2
16455,3
16456,2
16457,2
16458,2
16459,2
16460,2
16461,2
16462,2
16463,3
16464,2
16465,2
16466,4
16467,2
16468,2
16469,0
16470,0
16471,2
16472,2
16473,3
16474,0
16475,2
16476,2
16477,0
16478,2
16479,2
16480,2
16481,3
16482,2
16483,3
16484,2
16485,2
16486,2
16487,2
16488,3
16489,2
16490,0
16491,2
16492,2
16493,2
16494,2
16495,2
16496,2
16497,2
16498,2
16499,2
16500,2
16501,2
16502,2
16503,2
16504,2
16505,2
16506,2
16507,2
16508,2
16509,2
16510,2
16511,2
16512,3
16513,2
16514,2
16515,2
16516,2
16517,2
16518,2
16519,2
16520,3
16521,2
16522,2
16523,2
16524,2
16525,2
16526,2
16527,2
16528,2
16529,2
16530,2
16531,2
16532,2
16533,2
16534,2
16535,2
16536,2
16537,2
16538,2
16539,2
16540,2
16541,2
16542,2
16543,2
16544,2
16545,2
16546,2
16547,2
16548,2
16549,2
16550,2
16551,2
16552,2
16553,2
16554,2
16555,2
16556,2
16557,2
16558,2
16559,2
16560,2
16561,2
16562,2
16563,2
16564,3
16565,2
16566,2
16567,2
16568,2
16569,2
16570,2
16571,2
16572,2
16573,2
16574,2
16575,2
16576,2
16577,2
16578,2
16579,2
16580,2
16581,2
16582,2
16583,2
16584,2
16585,2
16586,2
16587,2
16588,2
16589,2
16590,2
16591,2
16592,2
16593,2
16594,0
16595,0
16596,3
16597,3
16598,2
16599,0
16600,3
16601,2
16602,0
16603,0
16604,3
16605,3
16606,2
16607,2
16608,2
16609,2
16610,2
16611,2
16612,2
16613,2
16614,2
16615,2
16616,2
16617,2
16618,2
16619,2
16620,2
16621,2
16622,2
16623,2
16624,2
16625,2
16626,2
16627,2
16628,2
16629,2
16630,2
16631,2
16632,2
16633,2
16634,2
16635,2
16636,2
16637,2
16638,2
16639,2
16640,2
16641,2
16642,2
16643,2
16644,2
16645,2
16646,2
16647,2
16648,2
16649,2
16650,2
16651,2
16652,2
16653,2
16654,2
16655,2
16656,2
16657,2
16658,2
16659,2
16660,2
16661,2
16662,2
16663,2
16664,2
16665,2
16666,2
16667,2
16668,2
16669,2
16670,2
16671,2
16672,2
16673,2
16674,2
16675,2
16676,2
16677,2
16678,2
16679,2
16680,2
16681,2
16682,2
16683,2
16684,2
16685,2
16686,2
16687,2
16688,2
16689,2
16690,2
16691,2
16692,2
16693,2
16694,2
16695,2
16696,2
16697,2
16698,2
16699,2
16700,2
16701,2
16702,0
16703,2
16704,2
16705,2
16706,2
16707,2
16708,2
16709,2
16710,2
16711,2
16712,2
16713,2
16714,2
16715,2
16716,2
16717,2
16718,2
16719,2
16720,2
16721,2
16722,2
16723,2
16724,2
16725,2
16726,2
16727,2
16728,2
16729,2
16730,2
16731,3
16732,3
16733,0
16734,2
16735,3
16736,2
16737,2
16738,2
16739,2
16740,2
16741,2
16742,0
16743,2
16744,2
16745,2
16746,2
16747,2
16748,2
16749,2
16750,2
16751,2
16752,2
16753,2
16754,2
16755,2
16756,2
16757,2
16758,2
16759,2
16760,2
16761,2
16762,2
16763,2
16764,2
16765,2
16766,2
16767,2
16768,2
16769,2
16770,2
16771,2
16772,2
16773,1
16774,2
16775,2
16776,2
16777,2
16778,2
16779,2
16780,2
16781,2
16782,2
16783,2
16784,2
16785,2
16786,2
16787,2
16788,2
16789,2
16790,2
16791,2
16792,2
16793,2
16794,2
16795,2
16796,2
16797,2
16798,2
16799,2
16800,2
16801,2
16802,2
16803,2
16804,2
16805,2
16806,2
16807,2
16808,2
16809,2
16810,2
16811,2
16812,2
16813,2
16814,2
16815,2
16816,3
16817,2
16818,2
16819,2
16820,2
16821,2
16822,2
16823,2
16824,2
16825,2
16826,2
16827,2
16828,2
16829,2
16830,2
16831,2
16832,2
16833,2
16834,2
16835,2
16836,2
16837,2
16838,2
16839,2
16840,2
16841,2
16842,2
16843,2
16844,2
16845,2
16846,2
16847,2
16848,2
16849,2
16850,2
16851,2
16852,2
16853,2
16854,2
16855,3
16856,2
16857,3
16858,0
16859,3
16860,3
16861,2
16862,2
16863,2
16864,2
16865,2
16866,2
16867,2
16868,2
16869,2
16870,2
16871,2
16872,2
16873,2
16874,2
16875,3
16876,2
16877,2
16878,2
16879,2
16880,2
16881,2
16882,2
16883,2
16884,2
16885,2
16886,2
16887,2
16888,2
16889,2
16890,0
16891,3
16892,2
16893,2
16894,2
16895,2
16896,2
16897,2
16898,2
16899,3
16900,2
16901,2
16902,2
16903,0
16904,2
16905,2
16906,2
16907,2
16908,2
16909,2
16910,3
16911,2
16912,2
16913,2
16914,0
16915,2
16916,2
16917,2
16918,2
16919,2
16920,2
16921,2
16922,2
16923,2
16924,2
16925,2
16926,2
16927,2
16928,2
16929,2
16930,2
16931,2
16932,2
16933,0
16934,3
16935,3
16936,2
16937,2
16938,2
16939,2
16940,2
16941,2
16942,2
16943,2
16944,2
16945,2
16946,2
16947,2
16948,2
16949,2
16950,2
16951,2
16952,2
16953,3
16954,2
16955,2
16956,2
16957,2
16958,4
16959,2
16960,2
16961,2
16962,0
16963,3
16964,2
16965,3
16966,2
16967,0
16968,2
16969,0
16970,4
16971,4
16972,2
16973,2
16974,2
16975,0
16976,2
16977,2
16978,2
16979,3
16980,4
16981,2
16982,2
16983,2
16984,2
16985,2
16986,0
16987,2
16988,2
16989,2
16990,2
16991,2
16992,2
16993,2
16994,0
16995,2
16996,2
16997,0
16998,2
16999,2
17000,2
17001,3
17002,2
17003,2
17004,2
17005,3
17006,3
17007,0
17008,2
17009,4
17010,0
17011,2
17012,2
17013,2
17014,2
17015,3
17016,2
17017,2
17018,2
17019,2
17020,3
17021,2
17022,1
17023,2
17024,2
17025,2
17026,2
17027,0
17028,2
17029,0
17030,2
17031,2
17032,2
17033,3
17034,2
17035,2
17036,2
17037,0
17038,2
17039,2
17040,2
17041,2
17042,2
17043,2
17044,2
17045,2
17046,2
17047,2
17048,2
17049,2
17050,2
17051,2
17052,2
17053,2
17054,2
17055,2
17056,2
17057,2
17058,2
17059,2
17060,2
17061,2
17062,2
17063,2
17064,2
17065,2
17066,2
17067,2
17068,2
17069,2
17070,2
17071,2
17072,3
17073,0
17074,2
17075,3
17076,2
17077,3
17078,0
17079,0
17080,2
17081,0
17082,0
17083,0
17084,0
17085,0
17086,0
17087,3
17088,0
17089,3
17090,3
17091,1
17092,3
17093,2
17094,2
17095,2
17096,1
17097,2
17098,3
17099,3
17100,2
17101,3
17102,3
17103,1
17104,2
17105,0
17106,3
17107,3
17108,3
17109,3
17110,0
17111,3
17112,2
17113,3
17114,2
17115,1
17116,2
17117,3
17118,1
17119,0
17120,3
17121,2
17122,2
17123,2
17124,2
17125,2
17126,2
17127,3
17128,2
17129,3
17130,2
17131,3
17132,2
17133,2
17134,2
17135,2
17136,2
17137,2
17138,2
17139,3
17140,3
17141,3
17142,3
17143,3
17144,2
17145,3
17146,3
17147,2
17148,2
17149,3
17150,2
17151,2
17152,1
17153,2
17154,3
17155,3
17156,3
17157,3
17158,3
17159,0
17160,0
17161,3
17162,3
17163,0
17164,2
17165,2
17166,2
17167,2
17168,2
17169,2
17170,1
17171,2
17172,2
17173,0
17174,2
17175,3
17176,2
17177,2
17178,4
17179,0
17180,2
17181,2
17182,0
17183,2
17184,2
17185,2
17186,2
17187,4
17188,2
17189,2
17190,3
17191,2
17192,2
17193,2
17194,2
17195,2
17196,2
17197,2
17198,2
17199,2
17200,2
17201,2
17202,2
17203,2
17204,2
17205,3
17206,0
17207,2
17208,2
17209,3
17210,3
17211,3
17212,2
17213,2
17214,2
17215,2
17216,0
17217,2
17218,3
17219,0
17220,2
17221,2
17222,3
17223,2
17224,2
17225,2
17226,2
17227,3
17228,2
17229,2
17230,2
17231,2
17232,2
17233,2
17234,2
17235,2
17236,3
17237,2
17238,2
17239,2
17240,2
17241,2
17242,2
17243,3
17244,3
17245,2
17246,2
17247,2
17248,3
17249,3
17250,2
17251,0
17252,2
17253,3
17254,2
17255,2
17256,2
17257,2
17258,2
17259,2
17260,2
17261,2
17262,2
17263,2
17264,2
17265,2
17266,2
17267,2
17268,2
17269,2
17270,2
17271,2
17272,2
17273,2
17274,2
17275,2
17276,2
17277,2
17278,2
17279,2
17280,2
17281,2
17282,2
17283,2
17284,3
17285,2
17286,2
17287,2
17288,2
17289,2
17290,3
17291,3
17292,2
17293,2
17294,0
17295,2
17296,2
17297,2
17298,2
17299,2
17300,2
17301,2
17302,2
17303,2
17304,2
17305,2
17306,2
17307,2
17308,3
17309,2
17310,2
17311,2
17312,2
17313,2
17314,2
17315,2
17316,2
17317,2
17318,2
17319,2
17320,3
17321,2
17322,2
17323,2
17324,3
17325,0
17326,2
17327,2
17328,3
17329,3
17330,0
17331,0
17332,3
17333,0
17334,2
17335,0
17336,2
17337,3
17338,0
17339,3
17340,2
17341,2
17342,2
17343,2
17344,3
17345,3
17346,0
17347,2
17348,2
17349,2
17350,2
17351,2
17352,0
17353,0
17354,2
17355,2
17356,3
17357,2
17358,1
17359,2
17360,2
17361,2
17362,3
17363,2
17364,2
17365,2
17366,2
17367,1
17368,2
17369,2
17370,2
17371,3
17372,2
17373,3
17374,3
17375,3
17376,2
17377,3
17378,2
17379,2
17380,3
17381,2
17382,2
17383,2
17384,2
17385,2
17386,3
17387,2
17388,2
17389,3
17390,2
17391,2
17392,2
17393,2
17394,3
17395,2
17396,2
17397,3
17398,2
17399,2
17400,3
17401,2
17402,2
17403,2
17404,2
17405,2
17406,2
17407,3
17408,2
17409,2
17410,2
17411,2
17412,2
17413,2
17414,2
17415,3
17416,2
17417,2
17418,2
17419,2
17420,2
17421,2
17422,3
17423,3
17424,0
17425,2
17426,0
17427,3
17428,0
17429,0
17430,2
17431,2
17432,3
17433,3
17434,3
17435,3
17436,3
17437,3
17438,3
17439,2
17440,2
17441,0
17442,2
17443,2
17444,2
17445,3
17446,2
17447,2
17448,2
17449,2
17450,2
17451,2
17452,2
17453,0
17454,2
17455,2
17456,2
17457,2
17458,2
17459,2
17460,2
17461,3
17462,2
17463,2
17464,2
17465,2
17466,2
17467,0
17468,2
17469,2
17470,2
17471,2
17472,2
17473,2
17474,2
17475,3
17476,3
17477,2
17478,2
17479,2
17480,2
17481,2
17482,2
17483,2
17484,3
17485,2
17486,0
17487,2
17488,2
17489,2
17490,2
17491,2
17492,2
17493,2
17494,2
17495,2
17496,2
17497,2
17498,2
17499,2
17500,2
17501,0
17502,2
17503,2
17504,2
17505,2
17506,2
17507,2
17508,2
17509,2
17510,2
17511,2
17512,2
17513,2
17514,2
17515,2
17516,2
17517,2
17518,3
17519,3
17520,3
17521,0
17522,3
17523,3
17524,0
17525,3
17526,3
17527,3
17528,3
17529,2
17530,2
17531,3
17532,3
17533,0
17534,2
17535,2
17536,0
17537,0
17538,0
17539,0
17540,0
17541,3
17542,3
17543,2
17544,2
17545,2
17546,2
17547,2
17548,2
17549,2
17550,3
17551,3
17552,2
17553,2
17554,3
17555,3
17556,3
17557,3
17558,3
17559,0
17560,0
17561,3
17562,3
17563,3
17564,0
17565,3
17566,3
17567,2
17568,3
17569,0
17570,0
17571,0
17572,0
17573,2
17574,0
17575,2
17576,2
17577,0
17578,0
17579,3
17580,0
17581,0
17582,0
17583,3
17584,0
17585,2
17586,2
17587,0
17588,3
17589,3
17590,3
17591,3
17592,2
17593,3
17594,3
17595,3
17596,2
17597,2
17598,3
17599,2
17600,3
17601,2
17602,1
17603,3
17604,4
17605,3
17606,3
17607,1
17608,1
17609,3
17610,3
17611,3
17612,4
17613,3
17614,4
17615,2
17616,3
17617,3
17618,3
17619,3
17620,3
17621,3
17622,3
17623,3
17624,3
17625,2
17626,3
17627,3
17628,3
17629,1
17630,3
17631,3
17632,3
17633,3
17634,3
17635,3
17636,3
17637,0
17638,3
17639,3
17640,3
17641,2
17642,3
17643,3
17644,3
17645,3
17646,3
17647,3
17648,3
17649,0
17650,3
17651,3
17652,3
17653,3
17654,2
17655,1
17656,1
17657,1
17658,4
17659,4
17660,4
17661,4
17662,3
17663,2
17664,4
17665,4
17666,3
17667,1
17668,1
17669,1
17670,1
17671,3
17672,3
17673,3
17674,3
17675,3
17676,2
17677,0
17678,2
17679,0
17680,3
17681,3
17682,3
17683,3
17684,3
17685,3
17686,3
17687,3
17688,3
17689,3
17690,3
17691,0
17692,3
17693,3
17694,3
17695,4
17696,0
17697,2
17698,3
17699,3
17700,3
17701,3
17702,3
17703,3
17704,3
17705,1
17706,3
17707,2
17708,4
17709,1
17710,2
17711,3
17712,3
17713,1
17714,3
17715,3
17716,3
17717,3
17718,3
17719,3
17720,3
17721,3
17722,3
17723,3
17724,0
17725,3
17726,3
17727,2
17728,3
17729,2
17730,3
17731,3
17732,3
17733,4
17734,2
17735,3
17736,3
17737,3
17738,3
17739,2
17740,2
17741,3
17742,3
17743,3
17744,3
17745,3
17746,3
17747,4
17748,2
17749,4
17750,3
17751,2
17752,3
17753,3
17754,3
17755,1
17756,3
17757,3
17758,3
17759,3
17760,3
17761,3
17762,3
17763,3
17764,3
17765,3
17766,2
17767,3
17768,1
17769,3
17770,3
17771,3
17772,3
17773,3
17774,2
17775,3
17776,3
17777,1
17778,3
17779,2
17780,3
17781,3
17782,3
17783,3
17784,3
17785,3
17786,2
17787,3
17788,3
17789,3
17790,2
17791,3
17792,2
17793,4
17794,3
17795,3
17796,3
17797,2
17798,3
17799,2
17800,3
17801,0
17802,2
17803,0
17804,2
17805,3
17806,0
17807,2
17808,2
17809,2
17810,2
17811,0
17812,3
17813,3
17814,3
17815,2
17816,3
17817,3
17818,2
17819,3
17820,0
17821,2
17822,2
17823,2
17824,0
17825,2
17826,0
17827,3
17828,4
17829,2
17830,0
17831,0
17832,2
17833,2
17834,0
17835,0
17836,0
17837,3
17838,3
17839,3
17840,4
17841,4
17842,3
17843,0
17844,3
17845,2
17846,2
17847,2
17848,2
17849,3
17850,3
17851,3
17852,2
17853,2
17854,0
17855,2
17856,2
17857,2
17858,2
17859,0
17860,3
17861,2
17862,3
17863,4
17864,3
17865,2
17866,1
17867,1
17868,1
17869,3
17870,2
17871,2
17872,2
17873,2
17874,2
17875,2
17876,2
17877,1
17878,0
17879,3
17880,1
17881,2
17882,2
17883,2
17884,2
17885,0
17886,0
17887,2
17888,2
17889,0
17890,2
17891,2
17892,2
17893,2
17894,3
17895,2
17896,2
17897,2
17898,2
17899,2
17900,2
17901,2
17902,3
17903,2
17904,2
17905,2
17906,2
17907,3
17908,1
17909,3
17910,2
17911,2
17912,2
17913,0
17914,2
17915,2
17916,2
17917,0
17918,2
17919,2
17920,2
17921,2
17922,2
17923,2
17924,2
17925,3
17926,2
17927,2
17928,0
17929,2
17930,3
17931,3
17932,2
17933,0
17934,0
17935,2
17936,2
17937,2
17938,2
17939,2
17940,0
17941,0
17942,2
17943,2
17944,2
17945,2
17946,0
17947,2
17948,2
17949,2
17950,2
17951,2
17952,2
17953,2
17954,3
17955,2
17956,0
17957,2
17958,2
17959,3
17960,2
17961,2
17962,2
17963,2
17964,2
17965,2
17966,2
17967,2
17968,2
17969,2
17970,2
17971,2
17972,0
17973,2
17974,2
17975,2
17976,2
17977,2
17978,2
17979,2
17980,2
17981,2
17982,0
17983,2
17984,2
17985,2
17986,2
17987,2
17988,2
17989,2
17990,2
17991,2
17992,3
17993,2
17994,0
17995,2
17996,2
17997,0
17998,2
17999,2
18000,2
18001,2
18002,0
18003,2
18004,2
18005,2
18006,2
18007,2
18008,2
18009,2
18010,2
18011,2
18012,2
18013,2
18014,2
18015,2
18016,2
18017,2
18018,2
18019,0
18020,0
18021,2
18022,2
18023,2
18024,1
18025,2
18026,3
18027,2
18028,3
18029,2
18030,3
18031,2
18032,2
18033,2
18034,2
18035,2
18036,0
18037,2
18038,2
18039,2
18040,0
18041,0
18042,2
18043,2
18044,0
18045,2
18046,3
18047,2
18048,2
18049,4
18050,2
18051,0
18052,2
18053,3
18054,2
18055,3
18056,2
18057,2
18058,0
18059,2
18060,3
18061,2
18062,3
18063,3
18064,3
18065,0
18066,2
18067,2
18068,3
18069,3
18070,2
18071,2
18072,2
18073,0
18074,2
18075,2
18076,3
18077,2
18078,2
18079,3
18080,0
18081,1
18082,1
18083,1
18084,1
18085,2
18086,3
18087,3
18088,2
18089,0
18090,2
18091,2
18092,2
18093,0
18094,2
18095,2
18096,1
18097,3
18098,2
18099,1
18100,3
18101,2
18102,1
18103,2
18104,0
18105,2
18106,0
18107,0
18108,2
18109,0
18110,0
18111,2
18112,0
18113,2
18114,2
18115,0
18116,0
18117,2
18118,2
18119,2
18120,3
18121,2
18122,0
18123,0
18124,2
18125,2
18126,2
18127,0
18128,0
18129,2
18130,2
18131,2
18132,2
18133,2
18134,2
18135,2
18136,0
18137,2
18138,0
18139,2
18140,2
18141,2
18142,0
18143,2
18144,2
18145,2
18146,2
18147,2
18148,2
18149,2
18150,2
18151,2
18152,2
18153,0
18154,2
18155,0
18156,3
18157,1
18158,2
18159,2
18160,3
18161,2
18162,3
18163,2
18164,2
18165,3
18166,2
18167,2
18168,2
18169,2
18170,1
18171,2
18172,2
18173,3
18174,2
18175,1
18176,2
18177,3
18178,2
18179,3
18180,2
18181,2
18182,1
18183,2
18184,3
18185,2
18186,3
18187,2
18188,2
18189,2
18190,2
18191,2
18192,2
18193,1
18194,3
18195,2
18196,2
18197,2
18198,2
18199,1
18200,2
18201,0
18202,2
18203,2
18204,2
18205,2
18206,3
18207,3
18208,2
18209,1
18210,2
18211,2
18212,2
18213,2
18214,1
18215,2
18216,2
18217,2
18218,2
18219,2
18220,3
18221,2
18222,2
18223,3
18224,2
18225,2
18226,2
18227,2
18228,2
18229,2
18230,2
18231,2
18232,2
18233,2
18234,2
18235,2
18236,2
18237,0
18238,2
18239,2
18240,1
18241,2
18242,2
18243,2
18244,3
18245,2
18246,0
18247,0
18248,3
18249,3
18250,3
18251,3
18252,2
18253,2
18254,3
18255,2
18256,2
18257,2
18258,0
18259,3
18260,3
18261,3
18262,2
18263,3
18264,3
18265,2
18266,2
18267,2
18268,0
18269,2
18270,3
18271,3
18272,2
18273,2
18274,2
18275,3
18276,3
18277,2
18278,2
18279,2
18280,2
18281,2
18282,3
18283,2
18284,3
18285,3
18286,3
18287,2
18288,3
18289,3
18290,2
18291,2
18292,3
18293,3
18294,2
18295,3
18296,3
18297,3
18298,3
18299,3
18300,3
18301,3
18302,3
18303,3
18304,2
18305,2
18306,3
18307,3
18308,3
18309,2
18310,2
18311,2
18312,2
18313,2
18314,2
18315,2
18316,2
18317,2
18318,2
18319,3
18320,1
18321,3
18322,3
18323,3
18324,2
18325,2
18326,3
18327,2
18328,2
18329,3
18330,2
18331,2
18332,3
18333,3
18334,2
18335,2
18336,3
18337,2
18338,3
18339,3
18340,2
18341,2
18342,2
18343,2
18344,2
18345,2
18346,2
18347,2
18348,2
18349,2
18350,3
18351,2
18352,3
18353,2
18354,2
18355,2
18356,2
18357,2
18358,2
18359,3
18360,3
18361,3
18362,3
18363,0
18364,3
18365,3
18366,2
18367,3
18368,3
18369,2
18370,3
18371,2
18372,2
18373,3
18374,3
18375,3
18376,2
18377,2
18378,2
18379,2
18380,2
18381,2
18382,2
18383,2
18384,2
18385,2
18386,2
18387,2
18388,2
18389,2
18390,2
18391,2
18392,2
18393,1
18394,2
18395,2
18396,2
18397,2
18398,2
18399,2
18400,2
18401,2
18402,2
18403,2
18404,2
18405,2
18406,1
18407,2
18408,2
18409,2
18410,2
18411,2
18412,2
18413,2
18414,2
18415,2
18416,2
18417,2
18418,2
18419,2
18420,2
18421,2
18422,2
18423,2
18424,2
18425,2
18426,2
18427,2
18428,2
18429,2
18430,2
18431,2
18432,2
18433,2
18434,2
18435,2
18436,2
18437,2
18438,2
18439,2
18440,2
18441,2
18442,2
18443,2
18444,2
18445,2
18446,2
18447,2
18448,2
18449,2
18450,2
18451,2
18452,2
18453,2
18454,2
18455,2
18456,3
18457,2
18458,2
18459,2
18460,2
18461,2
18462,2
18463,2
18464,2
18465,2
18466,2
18467,2
18468,2
18469,2
18470,2
18471,2
18472,2
18473,2
18474,2
18475,2
18476,2
18477,2
18478,2
18479,2
18480,1
18481,1
18482,2
18483,3
18484,2
18485,2
18486,2
18487,2
18488,2
18489,2
18490,2
18491,2
18492,2
18493,2
18494,2
18495,2
18496,2
18497,2
18498,2
18499,2
18500,2
18501,2
18502,2
18503,2
18504,2
18505,2
18506,2
18507,2
18508,2
18509,2
18510,2
18511,3
18512,2
18513,2
18514,2
18515,2
18516,2
18517,2
18518,2
18519,2
18520,2
18521,2
18522,2
18523,2
18524,2
18525,2
18526,2
18527,2
18528,2
18529,2
18530,2
18531,2
18532,2
18533,2
18534,2
18535,2
18536,2
18537,2
18538,2
18539,2
18540,2
18541,2
18542,2
18543,2
18544,2
18545,2
18546,2
18547,2
18548,2
18549,2
18550,2
18551,2
18552,2
18553,2
18554,2
18555,2
18556,2
18557,2
18558,2
18559,2
18560,3
18561,2
18562,2
18563,2
18564,2
18565,2
18566,2
18567,2
18568,2
18569,2
18570,2
18571,2
18572,2
18573,2
18574,2
18575,2
18576,2
18577,2
18578,2
18579,2
18580,3
18581,2
18582,2
18583,2
18584,2
18585,2
18586,2
18587,2
18588,2
18589,2
18590,2
18591,2
18592,1
18593,2
18594,2
18595,2
18596,2
18597,2
18598,2
18599,2
18600,2
18601,2
18602,2
18603,2
18604,2
18605,2
18606,2
18607,2
18608,2
18609,2
18610,2
18611,2
18612,2
18613,2
18614,3
18615,2
18616,2
18617,0
18618,2
18619,0
18620,3
18621,3
18622,3
18623,3
18624,3
18625,2
18626,3
18627,3
18628,3
18629,2
18630,3
18631,2
18632,2
18633,2
18634,2
18635,3
18636,3
18637,2
18638,2
18639,3
18640,2
18641,3
18642,2
18643,3
18644,3
18645,2
18646,2
18647,2
18648,0
18649,3
18650,2
18651,2
18652,2
18653,3
18654,2
18655,2
18656,2
18657,2
18658,1
18659,1
18660,2
18661,2
18662,3
18663,1
18664,2
18665,2
18666,1
18667,2
18668,2
18669,1
18670,2
18671,2
18672,2
18673,2
18674,4
18675,2
18676,2
18677,2
18678,2
18679,2
18680,2
18681,2
18682,2
18683,2
18684,2
18685,2
18686,2
18687,2
18688,2
18689,2
18690,2
18691,2
18692,2
18693,2
18694,2
18695,2
18696,2
18697,2
18698,2
18699,2
18700,2
18701,2
18702,0
18703,0
18704,3
18705,2
18706,2
18707,2
18708,2
18709,2
18710,1
18711,1
18712,2
18713,1
18714,2
18715,2
18716,2
18717,2
18718,2
18719,2
18720,2
18721,2
18722,2
18723,2
18724,2
18725,2
18726,1
18727,3
18728,2
18729,3
18730,3
18731,3
18732,2
18733,2
18734,3
18735,3
18736,2
18737,2
18738,1
18739,3
18740,2
18741,3
18742,3
18743,2
18744,3
18745,2
18746,2
18747,2
18748,0
18749,2
18750,2
18751,2
18752,2
18753,2
18754,2
18755,2
18756,2
18757,2
18758,2
18759,2
18760,2
18761,2
18762,2
18763,2
18764,2
18765,1
18766,2
18767,2
18768,2
18769,0
18770,2
18771,2
18772,2
18773,2
18774,0
18775,2
18776,2
18777,2
18778,2
18779,2
18780,2
18781,2
18782,2
18783,2
18784,2
18785,2
18786,2
18787,2
18788,2
18789,2
18790,2
18791,2
18792,2
18793,2
18794,2
18795,0
18796,2
18797,2
18798,2
18799,0
18800,2
18801,2
18802,3
18803,2
18804,2
18805,3
18806,3
18807,3
18808,3
18809,3
18810,3
18811,3
18812,3
18813,2
18814,2
18815,3
18816,3
18817,3
18818,3
18819,3
18820,4
18821,4
18822,2
18823,3
18824,2
18825,3
18826,3
18827,3
18828,2
18829,2
18830,0
18831,0
18832,3
18833,3
18834,3
18835,3
18836,2
18837,2
18838,3
18839,2
18840,0
18841,2
18842,2
18843,0
18844,2
18845,2
18846,3
18847,2
18848,3
18849,2
18850,2
18851,2
18852,2
18853,3
18854,2
18855,2
18856,2
18857,2
18858,2
18859,2
18860,2
18861,3
18862,2
18863,2
18864,3
18865,3
18866,1
18867,2
18868,2
18869,2
18870,2
18871,2
18872,2
18873,0
18874,2
18875,3
18876,2
18877,2
18878,3
18879,2
18880,0
18881,0
18882,0
18883,0
18884,0
18885,0
18886,3
18887,3
18888,3
18889,0
18890,0
18891,0
18892,2
18893,2
18894,2
18895,2
18896,2
18897,2
18898,2
18899,2
18900,2
18901,1
18902,1
18903,1
18904,0
18905,2
18906,0
18907,3
18908,3
18909,3
18910,3
18911,3
18912,2
18913,0
18914,0
18915,2
18916,2
18917,2
18918,2
18919,2
18920,2
18921,2
18922,2
18923,2
18924,2
18925,3
18926,2
18927,2
18928,2
18929,2
18930,3
18931,0
18932,0
18933,1
18934,2
18935,4
18936,3
18937,2
18938,2
18939,2
18940,2
18941,2
18942,0
18943,4
18944,2
18945,2
18946,2
18947,0
18948,3
18949,2
18950,3
18951,2
18952,3
18953,2
18954,2
18955,2
18956,2
18957,2
18958,2
18959,2
18960,2
18961,2
18962,0
18963,2
18964,2
18965,2
18966,2
18967,3
18968,2
18969,2
18970,2
18971,2
18972,2
18973,0
18974,2
18975,2
18976,2
18977,2
18978,2
18979,2
18980,2
18981,2
18982,2
18983,3
18984,2
18985,2
18986,2
18987,3
18988,2
18989,2
18990,2
18991,2
18992,2
18993,2
18994,2
18995,2
18996,2
18997,2
18998,2
18999,2
19000,2
19001,2
19002,2
19003,2
19004,3
19005,0
19006,2
19007,2
19008,2
19009,2
19010,2
19011,2
19012,2
19013,2
19014,2
19015,2
19016,2
19017,2
19018,2
19019,3
19020,2
19021,0
19022,2
19023,2
19024,2
19025,2
19026,2
19027,3
19028,2
19029,3
19030,0
19031,2
19032,2
19033,2
19034,2
19035,3
19036,2
19037,2
19038,2
19039,2
19040,2
19041,2
19042,0
19043,3
19044,2
19045,2
19046,2
19047,2
19048,2
19049,2
19050,2
19051,2
19052,2
19053,2
19054,2
19055,2
19056,2
19057,2
19058,2
19059,2
19060,2
19061,2
19062,2
19063,2
19064,0
19065,2
19066,2
19067,2
19068,2
19069,1
19070,2
19071,2
19072,2
19073,2
19074,2
19075,2
19076,2
19077,0
19078,2
19079,2
19080,2
19081,2
19082,2
19083,1
19084,3
19085,2
19086,3
19087,1
19088,2
19089,2
19090,2
19091,2
19092,2
19093,2
19094,2
19095,2
19096,3
19097,3
19098,2
19099,2
19100,2
19101,2
19102,2
19103,2
19104,2
19105,2
19106,2
19107,2
19108,2
19109,2
19110,2
19111,2
19112,2
19113,2
19114,2
19115,2
19116,2
19117,2
19118,2
19119,2
19120,1
19121,2
19122,2
19123,2
19124,2
19125,2
19126,2
19127,2
19128,2
19129,3
19130,2
19131,2
19132,2
19133,2
19134,2
19135,0
19136,2
19137,2
19138,2
19139,2
19140,2
19141,2
19142,2
19143,2
19144,3
19145,2
19146,2
19147,2
19148,3
19149,3
19150,2
19151,2
19152,2
19153,2
19154,2
19155,0
19156,2
19157,2
19158,2
19159,2
19160,2
19161,2
19162,3
19163,2
19164,2
19165,2
19166,2
19167,2
19168,3
19169,2
19170,2
19171,1
19172,2
19173,2
19174,2
19175,2
19176,2
19177,2
19178,2
19179,2
19180,2
19181,2
19182,2
19183,2
19184,2
19185,2
19186,2
19187,3
19188,2
19189,2
19190,1
19191,2
19192,3
19193,2
19194,2
19195,2
19196,3
19197,2
19198,3
19199,2
19200,2
19201,2
19202,2
19203,2
19204,2
19205,0
19206,2
19207,2
19208,2
19209,2
19210,2
19211,0
19212,0
19213,2
19214,2
19215,0
19216,2
19217,0
19218,0
19219,2
19220,2
19221,0
19222,2
19223,0
19224,2
19225,0
19226,2
19227,0
19228,2
19229,0
19230,2
19231,2
19232,2
19233,2
19234,3
19235,2
19236,2
19237,2
19238,2
19239,2
19240,3
19241,2
19242,2
19243,1
19244,2
19245,3
19246,1
19247,2
19248,2
19249,2
19250,2
19251,2
19252,2
19253,2
19254,2
19255,2
19256,3
19257,2
19258,2
19259,3
19260,2
19261,2
19262,2
19263,0
19264,2
19265,2
19266,1
19267,2
19268,2
19269,0
19270,2
19271,2
19272,0
19273,2
19274,2
19275,2
19276,0
19277,2
19278,0
19279,2
19280,2
19281,2
19282,2
19283,1
19284,2
19285,2
19286,2
19287,2
19288,3
19289,2
19290,2
19291,2
19292,2
19293,2
19294,1
19295,2
19296,2
19297,2
19298,2
19299,2
19300,3
19301,2
19302,1
19303,2
19304,2
19305,1
19306,2
19307,2
19308,2
19309,0
19310,3
19311,2
19312,3
19313,3
19314,2
19315,2
19316,2
19317,2
19318,2
19319,2
19320,0
19321,2
19322,2
19323,2
19324,2
19325,2
19326,2
19327,2
19328,2
19329,2
19330,2
19331,2
19332,2
19333,2
19334,2
19335,2
19336,2
19337,2
19338,2
19339,2
19340,3
19341,2
19342,2
19343,2
19344,2
19345,2
19346,2
19347,2
19348,2
19349,0
19350,2
19351,2
19352,2
19353,3
19354,0
19355,3
19356,2
19357,2
19358,3
19359,3
19360,3
19361,2
19362,3
19363,3
19364,3
19365,3
19366,2
19367,0
19368,2
19369,2
19370,3
19371,2
19372,2
19373,2
19374,2
19375,3
19376,2
19377,2
19378,2
19379,2
19380,2
19381,2
19382,2
19383,2
19384,3
19385,2
19386,3
19387,2
19388,2
19389,3
19390,2
19391,2
19392,2
19393,0
19394,2
19395,2
19396,2
19397,2
19398,3
19399,3
19400,0
19401,2
19402,2
19403,2
19404,3
19405,0
19406,3
19407,3
19408,2
19409,2
19410,2
19411,2
19412,2
19413,0
19414,2
19415,0
19416,2
19417,2
19418,2
19419,2
19420,2
19421,2
19422,2
19423,2
19424,2
19425,2
19426,2
19427,2
19428,2
19429,2
19430,3
19431,2
19432,2
19433,2
19434,2
19435,2
19436,2
19437,2
19438,2
19439,2
19440,2
19441,2
19442,2
19443,2
19444,2
19445,2
19446,2
19447,2
19448,2
19449,2
19450,1
19451,1
19452,2
19453,2
19454,2
19455,2
19456,2
19457,0
19458,3
19459,2
19460,2
19461,2
19462,4
19463,3
19464,3
19465,0
19466,2
19467,0
19468,2
19469,2
19470,2
19471,2
19472,2
19473,2
19474,2
19475,2
19476,2
19477,2
19478,2
19479,0
19480,2
19481,2
19482,3
19483,3
19484,2
19485,2
19486,2
19487,2
19488,2
19489,3
19490,2
19491,1
19492,2
19493,2
19494,2
19495,2
19496,0
19497,2
19498,2
19499,2
19500,2
19501,0
19502,2
19503,2
19504,2
19505,2
19506,2
19507,2
19508,2
19509,2
19510,2
19511,2
19512,0
19513,2
19514,2
19515,2
19516,3
19517,2
19518,1
19519,2
19520,2
19521,2
19522,2
19523,0
19524,0
19525,0
19526,2
19527,0
19528,3
19529,2
19530,2
19531,0
19532,2
19533,2
19534,2
19535,2
19536,2
19537,0
19538,0
19539,2
19540,0
19541,0
19542,1
19543,2
19544,2
19545,2
19546,2
19547,3
19548,1
19549,2
19550,2
19551,2
19552,2
19553,3
19554,0
19555,0
19556,0
19557,0
19558,0
19559,0
19560,0
19561,0
19562,3
19563,1
19564,1
19565,1
19566,3
19567,3
19568,2
19569,3
19570,2
19571,3
19572,3
19573,2
19574,3
19575,2
19576,3
19577,2
19578,3
19579,3
19580,0
19581,0
19582,0
19583,3
19584,2
19585,2
19586,3
19587,3
19588,0
19589,3
19590,3
19591,1
19592,3
19593,2
19594,2
19595,3
19596,3
19597,3
19598,0
19599,2
19600,1
19601,1
19602,1
19603,3
19604,2
19605,2
19606,3
19607,3
19608,3
19609,2
19610,2
19611,2
19612,2
19613,2
19614,3
19615,2
19616,2
19617,2
19618,2
19619,2
19620,2
19621,2
19622,2
19623,2
19624,2
19625,3
19626,2
19627,2
19628,2
19629,2
19630,3
19631,3
19632,3
19633,3
19634,0
19635,3
19636,2
19637,3
19638,3
19639,2
19640,3
19641,0
19642,0
19643,0
19644,2
19645,2
19646,2
19647,3
19648,2
19649,3
19650,3
19651,3
19652,2
19653,2
19654,3
19655,3
19656,2
19657,3
19658,3
19659,2
19660,2
19661,2
19662,2
19663,2
19664,3
19665,2
19666,3
19667,2
19668,2
19669,0
19670,3
19671,2
19672,2
19673,3
19674,2
19675,2
19676,2
19677,3
19678,3
19679,2
19680,2
19681,2
19682,2
19683,2
19684,2
19685,3
19686,2
19687,2
19688,2
19689,3
19690,2
19691,2
19692,2
19693,3
19694,2
19695,2
19696,2
19697,2
19698,2
19699,2
19700,2
19701,2
19702,2
19703,2
19704,2
19705,2
19706,2
19707,2
19708,2
19709,2
19710,2
19711,2
19712,2
19713,2
19714,3
19715,3
19716,2
19717,1
19718,2
19719,2
19720,2
19721,1
19722,3
19723,2
19724,3
19725,3
19726,3
19727,3
19728,3
19729,2
19730,2
19731,2
19732,2
19733,2
19734,3
19735,3
19736,3
19737,1
19738,3
19739,3
19740,3
19741,3
19742,3
19743,3
19744,3
19745,2
19746,3
19747,3
19748,3
19749,3
19750,3
19751,2
19752,0
19753,1
19754,2
19755,3
19756,2
19757,2
19758,2
19759,3
19760,2
19761,2
19762,2
19763,0
19764,2
19765,3
19766,3
19767,3
19768,3
19769,3
19770,2
19771,3
19772,2
19773,2
19774,2
19775,2
19776,0
19777,0
19778,0
19779,3
19780,0
19781,0
19782,0
19783,2
19784,1
19785,1
19786,1
19787,3
19788,2
19789,2
19790,1
19791,2
19792,2
19793,0
19794,3
19795,3
19796,2
19797,3
19798,2
19799,2
19800,2
19801,2
19802,2
19803,2
19804,2
19805,2
19806,0
19807,2
19808,2
19809,2
19810,3
19811,3
19812,3
19813,0
19814,2
19815,3
19816,2
19817,3
19818,2
19819,2
19820,2
19821,3
19822,3
19823,3
19824,3
19825,1
19826,2
19827,2
19828,3
19829,3
19830,2
19831,3
19832,2
19833,3
19834,2
19835,0
19836,0
19837,0
19838,0
19839,0
19840,0
19841,2
19842,3
19843,2
19844,3
19845,1
19846,3
19847,2
19848,2
19849,3
19850,2
19851,2
19852,1
19853,2
19854,3
19855,2
19856,2
19857,2
19858,3
19859,3
19860,3
19861,1
19862,1
19863,1
19864,3
19865,2
19866,3
19867,3
19868,3
19869,2
19870,3
19871,3
19872,2
19873,2
19874,3
19875,2
19876,1
19877,1
19878,1
19879,3
19880,2
19881,2
19882,3
19883,0
19884,0
19885,3
19886,3
19887,4
19888,3
19889,3
19890,3
19891,3
19892,2
19893,2
19894,2
19895,2
19896,0
19897,2
19898,0
19899,2
19900,2
19901,2
19902,2
19903,2
19904,0
19905,2
19906,0
19907,0
19908,2
19909,2
19910,2
19911,2
19912,3
19913,2
19914,2
19915,2
19916,2
19917,2
19918,2
19919,2
19920,2
19921,2
19922,2
19923,2
19924,0
19925,0
19926,3
19927,3
19928,3
19929,0
19930,2
19931,3
19932,0
19933,0
19934,2
19935,2
19936,3
19937,2
19938,2
19939,3
19940,3
19941,2
19942,2
19943,2
19944,1
19945,1
19946,1
19947,1
19948,3
19949,3
19950,3
19951,0
19952,3
19953,0
19954,2
19955,3
19956,1
19957,1
19958,3
19959,1
19960,3
19961,3
19962,3
19963,2
19964,2
19965,3
19966,2
19967,2
19968,2
19969,2
19970,2
19971,4
19972,2
19973,2
19974,2
19975,2
19976,1
19977,2
19978,2
19979,2
19980,2
19981,1
19982,2
19983,2
19984,3
19985,2
19986,1
19987,2
19988,1
19989,2
19990,2
19991,2
19992,1
19993,2
19994,1
19995,2
19996,2
19997,2
19998,2
19999,2
20000,2
20001,2
20002,2
20003,2
20004,1
20005,2
20006,2
20007,2
20008,2
20009,2
20010,3
20011,3
20012,2
20013,3
20014,2
20015,2
20016,2
20017,2
20018,2
20019,2
20020,2
20021,2
20022,2
20023,2
20024,2
20025,2
20026,2
20027,2
20028,2
20029,2
20030,2
20031,2
20032,2
20033,2
20034,2
20035,2
20036,1
20037,2
20038,2
20039,2
20040,2
20041,2
20042,2
20043,2
20044,1
20045,2
20046,2
20047,2
20048,2
20049,3
20050,3
20051,2
20052,2
20053,2
20054,2
20055,2
20056,2
20057,2
20058,2
20059,1
20060,3
20061,2
20062,1
20063,2
20064,2
20065,2
20066,3
20067,2
20068,3
20069,2
20070,2
20071,1
20072,2
20073,1
20074,2
20075,2
20076,2
20077,2
20078,2
20079,2
20080,3
20081,2
20082,3
20083,2
20084,2
20085,1
20086,3
20087,2
20088,1
20089,2
20090,1
20091,2
20092,2
20093,2
20094,2
20095,2
20096,1
20097,2
20098,2
20099,2
20100,2
20101,2
20102,2
20103,2
20104,2
20105,3
20106,2
20107,2
20108,2
20109,2
20110,2
20111,2
20112,2
20113,2
20114,2
20115,2
20116,2
20117,2
20118,2
20119,2
20120,3
20121,2
20122,2
20123,2
20124,1
20125,2
20126,2
20127,1
20128,2
20129,1
20130,2
20131,2
20132,3
20133,1
20134,2
20135,1
20136,2
20137,2
20138,2
20139,2
20140,2
20141,2
20142,2
20143,2
20144,3
20145,3
20146,2
20147,3
20148,2
20149,3
20150,2
20151,2
20152,2
20153,2
20154,2
20155,3
20156,2
20157,3
20158,2
20159,2
20160,2
20161,2
20162,2
20163,2
20164,2
20165,2
20166,2
20167,2
20168,0
20169,2
20170,2
20171,1
20172,2
20173,2
20174,2
20175,2
20176,2
20177,2
20178,2
20179,2
20180,2
20181,2
20182,2
20183,2
20184,2
20185,2
20186,2
20187,2
20188,2
20189,2
20190,2
20191,2
20192,2
20193,2
20194,2
20195,2
20196,2
20197,2
20198,2
20199,2
20200,2
20201,2
20202,2
20203,2
20204,2
20205,2
20206,2
20207,2
20208,2
20209,2
20210,3
20211,2
20212,2
20213,2
20214,1
20215,2
20216,2
20217,1
20218,2
20219,2
20220,2
20221,2
20222,2
20223,2
20224,2
20225,2
20226,2
20227,1
20228,1
20229,2
20230,2
20231,3
20232,2
20233,2
20234,2
20235,1
20236,1
20237,2
20238,2
20239,2
20240,2
20241,2
20242,2
20243,2
20244,2
20245,2
20246,2
20247,2
20248,2
20249,2
20250,2
20251,2
20252,2
20253,2
20254,2
20255,3
20256,3
20257,1
20258,1
20259,2
20260,2
20261,2
20262,2
20263,2
20264,2
20265,2
20266,2
20267,3
20268,2
20269,2
20270,2
20271,2
20272,3
20273,3
20274,2
20275,2
20276,2
20277,2
20278,2
20279,2
20280,2
20281,2
20282,2
20283,2
20284,2
20285,2
20286,2
20287,2
20288,2
20289,2
20290,2
20291,2
20292,2
20293,2
20294,2
20295,2
20296,3
20297,2
20298,2
20299,2
20300,3
20301,2
20302,2
20303,2
20304,2
20305,2
20306,2
20307,1
20308,2
20309,2
20310,1
20311,2
20312,2
20313,2
20314,2
20315,2
20316,2
20317,2
20318,2
20319,2
20320,1
20321,2
20322,3
20323,3
20324,2
20325,2
20326,2
20327,2
20328,2
20329,1
20330,2
20331,2
20332,1
20333,2
20334,2
20335,1
20336,1
20337,2
20338,1
20339,2
20340,2
20341,2
20342,1
20343,2
20344,1
20345,2
20346,2
20347,2
20348,2
20349,2
20350,2
20351,2
20352,2
20353,2
20354,2
20355,2
20356,2
20357,2
20358,2
20359,2
20360,2
20361,2
20362,2
20363,2
20364,2
20365,2
20366,2
20367,2
20368,2
20369,2
20370,2
20371,2
20372,2
20373,2
20374,2
20375,2
20376,1
20377,2
20378,2
20379,2
20380,2
20381,2
20382,2
20383,2
20384,2
20385,2
20386,2
20387,2
20388,2
20389,2
20390,2
20391,1
20392,1
20393,2
20394,2
20395,2
20396,2
20397,2
20398,2
20399,2
20400,2
20401,3
20402,2
20403,2
20404,2
20405,2
20406,2
20407,2
20408,2
20409,3
20410,2
20411,2
20412,2
20413,2
20414,2
20415,2
20416,2
20417,2
20418,2
20419,2
20420,2
20421,2
20422,2
20423,1
20424,3
20425,1
20426,2
20427,1
20428,2
20429,2
20430,2
20431,2
20432,2
20433,2
20434,2
20435,2
20436,2
20437,2
20438,2
20439,2
20440,2
20441,2
20442,2
20443,2
20444,2
20445,2
20446,2
20447,2
20448,2
20449,2
20450,2
20451,2
20452,2
20453,2
20454,2
20455,1
20456,2
20457,2
20458,2
20459,2
20460,1
20461,2
20462,2
20463,2
20464,2
20465,2
20466,2
20467,2
20468,1
20469,1
20470,2
20471,2
20472,2
20473,2
20474,1
20475,1
20476,1
20477,2
20478,1
20479,2
20480,2
20481,2
20482,1
20483,2
20484,2
20485,2
20486,2
20487,2
20488,3
20489,1
20490,2
20491,1
20492,1
20493,0
20494,0
20495,0
20496,0
20497,0
20498,0
20499,0
20500,0
20501,0
20502,0
20503,0
20504,0
20505,0
20506,0
20507,0
20508,0
20509,0
20510,0
20511,0
20512,0
20513,0
20514,0
20515,0
20516,0
20517,0
20518,0
20519,0
20520,0
20521,0
20522,0
20523,0
20524,0
20525,0
20526,0
20527,0
20528,0
20529,0
20530,3
20531,3
20532,0
20533,3
20534,0
20535,3
20536,3
20537,0
20538,0
20539,3
20540,0
20541,3
20542,3
20543,3
20544,2
20545,3
20546,3
20547,3
20548,3
20549,3
20550,3
20551,3
20552,2
20553,0
20554,3
20555,3
20556,3
20557,3
20558,3
20559,0
20560,0
20561,3
20562,3
20563,0
20564,0
20565,0
20566,3
20567,2
20568,3
20569,0
20570,3
20571,2
20572,1
20573,0
20574,3
20575,0
20576,3
20577,3
20578,0
20579,0
20580,0
20581,0
20582,0
20583,0
20584,0
20585,2
20586,0
20587,0
20588,0
20589,0
20590,0
20591,2
20592,0
20593,1
20594,0
20595,3
20596,2
20597,0
20598,2
20599,2
20600,2
20601,0
20602,0
20603,3
20604,0
20605,0
20606,3
20607,3
20608,3
20609,0
20610,0
20611,1
20612,0
20613,3
20614,3
20615,3
20616,2
20617,3
20618,3
20619,3
20620,3
20621,3
20622,3
20623,0
20624,2
20625,3
20626,1
20627,3
20628,2
20629,3
20630,3
20631,3
20632,3
20633,0
20634,0
20635,0
20636,0
20637,0
20638,0
20639,0
20640,0
20641,0
20642,0
20643,0
20644,0
20645,0
20646,0
20647,3
20648,0
20649,3
20650,3
20651,0
20652,3
20653,3
20654,3
20655,3
20656,3
20657,3
20658,3
20659,3
20660,3
20661,3
20662,3
20663,2
20664,2
20665,2
20666,2
20667,0
20668,0
20669,0
20670,0
20671,0
20672,0
20673,0
20674,0
20675,0
20676,0
20677,0
20678,0
20679,0
20680,0
20681,0
20682,0
20683,0
20684,0
20685,0
20686,0
20687,0
20688,3
20689,0
20690,0
20691,0
20692,3
20693,0
20694,0
20695,0
20696,0
20697,0
20698,1
20699,1
20700,1
20701,3
20702,0
20703,2
20704,0
20705,2
20706,2
20707,3
20708,0
20709,3
20710,3
20711,3
20712,2
20713,0
20714,3
20715,2
20716,0
20717,0
20718,0
20719,0
20720,0
20721,0
20722,2
20723,2
20724,2
20725,2
20726,3
20727,0
20728,3
20729,3
20730,3
20731,3
20732,1
20733,1
20734,0
20735,0
20736,2
20737,3
20738,0
20739,2
20740,2
20741,2
20742,2
20743,2
20744,4
20745,2
20746,2
20747,2
20748,2
20749,2
20750,2
20751,2
20752,2
20753,2
20754,2
20755,3
20756,2
20757,2
20758,0
20759,0
20760,3
20761,2
20762,2
20763,2
20764,2
20765,2
20766,2
20767,2
20768,2
20769,2
20770,2
20771,2
20772,3
20773,2
20774,3
20775,2
20776,2
20777,3
20778,0
20779,0
20780,2
20781,2
20782,2
20783,0
20784,2
20785,2
20786,2
20787,0
20788,3
20789,2
20790,2
20791,0
20792,3
20793,2
20794,2
20795,2
20796,3
20797,3
20798,2
20799,2
20800,2
20801,2
20802,2
20803,0
20804,3
20805,3
20806,3
20807,2
20808,3
20809,3
20810,2
20811,2
20812,2
20813,2
20814,2
20815,1
20816,0
20817,0
20818,0
20819,0
20820,3
20821,3
20822,2
20823,0
20824,0
20825,3
20826,3
20827,3
20828,2
20829,0
20830,0
20831,3
20832,0
20833,0
20834,0
20835,0
20836,0
20837,2
20838,2
20839,0
20840,3
20841,0
20842,0
20843,0
20844,0
20845,0
20846,0
20847,0
20848,0
20849,0
20850,1
20851,0
20852,3
20853,0
20854,0
20855,0
20856,0
20857,0
20858,0
20859,0
20860,0
20861,0
20862,3
20863,0
20864,2
20865,0
20866,3
20867,0
20868,3
20869,0
20870,0
20871,0
20872,0
20873,0
20874,0
20875,1
20876,3
20877,0
20878,0
20879,0
20880,3
20881,3
20882,3
20883,3
20884,1
20885,2
20886,0
20887,2
20888,1
20889,2
20890,0
20891,0
20892,1
20893,0
20894,4
20895,1
20896,3
20897,4
20898,2
20899,2
20900,2
20901,2
20902,3
20903,1
20904,2
20905,4
20906,2
20907,1
20908,1
20909,1
20910,1
20911,2
20912,1
20913,2
20914,1
20915,3
20916,4
20917,1
20918,1
20919,1
20920,4
20921,1
20922,1
20923,1
20924,4
20925,2
20926,1
20927,1
20928,1
20929,4
20930,1
20931,1
20932,4
20933,4
20934,2
20935,2
20936,4
20937,4
20938,1
20939,1
20940,1
20941,2
20942,1
20943,1
20944,4
20945,2
20946,1
20947,1
20948,1
20949,1
20950,4
20951,1
20952,4
20953,0
20954,1
20955,4
20956,2
20957,1
20958,4
20959,1
20960,1
20961,1
20962,1
20963,2
20964,1
20965,1
20966,4
20967,4
20968,4
20969,4
20970,4
20971,1
20972,1
20973,1
20974,4
20975,4
20976,4
20977,1
20978,1
20979,0
20980,4
20981,4
20982,1
20983,4
20984,4
20985,1
20986,1
20987,1
20988,1
20989,1
20990,2
20991,1
20992,1
20993,4
20994,4
20995,1
20996,4
20997,4
20998,1
20999,4
21000,4
21001,4
21002,4
21003,1
21004,1
21005,4
21006,1
21007,1
21008,1
21009,1
21010,1
21011,1
21012,1
21013,1
21014,4
21015,1
21016,1
21017,4
21018,1
21019,1
21020,2
21021,4
21022,1
21023,1
21024,4
21025,1
21026,1
21027,1
21028,1
21029,1
21030,0
21031,3
21032,1
21033,1
21034,1
21035,2
21036,4
21037,1
21038,1
21039,1
21040,1
21041,1
21042,1
21043,4
21044,2
21045,3
21046,1
21047,3
21048,1
21049,2
21050,1
21051,1
21052,4
21053,4
21054,1
21055,4
21056,4
21057,4
21058,1
21059,1
21060,1
21061,4
21062,1
21063,2
21064,1
21065,1
21066,1
21067,2
21068,2
21069,2
21070,1
21071,2
21072,2
21073,1
21074,1
21075,2
21076,1
21077,4
21078,4
21079,1
21080,1
21081,3
21082,1
21083,2
21084,1
21085,4
21086,4
21087,3
21088,1
21089,1
21090,4
21091,1
21092,3
21093,1
21094,4
21095,1
21096,1
21097,1
21098,1
21099,1
21100,3
21101,3
21102,2
21103,1
21104,1
21105,4
21106,1
21107,2
21108,4
21109,1
21110,4
21111,1
21112,1
21113,1
21114,1
21115,4
21116,1
21117,1
21118,1
21119,1
21120,1
21121,4
21122,1
21123,4
21124,1
21125,0
21126,0
21127,1
21128,1
21129,1
21130,2
21131,1
21132,2
21133,2
21134,1
21135,3
21136,1
21137,1
21138,4
21139,1
21140,4
21141,1
21142,2
21143,2
21144,1
21145,1
21146,1
21147,1
21148,1
21149,1
21150,2
21151,1
21152,1
21153,1
21154,4
21155,1
21156,4
21157,1
21158,4
21159,4
21160,2
21161,1
21162,1
21163,1
21164,1
21165,4
21166,1
21167,1
21168,0
21169,4
21170,1
21171,3
21172,1
21173,1
21174,4
21175,1
21176,1
21177,4
21178,4
21179,3
21180,4
21181,4
21182,3
21183,1
21184,1
21185,1
21186,1
21187,4
21188,1
21189,1
21190,1
21191,1
21192,1
21193,4
21194,1
21195,1
21196,1
21197,1
21198,4
21199,1
21200,4
21201,1
21202,4
21203,0
21204,1
21205,3
21206,4
21207,4
21208,3
21209,2
21210,2
21211,1
21212,4
21213,1
21214,1
21215,1
21216,4
21217,2
21218,2
21219,4
21220,1
21221,1
21222,4
21223,1
21224,4
21225,4
21226,2
21227,1
21228,1
21229,4
21230,4
21231,4
21232,1
21233,4
21234,4
21235,4
21236,1
21237,2
21238,2
21239,2
21240,4
21241,1
21242,1
21243,2
21244,1
21245,4
21246,1
21247,1
21248,4
21249,4
21250,1
21251,1
21252,1
21253,2
21254,1
21255,1
21256,1
21257,1
21258,4
21259,0
21260,0
21261,1
21262,1
21263,4
21264,3
21265,3
21266,1
21267,1
21268,4
21269,1
21270,1
21271,4
21272,4
21273,4
21274,4
21275,4
21276,4
21277,4
21278,2
21279,4
21280,4
21281,1
21282,4
21283,4
21284,3
21285,4
21286,4
21287,4
21288,4
21289,1
21290,1
21291,4
21292,4
21293,1
21294,1
21295,4
21296,4
21297,4
21298,2
21299,1
21300,4
21301,1
21302,4
21303,4
21304,4
21305,4
21306,4
21307,4
21308,4
21309,4
21310,4
21311,4
21312,4
21313,4
21314,4
21315,1
21316,4
21317,4
21318,4
21319,4
21320,4
21321,4
21322,4
21323,4
21324,2
21325,1
21326,1
21327,1
21328,1
21329,1
21330,4
21331,4
21332,1
21333,4
21334,4
21335,2
21336,4
21337,4
21338,0
21339,4
21340,4
21341,4
21342,4
21343,2
21344,2
21345,4
21346,4
21347,4
21348,1
21349,4
21350,4
21351,4
21352,4
21353,4
21354,4
21355,4
21356,4
21357,4
21358,4
21359,4
21360,1
21361,2
21362,4
21363,4
21364,2
21365,4
21366,4
21367,1
21368,0
21369,2
21370,4
21371,1
21372,4
21373,1
21374,4
21375,2
21376,4
21377,3
21378,4
21379,2
21380,4
21381,1
21382,2
21383,2
21384,4
21385,4
21386,4
21387,4
21388,4
21389,4
21390,2
21391,4
21392,4
21393,4
21394,4
21395,4
21396,0
21397,4
21398,1
21399,1
21400,4
21401,1
21402,4
21403,4
21404,4
21405,4
21406,4
21407,4
21408,4
21409,4
21410,4
21411,4
21412,2
21413,2
21414,2
21415,4
21416,4
21417,0
21418,4
21419,4
21420,4
21421,1
21422,4
21423,4
21424,0
21425,2
21426,4
21427,4
21428,4
21429,4
21430,4
21431,1
21432,4
21433,4
21434,4
21435,1
21436,4
21437,4
21438,4
21439,4
21440,4
21441,4
21442,4
21443,1
21444,4
21445,2
21446,1
21447,0
21448,1
21449,1
21450,4
21451,4
21452,2
21453,1
21454,2
21455,4
21456,2
21457,4
21458,1
21459,1
21460,4
21461,4
21462,4
21463,1
21464,0
21465,0
21466,2
21467,0
21468,3
21469,4
21470,3
21471,3
21472,4
21473,4
21474,1
21475,0
21476,0
21477,2
21478,1
21479,4
21480,1
21481,1
21482,1
21483,1
21484,1
21485,4
21486,3
21487,4
21488,1
21489,4
21490,1
21491,4
21492,2
21493,0
21494,0
21495,1
21496,0
21497,3
21498,0
21499,1
21500,1
21501,1
21502,4
21503,4
21504,1
21505,2
21506,1
21507,4
21508,4
21509,4
21510,2
21511,1
21512,4
21513,4
21514,4
21515,4
21516,1
21517,4
21518,2
21519,4
21520,4
21521,4
21522,4
21523,1
21524,1
21525,1
21526,1
21527,1
21528,4
21529,4
21530,1
21531,1
21532,4
21533,4
21534,4
21535,1
21536,1
21537,4
21538,1
21539,4
21540,4
21541,4
21542,4
21543,4
21544,1
21545,1
21546,4
21547,4
21548,4
21549,4
21550,1
21551,4
21552,4
21553,4
21554,4
21555,1
21556,4
21557,4
21558,4
21559,1
21560,4
21561,4
21562,4
21563,4
21564,1
21565,1
21566,0
21567,1
21568,0
21569,0
21570,2
21571,0
21572,0
21573,0
21574,0
21575,2
21576,3
21577,2
21578,3
21579,1
21580,2
21581,2
21582,1
21583,1
21584,1
21585,4
21586,0
21587,0
21588,0
21589,0
21590,0
21591,4
21592,2
21593,2
21594,3
21595,4
21596,3
21597,2
21598,4
21599,2
21600,0
21601,0
21602,4
21603,1
21604,0
21605,0
21606,0
21607,1
21608,1
21609,3
21610,3
21611,4
21612,2
21613,3
21614,0
21615,3
21616,0
21617,1
21618,1
21619,1
21620,0
21621,4
21622,4
21623,4
21624,1
21625,1
21626,1
21627,0
21628,1
21629,0
21630,1
21631,2
21632,1
21633,1
21634,4
21635,1
21636,0
21637,1
21638,0
21639,1
21640,2
21641,4
21642,1
21643,1
21644,1
21645,1
21646,1
21647,1
21648,0
21649,1
21650,1
21651,1
21652,1
21653,0
21654,1
21655,1
21656,0
21657,1
21658,0
21659,1
21660,4
21661,2
21662,2
21663,3
21664,2
21665,3
21666,1
21667,2
21668,0
21669,0
21670,1
21671,0
21672,4
21673,1
21674,1
21675,1
21676,2
21677,4
21678,1
21679,4
21680,1
21681,2
21682,0
21683,2
21684,4
21685,4
21686,4
21687,1
21688,4
21689,1
21690,4
21691,4
21692,1
21693,4
21694,1
21695,1
21696,4
21697,4
21698,1
21699,2
21700,4
21701,4
21702,1
21703,1
21704,4
21705,4
21706,1
21707,4
21708,4
21709,4
21710,4
21711,4
21712,1
21713,4
21714,1
21715,4
21716,1
21717,4
21718,1
21719,1
21720,2
21721,4
21722,4
21723,1
21724,1
21725,1
21726,4
21727,4
21728,1
21729,1
21730,1
21731,1
21732,0
21733,4
21734,4
21735,4
21736,4
21737,4
21738,4
21739,4
21740,4
21741,4
21742,4
21743,4
21744,4
21745,4
21746,4
21747,3
21748,4
21749,4
21750,4
21751,4
21752,1
21753,1
21754,4
21755,3
21756,4
21757,4
21758,4
21759,3
21760,0
21761,1
21762,4
21763,4
21764,4
21765,0
21766,0
21767,4
21768,4
21769,4
21770,4
21771,4
21772,4
21773,1
21774,4
21775,4
21776,4
21777,1
21778,4
21779,4
21780,4
21781,4
21782,4
21783,4
21784,4
21785,4
21786,4
21787,1
21788,1
21789,4
21790,0
21791,4
21792,4
21793,1
21794,1
21795,4
21796,4
21797,1
21798,1
21799,4
21800,0
21801,1
21802,4
21803,4
21804,4
21805,4
21806,1
21807,4
21808,4
21809,4
21810,4
21811,4
21812,4
21813,1
21814,0
21815,0
21816,0
21817,0
21818,4
21819,4
21820,4
21821,4
21822,4
21823,4
21824,4
21825,4
21826,1
21827,4
21828,4
21829,4
21830,1
21831,3
21832,4
21833,0
21834,4
21835,4
21836,2
21837,1
21838,4
21839,3
21840,1
21841,1
21842,4
21843,1
21844,0
21845,1
21846,4
21847,4
21848,4
21849,4
21850,2
21851,4
21852,0
21853,0
21854,4
21855,4
21856,1
21857,1
21858,4
21859,4
21860,4
21861,4
21862,3
21863,4
21864,2
21865,2
21866,4
21867,2
21868,1
21869,1
21870,4
21871,4
21872,0
21873,4
21874,4
21875,4
21876,3
21877,4
21878,4
21879,4
21880,3
21881,1
21882,4
21883,1
21884,4
21885,4
21886,4
21887,1
21888,4
21889,4
21890,4
21891,3
21892,4
21893,4
21894,1
21895,1
21896,4
21897,4
21898,4
21899,4
21900,3
21901,4
21902,3
21903,4
21904,2
21905,4
21906,4
21907,1
21908,4
21909,4
21910,4
21911,4
21912,4
21913,3
21914,4
21915,4
21916,3
21917,1
21918,2
21919,1
21920,0
21921,0
21922,1
21923,0
21924,4
21925,3
21926,4
21927,1
21928,1
21929,4
21930,1
21931,1
21932,4
21933,1
21934,2
21935,3
21936,4
21937,4
21938,2
21939,2
21940,1
21941,4
21942,4
21943,4
21944,4
21945,3
21946,3
21947,4
21948,1
21949,4
21950,4
21951,4
21952,4
21953,4
21954,4
21955,4
21956,2
21957,4
21958,1
21959,4
21960,4
21961,4
21962,4
21963,4
21964,1
21965,4
21966,1
21967,4
21968,1
21969,4
21970,1
21971,4
21972,1
21973,1
21974,2
21975,4
21976,4
21977,1
21978,1
21979,1
21980,4
21981,3
21982,4
21983,4
21984,1
21985,4
21986,4
21987,4
21988,4
21989,4
21990,3
21991,4
21992,4
21993,4
21994,4
21995,3
21996,4
21997,4
21998,4
21999,1
22000,4
22001,4
22002,4
22003,3
22004,0
22005,1
22006,1
22007,0
22008,1
22009,4
22010,2
22011,4
22012,1
22013,1
22014,2
22015,1
22016,1
22017,1
22018,1
22019,0
22020,0
22021,1
22022,1
22023,2
22024,1
22025,1
22026,4
22027,1
22028,1
22029,4
22030,1
22031,2
22032,2
22033,2
22034,1
22035,1
22036,1
22037,1
22038,1
22039,1
22040,4
22041,1
22042,4
22043,0
22044,1
22045,2
22046,4
22047,4
22048,4
22049,4
22050,2
22051,1
22052,1
22053,3
22054,1
22055,4
22056,4
22057,4
22058,1
22059,3
22060,4
22061,4
22062,4
22063,2
22064,2
22065,4
22066,4
22067,1
22068,1
22069,1
22070,4
22071,1
22072,4
22073,4
22074,1
22075,4
22076,4
22077,4
22078,4
22079,1
22080,4
22081,4
22082,4
22083,1
22084,4
22085,0
22086,1
22087,4
22088,4
22089,4
22090,1
22091,1
22092,4
22093,4
22094,4
22095,4
22096,4
22097,0
22098,1
22099,0
22100,1
22101,0
22102,4
22103,1
22104,4
22105,4
22106,4
22107,4
22108,4
22109,1
22110,4
22111,4
22112,4
22113,1
22114,4
22115,4
22116,4
22117,4
22118,2
22119,4
22120,4
22121,0
22122,1
22123,0
22124,4
22125,1
22126,4
22127,4
22128,4
22129,4
22130,4
22131,4
22132,1
22133,4
22134,4
22135,4
22136,4
22137,0
22138,4
22139,4
22140,4
22141,4
22142,4
22143,4
22144,4
22145,1
22146,4
22147,4
22148,4
22149,4
22150,1
22151,4
22152,2
22153,0
22154,2
22155,0
22156,1
22157,1
22158,1
22159,4
22160,1
22161,4
22162,4
22163,4
22164,0
22165,1
22166,4
22167,0
22168,0
22169,4
22170,4
22171,4
22172,4
22173,4
22174,4
22175,1
22176,4
22177,4
22178,1
22179,4
22180,1
22181,1
22182,4
22183,4
22184,4
22185,1
22186,4
22187,4
22188,4
22189,4
22190,1
22191,1
22192,4
22193,1
22194,1
22195,4
22196,0
22197,2
22198,1
22199,4
22200,4
22201,0
22202,0
22203,4
22204,1
22205,0
22206,2
22207,1
22208,1
22209,0
22210,1
22211,1
22212,1
22213,0
22214,1
22215,1
22216,1
22217,2
22218,2
22219,4
22220,1
22221,1
22222,2
22223,0
22224,1
22225,4
22226,2
22227,2
22228,1
22229,0
22230,0
22231,0
22232,1
22233,1
22234,1
22235,2
22236,2
22237,1
22238,2
22239,1
22240,1
22241,0
22242,1
22243,2
22244,2
22245,1
22246,2
22247,1
22248,1
22249,3
22250,2
22251,1
22252,2
22253,1
22254,1
22255,1
22256,1
22257,1
22258,0
22259,2
22260,4
22261,3
22262,2
22263,1
22264,4
22265,4
22266,4
22267,1
22268,1
22269,1
22270,1
22271,0
22272,1
22273,1
22274,1
22275,1
22276,1
22277,2
22278,1
22279,1
22280,1
22281,1
22282,1
22283,1
22284,2
22285,1
22286,1
22287,0
22288,4
22289,1
22290,1
22291,1
22292,0
22293,1
22294,2
22295,2
22296,1
22297,0
22298,0
22299,2
22300,0
22301,0
22302,1
22303,2
22304,0
22305,0
22306,1
22307,0
22308,1
22309,1
22310,2
22311,0
22312,1
22313,1
22314,1
22315,2
22316,1
22317,1
22318,0
22319,1
22320,1
22321,1
22322,1
22323,0
22324,0
22325,0
22326,2
22327,3
22328,1
22329,1
22330,4
22331,4
22332,4
22333,4
22334,2
22335,1
22336,1
22337,1
22338,4
22339,4
22340,1
22341,0
22342,4
22343,3
22344,4
22345,1
22346,1
22347,2
22348,1
22349,1
22350,2
22351,1
22352,2
22353,1
22354,2
22355,2
22356,2
22357,2
22358,3
22359,0
22360,2
22361,1
22362,0
22363,1
22364,2
22365,2
22366,2
22367,3
22368,1
22369,3
22370,3
22371,2
22372,1
22373,1
22374,4
22375,1
22376,4
22377,4
22378,4
22379,1
22380,4
22381,1
22382,1
22383,4
22384,1
22385,4
22386,1
22387,1
22388,0
22389,1
22390,1
22391,1
22392,4
22393,4
22394,1
22395,1
22396,1
22397,1
22398,1
22399,1
22400,1
22401,1
22402,1
22403,1
22404,1
22405,1
22406,1
22407,2
22408,2
22409,1
22410,1
22411,1
22412,1
22413,1
22414,2
22415,1
22416,1
22417,1
22418,1
22419,2
22420,1
22421,4
22422,0
22423,2
22424,1
22425,3
22426,1
22427,3
22428,0
22429,1
22430,4
22431,0
22432,4
22433,4
22434,4
22435,1
22436,1
22437,1
22438,1
22439,2
22440,4
22441,2
22442,0
22443,4
22444,1
22445,4
22446,1
22447,3
22448,2
22449,1
22450,4
22451,1
22452,4
22453,1
22454,2
22455,2
22456,2
22457,4
22458,2
22459,1
22460,1
22461,2
22462,0
22463,3
22464,4
22465,0
22466,0
22467,0
22468,0
22469,0
22470,0
22471,1
22472,1
22473,1
22474,1
22475,1
22476,0
22477,1
22478,1
22479,1
22480,1
22481,4
22482,4
22483,3
22484,0
22485,4
22486,1
22487,0
22488,1
22489,3
22490,1
22491,2
22492,0
22493,0
22494,0
22495,3
22496,3
22497,2
22498,3
22499,3
22500,3
22501,3
22502,3
22503,1
22504,3
22505,3
22506,0
22507,3
22508,2
22509,0
22510,0
22511,3
22512,3
22513,2
22514,1
22515,3
22516,1
22517,0
22518,3
22519,2
22520,0
22521,3
22522,3
22523,3
22524,1
22525,3
22526,3
22527,1
22528,3
22529,3
22530,3
22531,3
22532,3
22533,3
22534,0
22535,0
22536,3
22537,0
22538,0
22539,0
22540,1
22541,2
22542,2
22543,0
22544,3
22545,0
22546,0
22547,0
22548,2
22549,3
22550,2
22551,2
22552,2
22553,2
22554,2
22555,2
22556,2
22557,2
22558,2
22559,2
22560,3
22561,3
22562,3
22563,3
22564,2
22565,3
22566,3
22567,0
22568,1
22569,1
22570,2
22571,1
22572,0
22573,1
22574,2
22575,1
22576,2
22577,1
22578,2
22579,2
22580,2
22581,2
22582,2
22583,3
22584,3
22585,3
22586,3
22587,3
22588,2
22589,2
22590,1
22591,1
22592,3
22593,3
22594,3
22595,3
22596,3
22597,2
22598,2
22599,1
22600,1
22601,1
22602,2
22603,3
22604,3
22605,1
22606,1
22607,3
22608,2
22609,0
22610,3
22611,3
22612,2
22613,2
22614,2
22615,3
22616,2
22617,2
22618,3
22619,2
22620,2
22621,2
22622,2
22623,2
22624,3
22625,2
22626,3
22627,1
22628,3
22629,3
22630,2
22631,2
22632,1
22633,2
22634,3
22635,3
22636,1
22637,1
22638,3
22639,2
22640,0
22641,3
22642,1
22643,1
22644,1
22645,1
22646,0
22647,1
22648,3
22649,3
22650,2
22651,3
22652,2
22653,0
22654,3
22655,2
22656,3
22657,1
22658,3
22659,0
22660,3
22661,3
22662,1
22663,3
22664,1
22665,2
22666,2
22667,0
22668,3
22669,3
22670,0
22671,2
22672,1
22673,1
22674,1
22675,3
22676,3
22677,2
22678,1
22679,1
22680,0
22681,0
22682,2
22683,2
22684,2
22685,3
22686,2
22687,1
22688,3
22689,2
22690,1
22691,0
22692,1
22693,3
22694,1
22695,3
22696,3
22697,2
22698,3
22699,1
22700,3
22701,1
22702,3
22703,1
22704,2
22705,2
22706,3
22707,3
22708,1
22709,2
22710,2
22711,1
22712,3
22713,3
22714,3
22715,0
22716,1
22717,2
22718,3
22719,3
22720,1
22721,1
22722,1
22723,2
22724,3
22725,1
22726,1
22727,1
22728,3
22729,2
22730,2
22731,0
22732,3
22733,2
22734,3
22735,3
22736,1
22737,1
22738,1
22739,0
22740,0
22741,2
22742,3
22743,2
22744,1
22745,1
22746,2
22747,1
22748,1
22749,1
22750,3
22751,2
22752,1
22753,1
22754,3
22755,1
22756,3
22757,3
22758,2
22759,1
22760,1
22761,1
22762,1
22763,1
22764,0
22765,3
22766,3
22767,3
22768,1
22769,3
22770,1
22771,3
22772,0
22773,2
22774,2
22775,1
22776,3
22777,2
22778,1
22779,3
22780,1
22781,3
22782,1
22783,1
22784,3
22785,1
22786,2
22787,0
22788,0
22789,1
22790,1
22791,1
22792,2
22793,0
22794,1
22795,2
22796,2
22797,1
22798,3
22799,2
22800,3
22801,1
22802,1
22803,3
22804,1
22805,1
22806,1
22807,1
22808,0
22809,0
22810,0
22811,0
22812,0
22813,3
22814,3
22815,3
22816,1
22817,1
22818,2
22819,0
22820,0
22821,0
22822,1
22823,3
22824,3
22825,0
22826,0
22827,0
22828,3
22829,1
22830,2
22831,3
22832,2
22833,0
22834,3
22835,0
22836,0
22837,0
22838,0
22839,0
22840,0
22841,1
22842,0
22843,2
22844,3
22845,3
22846,3
22847,3
22848,3
22849,1
22850,1
22851,2
22852,1
22853,3
22854,1
22855,1
22856,3
22857,0
22858,2
22859,1
22860,1
22861,1
22862,2
22863,1
22864,1
22865,2
22866,3
22867,3
22868,2
22869,3
22870,1
22871,0
22872,0
22873,1
22874,0
22875,1
22876,2
22877,1
22878,0
22879,2
22880,0
22881,3
22882,3
22883,1
22884,3
22885,1
22886,3
22887,3
22888,1
22889,3
22890,1
22891,3
22892,3
22893,2
22894,3
22895,3
22896,2
22897,3
22898,1
22899,3
22900,3
22901,2
22902,3
22903,1
22904,3
22905,1
22906,2
22907,1
22908,3
22909,1
22910,3
22911,3
22912,1
22913,0
22914,0
22915,2
22916,3
22917,2
22918,3
22919,3
22920,3
22921,3
22922,1
22923,0
22924,0
22925,3
22926,1
22927,1
22928,3
22929,2
22930,2
22931,2
22932,4
22933,3
22934,4
22935,2
22936,3
22937,3
22938,2
22939,1
22940,2
22941,2
22942,2
22943,3
22944,0
22945,3
22946,3
22947,3
22948,0
22949,3
22950,0
22951,0
22952,1
22953,3
22954,0
22955,3
22956,3
22957,3
22958,1
22959,3
22960,2
22961,3
22962,2
22963,2
22964,2
22965,0
22966,0
22967,1
22968,0
22969,0
22970,2
22971,2
22972,0
22973,3
22974,3
22975,1
22976,2
22977,2
22978,1
22979,3
22980,1
22981,0
22982,3
22983,3
22984,2
22985,3
22986,3
22987,3
22988,3
22989,1
22990,2
22991,0
22992,0
22993,0
22994,0
22995,0
22996,0
22997,0
22998,0
22999,0
23000,0
23001,0
23002,1
23003,1
23004,1
23005,1
23006,3
23007,0
23008,1
23009,1
23010,2
23011,1
23012,1
23013,1
23014,1
23015,1
23016,1
23017,2
23018,3
23019,2
23020,2
23021,2
23022,1
23023,1
23024,1
23025,3
23026,3
23027,2
23028,0
23029,1
23030,3
23031,1
23032,3
23033,3
23034,0
23035,0
23036,3
23037,3
23038,3
23039,0
23040,3
23041,3
23042,1
23043,3
23044,3
23045,1
23046,3
23047,1
23048,3
23049,0
23050,0
23051,0
23052,0
23053,0
23054,0
23055,0
23056,0
23057,3
23058,3
23059,1
23060,1
23061,0
23062,1
23063,3
23064,3
23065,3
23066,1
23067,1
23068,2
23069,1
23070,3
23071,1
23072,1
23073,1
23074,1
23075,1
23076,0
23077,3
23078,1
23079,2
23080,1
23081,2
23082,1
23083,3
23084,1
23085,2
23086,2
23087,3
23088,3
23089,3
23090,0
23091,2
23092,3
23093,3
23094,3
23095,3
23096,3
23097,3
23098,1
23099,1
23100,3
23101,1
23102,3
23103,1
23104,1
23105,1
23106,1
23107,3
23108,4
23109,2
23110,1
23111,1
23112,2
23113,3
23114,0
23115,2
23116,2
23117,0
23118,3
23119,1
23120,1
23121,3
23122,2
23123,3
23124,3
23125,1
23126,3
23127,2
23128,3
23129,1
23130,1
23131,0
23132,0
23133,1
23134,0
23135,0
23136,0
23137,3
23138,1
23139,1
23140,1
23141,1
23142,2
23143,1
23144,1
23145,1
23146,1
23147,3
23148,0
23149,1
23150,1
23151,1
23152,3
23153,2
23154,2
23155,1
23156,1
23157,1
23158,2
23159,0
23160,1
23161,0
23162,2
23163,0
23164,3
23165,0
23166,3
23167,1
23168,3
23169,2
23170,3
23171,3
23172,3
23173,1
23174,3
23175,2
23176,3
23177,3
23178,2
23179,3
23180,3
23181,1
23182,0
23183,0
23184,1
23185,1
23186,1
23187,0
23188,1
23189,1
23190,2
23191,2
23192,3
23193,1
23194,2
23195,1
23196,1
23197,1
23198,1
23199,1
23200,1
23201,2
23202,1
23203,3
23204,1
23205,3
23206,2
23207,1
23208,3
23209,2
23210,2
23211,2
23212,1
23213,2
23214,3
23215,3
23216,3
23217,3
23218,1
23219,2
23220,1
23221,1
23222,2
23223,2
23224,1
23225,2
23226,3
23227,3
23228,1
23229,3
23230,1
23231,3
23232,2
23233,0
23234,0
23235,0
23236,0
23237,3
23238,3
23239,2
23240,2
23241,1
23242,2
23243,2
23244,2
23245,2
23246,1
23247,1
23248,0
23249,1
23250,0
23251,1
23252,2
23253,2
23254,3
23255,3
23256,1
23257,3
23258,2
23259,1
23260,2
23261,1
23262,2
23263,2
23264,1
23265,1
23266,2
23267,2
23268,2
23269,2
23270,1
23271,1
23272,1
23273,2
23274,3
23275,2
23276,1
23277,2
23278,1
23279,2
23280,3
23281,2
23282,1
23283,1
23284,2
23285,3
23286,3
23287,3
23288,2
23289,3
23290,3
23291,2
23292,0
23293,2
23294,3
23295,3
23296,0
23297,3
23298,3
23299,1
23300,3
23301,3
23302,1
23303,3
23304,1
23305,2
23306,3
23307,3
23308,1
23309,2
23310,2
23311,2
23312,0
23313,0
23314,0
23315,2
23316,0
23317,0
23318,0
23319,0
23320,1
23321,1
23322,1
23323,2
23324,1
23325,2
23326,1
23327,3
23328,1
23329,3
23330,1
23331,1
23332,2
23333,3
23334,3
23335,2
23336,0
23337,2
23338,1
23339,3
23340,0
23341,0
23342,1
23343,1
23344,3
23345,3
23346,1
23347,2
23348,2
23349,3
23350,3
23351,3
23352,3
23353,1
23354,0
23355,3
23356,1
23357,2
23358,0
23359,2
23360,0
23361,0
23362,0
23363,0
23364,0
23365,0
23366,0
23367,2
23368,0
23369,0
23370,2
23371,0
23372,0
23373,0
23374,2
23375,2
23376,2
23377,2
23378,2
23379,2
23380,3
23381,3
23382,2
23383,1
23384,1
23385,1
23386,3
23387,3
23388,2
23389,1
23390,2
23391,1
23392,2
23393,1
23394,2
23395,2
23396,2
23397,2
23398,2
23399,3
23400,1
23401,2
23402,2
23403,2
23404,2
23405,3
23406,2
23407,2
23408,1
23409,2
23410,2
23411,2
23412,2
23413,2
23414,2
23415,2
23416,1
23417,2
23418,2
23419,2
23420,2
23421,1
23422,2
23423,1
23424,3
23425,1
23426,0
23427,0
23428,3
23429,1
23430,3
23431,2
23432,2
23433,2
23434,2
23435,1
23436,1
23437,2
23438,1
23439,1
23440,2
23441,1
23442,2
23443,2
23444,0
23445,0
23446,0
23447,0
23448,0
23449,0
23450,0
23451,0
23452,0
23453,0
23454,1
23455,3
23456,2
23457,1
23458,0
23459,2
23460,2
23461,2
23462,2
23463,2
23464,3
23465,3
23466,2
23467,3
23468,0
23469,3
23470,3
23471,2
23472,3
23473,3
23474,2
23475,2
23476,2
23477,2
23478,3
23479,3
23480,2
23481,2
23482,2
23483,3
23484,2
23485,2
23486,2
23487,3
23488,2
23489,2
23490,3
23491,3
23492,3
23493,2
23494,3
23495,0
23496,2
23497,3
23498,2
23499,3
23500,2
23501,2
23502,1
23503,2
23504,2
23505,2
23506,2
23507,0
23508,0
23509,0
23510,2
23511,0
23512,0
23513,0
23514,0
23515,0
23516,0
23517,0
23518,0
23519,0
23520,0
23521,0
23522,0
23523,1
23524,1
23525,1
23526,1
23527,1
23528,0
23529,0
23530,0
23531,0
23532,0
23533,3
23534,2
23535,2
23536,2
23537,2
23538,1
23539,2
23540,2
23541,1
23542,1
23543,0
23544,3
23545,3
23546,1
23547,3
23548,3
23549,2
23550,0
23551,2
23552,2
23553,2
23554,2
23555,1
23556,2
23557,1
23558,0
23559,0
23560,1
23561,2
23562,2
23563,2
23564,2
23565,2
23566,2
23567,2
23568,2
23569,2
23570,2
23571,3
23572,0
23573,2
23574,0
23575,0
23576,0
23577,0
23578,0
23579,0
23580,0
23581,1
23582,3
23583,2
23584,3
23585,1
23586,1
23587,1
23588,1
23589,0
23590,0
23591,0
23592,2
23593,0
23594,0
23595,0
23596,0
23597,0
23598,1
23599,1
23600,1
23601,3
23602,2
23603,1
23604,1
23605,0
23606,0
23607,0
23608,2
23609,1
23610,1
23611,3
23612,1
23613,0
23614,3
23615,3
23616,1
23617,3
23618,2
23619,0
23620,2
23621,3
23622,1
23623,1
23624,0
23625,1
23626,0
23627,0
23628,0
23629,0
23630,0
23631,0
23632,1
23633,1
23634,3
23635,1
23636,2
23637,4
23638,3
23639,3
23640,2
23641,3
23642,3
23643,3
23644,3
23645,2
23646,2
23647,3
23648,3
23649,3
23650,2
23651,1
23652,1
23653,1
23654,1
23655,1
23656,4
23657,0
23658,3
23659,1
23660,3
23661,1
23662,3
23663,3
23664,3
23665,2
23666,2
23667,3
23668,2
23669,3
23670,1
23671,1
23672,3
23673,1
23674,3
23675,1
23676,1
23677,1
23678,1
23679,3
23680,2
23681,3
23682,3
23683,3
23684,1
23685,1
23686,1
23687,1
23688,2
23689,3
23690,3
23691,3
23692,1
23693,1
23694,1
23695,2
23696,1
23697,3
23698,1
23699,3
23700,2
23701,1
23702,2
23703,2
23704,2
23705,2
23706,2
23707,2
23708,2
23709,3
23710,2
23711,2
23712,2
23713,2
23714,2
23715,2
23716,2
23717,2
23718,2
23719,0
23720,2
23721,3
23722,3
23723,2
23724,2
23725,3
23726,2
23727,2
23728,0
23729,2
23730,2
23731,2
23732,2
23733,3
23734,2
23735,2
23736,0
23737,3
23738,2
23739,1
23740,1
23741,3
23742,2
23743,2
23744,2
23745,3
23746,2
23747,2
23748,3
23749,3
23750,2
23751,2
23752,2
23753,2
23754,2
23755,0
23756,0
23757,0
23758,0
23759,3
23760,2
23761,2
23762,2
23763,3
23764,2
23765,1
23766,1
23767,1
23768,1
23769,3
23770,1
23771,3
23772,0
23773,0
23774,2
23775,2
23776,1
23777,2
23778,1
23779,1
23780,2
23781,2
23782,1
23783,3
23784,3
23785,1
23786,1
23787,0
23788,0
23789,0
23790,2
23791,2
23792,1
23793,0
23794,0
23795,0
23796,0
23797,0
23798,2
23799,0
23800,0
23801,0
23802,0
23803,0
23804,0
23805,0
23806,0
23807,0
23808,0
23809,0
23810,0
23811,0
23812,0
23813,0
23814,0
23815,0
23816,2
23817,2
23818,0
23819,0
23820,0
23821,0
23822,0
23823,3
23824,3
23825,0
23826,0
23827,0
23828,2
23829,2
23830,3
23831,2
23832,1
23833,3
23834,0
23835,0
23836,0
23837,0
23838,0
23839,0
23840,0
23841,3
23842,2
23843,2
23844,2
23845,2
23846,2
23847,2
23848,2
23849,2
23850,2
23851,2
23852,2
23853,2
23854,2
23855,2
23856,2
23857,2
23858,2
23859,2
23860,2
23861,2
23862,2
23863,2
23864,3
23865,2
23866,2
23867,2
23868,2
23869,2
23870,2
23871,0
23872,2
23873,2
23874,2
23875,2
23876,2
23877,2
23878,2
23879,2
23880,2
23881,2
23882,2
23883,2
23884,2
23885,2
23886,2
23887,3
23888,0
23889,0
23890,0
23891,0
23892,0
23893,0
23894,0
23895,2
23896,2
23897,0
23898,0
23899,2
23900,0
23901,0
23902,2
23903,0
23904,2
23905,2
23906,2
23907,2
23908,2
23909,2
23910,2
23911,2
23912,2
23913,2
23914,2
23915,2
23916,2
23917,2
23918,3
23919,2
23920,2
23921,2
23922,2
23923,2
23924,2
23925,2
23926,2
23927,2
23928,3
23929,2
23930,2
23931,3
23932,2
23933,2
23934,2
23935,3
23936,2
23937,2
23938,2
23939,1
23940,3
23941,2
23942,2
23943,2
23944,3
23945,2
23946,0
23947,2
23948,2
23949,2
23950,4
23951,1
23952,2
23953,2
23954,2
23955,2
23956,3
23957,2
23958,3
23959,2
23960,3
23961,1
23962,3
23963,1
23964,2
23965,2
23966,3
23967,1
23968,2
23969,2
23970,3
23971,3
23972,3
23973,3
23974,1
23975,3
23976,3
23977,1
23978,3
23979,2
23980,1
23981,2
23982,3
23983,2
23984,2
23985,2
23986,2
23987,0
23988,0
23989,0
23990,0
23991,0
23992,0
23993,2
23994,2
23995,0
23996,1
23997,3
23998,1
23999,3
24000,2
24001,2
24002,1
24003,2
24004,2
24005,2
24006,2
24007,0
24008,0
24009,2
24010,2
24011,3
24012,3
24013,2
24014,3
24015,2
24016,2
24017,1
24018,2
24019,2
24020,2
24021,2
24022,2
24023,2
24024,2
24025,2
24026,2
24027,2
24028,2
24029,0
24030,0
24031,2
24032,2
24033,2
24034,0
24035,3
24036,0
24037,0
24038,0
24039,0
24040,2
24041,0
24042,0
24043,2
24044,0
24045,3
24046,0
24047,3
24048,1
24049,0
24050,2
24051,0
24052,1
24053,1
24054,3
24055,0
24056,2
24057,2
24058,2
24059,2
24060,3
24061,3
24062,3
24063,0
24064,3
24065,2
24066,2
24067,3
24068,2
24069,3
24070,3
24071,2
24072,1
24073,3
24074,2
24075,3
24076,2
24077,2
24078,1
24079,1
24080,2
24081,2
24082,0
24083,2
24084,2
24085,2
24086,3
24087,2
24088,2
24089,2
24090,2
24091,2
24092,2
24093,3
24094,1
24095,3
24096,1
24097,3
24098,2
24099,4
24100,3
24101,2
24102,3
24103,0
24104,3
24105,3
24106,3
24107,3
24108,0
24109,0
24110,0
24111,0
24112,0
24113,0
24114,0
24115,0
24116,1
24117,3
24118,1
24119,3
24120,0
24121,0
24122,0
24123,0
24124,1
24125,3
24126,2
24127,3
24128,3
24129,0
24130,0
24131,0
24132,0
24133,2
24134,0
24135,0
24136,0
24137,0
24138,0
24139,0
24140,3
24141,0
24142,1
24143,0
24144,0
24145,3
24146,0
24147,0
24148,0
24149,0
24150,0
24151,0
24152,0
24153,2
24154,3
24155,2
24156,2
24157,2
24158,2
24159,2
24160,2
24161,2
24162,2
24163,0
24164,0
24165,0
24166,0
24167,2
24168,0
24169,0
24170,2
24171,2
24172,3
24173,3
24174,0
24175,1
24176,3
24177,2
24178,1
24179,2
24180,2
24181,2
24182,1
24183,3
24184,3
24185,0
24186,2
24187,3
24188,3
24189,0
24190,3
24191,2
24192,2
24193,1
24194,1
24195,1
24196,3
24197,3
24198,2
24199,2
24200,1
24201,2
24202,2
24203,3
24204,2
24205,2
24206,2
24207,2
24208,2
24209,2
24210,2
24211,3
24212,3
24213,2
24214,2
24215,2
24216,2
24217,2
24218,2
24219,2
24220,2
24221,2
24222,2
24223,2
24224,3
24225,1
24226,3
24227,2
24228,2
24229,1
24230,1
24231,1
24232,2
24233,3
24234,3
24235,3
24236,1
24237,3
24238,0
24239,2
24240,3
24241,1
24242,3
24243,3
24244,3
24245,2
24246,2
24247,2
24248,2
24249,3
24250,3
24251,2
24252,3
24253,2
24254,2
24255,2
24256,2
24257,3
24258,4
24259,3
24260,2
24261,3
24262,3
24263,3
24264,3
24265,0
24266,3
24267,3
24268,2
24269,3
24270,2
24271,2
24272,2
24273,2
24274,2
24275,2
24276,2
24277,2
24278,1
24279,2
24280,2
24281,2
24282,2
24283,2
24284,2
24285,2
24286,2
24287,2
24288,4
24289,3
24290,2
24291,3
24292,2
24293,0
24294,2
24295,2
24296,4
24297,0
24298,2
24299,0
24300,2
24301,3
24302,0
24303,0
24304,0
24305,0
24306,3
24307,1
24308,1
24309,1
24310,1
24311,2
24312,1
24313,3
24314,0
24315,0
24316,0
24317,0
24318,0
24319,0
24320,0
24321,0
24322,0
24323,0
24324,0
24325,0
24326,1
24327,1
24328,2
24329,1
24330,1
24331,1
24332,2
24333,2
24334,2
24335,3
24336,2
24337,3
24338,1
24339,2
24340,3
24341,2
24342,2
24343,3
24344,2
24345,1
24346,2
24347,3
24348,1
24349,4
24350,3
24351,2
24352,2
24353,2
24354,1
24355,0
24356,0
24357,0
24358,0
24359,0
24360,0
24361,2
24362,0
24363,0
24364,0
24365,0
24366,2
24367,1
24368,2
24369,1
24370,3
24371,2
24372,3
24373,2
24374,3
24375,2
24376,1
24377,2
24378,2
24379,2
24380,2
24381,3
24382,2
24383,2
24384,1
24385,2
24386,3
24387,2
24388,0
24389,2
24390,2
24391,0
24392,0
24393,2
24394,0
24395,0
24396,0
24397,0
24398,0
24399,0
24400,0
24401,0
24402,0
24403,0
24404,0
24405,0
24406,2
24407,0
24408,0
24409,0
24410,0
24411,0
24412,0
24413,0
24414,0
24415,0
24416,0
24417,3
24418,0
24419,2
24420,2
24421,3
24422,4
24423,3
24424,3
24425,0
24426,2
24427,2
24428,0
24429,0
24430,3
24431,0
24432,3
24433,0
24434,0
24435,0
24436,0
24437,0
24438,0
24439,0
24440,0
24441,0
24442,1
24443,1
24444,1
24445,2
24446,3
24447,1
24448,3
24449,2
24450,3
24451,3
24452,0
24453,0
24454,0
24455,0
24456,0
24457,0
24458,0
24459,0
24460,0
24461,0
24462,0
24463,3
24464,3
24465,3
24466,2
24467,2
24468,0
24469,0
24470,1
24471,2
24472,2
24473,2
24474,2
24475,2
24476,2
24477,3
24478,2
24479,2
24480,1
24481,2
24482,3
24483,1
24484,1
24485,2
24486,0
24487,3
24488,2
24489,2
24490,2
24491,1
24492,2
24493,2
24494,3
24495,3
24496,2
24497,3
24498,2
24499,2
24500,2
24501,1
24502,2
24503,2
24504,1
24505,2
24506,1
24507,1
24508,2
24509,0
24510,0
24511,3
24512,0
24513,2
24514,1
24515,1
24516,1
24517,2
24518,3
24519,2
24520,2
24521,2
24522,2
24523,2
24524,2
24525,0
24526,0
24527,0
24528,3
24529,2
24530,3
24531,3
24532,0
24533,2
24534,0
24535,0
24536,0
24537,1
24538,1
24539,0
24540,0
24541,0
24542,0
24543,0
24544,1
24545,0
24546,3
24547,0
24548,3
24549,3
24550,2
24551,3
24552,3
24553,3
24554,2
24555,2
24556,3
24557,3
24558,3
24559,2
24560,0
24561,0
24562,0
24563,2
24564,2
24565,3
24566,2
24567,0
24568,2
24569,2
24570,3
24571,2
24572,2
24573,2
24574,2
24575,2
24576,2
24577,1
24578,2
24579,3
24580,2
24581,0
24582,2
24583,0
24584,0
24585,2
24586,0
24587,3
24588,0
24589,2
24590,3
24591,3
24592,2
24593,2
24594,3
24595,2
24596,2
24597,3
24598,2
24599,2
24600,2
24601,2
24602,3
24603,4
24604,4
24605,2
24606,4
24607,3
24608,1
24609,1
24610,2
24611,4
24612,4
24613,2
24614,3
24615,2
24616,0
24617,0
24618,0
24619,0
24620,0
24621,2
24622,0
24623,2
24624,2
24625,1
24626,3
24627,3
24628,3
24629,1
24630,2
24631,4
24632,2
24633,3
24634,2
24635,2
24636,1
24637,1
24638,3
24639,3
24640,4
24641,0
24642,3
24643,3
24644,3
24645,2
24646,2
24647,2
24648,2
24649,0
24650,0
24651,0
24652,0
24653,0
24654,2
24655,0
24656,0
24657,3
24658,2
24659,3
24660,2
24661,3
24662,3
24663,2
24664,2
24665,3
24666,3
24667,2
24668,3
24669,3
24670,1
24671,4
24672,3
24673,0
24674,3
24675,3
24676,3
24677,0
24678,0
24679,0
24680,2
24681,0
24682,0
24683,3
24684,3
24685,1
24686,2
24687,2
24688,3
24689,2
24690,2
24691,4
24692,0
24693,2
24694,1
24695,4
24696,1
24697,3
24698,2
24699,0
24700,0
24701,3
24702,2
24703,2
24704,3
24705,2
24706,4
24707,3
24708,1
24709,2
24710,2
24711,2
24712,3
24713,2
24714,2
24715,1
24716,0
24717,0
24718,0
24719,0
24720,0
24721,0
24722,3
24723,0
24724,1
24725,1
24726,1
24727,0
24728,0
24729,0
24730,4
24731,0
24732,2
24733,2
24734,2
24735,2
24736,2
24737,2
24738,0
24739,2
24740,2
24741,2
24742,3
24743,3
24744,3
24745,3
24746,3
24747,3
24748,2
24749,3
24750,3
24751,3
24752,3
24753,3
24754,3
24755,3
24756,3
24757,3
24758,2
24759,2
24760,2
24761,2
24762,3
24763,3
24764,3
24765,3
24766,0
24767,2
24768,2
24769,2
24770,2
24771,3
24772,2
24773,3
24774,3
24775,3
24776,3
24777,3
24778,2
24779,3
24780,3
24781,3
24782,3
24783,3
24784,2
24785,2
24786,3
24787,3
24788,3
24789,3
24790,3
24791,3
24792,3
24793,3
24794,2
24795,3
24796,3
24797,2
24798,3
24799,3
24800,3
24801,3
24802,3
24803,2
24804,3
24805,3
24806,3
24807,3
24808,4
24809,3
24810,3
24811,2
24812,3
24813,3
24814,3
24815,3
24816,2
24817,3
24818,0
24819,0
24820,0
24821,0
24822,0
24823,0
24824,0
24825,0
24826,0
24827,0
24828,0
24829,0
24830,0
24831,0
24832,4
24833,3
24834,2
24835,3
24836,0
24837,0
24838,0
24839,2
24840,0
24841,0
24842,3
24843,2
24844,2
24845,3
24846,0
24847,3
24848,3
24849,0
24850,0
24851,3
24852,0
24853,0
24854,2
24855,2
24856,3
24857,2
24858,3
24859,3
24860,0
24861,0
24862,2
24863,3
24864,0
24865,0
24866,0
24867,0
24868,0
24869,0
24870,0
24871,0
24872,0
24873,0
24874,0
24875,2
24876,3
24877,4
24878,4
24879,2
24880,2
24881,2
24882,2
24883,4
24884,3
24885,2
24886,3
24887,3
24888,4
24889,0
24890,3
24891,2
24892,3
24893,0
24894,2
24895,3
24896,3
24897,0
24898,2
24899,2
24900,2
24901,2
24902,3
24903,3
24904,0
24905,0
24906,0
24907,0
24908,0
24909,2
24910,2
24911,2
24912,2
24913,2
24914,4
24915,2
24916,2
24917,0
24918,2
24919,2
24920,0
24921,0
24922,2
24923,3
24924,0
24925,0
24926,3
24927,0
24928,2
24929,0
24930,3
24931,0
24932,0
24933,1
24934,3
24935,1
24936,3
24937,2
24938,2
24939,3
24940,2
24941,2
24942,2
24943,3
24944,2
24945,3
24946,3
24947,3
24948,3
24949,2
24950,2
24951,2
24952,2
24953,2
24954,3
24955,2
24956,3
24957,2
24958,3
24959,2
24960,3
24961,3
24962,2
24963,2
24964,2
24965,3
24966,3
24967,3
24968,3
24969,2
24970,2
24971,3
24972,2
24973,3
24974,3
24975,2
24976,2
24977,3
24978,3
24979,3
24980,2
24981,1
24982,2
24983,3
24984,2
24985,2
24986,0
24987,3
24988,3
24989,3
24990,2
24991,2
24992,2
24993,2
24994,3
24995,3
24996,3
24997,2
24998,2
24999,3
25000,3
25001,3
25002,3
25003,3
25004,3
25005,2
25006,2
25007,2
25008,3
25009,3
25010,3
25011,2
25012,3
25013,3
25014,3
25015,2
25016,2
25017,3
25018,2
25019,3
25020,2
25021,3
25022,3
25023,2
25024,3
25025,3
25026,2
25027,2
25028,2
25029,3
25030,2
25031,3
25032,3
25033,3
25034,3
25035,3
25036,3
25037,2
25038,2
25039,3
25040,2
25041,3
25042,2
25043,2
25044,3
25045,2
25046,3
25047,2
25048,2
25049,3
25050,2
25051,3
25052,3
25053,3
25054,2
25055,3
25056,3
25057,3
25058,0
25059,2
25060,3
25061,2
25062,2
25063,3
25064,3
25065,2
25066,2
25067,3
25068,2
25069,0
25070,0
25071,3
25072,0
25073,0
25074,2
25075,2
25076,1
25077,3
25078,3
25079,0
25080,2
25081,2
25082,0
25083,2
25084,3
25085,0
25086,0
25087,0
25088,3
25089,3
25090,3
25091,0
25092,3
25093,3
25094,0
25095,2
25096,0
25097,0
25098,0
25099,0
25100,0
25101,0
25102,2
25103,2
25104,0
25105,2
25106,0
25107,0
25108,0
25109,0
25110,3
25111,0
25112,0
25113,3
25114,2
25115,2
25116,0
25117,0
25118,0
25119,0
25120,3
25121,3
25122,3
25123,3
25124,3
25125,3
25126,3
25127,2
25128,2
25129,3
25130,2
25131,3
25132,2
25133,3
25134,2
25135,3
25136,3
25137,0
25138,0
25139,2
25140,0
25141,0
25142,0
25143,2
25144,3
25145,3
25146,2
25147,3
25148,3
25149,3
25150,3
25151,3
25152,3
25153,3
25154,1
25155,0
25156,0
25157,0
25158,0
25159,0
25160,0
25161,0
25162,0
25163,2
25164,0
25165,0
25166,0
25167,0
25168,0
25169,0
25170,2
25171,0
25172,2
25173,3
25174,2
25175,3
25176,2
25177,3
25178,3
25179,3
25180,3
25181,3
25182,3
25183,3
25184,2
25185,2
25186,3
25187,2
25188,3
25189,3
25190,3
25191,3
25192,3
25193,3
25194,2
25195,3
25196,2
25197,0
25198,1
25199,0
25200,0
25201,0
25202,0
25203,0
25204,0
25205,2
25206,2
25207,3
25208,2
25209,3
25210,0
25211,2
25212,0
25213,0
25214,2
25215,0
25216,3
25217,3
25218,3
25219,3
25220,1
25221,0
25222,0
25223,2
25224,2
25225,3
25226,3
25227,3
25228,2
25229,2
25230,3
25231,3
25232,2
25233,2
25234,3
25235,3
25236,3
25237,2
25238,2
25239,2
25240,3
25241,2
25242,2
25243,0
25244,3
25245,0
25246,0
25247,0
25248,3
25249,2
25250,0
25251,0
25252,2
25253,0
25254,0
25255,0
25256,1
25257,0
25258,2
25259,2
25260,2
25261,2
25262,3
25263,2
25264,2
25265,3
25266,2
25267,2
25268,3
25269,2
25270,2
25271,2
25272,3
25273,2
25274,3
25275,2
25276,0
25277,3
25278,0
25279,0
25280,0
25281,2
25282,3
25283,3
25284,3
25285,2
25286,2
25287,0
25288,0
25289,0
25290,0
25291,0
25292,2
25293,0
25294,0
25295,3
25296,3
25297,3
25298,3
25299,0
25300,3
25301,2
25302,3
25303,3
25304,3
25305,3
25306,3
25307,3
25308,3
25309,2
25310,2
25311,2
25312,2
25313,2
25314,3
25315,2
25316,2
25317,2
25318,3
25319,2
25320,3
25321,2
25322,2
25323,2
25324,1
25325,0
25326,0
25327,3
25328,3
25329,3
25330,3
25331,2
25332,2
25333,2
25334,3
25335,2
25336,3
25337,2
25338,3
25339,3
25340,2
25341,2
25342,3
25343,3
25344,3
25345,3
25346,3
25347,3
25348,3
25349,3
25350,3
25351,2
25352,2
25353,3
25354,3
25355,3
25356,2
25357,3
25358,2
25359,0
25360,3
25361,3
25362,2
25363,1
25364,3
25365,3
25366,3
25367,2
25368,2
25369,2
25370,3
25371,3
25372,3
25373,2
25374,3
25375,3
25376,2
25377,0
25378,1
25379,1
25380,3
25381,3
25382,3
25383,3
25384,3
25385,3
25386,3
25387,3
25388,3
25389,3
25390,2
25391,3
25392,3
25393,2
25394,2
25395,0
25396,3
25397,2
25398,2
25399,2
25400,2
25401,3
25402,3
25403,3
25404,3
25405,2
25406,2
25407,2
25408,0
25409,2
25410,0
25411,2
25412,2
25413,2
25414,2
25415,2
25416,2
25417,3
25418,3
25419,3
25420,2
25421,2
25422,0
25423,0
25424,3
25425,3
25426,3
25427,3
25428,3
25429,2
25430,2
25431,2
25432,3
25433,2
25434,2
25435,3
25436,2
25437,2
25438,3
25439,3
25440,3
25441,3
25442,3
25443,3
25444,2
25445,2
25446,3
25447,3
25448,2
25449,0
25450,3
25451,2
25452,1
25453,3
25454,3
25455,2
25456,2
25457,3
25458,0
25459,3
25460,3
25461,3
25462,3
25463,3
25464,3
25465,3
25466,3
25467,3
25468,3
25469,0
25470,2
25471,0
25472,3
25473,2
25474,2
25475,3
25476,3
25477,3
25478,3
25479,3
25480,2
25481,3
25482,3
25483,2
25484,0
25485,2
25486,2
25487,2
25488,2
25489,3
25490,3
25491,3
25492,3
25493,2
25494,2
25495,2
25496,3
25497,0
25498,3
25499,2
25500,2
25501,2
25502,3
25503,3
25504,3
25505,2
25506,2
25507,2
25508,3
25509,2
25510,2
25511,3
25512,2
25513,2
25514,3
25515,2
25516,2
25517,3
25518,3
25519,3
25520,2
25521,3
25522,2
25523,3
25524,3
25525,3
25526,3
25527,1
25528,3
25529,3
25530,3
25531,2
25532,2
25533,3
25534,2
25535,3
25536,3
25537,2
25538,2
25539,2
25540,3
25541,2
25542,3
25543,3
25544,3
25545,3
25546,3
25547,2
25548,3
25549,3
25550,3
25551,2
25552,3
25553,2
25554,2
25555,2
25556,2
25557,2
25558,3
25559,3
25560,3
25561,3
25562,2
25563,3
25564,2
25565,3
25566,3
25567,3
25568,3
25569,2
25570,2
25571,2
25572,3
25573,1
25574,3
25575,3
25576,2
25577,3
25578,3
25579,2
25580,0
25581,0
25582,0
25583,0
25584,0
25585,0
25586,0
25587,0
25588,0
25589,0
25590,0
25591,2
25592,0
25593,0
25594,0
25595,0
25596,0
25597,0
25598,0
25599,0
25600,0
25601,0
25602,0
25603,2
25604,0
25605,0
25606,0
25607,3
25608,2
25609,3
25610,3
25611,3
25612,0
25613,0
25614,2
25615,2
25616,2
25617,2
25618,2
25619,2
25620,2
25621,2
25622,2
25623,2
25624,2
25625,2
25626,2
25627,2
25628,3
25629,3
25630,2
25631,2
25632,2
25633,2
25634,3
25635,3
25636,2
25637,2
25638,2
25639,3
25640,3
25641,3
25642,3
25643,3
25644,3
25645,2
25646,2
25647,2
25648,2
25649,3
25650,2
25651,3
25652,2
25653,2
25654,3
25655,2
25656,2
25657,3
25658,3
25659,2
25660,2
25661,3
25662,2
25663,3
25664,2
25665,3
25666,2
25667,3
25668,3
25669,2
25670,2
25671,3
25672,2
25673,2
25674,3
25675,3
25676,2
25677,2
25678,2
25679,2
25680,2
25681,3
25682,2
25683,2
25684,3
25685,2
25686,2
25687,3
25688,3
25689,2
25690,3
25691,2
25692,2
25693,2
25694,2
25695,3
25696,3
25697,2
25698,3
25699,3
25700,3
25701,2
25702,3
25703,2
25704,3
25705,2
25706,3
25707,2
25708,2
25709,2
25710,3
25711,3
25712,2
25713,2
25714,2
25715,3
25716,2
25717,3
25718,3
25719,3
25720,2
25721,2
25722,2
25723,2
25724,2
25725,2
25726,3
25727,3
25728,3
25729,3
25730,2
25731,2
25732,3
25733,2
25734,2
25735,3
25736,2
25737,2
25738,3
25739,3
25740,2
25741,2
25742,2
25743,3
25744,3
25745,2
25746,2
25747,2
25748,2
25749,2
25750,3
25751,3
25752,2
25753,3
25754,2
25755,3
25756,3
25757,3
25758,3
25759,3
25760,3
25761,3
25762,2
25763,2
25764,3
25765,3
25766,2
25767,3
25768,3
25769,2
25770,2
25771,3
25772,3
25773,2
25774,3
25775,2
25776,2
25777,2
25778,3
25779,2
25780,2
25781,3
25782,3
25783,2
25784,3
25785,2
25786,2
25787,2
25788,2
25789,2
25790,3
25791,3
25792,2
25793,2
25794,3
25795,3
25796,3
25797,2
25798,2
25799,3
25800,3
25801,2
25802,2
25803,2
25804,3
25805,2
25806,2
25807,3
25808,3
25809,3
25810,2
25811,1
25812,1
25813,1
25814,1
25815,1
25816,3
25817,4
25818,3
25819,3
25820,3
25821,3
25822,3
25823,2
25824,2
25825,2
25826,2
25827,2
25828,2
25829,2
25830,2
25831,3
25832,2
25833,2
25834,2
25835,3
25836,3
25837,3
25838,2
25839,0
25840,3
25841,2
25842,2
25843,3
25844,3
25845,2
25846,1
25847,1
25848,2
25849,2
25850,2
25851,2
25852,1
25853,2
25854,3
25855,3
25856,3
25857,3
25858,3
25859,2
25860,1
25861,3
25862,2
25863,2
25864,2
25865,3
25866,2
25867,2
25868,2
25869,2
25870,2
25871,2
25872,2
25873,1
25874,3
25875,2
25876,2
25877,2
25878,2
25879,2
25880,3
25881,0
25882,2
25883,1
25884,1
25885,3
25886,2
25887,2
25888,0
25889,3
25890,3
25891,2
25892,3
25893,2
25894,3
25895,0
25896,0
25897,0
25898,3
25899,0
25900,0
25901,0
25902,0
25903,0
25904,3
25905,3
25906,0
25907,0
25908,3
25909,2
25910,2
25911,2
25912,2
25913,3
25914,3
25915,2
25916,3
25917,2
25918,3
25919,1
25920,3
25921,2
25922,3
25923,3
25924,3
25925,3
25926,1
25927,3
25928,3
25929,1
25930,2
25931,2
25932,1
25933,3
25934,3
25935,2
25936,2
25937,0
25938,0
25939,2
25940,2
25941,1
25942,2
25943,2
25944,1
25945,3
25946,1
25947,2
25948,3
25949,0
25950,3
25951,3
25952,0
25953,2
25954,3
25955,3
25956,3
25957,2
25958,3
25959,2
25960,2
25961,3
25962,1
25963,3
25964,0
25965,1
25966,3
25967,1
25968,3
25969,3
25970,1
25971,3
25972,3
25973,2
25974,3
25975,3
25976,2
25977,2
25978,3
25979,2
25980,3
25981,3
25982,1
25983,2
25984,2
25985,1
25986,2
25987,2
25988,2
25989,0
25990,2
25991,1
25992,3
25993,1
25994,3
25995,2
25996,2
25997,2
25998,3
25999,0
26000,1
26001,3
26002,3
26003,3
26004,2
26005,3
26006,3
26007,2
26008,2
26009,1
26010,2
26011,2
26012,2
26013,2
26014,2
26015,1
26016,2
26017,2
26018,3
26019,2
26020,2
26021,2
26022,2
26023,3
26024,3
26025,0
26026,2
26027,2
26028,2
26029,2
26030,2
26031,2
26032,2
26033,2
26034,3
26035,3
26036,1
26037,3
26038,2
26039,3
26040,3
26041,2
26042,2
26043,3
26044,2
26045,2
26046,3
26047,0
26048,4
26049,2
26050,3
26051,2
26052,2
26053,4
26054,2
26055,2
26056,3
26057,2
26058,2
26059,3
26060,3
26061,2
26062,2
26063,3
26064,2
26065,2
26066,0
26067,2
26068,2
26069,2
26070,3
26071,3
26072,3
26073,3
26074,2
26075,2
26076,3
26077,2
26078,3
26079,3
26080,3
26081,3
26082,3
26083,3
26084,2
26085,2
26086,0
26087,0
26088,3
26089,3
26090,2
26091,0
26092,0
26093,0
26094,0
26095,0
26096,3
26097,0
26098,3
26099,0
26100,2
26101,3
26102,0
26103,2
26104,0
26105,3
26106,2
26107,2
26108,3
26109,0
26110,1
26111,2
26112,3
26113,3
26114,3
26115,2
26116,2
26117,2
26118,2
26119,3
26120,2
26121,0
26122,2
26123,1
26124,2
26125,2
26126,2
26127,2
26128,0
26129,3
26130,3
26131,0
26132,2
26133,2
26134,2
26135,3
26136,0
26137,0
26138,0
26139,0
26140,3
26141,2
26142,2
26143,2
26144,2
26145,2
26146,2
26147,2
26148,3
26149,2
26150,2
26151,2
26152,2
26153,2
26154,2
26155,2
26156,2
26157,2
26158,2
26159,2
26160,2
26161,2
26162,2
26163,2
26164,2
26165,2
26166,2
26167,0
26168,2
26169,0
26170,2
26171,2
26172,2
26173,2
26174,2
26175,3
26176,2
26177,2
26178,1
26179,2
26180,3
26181,3
26182,1
26183,2
26184,1
26185,3
26186,1
26187,2
26188,2
26189,0
26190,2
26191,2
26192,2
26193,2
26194,2
26195,1
26196,2
26197,3
26198,2
26199,2
26200,2
26201,2
26202,2
26203,2
26204,2
26205,2
26206,2
26207,2
26208,2
26209,2
26210,3
26211,2
26212,4
26213,4
26214,2
26215,4
26216,3
26217,4
26218,2
26219,4
26220,2
26221,2
26222,2
26223,2
26224,2
26225,2
26226,2
26227,2
26228,2
26229,2
26230,2
26231,0
26232,1
26233,4
26234,0
26235,3
26236,2
26237,3
26238,0
26239,2
26240,2
26241,1
26242,1
26243,1
26244,1
26245,1
26246,1
26247,1
26248,1
26249,1
26250,3
26251,2
26252,1
26253,2
26254,3
26255,1
26256,1
26257,1
26258,1
26259,3
26260,1
26261,2
26262,2
26263,2
26264,3
26265,2
26266,2
26267,3
26268,3
26269,2
26270,2
26271,2
26272,2
26273,2
26274,2
26275,2
26276,2
26277,2
26278,2
26279,2
26280,2
26281,2
26282,2
26283,2
26284,2
26285,2
26286,2
26287,2
26288,2
26289,3
26290,2
26291,2
26292,2
26293,2
26294,2
26295,1
26296,1
26297,1
26298,1
26299,1
26300,1
26301,1
26302,2
26303,2
26304,3
26305,2
26306,2
26307,2
26308,2
26309,2
26310,2
26311,0
26312,2
26313,2
26314,2
26315,2
26316,3
26317,1
26318,3
26319,1
26320,1
26321,1
26322,2
26323,3
26324,3
26325,2
26326,2
26327,2
26328,1
26329,3
26330,2
26331,0
26332,0
26333,0
26334,0
26335,0
26336,2
26337,0
26338,2
26339,2
26340,2
26341,2
26342,2
26343,2
26344,3
26345,3
26346,1
26347,1
26348,3
26349,3
26350,2
26351,0
26352,1
26353,1
26354,4
26355,4
26356,1
26357,1
26358,1
26359,2
26360,4
26361,1
26362,2
26363,0
26364,0
26365,0
26366,0
26367,0
26368,0
26369,0
26370,0
26371,0
26372,0
26373,1
26374,1
26375,3
26376,3
26377,2
26378,0
26379,0
26380,2
26381,1
26382,2
26383,2
26384,2
26385,3
26386,3
26387,3
26388,2
26389,3
26390,2
26391,1
26392,3
26393,1
26394,2
26395,4
26396,1
26397,2
26398,2
26399,1
26400,2
26401,4
26402,4
26403,4
26404,4
26405,4
26406,3
26407,3
26408,3
26409,2
26410,2
26411,3
26412,3
26413,3
26414,3
26415,2
26416,3
26417,3
26418,2
26419,2
26420,1
26421,2
26422,2
26423,2
26424,2
26425,3
26426,0
26427,2
26428,2
26429,2
26430,2
26431,2
26432,3
26433,2
26434,2
26435,2
26436,3
26437,3
26438,2
26439,2
26440,2
26441,2
26442,2
26443,2
26444,0
26445,3
26446,2
26447,2
26448,2
26449,2
26450,3
26451,1
26452,2
26453,2
26454,2
26455,2
26456,2
26457,0
26458,0
26459,2
26460,3
26461,2
26462,2
26463,2
26464,2
26465,2
26466,2
26467,0
26468,2
26469,2
26470,2
26471,2
26472,0
26473,0
26474,0
26475,2
26476,3
26477,0
26478,3
26479,1
26480,2
26481,2
26482,3
26483,2
26484,2
26485,2
26486,3
26487,3
26488,2
26489,2
26490,2
26491,0
26492,0
26493,2
26494,2
26495,2
26496,3
26497,2
26498,2
26499,3
26500,3
26501,2
26502,2
26503,2
26504,2
26505,2
26506,2
26507,2
26508,2
26509,3
26510,2
26511,2
26512,2
26513,2
26514,2
26515,3
26516,2
26517,0
26518,0
26519,0
26520,2
26521,2
26522,2
26523,0
26524,2
26525,2
26526,2
26527,0
26528,2
26529,0
26530,3
26531,2
26532,2
26533,2
26534,1
26535,2
26536,0
26537,2
26538,3
26539,3
26540,2
26541,3
26542,4
26543,2
26544,2
26545,3
26546,2
26547,1
26548,3
26549,2
26550,3
26551,1
26552,2
26553,2
26554,2
26555,2
26556,2
26557,0
26558,2
26559,0
26560,3
26561,2
26562,2
26563,2
26564,3
26565,3
26566,3
26567,2
26568,2
26569,2
26570,2
26571,2
26572,3
26573,2
26574,2
26575,3
26576,2
26577,3
26578,3
26579,0
26580,2
26581,2
26582,3
26583,2
26584,2
26585,3
26586,3
26587,3
26588,2
26589,3
26590,2
26591,2
26592,2
26593,3
26594,2
26595,2
26596,2
26597,2
26598,2
26599,2
26600,2
26601,2
26602,2
26603,0
26604,2
26605,2
26606,2
26607,0
26608,3
26609,3
26610,2
26611,2
26612,2
26613,2
26614,2
26615,1
26616,3
26617,0
26618,1
26619,1
26620,1
26621,1
26622,1
26623,2
26624,2
26625,2
26626,2
26627,2
26628,2
26629,2
26630,2
26631,2
26632,3
26633,2
26634,3
26635,2
26636,2
26637,3
26638,2
26639,0
26640,0
26641,0
26642,0
26643,0
26644,0
26645,0
26646,2
26647,2
26648,3
26649,2
26650,2
26651,2
26652,2
26653,3
26654,2
26655,0
26656,2
26657,3
26658,1
26659,2
26660,2
26661,3
26662,3
26663,3
26664,2
26665,2
26666,2
26667,0
26668,2
26669,2
26670,4
26671,2
26672,2
26673,0
26674,0
26675,2
26676,3
26677,2
26678,3
26679,3
26680,3
26681,3
26682,2
26683,3
26684,1
26685,3
26686,3
26687,2
26688,2
26689,3
26690,0
26691,0
26692,0
26693,0
26694,1
26695,3
26696,0
26697,0
26698,3
26699,3
26700,3
26701,1
26702,0
26703,3
26704,0
26705,0
26706,0
26707,0
26708,0
26709,0
26710,0
26711,0
26712,0
26713,0
26714,0
26715,2
26716,3
26717,2
26718,3
26719,3
26720,3
26721,0
26722,2
26723,0
26724,0
26725,0
26726,0
26727,0
26728,0
26729,0
26730,0
26731,0
26732,0
26733,0
26734,1
26735,0
26736,0
26737,2
26738,3
26739,2
26740,2
26741,3
26742,3
26743,2
26744,2
26745,2
26746,1
26747,3
26748,3
26749,3
26750,3
26751,3
26752,2
26753,1
26754,1
26755,1
26756,2
26757,2
26758,2
26759,2
26760,3
26761,2
26762,2
26763,2
26764,2
26765,2
26766,3
26767,2
26768,3
26769,2
26770,2
26771,2
26772,2
26773,3
26774,2
26775,2
26776,2
26777,2
26778,2
26779,2
26780,2
26781,3
26782,3
26783,2
26784,2
26785,2
26786,2
26787,2
26788,3
26789,2
26790,0
26791,1
26792,3
26793,3
26794,0
26795,2
26796,0
26797,2
26798,2
26799,3
26800,2
26801,2
26802,3
26803,3
26804,1
26805,1
26806,2
26807,1
26808,3
26809,2
26810,3
26811,3
26812,2
26813,3
26814,3
26815,0
26816,3
26817,2
26818,2
26819,1
26820,2
26821,2
26822,2
26823,3
26824,3
26825,2
26826,2
26827,3
26828,2
26829,3
26830,1
26831,0
26832,1
26833,1
26834,2
26835,3
26836,3
26837,0
26838,3
26839,1
26840,3
26841,0
26842,0
26843,3
26844,2
26845,3
26846,3
26847,2
26848,3
26849,3
26850,3
26851,2
26852,2
26853,2
26854,2
26855,2
26856,2
26857,2
26858,2
26859,1
26860,1
26861,3
26862,3
26863,1
26864,3
26865,1
26866,3
26867,1
26868,0
26869,1
26870,1
26871,2
26872,1
26873,2
26874,0
26875,1
26876,1
26877,1
26878,1
26879,3
26880,1
26881,3
26882,3
26883,0
26884,3
26885,0
26886,0
26887,1
26888,1
26889,1
26890,1
26891,1
26892,1
26893,0
26894,0
26895,1
26896,1
26897,2
26898,1
26899,1
26900,1
26901,0
26902,2
26903,3
26904,2
26905,2
26906,2
26907,1
26908,2
26909,2
26910,2
26911,2
26912,1
26913,2
26914,1
26915,2
26916,0
26917,3
26918,2
26919,0
26920,3
26921,0
26922,1
26923,0
26924,2
26925,1
26926,3
26927,3
26928,1
26929,2
26930,3
26931,3
26932,0
26933,0
26934,0
26935,0
26936,0
26937,1
26938,1
26939,0
26940,0
26941,0
26942,2
26943,3
26944,2
26945,2
26946,1
26947,3
26948,1
26949,2
26950,3
26951,2
26952,2
26953,3
26954,2
26955,2
26956,3
26957,3
26958,0
26959,0
26960,0
26961,2
26962,3
26963,3
26964,3
26965,1
26966,0
26967,0
26968,1
26969,1
26970,2
26971,2
26972,1
26973,2
26974,0
26975,1
26976,1
26977,3
26978,1
26979,3
26980,3
26981,3
26982,3
26983,4
26984,1
26985,3
26986,3
26987,1
26988,3
26989,2
26990,3
26991,3
26992,3
26993,1
26994,1
26995,1
26996,1
26997,1
26998,3
26999,2
27000,3
27001,3
27002,3
27003,2
27004,1
27005,3
27006,3
27007,3
27008,3
27009,2
27010,3
27011,2
27012,3
27013,2
27014,3
27015,3
27016,3
27017,1
27018,1
27019,1
27020,3
27021,1
27022,3
27023,2
27024,0
27025,3
27026,2
27027,2
27028,3
27029,3
27030,1
27031,2
27032,3
27033,3
27034,3
27035,1
27036,1
27037,2
27038,2
27039,3
27040,2
27041,3
27042,2
27043,3
27044,3
27045,3
27046,2
27047,3
27048,2
27049,3
27050,2
27051,0
27052,2
27053,2
27054,2
27055,1
27056,3
27057,3
27058,2
27059,0
27060,3
27061,3
27062,0
27063,2
27064,2
27065,0
27066,0
27067,0
27068,0
27069,3
27070,2
27071,2
27072,3
27073,2
27074,2
27075,1
27076,2
27077,2
27078,1
27079,1
27080,2
27081,3
27082,2
27083,2
27084,1
27085,2
27086,2
27087,2
27088,1
27089,3
27090,1
27091,2
27092,3
27093,3
27094,0
27095,2
27096,2
27097,3
27098,3
27099,0
27100,2
27101,2
27102,2
27103,2
27104,2
27105,3
27106,2
27107,0
27108,0
27109,2
27110,1
27111,1
27112,2
27113,2
27114,1
27115,1
27116,3
27117,2
27118,3
27119,2
27120,3
27121,2
27122,2
27123,2
27124,2
27125,2
27126,3
27127,3
27128,0
27129,1
27130,3
27131,1
27132,3
27133,3
27134,2
27135,2
27136,3
27137,1
27138,2
27139,2
27140,3
27141,2
27142,3
27143,3
27144,2
27145,2
27146,2
27147,2
27148,3
27149,2
27150,2
27151,2
27152,2
27153,3
27154,2
27155,4
27156,2
27157,2
27158,3
27159,4
27160,2
27161,3
27162,3
27163,2
27164,3
27165,3
27166,2
27167,3
27168,2
27169,2
27170,2
27171,2
27172,2
27173,2
27174,2
27175,3
27176,3
27177,2
27178,2
27179,2
27180,2
27181,4
27182,2
27183,2
27184,2
27185,4
27186,4
27187,2
27188,4
27189,2
27190,3
27191,2
27192,3
27193,2
27194,2
27195,2
27196,3
27197,3
27198,2
27199,0
27200,3
27201,2
27202,3
27203,2
27204,2
27205,2
27206,2
27207,2
27208,4
27209,2
27210,4
27211,2
27212,2
27213,2
27214,2
27215,2
27216,3
27217,2
27218,3
27219,2
27220,2
27221,3
27222,2
27223,2
27224,2
27225,3
27226,2
27227,2
27228,2
27229,2
27230,2
27231,3
27232,2
27233,4
27234,2
27235,4
27236,3
27237,3
27238,2
27239,2
27240,2
27241,0
27242,3
27243,2
27244,2
27245,3
27246,3
27247,3
27248,2
27249,0
27250,3
27251,3
27252,2
27253,2
27254,0
27255,2
27256,0
27257,3
27258,4
27259,2
27260,0
27261,2
27262,2
27263,2
27264,2
27265,2
27266,2
27267,3
27268,3
27269,2
27270,2
27271,0
27272,3
27273,3
27274,3
27275,2
27276,4
27277,2
27278,4
27279,2
27280,4
27281,2
27282,4
27283,3
27284,4
27285,4
27286,3
27287,4
27288,2
27289,4
27290,2
27291,2
27292,2
27293,4
27294,4
27295,4
27296,0
27297,4
27298,4
27299,4
27300,4
27301,2
27302,2
27303,2
27304,2
27305,2
27306,2
27307,4
27308,3
27309,4
27310,3
27311,2
27312,3
27313,2
27314,2
27315,2
27316,2
27317,3
27318,3
27319,4
27320,3
27321,0
27322,4
27323,2
27324,2
27325,2
27326,0
27327,2
27328,4
27329,3
27330,0
27331,3
27332,2
27333,3
27334,2
27335,3
27336,2
27337,4
27338,3
27339,3
27340,3
27341,4
27342,2
27343,2
27344,3
27345,2
27346,3
27347,3
27348,3
27349,2
27350,2
27351,3
27352,3
27353,2
27354,2
27355,2
27356,2
27357,2
27358,2
27359,3
27360,3
27361,2
27362,3
27363,3
27364,2
27365,2
27366,3
27367,4
27368,0
27369,3
27370,2
27371,4
27372,3
27373,3
27374,2
27375,2
27376,3
27377,2
27378,2
27379,2
27380,2
27381,3
27382,3
27383,2
27384,2
27385,2
27386,2
27387,3
27388,2
27389,2
27390,2
27391,2
27392,2
27393,3
27394,4
27395,0
27396,3
27397,3
27398,2
27399,2
27400,4
27401,4
27402,2
27403,3
27404,2
27405,4
27406,2
27407,2
27408,2
27409,4
27410,2
27411,2
27412,0
27413,0
27414,3
27415,3
27416,2
27417,3
27418,3
27419,2
27420,3
27421,3
27422,0
27423,4
27424,2
27425,2
27426,2
27427,2
27428,3
27429,0
27430,4
27431,3
27432,4
27433,3
27434,2
27435,2
27436,2
27437,0
27438,3
27439,2
27440,2
27441,3
27442,2
27443,2
27444,3
27445,2
27446,4
27447,4
27448,2
27449,2
27450,2
27451,2
27452,4
27453,4
27454,0
27455,4
27456,2
27457,2
27458,4
27459,3
27460,2
27461,3
27462,2
27463,2
27464,4
27465,4
27466,2
27467,2
27468,3
27469,4
27470,0
27471,3
27472,2
27473,3
27474,3
27475,3
27476,2
27477,2
27478,4
27479,2
27480,2
27481,2
27482,2
27483,2
27484,2
27485,4
27486,2
27487,2
27488,4
27489,3
27490,2
27491,4
27492,2
27493,2
27494,2
27495,3
27496,3
27497,2
27498,3
27499,2
27500,2
27501,2
27502,2
27503,4
27504,4
27505,4
27506,2
27507,4
27508,4
27509,2
27510,3
27511,4
27512,2
27513,2
27514,3
27515,4
27516,3
27517,2
27518,2
27519,4
27520,3
27521,4
27522,2
27523,2
27524,4
27525,4
27526,2
27527,4
27528,2
27529,2
27530,2
27531,2
27532,2
27533,4
27534,3
27535,2
27536,0
27537,2
27538,3
27539,2
27540,3
27541,2
27542,2
27543,2
27544,3
27545,2
27546,2
27547,2
27548,3
27549,3
27550,3
27551,4
27552,3
27553,4
27554,4
27555,4
27556,3
27557,3
27558,2
27559,4
27560,4
27561,2
27562,4
27563,4
27564,2
27565,3
27566,4
27567,3
27568,4
27569,4
27570,2
27571,3
27572,3
27573,4
27574,3
27575,2
27576,4
27577,2
27578,2
27579,3
27580,0
27581,4
27582,4
27583,2
27584,2
27585,0
27586,4
27587,4
27588,2
27589,2
27590,4
27591,2
27592,3
27593,2
27594,3
27595,2
27596,4
27597,2
27598,3
27599,2
27600,2
27601,2
27602,2
27603,2
27604,2
27605,2
27606,3
27607,3
27608,2
27609,3
27610,2
27611,4
27612,2
27613,0
27614,2
27615,2
27616,2
27617,3
27618,4
27619,4
27620,3
27621,4
27622,3
27623,2
27624,2
27625,3
27626,4
27627,2
27628,3
27629,3
27630,4
27631,2
27632,4
27633,2
27634,2
27635,2
27636,0
27637,2
27638,3
27639,3
27640,4
27641,2
27642,4
27643,2
27644,3
27645,2
27646,3
27647,2
27648,2
27649,0
27650,2
27651,3
27652,2
27653,2
27654,2
27655,2
27656,3
27657,2
27658,0
27659,4
27660,4
27661,4
27662,2
27663,2
27664,2
27665,2
27666,4
27667,2
27668,2
27669,2
27670,2
27671,0
27672,2
27673,2
27674,3
27675,2
27676,4
27677,2
27678,4
27679,4
27680,3
27681,2
27682,3
27683,0
27684,2
27685,4
27686,2
27687,2
27688,2
27689,2
27690,0
27691,4
27692,3
27693,4
27694,3
27695,2
27696,2
27697,3
27698,2
27699,4
27700,2
27701,2
27702,3
27703,3
27704,0
27705,4
27706,3
27707,2
27708,3
27709,0
27710,2
27711,3
27712,4
27713,3
27714,2
27715,2
27716,2
27717,2
27718,2
27719,2
27720,0
27721,4
27722,2
27723,2
27724,3
27725,2
27726,3
27727,2
27728,3
27729,2
27730,2
27731,4
27732,2
27733,3
27734,4
27735,4
27736,3
27737,0
27738,0
27739,3
27740,4
27741,2
27742,2
27743,2
27744,3
27745,3
27746,3
27747,4
27748,2
27749,2
27750,3
27751,2
27752,4
27753,4
27754,2
27755,2
27756,3
27757,3
27758,4
27759,3
27760,0
27761,0
27762,3
27763,2
27764,4
27765,4
27766,4
27767,3
27768,4
27769,2
27770,4
27771,3
27772,4
27773,3
27774,3
27775,2
27776,4
27777,3
27778,2
27779,4
27780,2
27781,0
27782,2
27783,2
27784,4
27785,2
27786,2
27787,2
27788,4
27789,2
27790,2
27791,3
27792,0
27793,0
27794,4
27795,3
27796,4
27797,4
27798,4
27799,2
27800,4
27801,3
27802,4
27803,2
27804,3
27805,2
27806,4
27807,0
27808,4
27809,0
27810,4
27811,3
27812,2
27813,3
27814,3
27815,3
27816,2
27817,4
27818,3
27819,2
27820,2
27821,2
27822,4
27823,3
27824,2
27825,2
27826,3
27827,3
27828,2
27829,2
27830,2
27831,2
27832,2
27833,3
27834,3
27835,2
27836,2
27837,2
27838,2
27839,2
27840,0
27841,2
27842,2
27843,3
27844,2
27845,3
27846,2
27847,2
27848,2
27849,2
27850,2
27851,2
27852,2
27853,3
27854,4
27855,0
27856,4
27857,2
27858,2
27859,2
27860,3
27861,2
27862,2
27863,4
27864,3
27865,2
27866,3
27867,3
27868,3
27869,2
27870,3
27871,2
27872,2
27873,2
27874,3
27875,3
27876,4
27877,3
27878,4
27879,2
27880,2
27881,0
27882,2
27883,2
27884,3
27885,3
27886,3
27887,2
27888,2
27889,3
27890,2
27891,0
27892,4
27893,2
27894,4
27895,2
27896,2
27897,2
27898,2
27899,0
27900,3
27901,2
27902,3
27903,2
27904,2
27905,3
27906,3
27907,4
27908,4
27909,4
27910,4
27911,2
27912,2
27913,4
27914,4
27915,4
27916,2
27917,2
27918,2
27919,3
27920,3
27921,2
27922,3
27923,2
27924,2
27925,2
27926,3
27927,0
27928,4
27929,4
27930,4
27931,2
27932,3
27933,2
27934,3
27935,3
27936,4
27937,4
27938,4
27939,4
27940,2
27941,4
27942,2
27943,4
27944,4
27945,4
27946,4
27947,4
27948,4
27949,4
27950,4
27951,4
27952,4
27953,4
27954,2
27955,4
27956,4
27957,3
27958,4
27959,4
27960,4
27961,4
27962,4
27963,4
27964,4
27965,2
27966,2
27967,2
27968,4
27969,4
27970,4
27971,4
27972,4
27973,4
27974,2
27975,4
27976,2
27977,4
27978,4
27979,4
27980,4
27981,4
27982,4
27983,4
27984,3
27985,2
27986,2
27987,4
27988,4
27989,4
27990,4
27991,4
27992,4
27993,3
27994,4
27995,3
27996,4
27997,4
27998,4
27999,4
28000,4
28001,4
28002,4
28003,4
28004,4
28005,4
28006,4
28007,4
28008,2
28009,4
28010,3
28011,2
28012,2
28013,2
28014,2
28015,3
28016,0
28017,2
28018,4
28019,4
28020,3
28021,2
28022,3
28023,0
28024,3
28025,2
28026,3
28027,3
28028,3
28029,2
28030,2
28031,4
28032,2
28033,2
28034,2
28035,2
28036,2
28037,3
28038,4
28039,4
28040,4
28041,3
28042,2
28043,4
28044,4
28045,4
28046,4
28047,4
28048,4
28049,2
28050,2
28051,2
28052,2
28053,2
28054,3
28055,0
28056,2
28057,0
28058,4
28059,3
28060,4
28061,2
28062,4
28063,4
28064,4
28065,4
28066,3
28067,3
28068,3
28069,2
28070,2
28071,2
28072,2
28073,2
28074,3
28075,3
28076,2
28077,3
28078,0
28079,2
28080,4
28081,2
28082,2
28083,2
28084,3
28085,4
28086,2
28087,4
28088,2
28089,2
28090,2
28091,2
28092,2
28093,2
28094,2
28095,2
28096,2
28097,2
28098,2
28099,2
28100,2
28101,2
28102,2
28103,0
28104,4
28105,2
28106,4
28107,2
28108,2
28109,2
28110,4
28111,4
28112,4
28113,4
28114,2
28115,2
28116,4
28117,2
28118,2
28119,4
28120,3
28121,0
28122,2
28123,2
28124,3
28125,0
28126,2
28127,2
28128,3
28129,3
28130,2
28131,2
28132,3
28133,2
28134,2
28135,0
28136,2
28137,2
28138,2
28139,2
28140,3
28141,2
28142,4
28143,4
28144,2
28145,2
28146,2
28147,2
28148,0
28149,2
28150,2
28151,3
28152,2
28153,0
28154,3
28155,2
28156,2
28157,2
28158,2
28159,2
28160,2
28161,2
28162,2
28163,2
28164,3
28165,2
28166,2
28167,2
28168,2
28169,4
28170,2
28171,4
28172,4
28173,4
28174,2
28175,2
28176,2
28177,2
28178,3
28179,2
28180,2
28181,2
28182,4
28183,2
28184,2
28185,3
28186,2
28187,2
28188,3
28189,3
28190,0
28191,2
28192,2
28193,3
28194,0
28195,2
28196,4
28197,3
28198,2
28199,3
28200,3
28201,4
28202,2
28203,3
28204,2
28205,0
28206,2
28207,2
28208,3
28209,4
28210,2
28211,4
28212,2
28213,4
28214,3
28215,2
28216,0
28217,2
28218,3
28219,2
28220,2
28221,2
28222,2
28223,2
28224,2
28225,2
28226,2
28227,3
28228,2
28229,3
28230,2
28231,2
28232,4
28233,2
28234,2
28235,3
28236,2
28237,4
28238,3
28239,3
28240,0
28241,2
28242,3
28243,3
28244,3
28245,2
28246,3
28247,2
28248,2
28249,2
28250,2
28251,2
28252,2
28253,3
28254,4
28255,2
28256,3
28257,0
28258,3
28259,2
28260,3
28261,3
28262,0
28263,2
28264,3
28265,2
28266,2
28267,2
28268,3
28269,3
28270,3
28271,2
28272,2
28273,0
28274,4
28275,2
28276,3
28277,3
28278,3
28279,0
28280,3
28281,2
28282,2
28283,3
28284,3
28285,3
28286,3
28287,3
28288,3
28289,0
28290,2
28291,2
28292,2
28293,2
28294,2
28295,3
28296,2
28297,2
28298,2
28299,3
28300,2
28301,4
28302,2
28303,3
28304,2
28305,2
28306,2
28307,3
28308,3
28309,2
28310,3
28311,4
28312,3
28313,2
28314,2
28315,2
28316,2
28317,2
28318,2
28319,2
28320,4
28321,3
28322,2
28323,2
28324,2
28325,0
28326,3
28327,0
28328,2
28329,2
28330,2
28331,2
28332,3
28333,4
28334,3
28335,4
28336,4
28337,4
28338,3
28339,2
28340,3
28341,2
28342,4
28343,2
28344,4
28345,2
28346,3
28347,3
28348,2
28349,4
28350,2
28351,3
28352,3
28353,3
28354,2
28355,2
28356,2
28357,4
28358,2
28359,2
28360,2
28361,0
28362,3
28363,0
28364,3
28365,2
28366,2
28367,3
28368,2
28369,3
28370,4
28371,2
28372,2
28373,3
28374,2
28375,2
28376,2
28377,2
28378,0
28379,2
28380,2
28381,3
28382,3
28383,4
28384,3
28385,2
28386,2
28387,2
28388,3
28389,2
28390,2
28391,3
28392,3
28393,3
28394,4
28395,4
28396,2
28397,3
28398,2
28399,2
28400,2
28401,2
28402,4
28403,2
28404,3
28405,2
28406,2
28407,3
28408,2
28409,3
28410,2
28411,2
28412,2
28413,2
28414,0
28415,2
28416,3
28417,4
28418,2
28419,3
28420,2
28421,0
28422,2
28423,2
28424,2
28425,4
28426,3
28427,2
28428,4
28429,2
28430,2
28431,0
28432,2
28433,3
28434,3
28435,2
28436,3
28437,3
28438,1
28439,4
28440,3
28441,4
28442,2
28443,3
28444,2
28445,2
28446,4
28447,2
28448,2
28449,2
28450,3
28451,3
28452,3
28453,2
28454,2
28455,2
28456,2
28457,3
28458,2
28459,2
28460,0
28461,2
28462,2
28463,2
28464,2
28465,2
28466,2
28467,2
28468,4
28469,4
28470,3
28471,4
28472,4
28473,4
28474,2
28475,2
28476,3
28477,4
28478,3
28479,3
28480,2
28481,3
28482,3
28483,4
28484,3
28485,3
28486,3
28487,3
28488,3
28489,2
28490,0
28491,2
28492,2
28493,4
28494,2
28495,4
28496,4
28497,4
28498,4
28499,3
28500,4
28501,3
28502,4
28503,4
28504,3
28505,2
28506,2
28507,3
28508,2
28509,2
28510,2
28511,2
28512,2
28513,3
28514,2
28515,2
28516,2
28517,2
28518,0
28519,0
28520,3
28521,0
28522,3
28523,2
28524,2
28525,3
28526,0
28527,0
28528,2
28529,4
28530,0
28531,2
28532,2
28533,4
28534,2
28535,3
28536,4
28537,2
28538,2
28539,2
28540,4
28541,3
28542,4
28543,4
28544,3
28545,4
28546,2
28547,0
28548,3
28549,3
28550,2
28551,2
28552,2
28553,2
28554,4
28555,2
28556,1
28557,4
28558,2
28559,2
28560,2
28561,4
28562,4
28563,0
28564,2
28565,4
28566,0
28567,4
28568,4
28569,2
28570,0
28571,4
28572,2
28573,3
28574,3
28575,3
28576,3
28577,3
28578,3
28579,4
28580,4
28581,2
28582,2
28583,2
28584,3
28585,2
28586,2
28587,2
28588,2
28589,3
28590,3
28591,2
28592,2
28593,2
28594,3
28595,0
28596,3
28597,2
28598,3
28599,2
28600,0
28601,2
28602,3
28603,4
28604,3
28605,3
28606,0
28607,2
28608,2
28609,3
28610,2
28611,3
28612,4
28613,3
28614,2
28615,2
28616,4
28617,2
28618,2
28619,2
28620,3
28621,3
28622,2
28623,3
28624,3
28625,4
28626,3
28627,2
28628,2
28629,3
28630,4
28631,2
28632,3
28633,2
28634,4
28635,4
28636,3
28637,4
28638,4
28639,4
28640,0
28641,2
28642,3
28643,3
28644,3
28645,0
28646,2
28647,4
28648,4
28649,4
28650,2
28651,4
28652,4
28653,4
28654,2
28655,2
28656,4
28657,4
28658,4
28659,4
28660,2
28661,3
28662,4
28663,4
28664,2
28665,2
28666,2
28667,3
28668,4
28669,4
28670,4
28671,4
28672,2
28673,3
28674,2
28675,2
28676,2
28677,3
28678,3
28679,3
28680,2
28681,3
28682,3
28683,2
28684,3
28685,3
28686,3
28687,2
28688,4
28689,4
28690,4
28691,2
28692,2
28693,3
28694,4
28695,2
28696,4
28697,4
28698,4
28699,4
28700,3
28701,4
28702,3
28703,2
28704,2
28705,0
28706,0
28707,4
28708,4
28709,4
28710,2
28711,3
28712,2
28713,2
28714,4
28715,2
28716,2
28717,2
28718,2
28719,4
28720,3
28721,4
28722,2
28723,0
28724,3
28725,3
28726,2
28727,3
28728,2
28729,2
28730,2
28731,3
28732,2
28733,3
28734,2
28735,2
28736,3
28737,2
28738,2
28739,2
28740,3
28741,4
28742,3
28743,3
28744,3
28745,2
28746,3
28747,3
28748,2
28749,0
28750,2
28751,2
28752,2
28753,2
28754,2
28755,2
28756,4
28757,2
28758,2
28759,2
28760,4
28761,2
28762,2
28763,2
28764,2
28765,2
28766,2
28767,2
28768,4
28769,2
28770,2
28771,2
28772,2
28773,2
28774,4
28775,4
28776,2
28777,4
28778,2
28779,4
28780,3
28781,2
28782,4
28783,2
28784,4
28785,4
28786,3
28787,3
28788,2
28789,2
28790,3
28791,2
28792,2
28793,2
28794,3
28795,3
28796,2
28797,4
28798,2
28799,2
28800,2
28801,2
28802,2
28803,4
28804,2
28805,2
28806,2
28807,4
28808,2
28809,3
28810,2
28811,2
28812,2
28813,2
28814,2
28815,3
28816,2
28817,3
28818,3
28819,2
28820,2
28821,2
28822,2
28823,2
28824,2
28825,4
28826,2
28827,2
28828,2
28829,2
28830,2
28831,2
28832,2
28833,3
28834,2
28835,3
28836,3
28837,2
28838,3
28839,3
28840,3
28841,3
28842,0
28843,2
28844,3
28845,2
28846,3
28847,2
28848,2
28849,3
28850,2
28851,2
28852,2
28853,2
28854,4
28855,2
28856,2
28857,2
28858,0
28859,0
28860,2
28861,2
28862,2
28863,2
28864,4
28865,4
28866,2
28867,3
28868,3
28869,2
28870,3
28871,3
28872,4
28873,4
28874,3
28875,3
28876,2
28877,3
28878,2
28879,2
28880,3
28881,3
28882,2
28883,3
28884,3
28885,2
28886,4
28887,2
28888,2
28889,2
28890,3
28891,2
28892,3
28893,0
28894,4
28895,2
28896,3
28897,3
28898,3
28899,2
28900,3
28901,3
28902,2
28903,2
28904,2
28905,4
28906,4
28907,0
28908,2
28909,4
28910,4
28911,2
28912,4
28913,2
28914,2
28915,2
28916,4
28917,2
28918,2
28919,2
28920,3
28921,2
28922,3
28923,2
28924,0
28925,3
28926,3
28927,4
28928,0
28929,2
28930,3
28931,4
28932,4
28933,4
28934,2
28935,3
28936,2
28937,2
28938,2
28939,2
28940,2
28941,2
28942,2
28943,2
28944,3
28945,3
28946,3
28947,2
28948,4
28949,2
28950,2
28951,3
28952,2
28953,2
28954,2
28955,4
28956,2
28957,2
28958,2
28959,2
28960,2
28961,2
28962,2
28963,4
28964,2
28965,2
28966,0
28967,2
28968,2
28969,2
28970,2
28971,2
28972,2
28973,2
28974,2
28975,2
28976,2
28977,3
28978,3
28979,2
28980,3
28981,2
28982,3
28983,3
28984,2
28985,3
28986,2
28987,2
28988,3
28989,2
28990,2
28991,0
28992,0
28993,2
28994,2
28995,2
28996,2
28997,3
28998,2
28999,3
29000,3
29001,3
29002,2
29003,4
29004,4
29005,2
29006,2
29007,2
29008,3
29009,2
29010,2
29011,2
29012,3
29013,4
29014,2
29015,2
29016,0
29017,2
29018,2
29019,2
29020,2
29021,3
29022,4
29023,0
29024,0
29025,4
29026,2
29027,0
29028,4
29029,3
29030,2
29031,4
29032,2
29033,2
29034,2
29035,2
29036,3
29037,3
29038,2
29039,3
29040,3
29041,2
29042,0
29043,4
29044,4
29045,2
29046,0
29047,2
29048,0
29049,2
29050,4
29051,2
29052,2
29053,3
29054,2
29055,3
29056,2
29057,2
29058,2
29059,2
29060,2
29061,2
29062,3
29063,2
29064,2
29065,2
29066,4
29067,2
29068,3
29069,2
29070,2
29071,4
29072,4
29073,2
29074,4
29075,0
29076,2
29077,2
29078,4
29079,2
29080,2
29081,2
29082,2
29083,2
29084,0
29085,4
29086,3
29087,3
29088,4
29089,3
29090,2
29091,2
29092,4
29093,3
29094,2
29095,0
29096,2
29097,3
29098,2
29099,3
29100,2
29101,2
29102,3
29103,2
29104,2
29105,3
29106,2
29107,3
29108,2
29109,2
29110,3
29111,2
29112,2
29113,3
29114,2
29115,3
29116,3
29117,2
29118,2
29119,2
29120,3
29121,2
29122,2
29123,2
29124,2
29125,2
29126,2
29127,3
29128,4
29129,2
29130,4
29131,3
29132,4
29133,4
29134,3
29135,3
29136,2
29137,2
29138,2
29139,3
29140,2
29141,2
29142,2
29143,0
29144,0
29145,2
29146,2
29147,3
29148,3
29149,2
29150,3
29151,3
29152,3
29153,2
29154,2
29155,2
29156,2
29157,2
29158,3
29159,2
29160,2
29161,2
29162,2
29163,2
29164,3
29165,4
29166,2
29167,0
29168,2
29169,2
29170,3
29171,4
29172,3
29173,2
29174,3
29175,0
29176,2
29177,2
29178,2
29179,2
29180,2
29181,2
29182,4
29183,2
29184,2
29185,3
29186,2
29187,4
29188,0
29189,3
29190,3
29191,2
29192,3
29193,2
29194,2
29195,4
29196,4
29197,2
29198,2
29199,2
29200,3
29201,3
29202,4
29203,4
29204,3
29205,2
29206,2
29207,2
29208,2
29209,2
29210,2
29211,2
29212,2
29213,3
29214,3
29215,4
29216,2
29217,2
29218,2
29219,2
29220,2
29221,3
29222,3
29223,2
29224,2
29225,2
29226,4
29227,1
29228,3
29229,2
29230,2
29231,2
29232,4
29233,4
29234,3
29235,2
29236,2
29237,3
29238,3
29239,2
29240,2
29241,4
29242,3
29243,4
29244,4
29245,3
29246,3
29247,4
29248,2
29249,4
29250,4
29251,4
29252,4
29253,4
29254,2
29255,2
29256,3
29257,4
29258,3
29259,4
29260,2
29261,3
29262,2
29263,2
29264,2
29265,3
29266,2
29267,3
29268,3
29269,2
29270,2
29271,2
29272,2
29273,2
29274,2
29275,3
29276,2
29277,3
29278,3
29279,2
29280,4
29281,2
29282,0
29283,2
29284,2
29285,2
29286,2
29287,3
29288,2
29289,3
29290,0
29291,0
29292,3
29293,2
29294,2
29295,4
29296,2
29297,2
29298,2
29299,4
29300,2
29301,3
29302,3
29303,3
29304,2
29305,2
29306,4
29307,4
29308,3
29309,3
29310,0
29311,2
29312,2
29313,2
29314,0
29315,4
29316,0
29317,0
29318,2
29319,2
29320,2
29321,2
29322,3
29323,0
29324,2
29325,2
29326,3
29327,0
29328,3
29329,2
29330,4
29331,3
29332,2
29333,2
29334,2
29335,3
29336,3
29337,3
29338,2
29339,0
29340,2
29341,3
29342,3
29343,3
29344,2
29345,2
29346,2
29347,3
29348,3
29349,3
29350,3
29351,2
29352,4
29353,3
29354,2
29355,2
29356,2
29357,2
29358,2
29359,3
29360,3
29361,2
29362,2
29363,2
29364,2
29365,0
29366,2
29367,4
29368,3
29369,2
29370,2
29371,2
29372,2
29373,2
29374,3
29375,2
29376,2
29377,2
29378,2
29379,2
29380,2
29381,3
29382,2
29383,3
29384,3
29385,2
29386,3
29387,2
29388,2
29389,4
29390,3
29391,2
29392,2
29393,2
29394,2
29395,2
29396,0
29397,3
29398,2
29399,2
29400,2
29401,2
29402,3
29403,2
29404,2
29405,0
29406,3
29407,2
29408,3
29409,2
29410,2
29411,2
29412,3
29413,3
29414,2
29415,2
29416,2
29417,4
29418,3
29419,3
29420,0
29421,3
29422,4
29423,2
29424,2
29425,4
29426,2
29427,2
29428,2
29429,0
29430,3
29431,2
29432,3
29433,2
29434,2
29435,4
29436,2
29437,2
29438,2
29439,3
29440,2
29441,4
29442,2
29443,4
29444,2
29445,2
29446,2
29447,3
29448,3
29449,3
29450,4
29451,3
29452,4
29453,4
29454,4
29455,2
29456,2
29457,2
29458,2
29459,2
29460,2
29461,2
29462,2
29463,2
29464,2
29465,2
29466,2
29467,2
29468,2
29469,2
29470,2
29471,0
29472,1
29473,0
29474,2
29475,2
29476,2
29477,3
29478,3
29479,3
29480,3
29481,2
29482,3
29483,2
29484,2
29485,2
29486,2
29487,2
29488,3
29489,2
29490,2
29491,3
29492,3
29493,2
29494,4
29495,2
29496,4
29497,2
29498,3
29499,0
29500,2
29501,2
29502,3
29503,2
29504,2
29505,2
29506,3
29507,2
29508,3
29509,2
29510,3
29511,3
29512,2
29513,3
29514,2
29515,2
29516,0
29517,2
29518,2
29519,3
29520,2
29521,4
29522,4
29523,2
29524,2
29525,2
29526,2
29527,2
29528,3
29529,2
29530,3
29531,3
29532,3
29533,4
29534,3
29535,2
29536,2
29537,2
29538,3
29539,0
29540,4
29541,2
29542,0
29543,2
29544,2
29545,2
29546,2
29547,3
29548,2
29549,0
29550,3
29551,2
29552,2
29553,0
29554,3
29555,3
29556,2
29557,0
29558,2
29559,2
29560,2
29561,2
29562,2
29563,2
29564,4
29565,0
29566,2
29567,2
29568,2
29569,2
29570,3
29571,4
29572,2
29573,4
29574,0
29575,0
29576,0
29577,3
29578,0
29579,2
29580,2
29581,3
29582,2
29583,3
29584,3
29585,0
29586,4
29587,2
29588,2
29589,4
29590,0
29591,2
29592,0
29593,2
29594,3
29595,0
29596,3
29597,0
29598,2
29599,3
29600,0
29601,3
29602,3
29603,2
29604,3
29605,3
29606,2
29607,4
29608,3
29609,3
29610,2
29611,2
29612,2
29613,2
29614,2
29615,2
29616,2
29617,2
29618,2
29619,2
29620,2
29621,3
29622,2
29623,3
29624,2
29625,2
29626,3
29627,2
29628,3
29629,2
29630,2
29631,2
29632,2
29633,2
29634,0
29635,2
29636,2
29637,2
29638,2
29639,2
29640,2
29641,0
29642,0
29643,3
29644,2
29645,2
29646,3
29647,3
29648,3
29649,2
29650,3
29651,1
29652,3
29653,3
29654,2
29655,2
29656,2
29657,2
29658,3
29659,2
29660,2
29661,3
29662,3
29663,2
29664,4
29665,3
29666,2
29667,2
29668,2
29669,2
29670,3
29671,3
29672,3
29673,2
29674,2
29675,2
29676,2
29677,3
29678,4
29679,4
29680,4
29681,4
29682,3
29683,2
29684,3
29685,2
29686,2
29687,0
29688,2
29689,2
29690,4
29691,2
29692,3
29693,2
29694,0
29695,2
29696,2
29697,2
29698,2
29699,2
29700,3
29701,3
29702,0
29703,3
29704,2
29705,0
29706,3
29707,2
29708,2
29709,3
29710,3
29711,2
29712,2
29713,3
29714,3
29715,3
29716,3
29717,4
29718,2
29719,3
29720,3
29721,3
29722,2
29723,3
29724,2
29725,0
29726,4
29727,2
29728,3
29729,0
29730,0
29731,0
29732,0
29733,0
29734,0
29735,2
29736,3
29737,2
29738,2
29739,3
29740,3
29741,2
29742,2
29743,2
29744,2
29745,2
29746,2
29747,2
29748,2
29749,2
29750,4
29751,2
29752,4
29753,3
29754,2
29755,2
29756,2
29757,2
29758,2
29759,4
29760,2
29761,3
29762,2
29763,3
29764,0
29765,0
29766,2
29767,2
29768,2
29769,0
29770,2
29771,2
29772,2
29773,2
29774,2
29775,2
29776,2
29777,0
29778,3
29779,3
29780,2
29781,0
29782,4
29783,2
29784,3
29785,4
29786,2
29787,3
29788,2
29789,2
29790,2
29791,2
29792,2
29793,2
29794,2
29795,2
29796,3
29797,2
29798,2
29799,4
29800,2
29801,3
29802,4
29803,2
29804,4
29805,2
29806,4
29807,2
29808,2
29809,4
29810,2
29811,2
29812,2
29813,2
29814,3
29815,3
29816,3
29817,2
29818,2
29819,3
29820,2
29821,2
29822,2
29823,2
29824,2
29825,2
29826,3
29827,2
29828,2
29829,2
29830,0
29831,2
29832,2
29833,0
29834,2
29835,2
29836,2
29837,2
29838,3
29839,2
29840,0
29841,3
29842,2
29843,2
29844,2
29845,3
29846,3
29847,4
29848,4
29849,2
29850,3
29851,2
29852,2
29853,2
29854,2
29855,2
29856,2
29857,4
29858,2
29859,2
29860,2
29861,2
29862,2
29863,2
29864,2
29865,2
29866,0
29867,2
29868,2
29869,2
29870,2
29871,2
29872,2
29873,3
29874,2
29875,2
29876,2
29877,2
29878,2
29879,2
29880,2
29881,0
29882,2
29883,0
29884,0
29885,2
29886,2
29887,2
29888,2
29889,3
29890,2
29891,3
29892,2
29893,2
29894,2
29895,3
29896,2
29897,3
29898,3
29899,2
29900,2
29901,2
29902,2
29903,2
29904,2
29905,2
29906,2
29907,3
29908,2
29909,4
29910,2
29911,2
29912,2
29913,3
29914,2
29915,2
29916,2
29917,2
29918,2
29919,2
29920,2
29921,3
29922,2
29923,2
29924,2
29925,2
29926,2
29927,3
29928,3
29929,0
29930,2
29931,3
29932,3
29933,2
29934,3
29935,0
29936,3
29937,3
29938,3
29939,3
29940,3
29941,2
29942,2
29943,2
29944,2
29945,0
29946,4
29947,2
29948,2
29949,3
29950,3
29951,2
29952,2
29953,2
29954,4
29955,3
29956,3
29957,2
29958,2
29959,2
29960,2
29961,2
29962,2
29963,2
29964,3
29965,2
29966,2
29967,0
29968,0
29969,2
29970,2
29971,4
29972,4
29973,2
29974,2
29975,2
29976,2
29977,2
29978,2
29979,3
29980,0
29981,4
29982,2
29983,3
29984,2
29985,3
29986,3
29987,2
29988,2
29989,4
29990,2
29991,3
29992,2
29993,2
29994,2
29995,2
29996,3
29997,2
29998,3
29999,4
30000,2
30001,0
30002,0
30003,2
30004,2
30005,2
30006,2
30007,2
30008,2
30009,2
30010,2
30011,3
30012,0
30013,2
30014,2
30015,4
30016,2
30017,2
30018,2
30019,2
30020,0
30021,0
30022,0
30023,2
30024,2
30025,2
30026,2
30027,2
30028,2
30029,4
30030,4
30031,2
30032,3
30033,2
30034,4
30035,2
30036,3
30037,2
30038,2
30039,0
30040,0
30041,0
30042,2
30043,2
30044,0
30045,0
30046,2
30047,2
30048,0
30049,2
30050,2
30051,2
30052,0
30053,2
30054,4
30055,2
30056,3
30057,3
30058,2
30059,2
30060,2
30061,2
30062,2
30063,2
30064,3
30065,4
30066,2
30067,4
30068,3
30069,4
30070,2
30071,3
30072,4
30073,2
30074,2
30075,0
30076,0
30077,2
30078,2
30079,4
30080,3
30081,2
30082,3
30083,3
30084,3
30085,2
30086,0
30087,3
30088,2
30089,2
30090,2
30091,0
30092,3
30093,2
30094,2
30095,2
30096,2
30097,2
30098,2
30099,2
30100,2
30101,2
30102,4
30103,2
30104,2
30105,2
30106,2
30107,0
30108,0
30109,3
30110,4
30111,2
30112,2
30113,2
30114,4
30115,3
30116,3
30117,2
30118,2
30119,4
30120,2
30121,4
30122,4
30123,2
30124,4
30125,4
30126,2
30127,4
30128,2
30129,2
30130,4
30131,3
30132,2
30133,2
30134,2
30135,0
30136,2
30137,2
30138,2
30139,2
30140,2
30141,0
30142,3
30143,3
30144,4
30145,2
30146,3
30147,2
30148,2
30149,2
30150,2
30151,2
30152,2
30153,3
30154,3
30155,2
30156,2
30157,2
30158,2
30159,2
30160,3
30161,3
30162,2
30163,2
30164,0
30165,3
30166,3
30167,3
30168,3
30169,0
30170,2
30171,0
30172,2
30173,2
30174,0
30175,2
30176,3
30177,2
30178,2
30179,0
30180,2
30181,2
30182,2
30183,3
30184,2
30185,0
30186,2
30187,2
30188,2
30189,0
30190,3
30191,2
30192,2
30193,2
30194,2
30195,2
30196,3
30197,2
30198,2
30199,2
30200,4
30201,2
30202,2
30203,2
30204,2
30205,0
30206,2
30207,2
30208,2
30209,3
30210,2
30211,3
30212,2
30213,3
30214,2
30215,2
30216,2
30217,2
30218,2
30219,2
30220,2
30221,2
30222,2
30223,2
30224,2
30225,3
30226,2
30227,2
30228,4
30229,0
30230,2
30231,2
30232,2
30233,2
30234,2
30235,3
30236,3
30237,4
30238,2
30239,4
30240,2
30241,0
30242,2
30243,2
30244,4
30245,4
30246,4
30247,2
30248,4
30249,2
30250,2
30251,2
30252,2
30253,3
30254,2
30255,2
30256,2
30257,2
30258,2
30259,2
30260,0
30261,4
30262,2
30263,0
30264,4
30265,2
30266,2
30267,2
30268,3
30269,4
30270,4
30271,2
30272,2
30273,2
30274,4
30275,2
30276,2
30277,2
30278,2
30279,2
30280,3
30281,2
30282,2
30283,2
30284,2
30285,3
30286,3
30287,4
30288,4
30289,4
30290,2
30291,2
30292,2
30293,2
30294,2
30295,2
30296,2
30297,3
30298,3
30299,2
30300,2
30301,2
30302,3
30303,2
30304,2
30305,0
30306,2
30307,3
30308,2
30309,4
30310,2
30311,3
30312,3
30313,2
30314,2
30315,0
30316,2
30317,2
30318,4
30319,3
30320,2
30321,0
30322,4
30323,3
30324,4
30325,4
30326,3
30327,2
30328,2
30329,3
30330,4
30331,4
30332,3
30333,2
30334,2
30335,2
30336,2
30337,2
30338,2
30339,4
30340,2
30341,2
30342,2
30343,0
30344,2
30345,2
30346,2
30347,4
30348,2
30349,3
30350,2
30351,3
30352,2
30353,2
30354,4
30355,2
30356,2
30357,3
30358,2
30359,3
30360,2
30361,2
30362,4
30363,2
30364,2
30365,2
30366,3
30367,4
30368,3
30369,2
30370,2
30371,2
30372,2
30373,2
30374,3
30375,2
30376,2
30377,2
30378,4
30379,2
30380,2
30381,2
30382,3
30383,2
30384,0
30385,3
30386,2
30387,3
30388,4
30389,0
30390,4
30391,4
30392,4
30393,4
30394,4
30395,4
30396,4
30397,4
30398,4
30399,4
30400,4
30401,0
30402,4
30403,4
30404,4
30405,4
30406,4
30407,4
30408,4
30409,4
30410,4
30411,4
30412,4
30413,4
30414,4
30415,4
30416,4
30417,4
30418,4
30419,4
30420,4
30421,4
30422,4
30423,4
30424,4
30425,4
30426,4
30427,4
30428,4
30429,4
30430,4
30431,4
30432,4
30433,4
30434,4
30435,4
30436,4
30437,4
30438,4
30439,4
30440,4
30441,4
30442,4
30443,4
30444,4
30445,4
30446,4
30447,4
30448,4
30449,4
30450,4
30451,4
30452,4
30453,4
30454,4
30455,4
30456,4
30457,4
30458,4
30459,4
30460,1
30461,4
30462,4
30463,4
30464,4
30465,4
30466,4
30467,4
30468,4
30469,4
30470,4
30471,4
30472,4
30473,4
30474,4
30475,1
30476,1
30477,1
30478,1
30479,4
30480,3
30481,2
30482,1
30483,4
30484,4
30485,1
30486,1
30487,4
30488,1
30489,2
30490,1
30491,1
30492,1
30493,1
30494,4
30495,4
30496,4
30497,4
30498,4
30499,4
30500,4
30501,3
30502,4
30503,4
30504,1
30505,1
30506,3
30507,4
30508,4
30509,4
30510,4
30511,4
30512,4
30513,1
30514,4
30515,3
30516,4
30517,4
30518,4
30519,4
30520,4
30521,4
30522,4
30523,0
30524,0
30525,4
30526,4
30527,1
30528,2
30529,1
30530,0
30531,0
30532,4
30533,4
30534,3
30535,4
30536,4
30537,4
30538,4
30539,4
30540,1
30541,4
30542,4
30543,4
30544,4
30545,4
30546,4
30547,4
30548,1
30549,4
30550,4
30551,1
30552,1
30553,4
30554,1
30555,4
30556,4
30557,1
30558,3
30559,4
30560,4
30561,4
30562,4
30563,4
30564,4
30565,4
30566,4
30567,4
30568,4
30569,4
30570,1
30571,4
30572,4
30573,4
30574,4
30575,4
30576,4
30577,4
30578,4
30579,4
30580,4
30581,4
30582,4
30583,4
30584,4
30585,4
30586,4
30587,4
30588,4
30589,4
30590,4
30591,4
30592,1
30593,4
30594,4
30595,4
30596,4
30597,4
30598,1
30599,4
30600,1
30601,1
30602,4
30603,0
30604,0
30605,4
30606,4
30607,4
30608,4
30609,4
30610,4
30611,4
30612,4
30613,4
30614,4
30615,4
30616,4
30617,4
30618,2
30619,4
30620,4
30621,1
30622,2
30623,4
30624,1
30625,4
30626,4
30627,1
30628,4
30629,1
30630,4
30631,2
30632,4
30633,4
30634,4
30635,4
30636,4
30637,4
30638,4
30639,0
30640,4
30641,3
30642,4
30643,1
30644,1
30645,4
30646,1
30647,1
30648,4
30649,4
30650,4
30651,4
30652,1
30653,1
30654,4
30655,4
30656,1
30657,4
30658,3
30659,3
30660,1
30661,3
30662,4
30663,1
30664,4
30665,4
30666,4
30667,2
30668,4
30669,4
30670,4
30671,1
30672,1
30673,0
30674,1
30675,3
30676,4
30677,3
30678,3
30679,3
30680,4
30681,3
30682,3
30683,2
30684,4
30685,3
30686,1
30687,2
30688,4
30689,2
30690,4
30691,4
30692,4
30693,4
30694,4
30695,4
30696,4
30697,4
30698,4
30699,4
30700,4
30701,4
30702,4
30703,4
30704,4
30705,4
30706,4
30707,4
30708,4
30709,4
30710,1
30711,4
30712,4
30713,1
30714,1
30715,1
30716,1
30717,1
30718,1
30719,4
30720,1
30721,4
30722,4
30723,4
30724,1
30725,4
30726,1
30727,1
30728,4
30729,4
30730,4
30731,4
30732,4
30733,4
30734,1
30735,4
30736,4
30737,4
30738,1
30739,4
30740,4
30741,1
30742,1
30743,1
30744,4
30745,1
30746,4
30747,1
30748,1
30749,4
30750,4
30751,4
30752,4
30753,4
30754,4
30755,4
30756,4
30757,1
30758,1
30759,1
30760,4
30761,4
30762,4
30763,4
30764,4
30765,4
30766,0
30767,4
30768,4
30769,1
30770,1
30771,4
30772,4
30773,4
30774,4
30775,4
30776,4
30777,4
30778,4
30779,4
30780,4
30781,4
30782,4
30783,4
30784,4
30785,4
30786,4
30787,4
30788,4
30789,4
30790,4
30791,4
30792,4
30793,4
30794,4
30795,4
30796,4
30797,4
30798,4
30799,4
30800,4
30801,4
30802,4
30803,4
30804,4
30805,4
30806,4
30807,4
30808,4
30809,4
30810,4
30811,4
30812,4
30813,4
30814,4
30815,0
30816,0
30817,0
30818,0
30819,4
30820,0
30821,4
30822,0
30823,4
30824,0
30825,0
30826,0
30827,0
30828,0
30829,0
30830,4
30831,0
30832,0
30833,0
30834,1
30835,0
30836,0
30837,0
30838,0
30839,0
30840,0
30841,0
30842,0
30843,0
30844,0
30845,0
30846,0
30847,0
30848,0
30849,0
30850,0
30851,0
30852,0
30853,0
30854,0
30855,0
30856,0
30857,0
30858,0
30859,0
30860,0
30861,0
30862,0
30863,4
30864,4
30865,4
30866,4
30867,2
30868,0
30869,4
30870,4
30871,4
30872,4
30873,4
30874,1
30875,4
30876,4
30877,4
30878,4
30879,2
30880,4
30881,4
30882,4
30883,4
30884,4
30885,1
30886,1
30887,4
30888,4
30889,4
30890,4
30891,4
30892,4
30893,4
30894,4
30895,4
30896,4
30897,4
30898,4
30899,4
30900,4
30901,4
30902,4
30903,4
30904,4
30905,4
30906,0
30907,0
30908,4
30909,4
30910,1
30911,1
30912,4
30913,0
30914,0
30915,4
30916,4
30917,4
30918,4
30919,4
30920,4
30921,4
30922,1
30923,4
30924,4
30925,4
30926,4
30927,4
30928,4
30929,4
30930,4
30931,1
30932,1
30933,4
30934,4
30935,4
30936,4
30937,1
30938,4
30939,4
30940,3
30941,1
30942,1
30943,1
30944,4
30945,4
30946,0
30947,0
30948,1
30949,1
30950,1
30951,4
30952,4
30953,1
30954,4
30955,2
30956,4
30957,1
30958,1
30959,4
30960,4
30961,4
30962,1
30963,4
30964,1
30965,4
30966,4
30967,3
30968,2
30969,2
30970,1
30971,1
30972,4
30973,4
30974,1
30975,4
30976,0
30977,0
30978,1
30979,1
30980,1
30981,0
30982,1
30983,1
30984,4
30985,4
30986,0
30987,4
30988,4
30989,0
30990,0
30991,0
30992,4
30993,4
30994,4
30995,4
30996,4
30997,4
30998,4
30999,4
31000,0
31001,0
31002,0
31003,0
31004,1
31005,4
31006,4
31007,4
31008,4
31009,4
31010,4
31011,1
31012,4
31013,4
31014,4
31015,1
31016,4
31017,4
31018,4
31019,4
31020,4
31021,0
31022,0
31023,4
31024,0
31025,0
31026,0
31027,0
31028,0
31029,0
31030,0
31031,4
31032,4
31033,4
31034,4
31035,4
31036,4
31037,4
31038,4
31039,4
31040,4
31041,4
31042,4
31043,4
31044,0
31045,4
31046,4
31047,4
31048,4
31049,0
31050,4
31051,4
31052,4
31053,4
31054,4
31055,0
31056,4
31057,0
31058,1
31059,4
31060,4
31061,2
31062,0
31063,4
31064,4
31065,1
31066,4
31067,4
31068,4
31069,4
31070,4
31071,0
31072,4
31073,4
31074,4
31075,4
31076,1
31077,4
31078,4
31079,4
31080,4
31081,4
31082,4
31083,4
31084,4
31085,4
31086,4
31087,4
31088,4
31089,4
31090,4
31091,4
31092,4
31093,4
31094,1
31095,4
31096,1
31097,3
31098,1
31099,1
31100,0
31101,1
31102,3
31103,4
31104,1
31105,1
31106,3
31107,4
31108,3
31109,4
31110,4
31111,3
31112,3
31113,3
31114,3
31115,4
31116,3
31117,4
31118,4
31119,1
31120,3
31121,4
31122,4
31123,4
31124,4
31125,1
31126,4
31127,3
31128,1
31129,3
31130,3
31131,1
31132,4
31133,4
31134,0
31135,1
31136,0
31137,0
31138,0
31139,0
31140,0
31141,0
31142,0
31143,0
31144,0
31145,0
31146,0
31147,0
31148,0
31149,0
31150,0
31151,0
31152,0
31153,0
31154,0
31155,0
31156,0
31157,0
31158,0
31159,0
31160,0
31161,0
31162,0
31163,0
31164,0
31165,0
31166,0
31167,0
31168,0
31169,0
31170,0
31171,0
31172,0
31173,0
31174,0
31175,0
31176,0
31177,0
31178,0
31179,0
31180,0
31181,0
31182,0
31183,0
31184,0
31185,4
31186,4
31187,4
31188,4
31189,4
31190,4
31191,4
31192,4
31193,4
31194,4
31195,4
31196,0
31197,4
31198,4
31199,0
31200,4
31201,4
31202,4
31203,4
31204,1
31205,4
31206,4
31207,4
31208,4
31209,4
31210,1
31211,4
31212,0
31213,1
31214,1
31215,1
31216,0
31217,1
31218,0
31219,4
31220,0
31221,0
31222,0
31223,0
31224,0
31225,0
31226,0
31227,0
31228,4
31229,0
31230,0
31231,1
31232,4
31233,4
31234,3
31235,4
31236,2
31237,3
31238,0
31239,2
31240,2
31241,0
31242,0
31243,3
31244,3
31245,3
31246,2
31247,2
31248,2
31249,2
31250,2
31251,0
31252,2
31253,0
31254,0
31255,0
31256,0
31257,0
31258,0
31259,0
31260,0
31261,0
31262,2
31263,0
31264,0
31265,0
31266,1
31267,1
31268,2
31269,3
31270,1
31271,3
31272,3
31273,2
31274,2
31275,2
31276,2
31277,2
31278,1
31279,1
31280,1
31281,1
31282,1
31283,1
31284,3
31285,3
31286,3
31287,1
31288,0
31289,1
31290,2
31291,2
31292,2
31293,2
31294,2
31295,2
31296,3
31297,1
31298,2
31299,2
31300,2
31301,2
31302,3
31303,3
31304,3
31305,3
31306,2
31307,2
31308,3
31309,2
31310,2
31311,2
31312,2
31313,2
31314,2
31315,2
31316,1
31317,2
31318,2
31319,2
31320,2
31321,2
31322,2
31323,3
31324,0
31325,2
31326,2
31327,2
31328,2
31329,2
31330,2
31331,2
31332,2
31333,2
31334,2
31335,2
31336,3
31337,2
31338,2
31339,2
31340,2
31341,2
31342,2
31343,2
31344,3
31345,2
31346,2
31347,3
31348,2
31349,1
31350,2
31351,0
31352,2
31353,2
31354,2
31355,0
31356,0
31357,3
31358,2
31359,2
31360,3
31361,2
31362,2
31363,2
31364,1
31365,2
31366,2
31367,2
31368,2
31369,3
31370,2
31371,2
31372,2
31373,2
31374,2
31375,2
31376,2
31377,2
31378,2
31379,2
31380,2
31381,2
31382,3
31383,2
31384,2
31385,2
31386,2
31387,2
31388,3
31389,2
31390,2
31391,2
31392,2
31393,2
31394,2
31395,2
31396,2
31397,2
31398,2
31399,2
31400,2
31401,2
31402,2
31403,2
31404,2
31405,2
31406,2
31407,2
31408,2
31409,2
31410,2
31411,2
31412,2
31413,2
31414,2
31415,2
31416,2
31417,2
31418,2
31419,2
31420,2
31421,2
31422,2
31423,2
31424,3
31425,2
31426,2
31427,2
31428,2
31429,3
31430,2
31431,3
31432,3
31433,2
31434,3
31435,2
31436,2
31437,2
31438,2
31439,2
31440,3
31441,3
31442,1
31443,2
31444,3
31445,2
31446,2
31447,2
31448,2
31449,2
31450,2
31451,2
31452,2
31453,2
31454,2
31455,2
31456,2
31457,2
31458,2
31459,3
31460,1
31461,3
31462,3
31463,2
31464,2
31465,2
31466,2
31467,2
31468,0
31469,2
31470,3
31471,2
31472,2
31473,2
31474,2
31475,2
31476,2
31477,2
31478,2
31479,2
31480,2
31481,2
31482,3
31483,1
31484,2
31485,2
31486,1
31487,2
31488,2
31489,2
31490,2
31491,3
31492,2
31493,2
31494,3
31495,2
31496,1
31497,2
31498,1
31499,1
31500,2
31501,2
31502,2
31503,2
31504,4
31505,2
31506,2
31507,2
31508,2
31509,2
31510,2
31511,3
31512,1
31513,1
31514,2
31515,3
31516,3
31517,3
31518,3
31519,2
31520,2
31521,3
31522,3
31523,3
31524,3
31525,2
31526,1
31527,1
31528,1
31529,2
31530,2
31531,2
31532,2
31533,3
31534,3
31535,3
31536,3
31537,2
31538,1
31539,2
31540,3
31541,3
31542,2
31543,2
31544,2
31545,3
31546,3
31547,3
31548,2
31549,2
31550,2
31551,2
31552,0
31553,2
31554,2
31555,2
31556,2
31557,2
31558,2
31559,2
31560,3
31561,2
31562,2
31563,4
31564,2
31565,2
31566,2
31567,2
31568,1
31569,1
31570,4
31571,2
31572,2
31573,2
31574,2
31575,0
31576,0
31577,3
31578,3
31579,3
31580,3
31581,3
31582,1
31583,2
31584,3
31585,0
31586,2
31587,3
31588,0
31589,2
31590,2
31591,3
31592,2
31593,2
31594,2
31595,2
31596,2
31597,2
31598,1
31599,1
31600,2
31601,1
31602,2
31603,1
31604,2
31605,2
31606,2
31607,2
31608,2
31609,2
31610,2
31611,2
31612,2
31613,2
31614,2
31615,2
31616,2
31617,2
31618,2
31619,2
31620,2
31621,1
31622,2
31623,2
31624,2
31625,2
31626,2
31627,2
31628,2
31629,2
31630,2
31631,2
31632,2
31633,2
31634,2
31635,2
31636,1
31637,2
31638,2
31639,2
31640,2
31641,2
31642,2
31643,2
31644,2
31645,2
31646,2
31647,2
31648,2
31649,2
31650,2
31651,2
31652,3
31653,2
31654,2
31655,2
31656,2
31657,2
31658,1
31659,2
31660,1
31661,1
31662,1
31663,1
31664,1
31665,1
31666,1
31667,1
31668,2
31669,2
31670,3
31671,2
31672,1
31673,2
31674,2
31675,2
31676,2
31677,2
31678,2
31679,2
31680,2
31681,2
31682,2
31683,2
31684,2
31685,2
31686,2
31687,2
31688,2
31689,2
31690,2
31691,2
31692,2
31693,2
31694,2
31695,2
31696,2
31697,2
31698,2
31699,1
31700,2
31701,1
31702,2
31703,2
31704,2
31705,2
31706,2
31707,2
31708,2
31709,2
31710,2
31711,2
31712,2
31713,2
31714,2
31715,2
31716,2
31717,2
31718,2
31719,2
31720,2
31721,2
31722,1
31723,2
31724,2
31725,2
31726,2
31727,2
31728,2
31729,1
31730,2
31731,2
31732,2
31733,2
31734,1
31735,2
31736,2
31737,2
31738,1
31739,2
31740,2
31741,1
31742,2
31743,2
31744,2
31745,2
31746,2
31747,2
31748,2
31749,2
31750,2
31751,2
31752,2
31753,2
31754,2
31755,2
31756,2
31757,2
31758,2
31759,1
31760,2
31761,1
31762,2
31763,2
31764,3
31765,2
31766,3
31767,2
31768,2
31769,2
31770,0
31771,2
31772,2
31773,2
31774,2
31775,2
31776,2
31777,3
31778,3
31779,2
31780,2
31781,3
31782,2
31783,2
31784,2
31785,2
31786,3
31787,2
31788,3
31789,2
31790,3
31791,2
31792,3
31793,2
31794,3
31795,2
31796,3
31797,2
31798,2
31799,2
31800,2
31801,2
31802,3
31803,2
31804,2
31805,2
31806,2
31807,2
31808,1
31809,1
31810,1
31811,2
31812,2
31813,2
31814,2
31815,2
31816,0
31817,3
31818,2
31819,2
31820,3
31821,2
31822,2
31823,2
31824,0
31825,2
31826,2
31827,2
31828,2
31829,2
31830,3
31831,1
31832,0
31833,2
31834,2
31835,2
31836,2
31837,2
31838,2
31839,2
31840,3
31841,0
31842,2
31843,2
31844,2
31845,2
31846,2
31847,1
31848,2
31849,2
31850,2
31851,3
31852,3
31853,3
31854,2
31855,2
31856,2
31857,2
31858,2
31859,2
31860,3
31861,3
31862,3
31863,2
31864,2
31865,2
31866,2
31867,3
31868,2
31869,2
31870,3
31871,2
31872,2
31873,2
31874,2
31875,2
31876,2
31877,2
31878,3
31879,2
31880,2
31881,2
31882,2
31883,2
31884,2
31885,2
31886,1
31887,2
31888,2
31889,3
31890,2
31891,3
31892,3
31893,3
31894,1
31895,2
31896,2
31897,2
31898,2
31899,3
31900,2
31901,3
31902,2
31903,2
31904,3
31905,2
31906,1
31907,2
31908,2
31909,1
31910,0
31911,0
31912,0
31913,3
31914,2
31915,2
31916,0
31917,2
31918,0
31919,0
31920,2
31921,0
31922,2
31923,3
31924,3
31925,2
31926,2
31927,0
31928,4
31929,2
31930,2
31931,2
31932,2
31933,0
31934,2
31935,2
31936,0
31937,3
31938,0
31939,0
31940,2
31941,3
31942,2
31943,0
31944,0
31945,0
31946,2
31947,2
31948,2
31949,2
31950,2
31951,2
31952,2
31953,3
31954,3
31955,2
31956,2
31957,2
31958,2
31959,2
31960,2
31961,2
31962,3
31963,2
31964,2
31965,0
31966,2
31967,2
31968,2
31969,2
31970,2
31971,2
31972,2
31973,3
31974,2
31975,2
31976,2
31977,2
31978,2
31979,2
31980,2
31981,2
31982,0
31983,0
31984,0
31985,0
31986,0
31987,0
31988,0
31989,0
31990,0
31991,0
31992,0
31993,3
31994,0
31995,2
31996,2
31997,0
31998,0
31999,3
32000,2
32001,3
32002,3
32003,2
32004,3
32005,1
32006,3
32007,3
32008,0
32009,0
32010,0
32011,0
32012,0
32013,0
32014,0
32015,0
32016,0
32017,0
32018,2
32019,2
32020,2
32021,2
32022,4
32023,2
32024,2
32025,2
32026,2
32027,2
32028,2
32029,0
32030,2
32031,2
32032,3
32033,2
32034,2
32035,2
32036,2
32037,2
32038,2
32039,3
32040,3
32041,2
32042,2
32043,2
32044,0
32045,2
32046,2
32047,2
32048,2
32049,2
32050,2
32051,3
32052,3
32053,3
32054,2
32055,3
32056,3
32057,2
32058,2
32059,2
32060,2
32061,2
32062,2
32063,2
32064,2
32065,2
32066,2
32067,2
32068,3
32069,2
32070,2
32071,2
32072,3
32073,3
32074,2
32075,3
32076,2
32077,2
32078,3
32079,2
32080,2
32081,2
32082,3
32083,2
32084,2
32085,2
32086,2
32087,3
32088,3
32089,3
32090,2
32091,2
32092,2
32093,0
32094,2
32095,2
32096,2
32097,2
32098,2
32099,2
32100,2
32101,2
32102,2
32103,2
32104,2
32105,2
32106,2
32107,2
32108,2
32109,2
32110,2
32111,3
32112,2
32113,2
32114,2
32115,2
32116,2
32117,2
32118,3
32119,2
32120,3
32121,2
32122,3
32123,2
32124,2
32125,2
32126,2
32127,3
32128,2
32129,3
32130,2
32131,2
32132,2
32133,3
32134,2
32135,2
32136,2
32137,2
32138,2
32139,2
32140,2
32141,3
32142,2
32143,2
32144,2
32145,2
32146,2
32147,3
32148,2
32149,2
32150,2
32151,2
32152,2
32153,2
32154,2
32155,2
32156,2
32157,2
32158,2
32159,3
32160,3
32161,3
32162,3
32163,3
32164,2
32165,2
32166,0
32167,0
32168,0
32169,0
32170,2
32171,2
32172,2
32173,2
32174,2
32175,3
32176,3
32177,2
32178,2
32179,2
32180,2
32181,2
32182,2
32183,2
32184,2
32185,2
32186,2
32187,3
32188,2
32189,2
32190,2
32191,2
32192,2
32193,3
32194,2
32195,2
32196,3
32197,2
32198,2
32199,2
32200,2
32201,2
32202,2
32203,0
32204,3
32205,2
32206,3
32207,2
32208,2
32209,2
32210,2
32211,2
32212,2
32213,2
32214,0
32215,0
32216,2
32217,2
32218,2
32219,2
32220,2
32221,2
32222,2
32223,2
32224,2
32225,3
32226,2
32227,2
32228,2
32229,2
32230,0
32231,3
32232,0
32233,0
32234,3
32235,0
32236,0
32237,2
32238,0
32239,2
32240,0
32241,0
32242,3
32243,3
32244,2
32245,0
32246,3
32247,2
32248,2
32249,2
32250,2
32251,2
32252,3
32253,2
32254,2
32255,2
32256,3
32257,2
32258,2
32259,2
32260,3
32261,3
32262,2
32263,2
32264,3
32265,2
32266,2
32267,2
32268,2
32269,2
32270,3
32271,0
32272,2
32273,3
32274,3
32275,0
32276,3
32277,3
32278,3
32279,3
32280,2
32281,2
32282,2
32283,2
32284,2
32285,2
32286,2
32287,0
32288,2
32289,3
32290,2
32291,2
32292,2
32293,2
32294,3
32295,2
32296,2
32297,2
32298,3
32299,2
32300,2
32301,0
32302,2
32303,2
32304,0
32305,2
32306,2
32307,2
32308,2
32309,3
32310,2
32311,2
32312,2
32313,2
32314,0
32315,2
32316,3
32317,2
32318,2
32319,2
32320,2
32321,2
32322,2
32323,3
32324,3
32325,2
32326,2
32327,2
32328,2
32329,2
32330,2
32331,2
32332,2
32333,2
32334,2
32335,3
32336,3
32337,2
32338,2
32339,2
32340,2
32341,3
32342,2
32343,2
32344,2
32345,2
32346,2
32347,2
32348,2
32349,2
32350,2
32351,2
32352,2
32353,2
32354,2
32355,2
32356,2
32357,2
32358,2
32359,2
32360,2
32361,2
32362,3
32363,2
32364,2
32365,3
32366,2
32367,0
32368,2
32369,2
32370,2
32371,0
32372,2
32373,2
32374,2
32375,2
32376,0
32377,2
32378,2
32379,3
32380,3
32381,2
32382,2
32383,2
32384,2
32385,2
32386,2
32387,2
32388,2
32389,2
32390,2
32391,2
32392,0
32393,2
32394,2
32395,2
32396,2
32397,2
32398,2
32399,2
32400,2
32401,2
32402,2
32403,2
32404,3
32405,0
32406,2
32407,2
32408,2
32409,3
32410,2
32411,2
32412,2
32413,3
32414,3
32415,2
32416,0
32417,2
32418,2
32419,2
32420,2
32421,3
32422,3
32423,2
32424,3
32425,3
32426,2
32427,2
32428,2
32429,2
32430,3
32431,2
32432,2
32433,3
32434,2
32435,2
32436,3
32437,2
32438,3
32439,3
32440,3
32441,2
32442,2
32443,3
32444,2
32445,2
32446,3
32447,2
32448,2
32449,2
32450,3
32451,2
32452,2
32453,2
32454,2
32455,2
32456,2
32457,2
32458,2
32459,2
32460,2
32461,2
32462,2
32463,2
32464,2
32465,2
32466,2
32467,2
32468,2
32469,2
32470,3
32471,2
32472,2
32473,0
32474,2
32475,2
32476,2
32477,2
32478,2
32479,2
32480,2
32481,2
32482,2
32483,2
32484,2
32485,2
32486,3
32487,2
32488,2
32489,2
32490,2
32491,2
32492,0
32493,2
32494,2
32495,2
32496,2
32497,2
32498,2
32499,2
32500,2
32501,2
32502,3
32503,2
32504,2
32505,2
32506,2
32507,2
32508,2
32509,2
32510,2
32511,2
32512,2
32513,2
32514,3
32515,2
32516,0
32517,2
32518,2
32519,2
32520,2
32521,3
32522,2
32523,2
32524,2
32525,2
32526,2
32527,2
32528,2
32529,3
32530,2
32531,2
32532,3
32533,3
32534,2
32535,2
32536,3
32537,3
32538,2
32539,3
32540,2
32541,2
32542,2
32543,2
32544,3
32545,3
32546,3
32547,3
32548,3
32549,2
32550,3
32551,2
32552,4
32553,4
32554,2
32555,3
32556,0
32557,3
32558,3
32559,3
32560,3
32561,3
32562,2
32563,2
32564,0
32565,3
32566,3
32567,3
32568,3
32569,3
32570,4
32571,3
32572,2
32573,3
32574,3
32575,3
32576,3
32577,3
32578,3
32579,3
32580,2
32581,0
32582,3
32583,3
32584,3
32585,3
32586,3
32587,3
32588,3
32589,3
32590,3
32591,3
32592,3
32593,3
32594,3
32595,3
32596,3
32597,0
32598,0
32599,0
32600,3
32601,3
32602,3
32603,3
32604,3
32605,3
32606,3
32607,2
32608,3
32609,3
32610,3
32611,3
32612,0
32613,3
32614,3
32615,3
32616,3
32617,3
32618,3
32619,3
32620,3
32621,4
32622,2
32623,3
32624,3
32625,3
32626,3
32627,0
32628,0
32629,0
32630,4
32631,0
32632,0
32633,4
32634,0
32635,0
32636,0
32637,0
32638,0
32639,0
32640,2
32641,2
32642,2
32643,1
32644,2
32645,1
32646,2
32647,2
32648,2
32649,2
32650,2
32651,3
32652,3
32653,3
32654,2
32655,3
32656,2
32657,3
32658,3
32659,2
32660,3
32661,2
32662,2
32663,3
32664,3
32665,3
32666,1
32667,1
32668,2
32669,3
32670,4
32671,2
32672,1
32673,3
32674,3
32675,0
32676,1
32677,1
32678,4
32679,3
32680,3
32681,2
32682,1
32683,1
32684,1
32685,2
32686,1
32687,3
32688,1
32689,1
32690,1
32691,1
32692,1
32693,1
32694,1
32695,1
32696,1
32697,1
32698,2
32699,3
32700,1
32701,1
32702,1
32703,1
32704,1
32705,3
32706,1
32707,1
32708,1
32709,1
32710,1
32711,1
32712,1
32713,3
32714,1
32715,1
32716,2
32717,1
32718,4
32719,1
32720,3
32721,1
32722,3
32723,1
32724,1
32725,3
32726,2
32727,2
32728,3
32729,3
32730,2
32731,0
32732,0
32733,0
32734,2
32735,2
32736,3
32737,3
32738,2
32739,2
32740,2
32741,3
32742,2
32743,3
32744,2
32745,3
32746,3
32747,3
32748,3
32749,2
32750,2
32751,3
32752,3
32753,2
32754,4
32755,2
32756,2
32757,0
32758,0
32759,0
32760,0
32761,0
32762,0
32763,0
32764,0
32765,0
32766,0
32767,0
32768,0
32769,0
32770,0
32771,0
32772,0
32773,0
32774,0
32775,0
32776,0
32777,1
32778,0
32779,0
32780,2
32781,1
32782,3
32783,3
32784,3
32785,0
32786,3
32787,3
32788,3
32789,3
32790,3
32791,3
32792,3
32793,3
32794,3
32795,3
32796,2
32797,1
32798,3
32799,3
32800,0
32801,1
32802,1
32803,1
32804,3
32805,3
32806,1
32807,2
32808,4
32809,4
32810,4
32811,2
32812,2
32813,2
32814,3
32815,2
32816,4
32817,2
32818,0
32819,3
32820,0
32821,1
32822,2
32823,1
32824,2
32825,4
32826,1
32827,4
32828,3
32829,2
32830,0
32831,4
32832,1
32833,1
32834,1
32835,2
32836,2
32837,4
32838,4
32839,3
32840,1
32841,1
32842,3
32843,1
32844,0
32845,3
32846,0
32847,0
32848,3
32849,0
32850,4
32851,0
32852,0
32853,1
32854,0
32855,0
32856,0
32857,0
32858,2
32859,4
32860,3
32861,1
32862,1
32863,2
32864,0
32865,1
32866,3
32867,1
32868,1
32869,1
32870,1
32871,1
32872,0
32873,1
32874,2
32875,0
32876,0
32877,0
32878,3
32879,3
32880,0
32881,0
32882,0
32883,0
32884,3
32885,3
32886,3
32887,2
32888,3
32889,3
32890,0
32891,1
32892,3
32893,3
32894,3
32895,1
32896,2
32897,1
32898,3
32899,3
32900,1
32901,0
32902,4
32903,2
32904,4
32905,1
32906,1
32907,0
32908,3
32909,3
32910,1
32911,1
32912,1
32913,1
32914,1
32915,1
32916,1
32917,2
32918,2
32919,2
32920,2
32921,3
32922,3
32923,2
32924,3
32925,0
32926,0
32927,0
32928,0
32929,2
32930,1
32931,2
32932,2
32933,3
32934,3
32935,0
32936,0
32937,0
32938,0
32939,0
32940,0
32941,1
32942,2
32943,1
32944,3
32945,1
32946,2
32947,3
32948,0
32949,1
32950,0
32951,1
32952,1
32953,3
32954,2
32955,2
32956,2
32957,0
32958,0
32959,0
32960,0
32961,0
32962,0
32963,0
32964,0
32965,0
32966,0
32967,0
32968,0
32969,0
32970,0
32971,0
32972,3
32973,3
32974,3
32975,0
32976,0
32977,0
32978,0
32979,0
32980,0
32981,0
32982,0
32983,0
32984,3
32985,0
32986,0
32987,0
32988,0
32989,0
32990,0
32991,0
32992,0
32993,0
32994,0
32995,0
32996,2
32997,2
32998,0
32999,0
33000,0
33001,0
33002,0
33003,0
33004,0
33005,0
33006,0
33007,0
33008,0
33009,0
33010,0
33011,0
33012,0
33013,3
33014,0
33015,0
33016,0
33017,0
33018,3
33019,2
33020,0
33021,0
33022,3
33023,3
33024,1
33025,2
33026,1
33027,3
33028,2
33029,3
33030,3
33031,1
33032,3
33033,1
33034,3
33035,0
33036,0
33037,0
33038,0
33039,0
33040,0
33041,0
33042,0
33043,0
33044,0
33045,0
33046,0
33047,0
33048,0
33049,0
33050,0
33051,0
33052,0
33053,0
33054,0
33055,0
33056,0
33057,0
33058,0
33059,0
33060,0
33061,0
33062,3
33063,3
33064,1
33065,1
33066,3
33067,3
33068,0
33069,1
33070,1
33071,3
33072,1
33073,3
33074,1
33075,1
33076,0
33077,0
33078,0
33079,0
33080,1
33081,1
33082,1
33083,0
33084,0
33085,3
33086,3
33087,0
33088,3
33089,0
33090,0
33091,0
33092,0
33093,0
33094,0
33095,0
33096,0
33097,0
33098,0
33099,0
33100,0
33101,0
33102,0
33103,0
33104,0
33105,0
33106,0
33107,0
33108,1
33109,0
33110,0
33111,0
33112,3
33113,3
33114,0
33115,0
33116,2
33117,0
33118,0
33119,1
33120,1
33121,1
33122,0
33123,0
33124,0
33125,0
33126,0
33127,0
33128,0
33129,0
33130,0
33131,0
33132,0
33133,1
33134,0
33135,0
33136,0
33137,3
33138,3
33139,0
33140,0
33141,2
33142,3
33143,1
33144,1
33145,1
33146,1
33147,2
33148,2
33149,2
33150,2
33151,1
33152,1
33153,4
33154,0
33155,4
33156,0
33157,2
33158,3
33159,2
33160,0
33161,0
33162,0
33163,1
33164,2
33165,2
33166,0
33167,2
33168,2
33169,2
33170,2
33171,2
33172,2
33173,2
33174,2
33175,2
33176,2
33177,2
33178,2
33179,2
33180,2
33181,2
33182,2
33183,2
33184,2
33185,2
33186,2
33187,2
33188,2
33189,2
33190,2
33191,2
33192,2
33193,2
33194,2
33195,2
33196,2
33197,2
33198,2
33199,2
33200,0
33201,2
33202,0
33203,2
33204,2
33205,2
33206,2
33207,2
33208,2
33209,2
33210,2
33211,3
33212,0
33213,2
33214,2
33215,2
33216,0
33217,0
33218,2
33219,0
33220,0
33221,2
33222,0
33223,0
33224,0
33225,0
33226,0
33227,0
33228,0
33229,2
33230,0
33231,0
33232,2
33233,2
33234,0
33235,3
33236,2
33237,2
33238,3
33239,1
33240,2
33241,1
33242,2
33243,0
33244,0
33245,1
33246,2
33247,2
33248,2
33249,0
33250,2
33251,0
33252,2
33253,2
33254,2
33255,2
33256,2
33257,2
33258,2
33259,2
33260,0
33261,2
33262,2
33263,3
33264,2
33265,2
33266,2
33267,3
33268,3
33269,0
33270,2
33271,2
33272,2
33273,2
33274,1
33275,2
33276,2
33277,2
33278,1
33279,2
33280,2
33281,1
33282,1
33283,3
33284,1
33285,3
33286,3
33287,1
33288,2
33289,2
33290,2
33291,1
33292,2
33293,2
33294,2
33295,2
33296,2
33297,2
33298,1
33299,1
33300,2
33301,2
33302,2
33303,2
33304,2
33305,3
33306,2
33307,2
33308,2
33309,2
33310,2
33311,2
33312,2
33313,0
33314,2
33315,2
33316,2
33317,2
33318,2
33319,2
33320,2
33321,2
33322,2
33323,2
33324,2
33325,2
33326,2
33327,2
33328,1
33329,1
33330,1
33331,2
33332,3
33333,2
33334,3
33335,2
33336,3
33337,2
33338,3
33339,3
33340,2
33341,2
33342,2
33343,2
33344,2
33345,2
33346,2
33347,2
33348,2
33349,2
33350,2
33351,2
33352,2
33353,0
33354,2
33355,2
33356,2
33357,2
33358,2
33359,2
33360,2
33361,2
33362,1
33363,2
33364,2
33365,2
33366,2
33367,2
33368,2
33369,1
33370,2
33371,2
33372,2
33373,2
33374,1
33375,0
33376,0
33377,2
33378,3
33379,2
33380,2
33381,2
33382,2
33383,2
33384,2
33385,2
33386,2
33387,3
33388,2
33389,3
33390,3
33391,3
33392,2
33393,0
33394,2
33395,3
33396,3
33397,3
33398,1
33399,1
33400,2
33401,2
33402,2
33403,2
33404,2
33405,2
33406,2
33407,2
33408,3
33409,1
33410,3
33411,2
33412,3
33413,2
33414,2
33415,2
33416,1
33417,2
33418,2
33419,0
33420,0
33421,0
33422,2
33423,2
33424,2
33425,2
33426,2
33427,2
33428,2
33429,2
33430,2
33431,2
33432,2
33433,2
33434,2
33435,1
33436,1
33437,2
33438,2
33439,2
33440,2
33441,2
33442,1
33443,2
33444,1
33445,1
33446,2
33447,2
33448,2
33449,2
33450,2
33451,2
33452,2
33453,2
33454,2
33455,2
33456,2
33457,0
33458,2
33459,0
33460,1
33461,2
33462,2
33463,1
33464,2
33465,2
33466,2
33467,1
33468,2
33469,1
33470,2
33471,1
33472,2
33473,1
33474,2
33475,2
33476,2
33477,2
33478,2
33479,2
33480,2
33481,2
33482,2
33483,2
33484,2
33485,2
33486,2
33487,2
33488,2
33489,2
33490,2
33491,2
33492,2
33493,2
33494,2
33495,2
33496,2
33497,2
33498,2
33499,2
33500,2
33501,1
33502,2
33503,2
33504,1
33505,1
33506,3
33507,3
33508,2
33509,3
33510,2
33511,2
33512,3
33513,2
33514,3
33515,2
33516,3
33517,2
33518,0
33519,2
33520,0
33521,1
33522,1
33523,1
33524,1
33525,2
33526,2
33527,3
33528,1
33529,2
33530,1
33531,2
33532,1
33533,1
33534,0
33535,1
33536,3
33537,3
33538,1
33539,3
33540,2
33541,0
33542,0
33543,2
33544,2
33545,2
33546,1
33547,2
33548,1
33549,2
33550,1
33551,1
33552,3
33553,2
33554,2
33555,3
33556,3
33557,2
33558,2
33559,2
33560,2
33561,2
33562,2
33563,2
33564,1
33565,2
33566,3
33567,2
33568,2
33569,1
33570,2
33571,2
33572,2
33573,2
33574,2
33575,2
33576,2
33577,2
33578,2
33579,3
33580,1
33581,2
33582,2
33583,0
33584,2
33585,1
33586,2
33587,3
33588,2
33589,2
33590,2
33591,3
33592,2
33593,0
33594,2
33595,2
33596,2
33597,1
33598,2
33599,2
33600,2
33601,1
33602,2
33603,2
33604,1
33605,2
33606,2
33607,2
33608,2
33609,2
33610,2
33611,3
33612,2
33613,3
33614,2
33615,2
33616,2
33617,2
33618,2
33619,3
33620,2
33621,2
33622,2
33623,2
33624,2
33625,2
33626,3
33627,2
33628,2
33629,2
33630,3
33631,2
33632,2
33633,3
33634,2
33635,0
33636,2
33637,2
33638,2
33639,2
33640,2
33641,2
33642,3
33643,2
33644,2
33645,2
33646,2
33647,3
33648,2
33649,2
33650,2
33651,2
33652,2
33653,2
33654,1
33655,2
33656,2
33657,2
33658,2
33659,2
33660,2
33661,2
33662,2
33663,3
33664,2
33665,3
33666,2
33667,2
33668,2
33669,2
33670,2
33671,2
33672,2
33673,2
33674,2
33675,2
33676,3
33677,0
33678,2
33679,2
33680,2
33681,2
33682,2
33683,2
33684,2
33685,2
33686,2
33687,2
33688,2
33689,3
33690,2
33691,2
33692,2
33693,0
33694,0
33695,2
33696,2
33697,2
33698,2
33699,2
33700,2
33701,2
33702,2
33703,2
33704,2
33705,1
33706,1
33707,2
33708,2
33709,1
33710,3
33711,2
33712,3
33713,3
33714,2
33715,2
33716,3
33717,3
33718,3
33719,2
33720,3
33721,2
33722,1
33723,2
33724,2
33725,2
33726,2
33727,2
33728,2
33729,2
33730,2
33731,2
33732,3
33733,3
33734,2
33735,2
33736,2
33737,2
33738,2
33739,2
33740,2
33741,2
33742,2
33743,2
33744,2
33745,2
33746,2
33747,2
33748,2
33749,2
33750,2
33751,0
33752,2
33753,2
33754,2
33755,3
33756,0
33757,2
33758,2
33759,2
33760,2
33761,2
33762,2
33763,2
33764,2
33765,2
33766,2
33767,2
33768,2
33769,2
33770,2
33771,2
33772,2
33773,3
33774,2
33775,3
33776,3
33777,3
33778,2
33779,0
33780,0
33781,0
33782,0
33783,2
33784,2
33785,2
33786,2
33787,3
33788,2
33789,2
33790,3
33791,3
33792,2
33793,0
33794,2
33795,3
33796,3
33797,2
33798,3
33799,2
33800,0
33801,0
33802,0
33803,0
33804,3
33805,0
33806,3
33807,3
33808,0
33809,2
33810,0
33811,2
33812,2
33813,2
33814,2
33815,2
33816,3
33817,2
33818,3
33819,2
33820,2
33821,1
33822,3
33823,3
33824,2
33825,3
33826,2
33827,2
33828,2
33829,2
33830,2
33831,2
33832,3
33833,2
33834,3
33835,2
33836,3
33837,2
33838,2
33839,2
33840,3
33841,2
33842,2
33843,2
33844,3
33845,3
33846,4
33847,2
33848,2
33849,2
33850,2
33851,2
33852,2
33853,2
33854,2
33855,2
33856,2
33857,3
33858,2
33859,0
33860,3
33861,2
33862,2
33863,2
33864,3
33865,3
33866,2
33867,3
33868,2
33869,2
33870,3
33871,2
33872,2
33873,2
33874,2
33875,3
33876,2
33877,3
33878,2
33879,3
33880,3
33881,3
33882,2
33883,2
33884,3
33885,3
33886,3
33887,2
33888,2
33889,2
33890,3
33891,2
33892,2
33893,2
33894,2
33895,2
33896,2
33897,2
33898,2
33899,2
33900,2
33901,2
33902,2
33903,2
33904,2
33905,2
33906,2
33907,2
33908,2
33909,2
33910,2
33911,3
33912,2
33913,2
33914,2
33915,3
33916,3
33917,2
33918,2
33919,2
33920,2
33921,2
33922,2
33923,2
33924,2
33925,2
33926,2
33927,2
33928,2
33929,2
33930,2
33931,2
33932,2
33933,2
33934,3
33935,2
33936,2
33937,2
33938,3
33939,2
33940,2
33941,3
33942,2
33943,2
33944,2
33945,2
33946,2
33947,2
33948,2
33949,2
33950,2
33951,0
33952,2
33953,2
33954,2
33955,2
33956,2
33957,2
33958,2
33959,4
33960,2
33961,4
33962,2
33963,2
33964,2
33965,2
33966,0
33967,2
33968,2
33969,2
33970,4
33971,4
33972,2
33973,4
33974,2
33975,2
33976,2
33977,2
33978,3
33979,3
33980,2
33981,2
33982,2
33983,2
33984,4
33985,4
33986,3
33987,2
33988,4
33989,4
33990,2
33991,2
33992,2
33993,2
33994,2
33995,2
33996,2
33997,2
33998,2
33999,2
34000,2
34001,2
34002,2
34003,2
34004,2
34005,3
34006,2
34007,2
34008,2
34009,2
34010,2
34011,2
34012,2
34013,2
34014,2
34015,2
34016,2
34017,2
34018,2
34019,2
34020,2
34021,2
34022,2
34023,2
34024,2
34025,2
34026,2
34027,2
34028,2
34029,2
34030,2
34031,2
34032,0
34033,2
34034,0
34035,0
34036,2
34037,2
34038,2
34039,2
34040,2
34041,2
34042,2
34043,2
34044,2
34045,2
34046,2
34047,2
34048,2
34049,2
34050,2
34051,2
34052,2
34053,2
34054,2
34055,4
34056,2
34057,2
34058,2
34059,2
34060,2
34061,2
34062,2
34063,2
34064,2
34065,2
34066,2
34067,0
34068,2
34069,2
34070,2
34071,2
34072,2
34073,2
34074,2
34075,2
34076,2
34077,2
34078,2
34079,2
34080,2
34081,2
34082,2
34083,4
34084,2
34085,4
34086,4
34087,2
34088,2
34089,4
34090,4
34091,2
34092,2
34093,4
34094,2
34095,2
34096,2
34097,2
34098,2
34099,2
34100,2
34101,2
34102,2
34103,2
34104,2
34105,4
34106,3
34107,3
34108,2
34109,2
34110,2
34111,2
34112,2
34113,2
34114,2
34115,4
34116,1
34117,2
34118,2
34119,2
34120,2
34121,2
34122,2
34123,2
34124,2
34125,2
34126,2
34127,2
34128,2
34129,2
34130,2
34131,2
34132,2
34133,2
34134,2
34135,3
34136,2
34137,2
34138,0
34139,2
34140,3
34141,3
34142,3
34143,2
34144,3
34145,3
34146,2
34147,2
34148,2
34149,2
34150,2
34151,3
34152,2
34153,2
34154,2
34155,2
34156,2
34157,2
34158,2
34159,2
34160,2
34161,2
34162,2
34163,2
34164,2
34165,2
34166,2
34167,2
34168,2
34169,2
34170,2
34171,2
34172,2
34173,2
34174,3
34175,2
34176,3
34177,2
34178,2
34179,1
34180,2
34181,2
34182,3
34183,0
34184,0
34185,3
34186,0
34187,0
34188,3
34189,2
34190,2
34191,2
34192,3
34193,2
34194,3
34195,2
34196,2
34197,2
34198,2
34199,2
34200,2
34201,2
34202,4
34203,3
34204,0
34205,0
34206,3
34207,0
34208,3
34209,0
34210,3
34211,0
34212,0
34213,0
34214,2
34215,2
34216,2
34217,2
34218,2
34219,2
34220,2
34221,0
34222,2
34223,2
34224,0
34225,2
34226,0
34227,3
34228,2
34229,2
34230,0
34231,3
34232,3
34233,3
34234,1
34235,3
34236,3
34237,2
34238,2
34239,3
34240,2
34241,3
34242,3
34243,2
34244,2
34245,2
34246,2
34247,2
34248,3
34249,3
34250,4
34251,2
34252,2
34253,2
34254,4
34255,3
34256,2
34257,2
34258,2
34259,2
34260,3
34261,2
34262,2
34263,2
34264,2
34265,3
34266,2
34267,2
34268,3
34269,2
34270,2
34271,3
34272,3
34273,3
34274,2
34275,2
34276,2
34277,2
34278,3
34279,3
34280,3
34281,2
34282,2
34283,3
34284,0
34285,3
34286,3
34287,2
34288,3
34289,3
34290,3
34291,2
34292,3
34293,2
34294,2
34295,3
34296,3
34297,2
34298,2
34299,2
34300,2
34301,0
34302,0
34303,0
34304,2
34305,0
34306,3
34307,3
34308,2
34309,3
34310,3
34311,3
34312,3
34313,2
34314,0
34315,4
34316,2
34317,3
34318,0
34319,3
34320,2
34321,2
34322,2
34323,2
34324,2
34325,2
34326,3
34327,2
34328,0
34329,0
34330,0
34331,3
34332,2
34333,3
34334,3
34335,3
34336,3
34337,2
34338,2
34339,2
34340,3
34341,2
34342,3
34343,2
34344,0
34345,0
34346,2
34347,3
34348,3
34349,2
34350,3
34351,2
34352,2
34353,2
34354,2
34355,2
34356,2
34357,2
34358,2
34359,2
34360,2
34361,2
34362,2
34363,2
34364,2
34365,2
34366,2
34367,2
34368,2
34369,2
34370,0
34371,2
34372,2
34373,2
34374,2
34375,2
34376,4
34377,3
34378,3
34379,3
34380,2
34381,3
34382,2
34383,2
34384,2
34385,2
34386,2
34387,2
34388,2
34389,2
34390,2
34391,2
34392,2
34393,2
34394,2
34395,2
34396,2
34397,2
34398,2
34399,3
34400,2
34401,2
34402,2
34403,2
34404,2
34405,2
34406,2
34407,2
34408,2
34409,2
34410,2
34411,2
34412,2
34413,2
34414,3
34415,2
34416,3
34417,3
34418,0
34419,0
34420,3
34421,0
34422,1
34423,0
34424,0
34425,0
34426,0
34427,0
34428,0
34429,0
34430,3
34431,3
34432,3
34433,0
34434,2
34435,2
34436,2
34437,3
34438,2
34439,2
34440,2
34441,2
34442,2
34443,2
34444,2
34445,2
34446,2
34447,2
34448,2
34449,1
34450,3
34451,2
34452,2
34453,3
34454,2
34455,2
34456,2
34457,2
34458,2
34459,2
34460,2
34461,2
34462,2
34463,2
34464,2
34465,2
34466,2
34467,2
34468,2
34469,3
34470,2
34471,2
34472,2
34473,3
34474,2
34475,2
34476,2
34477,2
34478,3
34479,2
34480,3
34481,3
34482,2
34483,2
34484,2
34485,2
34486,2
34487,3
34488,2
34489,3
34490,0
34491,2
34492,2
34493,2
34494,2
34495,3
34496,2
34497,2
34498,2
34499,2
34500,2
34501,2
34502,2
34503,2
34504,2
34505,2
34506,2
34507,2
34508,2
34509,3
34510,3
34511,0
34512,0
34513,2
34514,0
34515,2
34516,0
34517,3
34518,0
34519,3
34520,3
34521,2
34522,3
34523,3
34524,3
34525,3
34526,3
34527,3
34528,3
34529,0
34530,3
34531,2
34532,2
34533,3
34534,3
34535,3
34536,3
34537,3
34538,3
34539,4
34540,2
34541,0
34542,2
34543,0
34544,2
34545,2
34546,4
34547,0
34548,3
34549,1
34550,3
34551,1
34552,2
34553,2
34554,2
34555,2
34556,3
34557,2
34558,0
34559,3
34560,3
34561,0
34562,3
34563,2
34564,3
34565,2
34566,2
34567,2
34568,2
34569,3
34570,3
34571,2
34572,2
34573,2
34574,3
34575,2
34576,2
34577,2
34578,2
34579,2
34580,2
34581,4
34582,4
34583,4
34584,2
34585,3
34586,4
34587,2
34588,3
34589,2
34590,2
34591,2
34592,2
34593,2
34594,2
34595,2
34596,2
34597,2
34598,2
34599,2
34600,2
34601,2
34602,2
34603,2
34604,3
34605,2
34606,2
34607,2
34608,2
34609,3
34610,2
34611,4
34612,3
34613,2
34614,2
34615,2
34616,2
34617,2
34618,2
34619,3
34620,2
34621,3
34622,2
34623,2
34624,2
34625,2
34626,2
34627,2
34628,2
34629,2
34630,2
34631,2
34632,3
34633,2
34634,3
34635,2
34636,0
34637,2
34638,2
34639,2
34640,3
34641,2
34642,3
34643,2
34644,2
34645,3
34646,2
34647,3
34648,4
34649,2
34650,2
34651,3
34652,4
34653,3
34654,2
34655,3
34656,2
34657,2
34658,0
34659,2
34660,2
34661,2
34662,2
34663,2
34664,2
34665,3
34666,2
34667,3
34668,2
34669,3
34670,3
34671,3
34672,3
34673,2
34674,2
34675,3
34676,2
34677,4
34678,2
34679,2
34680,2
34681,2
34682,2
34683,2
34684,2
34685,2
34686,2
34687,2
34688,2
34689,2
34690,2
34691,2
34692,2
34693,2
34694,2
34695,2
34696,2
34697,3
34698,2
34699,2
34700,4
34701,2
34702,2
34703,2
34704,2
34705,2
34706,2
34707,2
34708,2
34709,2
34710,2
34711,1
34712,1
34713,2
34714,0
34715,2
34716,2
34717,2
34718,2
34719,2
34720,2
34721,2
34722,2
34723,2
34724,2
34725,2
34726,2
34727,2
34728,2
34729,2
34730,2
34731,2
34732,2
34733,2
34734,2
34735,2
34736,3
34737,2
34738,3
34739,4
34740,4
34741,2
34742,2
34743,2
34744,2
34745,2
34746,2
34747,2
34748,2
34749,2
34750,2
34751,2
34752,3
34753,2
34754,2
34755,2
34756,2
34757,3
34758,2
34759,2
34760,2
34761,2
34762,2
34763,2
34764,2
34765,2
34766,3
34767,2
34768,2
34769,3
34770,2
34771,4
34772,3
34773,3
34774,3
34775,3
34776,2
34777,2
34778,3
34779,0
34780,2
34781,2
34782,2
34783,2
34784,3
34785,3
34786,3
34787,1
34788,0
34789,3
34790,3
34791,3
34792,3
34793,3
34794,2
34795,3
34796,0
34797,3
34798,2
34799,0
34800,2
34801,3
34802,3
34803,3
34804,3
34805,1
34806,3
34807,1
34808,0
34809,1
34810,3
34811,3
34812,3
34813,4
34814,1
34815,3
34816,3
34817,3
34818,3
34819,1
34820,4
34821,3
34822,0
34823,4
34824,1
34825,3
34826,3
34827,3
34828,2
34829,1
34830,2
34831,2
34832,3
34833,2
34834,2
34835,2
34836,2
34837,2
34838,2
34839,2
34840,2
34841,2
34842,2
34843,2
34844,2
34845,2
34846,0
34847,2
34848,3
34849,3
34850,2
34851,2
34852,0
34853,2
34854,3
34855,0
34856,2
34857,2
34858,3
34859,2
34860,3
34861,2
34862,3
34863,2
34864,0
34865,2
34866,2
34867,2
34868,4
34869,2
34870,4
34871,4
34872,4
34873,2
34874,2
34875,4
34876,2
34877,4
34878,2
34879,1
34880,3
34881,2
34882,2
34883,2
34884,2
34885,2
34886,2
34887,2
34888,2
34889,2
34890,2
34891,3
34892,2
34893,2
34894,2
34895,0
34896,2
34897,2
34898,2
34899,3
34900,2
34901,3
34902,2
34903,2
34904,2
34905,2
34906,2
34907,2
34908,2
34909,2
34910,3
34911,2
34912,3
34913,3
34914,3
34915,3
34916,3
34917,3
34918,3
34919,3
34920,3
34921,3
34922,2
34923,2
34924,2
34925,2
34926,3
34927,3
34928,3
34929,2
34930,2
34931,2
34932,2
34933,2
34934,2
34935,2
34936,2
34937,3
34938,2
34939,2
34940,2
34941,1
34942,3
34943,0
34944,4
34945,2
34946,2
34947,2
34948,3
34949,2
34950,3
34951,3
34952,2
34953,3
34954,2
34955,3
34956,2
34957,3
34958,2
34959,2
34960,2
34961,3
34962,3
34963,2
34964,2
34965,2
34966,3
34967,2
34968,3
34969,3
34970,0
34971,2
34972,3
34973,4
34974,2
34975,2
34976,2
34977,2
34978,2
34979,2
34980,2
34981,2
34982,2
34983,2
34984,2
34985,2
34986,2
34987,2
34988,2
34989,2
34990,2
34991,2
34992,2
34993,2
34994,0
34995,2
34996,2
34997,2
34998,2
34999,3
35000,2
35001,2
35002,2
35003,2
35004,3
35005,3
35006,2
35007,2
35008,2
35009,2
35010,2
35011,2
35012,3
35013,2
35014,2
35015,2
35016,2
35017,2
35018,2
35019,2
35020,2
35021,2
35022,2
35023,2
35024,2
35025,2
35026,2
35027,2
35028,2
35029,2
35030,3
35031,3
35032,2
35033,2
35034,2
35035,2
35036,2
35037,2
35038,2
35039,2
35040,2
35041,2
35042,3
35043,3
35044,3
35045,2
35046,3
35047,2
35048,3
35049,3
35050,2
35051,3
35052,3
35053,1
35054,0
35055,3
35056,2
35057,3
35058,3
35059,3
35060,1
35061,1
35062,1
35063,2
35064,3
35065,2
35066,2
35067,3
35068,2
35069,2
35070,2
35071,2
35072,3
35073,2
35074,2
35075,2
35076,2
35077,2
35078,2
35079,2
35080,2
35081,2
35082,2
35083,2
35084,2
35085,2
35086,2
35087,2
35088,2
35089,2
35090,2
35091,2
35092,2
35093,2
35094,2
35095,2
35096,2
35097,2
35098,2
35099,2
35100,2
35101,2
35102,2
35103,2
35104,2
35105,2
35106,2
35107,3
35108,2
35109,2
35110,2
35111,2
35112,2
35113,2
35114,2
35115,2
35116,2
35117,2
35118,2
35119,2
35120,2
35121,2
35122,2
35123,2
35124,2
35125,2
35126,3
35127,2
35128,2
35129,2
35130,3
35131,2
35132,2
35133,2
35134,2
35135,2
35136,2
35137,2
35138,2
35139,2
35140,3
35141,2
35142,2
35143,2
35144,2
35145,2
35146,3
35147,2
35148,3
35149,3
35150,2
35151,2
35152,2
35153,2
35154,2
35155,2
35156,2
35157,2
35158,2
35159,2
35160,2
35161,2
35162,2
35163,2
35164,2
35165,2
35166,3
35167,2
35168,2
35169,2
35170,2
35171,2
35172,2
35173,2
35174,2
35175,2
35176,2
35177,2
35178,2
35179,2
35180,1
35181,2
35182,2
35183,2
35184,2
35185,3
35186,3
35187,2
35188,2
35189,2
35190,2
35191,2
35192,2
35193,2
35194,2
35195,3
35196,2
35197,2
35198,2
35199,2
35200,2
35201,2
35202,2
35203,3
35204,2
35205,3
35206,2
35207,2
35208,3
35209,2
35210,2
35211,2
35212,3
35213,2
35214,2
35215,2
35216,3
35217,2
35218,2
35219,2
35220,2
35221,2
35222,2
35223,3
35224,2
35225,2
35226,3
35227,2
35228,2
35229,2
35230,2
35231,2
35232,2
35233,2
35234,2
35235,2
35236,3
35237,2
35238,2
35239,2
35240,2
35241,2
35242,2
35243,2
35244,2
35245,3
35246,2
35247,2
35248,2
35249,2
35250,2
35251,2
35252,2
35253,2
35254,2
35255,2
35256,2
35257,2
35258,2
35259,2
35260,2
35261,2
35262,2
35263,2
35264,2
35265,2
35266,2
35267,2
35268,2
35269,2
35270,2
35271,3
35272,2
35273,2
35274,2
35275,2
35276,3
35277,2
35278,2
35279,2
35280,2
35281,2
35282,2
35283,2
35284,2
35285,2
35286,2
35287,2
35288,2
35289,2
35290,2
35291,2
35292,2
35293,2
35294,2
35295,2
35296,2
35297,2
35298,2
35299,2
35300,2
35301,2
35302,2
35303,2
35304,2
35305,2
35306,2
35307,2
35308,2
35309,2
35310,2
35311,2
35312,2
35313,2
35314,2
35315,3
35316,2
35317,2
35318,2
35319,2
35320,2
35321,2
35322,2
35323,2
35324,1
35325,2
35326,2
35327,2
35328,2
35329,2
35330,2
35331,2
35332,2
35333,2
35334,2
35335,2
35336,2
35337,3
35338,2
35339,2
35340,2
35341,2
35342,2
35343,2
35344,2
35345,2
35346,2
35347,2
35348,3
35349,2
35350,2
35351,2
35352,2
35353,2
35354,2
35355,2
35356,1
35357,2
35358,2
35359,2
35360,2
35361,2
35362,2
35363,2
35364,2
35365,2
35366,2
35367,3
35368,2
35369,2
35370,2
35371,2
35372,2
35373,2
35374,2
35375,2
35376,3
35377,2
35378,3
35379,3
35380,2
35381,2
35382,2
35383,2
35384,3
35385,2
35386,2
35387,2
35388,2
35389,2
35390,2
35391,2
35392,2
35393,2
35394,2
35395,2
35396,2
35397,2
35398,2
35399,2
35400,2
35401,2
35402,2
35403,2
35404,2
35405,2
35406,2
35407,1
35408,2
35409,2
35410,2
35411,2
35412,2
35413,2
35414,2
35415,2
35416,2
35417,2
35418,1
35419,2
35420,2
35421,2
35422,2
35423,2
35424,2
35425,2
35426,2
35427,2
35428,2
35429,2
35430,2
35431,2
35432,2
35433,2
35434,3
35435,2
35436,2
35437,2
35438,3
35439,3
35440,2
35441,2
35442,2
35443,2
35444,2
35445,3
35446,2
35447,3
35448,2
35449,3
35450,2
35451,2
35452,2
35453,2
35454,3
35455,3
35456,2
35457,2
35458,2
35459,2
35460,2
35461,2
35462,3
35463,3
35464,2
35465,3
35466,2
35467,3
35468,2
35469,2
35470,2
35471,2
35472,2
35473,2
35474,2
35475,3
35476,3
35477,3
35478,3
35479,3
35480,2
35481,2
35482,3
35483,2
35484,3
35485,2
35486,2
35487,2
35488,3
35489,2
35490,2
35491,2
35492,2
35493,2
35494,2
35495,2
35496,2
35497,3
35498,2
35499,3
35500,3
35501,2
35502,2
35503,0
35504,3
35505,3
35506,2
35507,3
35508,2
35509,2
35510,2
35511,3
35512,3
35513,3
35514,2
35515,2
35516,2
35517,3
35518,3
35519,2
35520,2
35521,2
35522,3
35523,2
35524,2
35525,3
35526,3
35527,2
35528,2
35529,2
35530,2
35531,2
35532,2
35533,2
35534,2
35535,3
35536,3
35537,2
35538,2
35539,2
35540,3
35541,2
35542,2
35543,2
35544,2
35545,2
35546,2
35547,2
35548,2
35549,2
35550,2
35551,2
35552,2
35553,2
35554,2
35555,2
35556,2
35557,2
35558,3
35559,2
35560,2
35561,3
35562,2
35563,3
35564,2
35565,3
35566,2
35567,2
35568,2
35569,3
35570,2
35571,2
35572,2
35573,2
35574,2
35575,2
35576,2
35577,2
35578,3
35579,2
35580,2
35581,2
35582,2
35583,2
35584,2
35585,2
35586,2
35587,2
35588,2
35589,2
35590,3
35591,2
35592,2
35593,2
35594,2
35595,2
35596,2
35597,0
35598,2
35599,2
35600,2
35601,2
35602,2
35603,2
35604,2
35605,2
35606,2
35607,2
35608,2
35609,2
35610,2
35611,2
35612,2
35613,2
35614,3
35615,2
35616,2
35617,2
35618,2
35619,2
35620,1
35621,3
35622,2
35623,3
35624,2
35625,2
35626,2
35627,2
35628,3
35629,2
35630,2
35631,2
35632,2
35633,2
35634,2
35635,2
35636,2
35637,2
35638,1
35639,2
35640,2
35641,2
35642,2
35643,2
35644,2
35645,2
35646,2
35647,2
35648,2
35649,2
35650,3
35651,2
35652,2
35653,2
35654,2
35655,2
35656,2
35657,1
35658,2
35659,2
35660,2
35661,2
35662,2
35663,2
35664,2
35665,2
35666,2
35667,2
35668,2
35669,2
35670,2
35671,2
35672,2
35673,2
35674,2
35675,2
35676,2
35677,0
35678,2
35679,2
35680,2
35681,3
35682,2
35683,2
35684,2
35685,2
35686,0
35687,2
35688,2
35689,2
35690,2
35691,2
35692,2
35693,3
35694,2
35695,2
35696,2
35697,2
35698,2
35699,2
35700,2
35701,2
35702,2
35703,2
35704,2
35705,2
35706,2
35707,2
35708,2
35709,3
35710,2
35711,2
35712,2
35713,2
35714,2
35715,3
35716,2
35717,2
35718,2
35719,2
35720,2
35721,2
35722,2
35723,3
35724,2
35725,2
35726,2
35727,3
35728,2
35729,2
35730,3
35731,2
35732,2
35733,2
35734,2
35735,2
35736,2
35737,2
35738,2
35739,2
35740,2
35741,2
35742,2
35743,2
35744,2
35745,2
35746,2
35747,2
35748,2
35749,2
35750,0
35751,3
35752,2
35753,2
35754,2
35755,2
35756,2
35757,0
35758,2
35759,2
35760,2
35761,2
35762,2
35763,2
35764,2
35765,2
35766,2
35767,2
35768,2
35769,2
35770,3
35771,2
35772,2
35773,2
35774,2
35775,2
35776,2
35777,2
35778,2
35779,2
35780,2
35781,2
35782,2
35783,2
35784,2
35785,2
35786,2
35787,3
35788,3
35789,3
35790,3
35791,3
35792,3
35793,3
35794,0
35795,0
35796,0
35797,2
35798,0
35799,3
35800,0
35801,0
35802,0
35803,2
35804,2
35805,2
35806,2
35807,2
35808,2
35809,2
35810,3
35811,2
35812,3
35813,3
35814,2
35815,2
35816,2
35817,2
35818,2
35819,3
35820,2
35821,3
35822,3
35823,2
35824,2
35825,2
35826,2
35827,2
35828,2
35829,2
35830,2
35831,2
35832,2
35833,2
35834,2
35835,3
35836,2
35837,2
35838,2
35839,2
35840,2
35841,2
35842,2
35843,3
35844,2
35845,2
35846,2
35847,2
35848,2
35849,2
35850,3
35851,2
35852,2
35853,3
35854,2
35855,2
35856,2
35857,2
35858,2
35859,2
35860,2
35861,2
35862,2
35863,2
35864,3
35865,2
35866,2
35867,2
35868,2
35869,2
35870,2
35871,2
35872,2
35873,2
35874,2
35875,2
35876,2
35877,2
35878,2
35879,2
35880,2
35881,2
35882,2
35883,2
35884,2
35885,2
35886,2
35887,2
35888,2
35889,2
35890,2
35891,2
35892,2
35893,2
35894,2
35895,3
35896,2
35897,2
35898,2
35899,2
35900,2
35901,3
35902,2
35903,2
35904,2
35905,2
35906,2
35907,2
35908,2
35909,2
35910,2
35911,2
35912,2
35913,2
35914,2
35915,2
35916,2
35917,2
35918,2
35919,0
35920,2
35921,2
35922,2
35923,2
35924,3
35925,3
35926,2
35927,2
35928,2
35929,2
35930,3
35931,2
35932,2
35933,3
35934,2
35935,2
35936,2
35937,2
35938,2
35939,3
35940,2
35941,2
35942,3
35943,2
35944,3
35945,2
35946,2
35947,2
35948,2
35949,2
35950,2
35951,2
35952,2
35953,2
35954,3
35955,3
35956,2
35957,2
35958,2
35959,3
35960,2
35961,3
35962,2
35963,2
35964,2
35965,3
35966,2
35967,2
35968,2
35969,2
35970,2
35971,2
35972,2
35973,2
35974,2
35975,2
35976,3
35977,2
35978,3
35979,2
35980,2
35981,2
35982,2
35983,2
35984,2
35985,0
35986,2
35987,2
35988,2
35989,2
35990,2
35991,2
35992,2
35993,2
35994,2
35995,2
35996,2
35997,3
35998,2
35999,2
36000,2
36001,2
36002,2
36003,2
36004,3
36005,2
36006,2
36007,2
36008,2
36009,2
36010,2
36011,2
36012,3
36013,2
36014,2
36015,2
36016,2
36017,2
36018,2
36019,2
36020,2
36021,2
36022,2
36023,2
36024,2
36025,2
36026,3
36027,2
36028,2
36029,0
36030,3
36031,2
36032,3
36033,2
36034,2
36035,3
36036,3
36037,2
36038,3
36039,3
36040,2
36041,3
36042,2
36043,2
36044,2
36045,2
36046,2
36047,2
36048,2
36049,3
36050,2
36051,2
36052,2
36053,2
36054,2
36055,2
36056,2
36057,2
36058,2
36059,2
36060,2
36061,2
36062,2
36063,2
36064,2
36065,3
36066,2
36067,2
36068,2
36069,2
36070,2
36071,3
36072,2
36073,2
36074,2
36075,2
36076,2
36077,2
36078,2
36079,2
36080,2
36081,2
36082,2
36083,2
36084,2
36085,2
36086,2
36087,2
36088,2
36089,2
36090,2
36091,2
36092,2
36093,3
36094,2
36095,3
36096,2
36097,3
36098,2
36099,2
36100,2
36101,2
36102,2
36103,2
36104,2
36105,3
36106,2
36107,2
36108,2
36109,2
36110,2
36111,3
36112,2
36113,2
36114,3
36115,2
36116,3
36117,2
36118,2
36119,2
36120,2
36121,2
36122,2
36123,2
36124,2
36125,2
36126,2
36127,2
36128,2
36129,2
36130,2
36131,2
36132,2
36133,3
36134,3
36135,3
36136,3
36137,3
36138,3
36139,3
36140,2
36141,2
36142,2
36143,2
36144,2
36145,2
36146,2
36147,2
36148,2
36149,2
36150,2
36151,2
36152,2
36153,2
36154,2
36155,2
36156,3
36157,3
36158,2
36159,2
36160,3
36161,2
36162,2
36163,2
36164,2
36165,2
36166,2
36167,3
36168,2
36169,3
36170,2
36171,2
36172,3
36173,2
36174,3
36175,3
36176,3
36177,2
36178,2
36179,2
36180,2
36181,2
36182,2
36183,2
36184,2
36185,2
36186,2
36187,2
36188,3
36189,2
36190,2
36191,3
36192,2
36193,2
36194,2
36195,2
36196,2
36197,2
36198,2
36199,2
36200,2
36201,2
36202,2
36203,2
36204,2
36205,3
36206,2
36207,0
36208,2
36209,3
36210,2
36211,2
36212,2
36213,3
36214,3
36215,2
36216,2
36217,2
36218,2
36219,2
36220,2
36221,2
36222,2
36223,2
36224,2
36225,2
36226,2
36227,2
36228,2
36229,2
36230,2
36231,2
36232,0
36233,2
36234,2
36235,2
36236,2
36237,2
36238,2
36239,2
36240,2
36241,3
36242,2
36243,2
36244,2
36245,2
36246,2
36247,2
36248,2
36249,2
36250,2
36251,2
36252,2
36253,2
36254,2
36255,2
36256,2
36257,2
36258,2
36259,2
36260,2
36261,2
36262,2
36263,2
36264,3
36265,2
36266,2
36267,2
36268,2
36269,2
36270,2
36271,2
36272,2
36273,2
36274,2
36275,2
36276,2
36277,2
36278,2
36279,2
36280,2
36281,2
36282,2
36283,2
36284,2
36285,2
36286,2
36287,2
36288,2
36289,2
36290,2
36291,2
36292,2
36293,2
36294,2
36295,2
36296,2
36297,2
36298,0
36299,2
36300,4
36301,2
36302,2
36303,2
36304,2
36305,2
36306,2
36307,2
36308,2
36309,2
36310,2
36311,2
36312,2
36313,2
36314,2
36315,2
36316,2
36317,2
36318,2
36319,2
36320,2
36321,2
36322,2
36323,2
36324,2
36325,2
36326,2
36327,2
36328,2
36329,2
36330,2
36331,2
36332,2
36333,2
36334,2
36335,2
36336,2
36337,2
36338,2
36339,2
36340,2
36341,2
36342,2
36343,2
36344,2
36345,2
36346,2
36347,2
36348,2
36349,2
36350,2
36351,2
36352,2
36353,2
36354,2
36355,2
36356,2
36357,2
36358,2
36359,2
36360,2
36361,2
36362,2
36363,2
36364,2
36365,2
36366,2
36367,2
36368,2
36369,2
36370,2
36371,2
36372,2
36373,2
36374,2
36375,2
36376,2
36377,2
36378,2
36379,2
36380,3
36381,2
36382,2
36383,2
36384,2
36385,2
36386,2
36387,3
36388,2
36389,2
36390,2
36391,2
36392,2
36393,2
36394,2
36395,2
36396,2
36397,2
36398,2
36399,2
36400,2
36401,2
36402,2
36403,2
36404,2
36405,3
36406,2
36407,0
36408,2
36409,2
36410,2
36411,2
36412,2
36413,2
36414,3
36415,2
36416,2
36417,2
36418,3
36419,2
36420,2
36421,2
36422,2
36423,2
36424,2
36425,2
36426,2
36427,2
36428,0
36429,2
36430,2
36431,2
36432,2
36433,0
36434,3
36435,3
36436,2
36437,2
36438,2
36439,2
36440,3
36441,0
36442,2
36443,2
36444,3
36445,2
36446,0
36447,2
36448,2
36449,2
36450,2
36451,2
36452,2
36453,2
36454,2
36455,2
36456,2
36457,2
36458,0
36459,2
36460,3
36461,2
36462,3
36463,2
36464,2
36465,2
36466,2
36467,2
36468,2
36469,3
36470,2
36471,2
36472,0
36473,2
36474,2
36475,3
36476,2
36477,2
36478,2
36479,2
36480,0
36481,2
36482,3
36483,2
36484,2
36485,2
36486,2
36487,2
36488,2
36489,2
36490,2
36491,2
36492,2
36493,2
36494,2
36495,2
36496,2
36497,2
36498,2
36499,2
36500,2
36501,3
36502,2
36503,2
36504,2
36505,2
36506,2
36507,2
36508,2
36509,2
36510,0
36511,3
36512,2
36513,2
36514,0
36515,2
36516,2
36517,2
36518,2
36519,2
36520,2
36521,2
36522,2
36523,2
36524,2
36525,2
36526,2
36527,2
36528,2
36529,2
36530,2
36531,2
36532,2
36533,3
36534,2
36535,2
36536,2
36537,2
36538,2
36539,0
36540,2
36541,2
36542,2
36543,2
36544,2
36545,2
36546,2
36547,2
36548,2
36549,2
36550,2
36551,2
36552,2
36553,2
36554,2
36555,2
36556,2
36557,2
36558,2
36559,2
36560,2
36561,2
36562,2
36563,2
36564,2
36565,2
36566,2
36567,2
36568,2
36569,2
36570,2
36571,2
36572,0
36573,2
36574,2
36575,2
36576,2
36577,2
36578,2
36579,2
36580,2
36581,2
36582,0
36583,2
36584,2
36585,2
36586,2
36587,0
36588,2
36589,2
36590,2
36591,2
36592,2
36593,2
36594,0
36595,2
36596,2
36597,0
36598,2
36599,3
36600,2
36601,2
36602,2
36603,2
36604,2
36605,2
36606,2
36607,2
36608,2
36609,2
36610,2
36611,0
36612,2
36613,2
36614,2
36615,0
36616,3
36617,2
36618,2
36619,2
36620,2
36621,2
36622,2
36623,2
36624,2
36625,2
36626,2
36627,2
36628,2
36629,2
36630,0
36631,2
36632,2
36633,2
36634,2
36635,2
36636,2
36637,2
36638,2
36639,3
36640,0
36641,2
36642,2
36643,2
36644,2
36645,2
36646,2
36647,2
36648,3
36649,2
36650,3
36651,2
36652,2
36653,3
36654,2
36655,2
36656,2
36657,2
36658,2
36659,2
36660,2
36661,2
36662,2
36663,2
36664,2
36665,2
36666,2
36667,2
36668,2
36669,2
36670,2
36671,0
36672,2
36673,2
36674,2
36675,2
36676,2
36677,2
36678,2
36679,2
36680,2
36681,2
36682,3
36683,2
36684,2
36685,2
36686,2
36687,2
36688,2
36689,2
36690,2
36691,2
36692,3
36693,2
36694,2
36695,2
36696,3
36697,3
36698,2
36699,2
36700,2
36701,2
36702,2
36703,2
36704,3
36705,2
36706,3
36707,2
36708,2
36709,2
36710,2
36711,2
36712,2
36713,2
36714,2
36715,2
36716,2
36717,2
36718,2
36719,2
36720,2
36721,2
36722,2
36723,3
36724,2
36725,2
36726,2
36727,2
36728,3
36729,2
36730,3
36731,2
36732,0
36733,2
36734,2
36735,2
36736,3
36737,2
36738,2
36739,2
36740,2
36741,2
36742,2
36743,2
36744,3
36745,3
36746,2
36747,3
36748,2
36749,2
36750,3
36751,2
36752,2
36753,2
36754,2
36755,2
36756,3
36757,2
36758,2
36759,3
36760,3
36761,2
36762,2
36763,2
36764,2
36765,3
36766,2
36767,2
36768,2
36769,2
36770,2
36771,2
36772,2
36773,2
36774,2
36775,2
36776,2
36777,2
36778,2
36779,2
36780,3
36781,3
36782,2
36783,2
36784,2
36785,2
36786,2
36787,2
36788,2
36789,2
36790,2
36791,3
36792,2
36793,2
36794,3
36795,2
36796,2
36797,3
36798,3
36799,3
36800,2
36801,2
36802,2
36803,2
36804,3
36805,2
36806,2
36807,2
36808,2
36809,2
36810,2
36811,2
36812,2
36813,2
36814,2
36815,3
36816,2
36817,3
36818,3
36819,2
36820,2
36821,2
36822,3
36823,3
36824,3
36825,2
36826,2
36827,2
36828,2
36829,3
36830,2
36831,2
36832,2
36833,2
36834,2
36835,2
36836,2
36837,2
36838,2
36839,2
36840,2
36841,0
36842,3
36843,2
36844,2
36845,3
36846,2
36847,2
36848,0
36849,2
36850,1
36851,2
36852,2
36853,2
36854,2
36855,2
36856,2
36857,2
36858,2
36859,2
36860,2
36861,2
36862,2
36863,2
36864,2
36865,2
36866,2
36867,2
36868,2
36869,2
36870,2
36871,2
36872,2
36873,2
36874,2
36875,2
36876,0
36877,3
36878,2
36879,2
36880,2
36881,3
36882,2
36883,2
36884,2
36885,2
36886,2
36887,2
36888,2
36889,2
36890,2
36891,2
36892,2
36893,2
36894,2
36895,2
36896,2
36897,2
36898,2
36899,3
36900,3
36901,3
36902,2
36903,2
36904,3
36905,2
36906,2
36907,2
36908,3
36909,2
36910,2
36911,3
36912,2
36913,2
36914,2
36915,3
36916,2
36917,2
36918,2
36919,3
36920,2
36921,2
36922,2
36923,2
36924,2
36925,2
36926,2
36927,2
36928,2
36929,3
36930,3
36931,2
36932,2
36933,2
36934,2
36935,4
36936,3
36937,2
36938,2
36939,2
36940,2
36941,0
36942,1
36943,2
36944,2
36945,1
36946,2
36947,2
36948,2
36949,2
36950,2
36951,2
36952,2
36953,2
36954,2
36955,2
36956,2
36957,0
36958,2
36959,2
36960,0
36961,2
36962,2
36963,2
36964,2
36965,3
36966,3
36967,3
36968,2
36969,2
36970,2
36971,2
36972,3
36973,2
36974,2
36975,2
36976,2
36977,2
36978,2
36979,2
36980,2
36981,2
36982,2
36983,3
36984,3
36985,2
36986,3
36987,3
36988,2
36989,2
36990,2
36991,2
36992,2
36993,2
36994,2
36995,2
36996,3
36997,2
36998,3
36999,0
37000,3
37001,2
37002,3
37003,3
37004,2
37005,2
37006,2
37007,3
37008,2
37009,3
37010,2
37011,3
37012,2
37013,3
37014,2
37015,2
37016,2
37017,2
37018,0
37019,2
37020,2
37021,2
37022,2
37023,0
37024,0
37025,2
37026,0
37027,2
37028,2
37029,2
37030,3
37031,3
37032,2
37033,3
37034,3
37035,3
37036,2
37037,3
37038,2
37039,2
37040,3
37041,2
37042,3
37043,2
37044,3
37045,3
37046,3
37047,3
37048,2
37049,2
37050,2
37051,3
37052,2
37053,3
37054,2
37055,2
37056,2
37057,2
37058,2
37059,2
37060,3
37061,2
37062,2
37063,2
37064,3
37065,2
37066,2
37067,2
37068,2
37069,2
37070,2
37071,2
37072,2
37073,2
37074,3
37075,2
37076,2
37077,2
37078,2
37079,2
37080,2
37081,2
37082,2
37083,2
37084,2
37085,2
37086,2
37087,2
37088,2
37089,2
37090,3
37091,2
37092,2
37093,2
37094,2
37095,2
37096,2
37097,2
37098,2
37099,2
37100,2
37101,2
37102,2
37103,3
37104,2
37105,2
37106,2
37107,0
37108,0
37109,2
37110,3
37111,2
37112,2
37113,2
37114,2
37115,2
37116,2
37117,2
37118,2
37119,3
37120,2
37121,2
37122,3
37123,2
37124,2
37125,2
37126,2
37127,2
37128,2
37129,3
37130,2
37131,2
37132,2
37133,2
37134,2
37135,2
37136,2
37137,3
37138,2
37139,3
37140,2
37141,3
37142,2
37143,2
37144,2
37145,2
37146,2
37147,2
37148,2
37149,2
37150,2
37151,2
37152,2
37153,2
37154,2
37155,2
37156,2
37157,2
37158,2
37159,2
37160,2
37161,2
37162,3
37163,2
37164,2
37165,2
37166,2
37167,2
37168,2
37169,2
37170,2
37171,2
37172,2
37173,2
37174,2
37175,2
37176,2
37177,2
37178,2
37179,2
37180,2
37181,2
37182,3
37183,3
37184,2
37185,2
37186,2
37187,3
37188,2
37189,3
37190,2
37191,2
37192,2
37193,3
37194,2
37195,2
37196,2
37197,2
37198,2
37199,2
37200,3
37201,2
37202,0
37203,2
37204,2
37205,2
37206,2
37207,2
37208,3
37209,2
37210,3
37211,2
37212,2
37213,2
37214,0
37215,3
37216,3
37217,3
37218,2
37219,2
37220,2
37221,3
37222,3
37223,3
37224,0
37225,3
37226,2
37227,2
37228,2
37229,2
37230,2
37231,2
37232,2
37233,3
37234,2
37235,2
37236,2
37237,2
37238,2
37239,0
37240,2
37241,2
37242,2
37243,2
37244,2
37245,2
37246,2
37247,2
37248,2
37249,2
37250,2
37251,2
37252,1
37253,2
37254,2
37255,2
37256,2
37257,2
37258,2
37259,2
37260,2
37261,2
37262,2
37263,3
37264,2
37265,2
37266,2
37267,2
37268,2
37269,2
37270,2
37271,2
37272,2
37273,2
37274,2
37275,2
37276,2
37277,2
37278,2
37279,2
37280,2
37281,2
37282,2
37283,2
37284,2
37285,0
37286,2
37287,2
37288,2
37289,2
37290,2
37291,2
37292,2
37293,2
37294,2
37295,2
37296,2
37297,2
37298,3
37299,2
37300,2
37301,2
37302,2
37303,2
37304,2
37305,2
37306,2
37307,0
37308,2
37309,2
37310,2
37311,3
37312,2
37313,2
37314,2
37315,2
37316,2
37317,2
37318,2
37319,2
37320,2
37321,2
37322,2
37323,2
37324,2
37325,2
37326,2
37327,2
37328,2
37329,2
37330,2
37331,2
37332,2
37333,2
37334,2
37335,3
37336,2
37337,2
37338,2
37339,2
37340,2
37341,2
37342,2
37343,2
37344,2
37345,0
37346,2
37347,2
37348,2
37349,2
37350,3
37351,3
37352,2
37353,3
37354,2
37355,2
37356,0
37357,2
37358,3
37359,3
37360,2
37361,2
37362,3
37363,2
37364,2
37365,2
37366,2
37367,3
37368,3
37369,3
37370,2
37371,2
37372,2
37373,2
37374,2
37375,2
37376,2
37377,2
37378,2
37379,2
37380,2
37381,2
37382,2
37383,2
37384,2
37385,2
37386,2
37387,2
37388,2
37389,3
37390,3
37391,2
37392,3
37393,2
37394,2
37395,3
37396,2
37397,2
37398,2
37399,3
37400,2
37401,2
37402,2
37403,2
37404,2
37405,2
37406,2
37407,2
37408,2
37409,2
37410,2
37411,2
37412,2
37413,2
37414,2
37415,2
37416,2
37417,2
37418,3
37419,2
37420,2
37421,2
37422,3
37423,2
37424,3
37425,2
37426,3
37427,2
37428,3
37429,2
37430,3
37431,2
37432,2
37433,2
37434,3
37435,2
37436,2
37437,2
37438,3
37439,2
37440,2
37441,2
37442,3
37443,2
37444,2
37445,2
37446,2
37447,2
37448,2
37449,2
37450,3
37451,2
37452,3
37453,2
37454,3
37455,3
37456,2
37457,2
37458,2
37459,2
37460,2
37461,2
37462,2
37463,2
37464,2
37465,2
37466,2
37467,2
37468,2
37469,2
37470,2
37471,2
37472,2
37473,2
37474,2
37475,2
37476,3
37477,2
37478,2
37479,2
37480,3
37481,3
37482,2
37483,2
37484,2
37485,3
37486,2
37487,3
37488,2
37489,2
37490,2
37491,1
37492,2
37493,2
37494,2
37495,2
37496,2
37497,2
37498,3
37499,2
37500,2
37501,3
37502,3
37503,2
37504,2
37505,2
37506,2
37507,2
37508,2
37509,3
37510,2
37511,3
37512,2
37513,2
37514,3
37515,2
37516,2
37517,2
37518,2
37519,2
37520,2
37521,3
37522,3
37523,3
37524,3
37525,2
37526,2
37527,3
37528,2
37529,2
37530,2
37531,2
37532,2
37533,2
37534,2
37535,2
37536,3
37537,0
37538,2
37539,2
37540,2
37541,2
37542,2
37543,2
37544,2
37545,2
37546,3
37547,2
37548,3
37549,2
37550,2
37551,2
37552,3
37553,2
37554,3
37555,3
37556,3
37557,2
37558,2
37559,2
37560,3
37561,2
37562,2
37563,3
37564,3
37565,3
37566,2
37567,3
37568,2
37569,2
37570,2
37571,2
37572,2
37573,2
37574,3
37575,2
37576,3
37577,3
37578,2
37579,2
37580,2
37581,2
37582,2
37583,3
37584,2
37585,3
37586,2
37587,2
37588,2
37589,2
37590,3
37591,2
37592,2
37593,2
37594,2
37595,2
37596,0
37597,2
37598,2
37599,2
37600,2
37601,2
37602,2
37603,2
37604,3
37605,2
37606,2
37607,2
37608,2
37609,2
37610,2
37611,2
37612,2
37613,3
37614,2
37615,2
37616,2
37617,2
37618,2
37619,2
37620,2
37621,2
37622,2
37623,2
37624,2
37625,2
37626,2
37627,2
37628,2
37629,2
37630,3
37631,2
37632,2
37633,2
37634,2
37635,2
37636,2
37637,2
37638,2
37639,2
37640,2
37641,2
37642,2
37643,2
37644,2
37645,3
37646,3
37647,2
37648,2
37649,3
37650,3
37651,3
37652,3
37653,2
37654,3
37655,2
37656,2
37657,2
37658,2
37659,2
37660,3
37661,2
37662,3
37663,2
37664,2
37665,2
37666,2
37667,3
37668,2
37669,2
37670,3
37671,2
37672,2
37673,2
37674,2
37675,2
37676,2
37677,3
37678,2
37679,2
37680,2
37681,2
37682,0
37683,2
37684,2
37685,2
37686,2
37687,3
37688,2
37689,2
37690,2
37691,3
37692,3
37693,2
37694,2
37695,2
37696,2
37697,3
37698,3
37699,2
37700,2
37701,2
37702,2
37703,3
37704,2
37705,3
37706,2
37707,2
37708,3
37709,3
37710,2
37711,2
37712,2
37713,2
37714,2
37715,3
37716,2
37717,2
37718,3
37719,2
37720,3
37721,2
37722,2
37723,2
37724,2
37725,2
37726,3
37727,3
37728,2
37729,3
37730,3
37731,2
37732,2
37733,3
37734,3
37735,3
37736,3
37737,2
37738,2
37739,2
37740,2
37741,2
37742,2
37743,3
37744,2
37745,2
37746,2
37747,2
37748,2
37749,2
37750,2
37751,2
37752,3
37753,2
37754,3
37755,2
37756,2
37757,3
37758,2
37759,0
37760,0
37761,2
37762,2
37763,2
37764,2
37765,2
37766,2
37767,2
37768,2
37769,2
37770,2
37771,2
37772,2
37773,2
37774,0
37775,0
37776,0
37777,2
37778,3
37779,2
37780,2
37781,2
37782,2
37783,2
37784,2
37785,2
37786,3
37787,3
37788,2
37789,2
37790,2
37791,2
37792,3
37793,2
37794,2
37795,3
37796,2
37797,2
37798,2
37799,3
37800,2
37801,3
37802,2
37803,2
37804,2
37805,2
37806,2
37807,3
37808,2
37809,2
37810,2
37811,2
37812,2
37813,2
37814,2
37815,2
37816,2
37817,2
37818,2
37819,3
37820,2
37821,2
37822,2
37823,2
37824,2
37825,2
37826,2
37827,3
37828,2
37829,3
37830,2
37831,2
37832,2
37833,3
37834,2
37835,2
37836,3
37837,2
37838,2
37839,3
37840,2
37841,2
37842,2
37843,3
37844,2
37845,2
37846,2
37847,3
37848,2
37849,2
37850,2
37851,2
37852,2
37853,2
37854,2
37855,2
37856,2
37857,3
37858,2
37859,2
37860,3
37861,2
37862,2
37863,2
37864,2
37865,2
37866,3
37867,3
37868,3
37869,2
37870,2
37871,2
37872,2
37873,2
37874,2
37875,2
37876,3
37877,3
37878,2
37879,3
37880,2
37881,2
37882,2
37883,2
37884,3
37885,2
37886,2
37887,2
37888,3
37889,3
37890,2
37891,3
37892,2
37893,0
37894,3
37895,3
37896,3
37897,0
37898,2
37899,2
37900,2
37901,2
37902,2
37903,3
37904,2
37905,3
37906,2
37907,2
37908,3
37909,2
37910,2
37911,2
37912,2
37913,2
37914,2
37915,2
37916,2
37917,2
37918,2
37919,2
37920,2
37921,3
37922,2
37923,3
37924,0
37925,2
37926,2
37927,2
37928,2
37929,2
37930,2
37931,2
37932,2
37933,2
37934,2
37935,2
37936,2
37937,2
37938,0
37939,2
37940,2
37941,2
37942,2
37943,2
37944,2
37945,2
37946,2
37947,2
37948,2
37949,2
37950,2
37951,2
37952,2
37953,2
37954,2
37955,3
37956,2
37957,2
37958,2
37959,2
37960,3
37961,3
37962,2
37963,2
37964,2
37965,3
37966,3
37967,2
37968,2
37969,2
37970,2
37971,2
37972,4
37973,2
37974,2
37975,2
37976,2
37977,2
37978,2
37979,2
37980,2
37981,2
37982,3
37983,2
37984,2
37985,2
37986,2
37987,3
37988,3
37989,2
37990,2
37991,2
37992,2
37993,2
37994,2
37995,2
37996,0
37997,2
37998,2
37999,2
38000,3
38001,2
38002,2
38003,2
38004,2
38005,2
38006,2
38007,2
38008,2
38009,2
38010,2
38011,2
38012,2
38013,2
38014,2
38015,2
38016,3
38017,2
38018,3
38019,3
38020,2
38021,2
38022,3
38023,2
38024,3
38025,2
38026,2
38027,3
38028,2
38029,2
38030,3
38031,2
38032,2
38033,3
38034,2
38035,3
38036,2
38037,2
38038,2
38039,2
38040,2
38041,2
38042,2
38043,2
38044,2
38045,2
38046,2
38047,3
38048,2
38049,2
38050,2
38051,2
38052,2
38053,2
38054,2
38055,3
38056,2
38057,2
38058,2
38059,2
38060,2
38061,3
38062,2
38063,2
38064,2
38065,2
38066,2
38067,2
38068,2
38069,2
38070,2
38071,2
38072,2
38073,2
38074,2
38075,2
38076,2
38077,2
38078,2
38079,2
38080,2
38081,2
38082,2
38083,2
38084,2
38085,2
38086,2
38087,2
38088,2
38089,2
38090,2
38091,2
38092,2
38093,2
38094,2
38095,2
38096,2
38097,2
38098,4
38099,2
38100,3
38101,2
38102,3
38103,2
38104,3
38105,2
38106,2
38107,2
38108,2
38109,2
38110,2
38111,2
38112,2
38113,2
38114,2
38115,2
38116,2
38117,2
38118,2
38119,2
38120,2
38121,2
38122,2
38123,2
38124,3
38125,2
38126,2
38127,2
38128,2
38129,2
38130,2
38131,2
38132,3
38133,2
38134,2
38135,2
38136,2
38137,2
38138,2
38139,2
38140,2
38141,2
38142,2
38143,2
38144,2
38145,2
38146,2
38147,2
38148,2
38149,2
38150,2
38151,2
38152,2
38153,2
38154,2
38155,2
38156,2
38157,3
38158,2
38159,2
38160,2
38161,2
38162,2
38163,2
38164,2
38165,3
38166,3
38167,3
38168,2
38169,2
38170,2
38171,2
38172,2
38173,2
38174,3
38175,2
38176,3
38177,2
38178,2
38179,2
38180,3
38181,3
38182,2
38183,2
38184,3
38185,2
38186,3
38187,2
38188,2
38189,3
38190,3
38191,2
38192,2
38193,3
38194,2
38195,2
38196,3
38197,3
38198,0
38199,3
38200,4
38201,2
38202,2
38203,3
38204,2
38205,2
38206,2
38207,2
38208,2
38209,2
38210,2
38211,2
38212,3
38213,2
38214,2
38215,2
38216,2
38217,3
38218,2
38219,2
38220,2
38221,2
38222,2
38223,2
38224,2
38225,2
38226,2
38227,2
38228,2
38229,2
38230,3
38231,2
38232,2
38233,2
38234,0
38235,2
38236,2
38237,2
38238,2
38239,2
38240,0
38241,2
38242,2
38243,2
38244,2
38245,3
38246,2
38247,2
38248,3
38249,0
38250,2
38251,2
38252,3
38253,2
38254,2
38255,2
38256,3
38257,2
38258,2
38259,2
38260,2
38261,2
38262,2
38263,2
38264,2
38265,2
38266,2
38267,2
38268,2
38269,2
38270,2
38271,2
38272,3
38273,2
38274,2
38275,2
38276,2
38277,2
38278,2
38279,2
38280,2
38281,0
38282,2
38283,2
38284,3
38285,2
38286,3
38287,2
38288,2
38289,2
38290,3
38291,3
38292,2
38293,2
38294,2
38295,2
38296,3
38297,3
38298,3
38299,2
38300,3
38301,2
38302,2
38303,3
38304,3
38305,2
38306,3
38307,2
38308,2
38309,2
38310,2
38311,2
38312,2
38313,2
38314,2
38315,0
38316,2
38317,2
38318,2
38319,2
38320,2
38321,2
38322,2
38323,2
38324,2
38325,2
38326,2
38327,2
38328,2
38329,3
38330,3
38331,2
38332,2
38333,2
38334,2
38335,2
38336,2
38337,2
38338,2
38339,2
38340,2
38341,3
38342,3
38343,2
38344,2
38345,2
38346,2
38347,2
38348,2
38349,2
38350,3
38351,2
38352,2
38353,2
38354,2
38355,2
38356,2
38357,3
38358,2
38359,2
38360,2
38361,2
38362,3
38363,2
38364,2
38365,2
38366,3
38367,2
38368,2
38369,0
38370,3
38371,2
38372,3
38373,2
38374,2
38375,2
38376,2
38377,2
38378,2
38379,2
38380,2
38381,2
38382,2
38383,2
38384,2
38385,2
38386,2
38387,2
38388,2
38389,2
38390,2
38391,2
38392,2
38393,2
38394,2
38395,2
38396,2
38397,2
38398,2
38399,2
38400,2
38401,2
38402,2
38403,2
38404,3
38405,3
38406,3
38407,2
38408,2
38409,2
38410,2
38411,2
38412,2
38413,2
38414,2
38415,2
38416,2
38417,3
38418,2
38419,2
38420,2
38421,2
38422,2
38423,2
38424,0
38425,0
38426,3
38427,2
38428,2
38429,2
38430,2
38431,2
38432,2
38433,2
38434,2
38435,2
38436,2
38437,3
38438,2
38439,2
38440,2
38441,2
38442,2
38443,2
38444,2
38445,3
38446,2
38447,2
38448,2
38449,2
38450,2
38451,2
38452,2
38453,2
38454,2
38455,2
38456,2
38457,0
38458,3
38459,2
38460,2
38461,2
38462,2
38463,2
38464,2
38465,2
38466,2
38467,3
38468,2
38469,2
38470,2
38471,2
38472,2
38473,3
38474,2
38475,2
38476,2
38477,2
38478,2
38479,2
38480,2
38481,2
38482,2
38483,2
38484,2
38485,2
38486,3
38487,3
38488,2
38489,2
38490,2
38491,2
38492,3
38493,3
38494,2
38495,2
38496,2
38497,2
38498,2
38499,3
38500,2
38501,3
38502,2
38503,2
38504,2
38505,2
38506,2
38507,2
38508,2
38509,2
38510,2
38511,2
38512,2
38513,2
38514,2
38515,2
38516,2
38517,3
38518,2
38519,2
38520,3
38521,2
38522,2
38523,2
38524,0
38525,0
38526,3
38527,2
38528,2
38529,2
38530,2
38531,2
38532,2
38533,3
38534,2
38535,3
38536,2
38537,3
38538,2
38539,2
38540,2
38541,2
38542,2
38543,2
38544,2
38545,2
38546,3
38547,2
38548,3
38549,2
38550,2
38551,2
38552,2
38553,2
38554,2
38555,2
38556,3
38557,2
38558,2
38559,3
38560,2
38561,2
38562,2
38563,2
38564,2
38565,2
38566,2
38567,2
38568,2
38569,2
38570,2
38571,2
38572,3
38573,3
38574,2
38575,2
38576,3
38577,2
38578,3
38579,3
38580,3
38581,3
38582,2
38583,2
38584,2
38585,2
38586,2
38587,2
38588,2
38589,2
38590,2
38591,3
38592,3
38593,3
38594,3
38595,3
38596,2
38597,3
38598,2
38599,3
38600,3
38601,2
38602,2
38603,3
38604,2
38605,3
38606,2
38607,2
38608,2
38609,3
38610,2
38611,2
38612,2
38613,2
38614,2
38615,2
38616,2
38617,2
38618,2
38619,3
38620,2
38621,2
38622,2
38623,2
38624,3
38625,3
38626,2
38627,2
38628,3
38629,2
38630,2
38631,2
38632,2
38633,2
38634,3
38635,2
38636,2
38637,2
38638,2
38639,2
38640,3
38641,2
38642,2
38643,2
38644,2
38645,2
38646,2
38647,2
38648,3
38649,2
38650,2
38651,0
38652,2
38653,2
38654,2
38655,2
38656,2
38657,2
38658,2
38659,2
38660,2
38661,3
38662,2
38663,3
38664,2
38665,2
38666,2
38667,2
38668,2
38669,2
38670,2
38671,2
38672,2
38673,2
38674,2
38675,2
38676,2
38677,3
38678,3
38679,2
38680,2
38681,2
38682,2
38683,2
38684,2
38685,2
38686,2
38687,2
38688,2
38689,2
38690,2
38691,2
38692,2
38693,2
38694,2
38695,2
38696,2
38697,3
38698,2
38699,2
38700,2
38701,3
38702,3
38703,2
38704,2
38705,2
38706,2
38707,2
38708,2
38709,2
38710,2
38711,2
38712,2
38713,2
38714,2
38715,2
38716,2
38717,2
38718,2
38719,2
38720,2
38721,2
38722,2
38723,2
38724,2
38725,2
38726,2
38727,2
38728,2
38729,2
38730,2
38731,3
38732,2
38733,2
38734,2
38735,2
38736,2
38737,2
38738,2
38739,2
38740,2
38741,2
38742,2
38743,2
38744,3
38745,2
38746,2
38747,2
38748,2
38749,2
38750,2
38751,3
38752,2
38753,2
38754,2
38755,2
38756,2
38757,3
38758,3
38759,2
38760,2
38761,2
38762,2
38763,2
38764,2
38765,2
38766,3
38767,2
38768,3
38769,2
38770,2
38771,3
38772,2
38773,2
38774,2
38775,2
38776,2
38777,2
38778,2
38779,2
38780,3
38781,2
38782,2
38783,2
38784,2
38785,3
38786,2
38787,3
38788,2
38789,2
38790,2
38791,2
38792,2
38793,3
38794,2
38795,2
38796,2
38797,2
38798,2
38799,3
38800,3
38801,2
38802,2
38803,3
38804,2
38805,2
38806,2
38807,3
38808,2
38809,2
38810,2
38811,2
38812,2
38813,3
38814,2
38815,2
38816,3
38817,3
38818,2
38819,2
38820,2
38821,2
38822,3
38823,2
38824,2
38825,2
38826,2
38827,2
38828,3
38829,2
38830,3
38831,2
38832,2
38833,2
38834,2
38835,2
38836,2
38837,2
38838,2
38839,2
38840,3
38841,2
38842,2
38843,2
38844,2
38845,3
38846,2
38847,2
38848,3
38849,3
38850,2
38851,2
38852,2
38853,2
38854,2
38855,3
38856,2
38857,2
38858,2
38859,2
38860,2
38861,3
38862,3
38863,3
38864,2
38865,2
38866,2
38867,2
38868,3
38869,2
38870,2
38871,2
38872,2
38873,2
38874,2
38875,2
38876,2
38877,2
38878,2
38879,2
38880,2
38881,2
38882,2
38883,2
38884,2
38885,2
38886,2
38887,2
38888,2
38889,3
38890,3
38891,3
38892,2
38893,2
38894,3
38895,2
38896,2
38897,3
38898,3
38899,2
38900,2
38901,2
38902,2
38903,2
38904,2
38905,2
38906,2
38907,2
38908,2
38909,2
38910,2
38911,2
38912,2
38913,2
38914,2
38915,2
38916,0
38917,0
38918,3
38919,2
38920,2
38921,3
38922,2
38923,2
38924,3
38925,2
38926,2
38927,2
38928,2
38929,2
38930,2
38931,2
38932,2
38933,2
38934,2
38935,2
38936,2
38937,2
38938,2
38939,2
38940,2
38941,2
38942,2
38943,3
38944,2
38945,3
38946,3
38947,2
38948,2
38949,2
38950,2
38951,2
38952,2
38953,2
38954,2
38955,2
38956,2
38957,2
38958,2
38959,2
38960,2
38961,2
38962,2
38963,3
38964,2
38965,2
38966,3
38967,2
38968,2
38969,2
38970,2
38971,2
38972,2
38973,2
38974,2
38975,3
38976,3
38977,3
38978,3
38979,2
38980,3
38981,2
38982,2
38983,2
38984,3
38985,2
38986,2
38987,2
38988,2
38989,2
38990,2
38991,3
38992,2
38993,2
38994,2
38995,2
38996,2
38997,2
38998,2
38999,2
39000,2
39001,2
39002,2
39003,2
39004,2
39005,2
39006,2
39007,3
39008,2
39009,2
39010,2
39011,2
39012,2
39013,3
39014,2
39015,3
39016,2
39017,2
39018,3
39019,2
39020,2
39021,2
39022,3
39023,3
39024,2
39025,3
39026,3
39027,2
39028,2
39029,3
39030,2
39031,3
39032,2
39033,2
39034,2
39035,3
39036,2
39037,3
39038,2
39039,2
39040,2
39041,2
39042,2
39043,2
39044,2
39045,3
39046,0
39047,2
39048,3
39049,2
39050,3
39051,2
39052,2
39053,2
39054,2
39055,2
39056,2
39057,2
39058,3
39059,2
39060,2
39061,2
39062,2
39063,2
39064,0
39065,3
39066,2
39067,2
39068,2
39069,3
39070,2
39071,2
39072,2
39073,3
39074,2
39075,2
39076,2
39077,2
39078,2
39079,2
39080,2
39081,2
39082,2
39083,2
39084,2
39085,2
39086,3
39087,2
39088,2
39089,3
39090,2
39091,2
39092,2
39093,0
39094,3
39095,3
39096,2
39097,2
39098,2
39099,2
39100,2
39101,3
39102,2
39103,2
39104,3
39105,3
39106,2
39107,2
39108,3
39109,2
39110,2
39111,2
39112,2
39113,3
39114,2
39115,3
39116,2
39117,2
39118,2
39119,2
39120,3
39121,2
39122,2
39123,2
39124,2
39125,2
39126,3
39127,2
39128,2
39129,2
39130,2
39131,2
39132,2
39133,2
39134,2
39135,2
39136,2
39137,3
39138,2
39139,2
39140,2
39141,2
39142,3
39143,2
39144,2
39145,2
39146,2
39147,2
39148,2
39149,2
39150,2
39151,2
39152,2
39153,2
39154,0
39155,2
39156,2
39157,2
39158,2
39159,2
39160,3
39161,2
39162,3
39163,2
39164,2
39165,2
39166,2
39167,2
39168,2
39169,2
39170,2
39171,2
39172,2
39173,2
39174,2
39175,2
39176,2
39177,2
39178,2
39179,2
39180,2
39181,2
39182,0
39183,2
39184,2
39185,2
39186,2
39187,3
39188,2
39189,2
39190,3
39191,2
39192,3
39193,3
39194,3
39195,3
39196,3
39197,2
39198,2
39199,2
39200,2
39201,2
39202,2
39203,2
39204,2
39205,2
39206,2
39207,2
39208,2
39209,2
39210,2
39211,2
39212,2
39213,2
39214,2
39215,2
39216,2
39217,2
39218,2
39219,2
39220,2
39221,2
39222,2
39223,2
39224,2
39225,2
39226,2
39227,3
39228,2
39229,2
39230,2
39231,2
39232,2
39233,2
39234,2
39235,2
39236,2
39237,2
39238,2
39239,2
39240,2
39241,2
39242,2
39243,2
39244,2
39245,2
39246,2
39247,2
39248,2
39249,2
39250,2
39251,2
39252,2
39253,2
39254,2
39255,2
39256,2
39257,2
39258,2
39259,2
39260,0
39261,0
39262,2
39263,2
39264,2
39265,3
39266,2
39267,2
39268,2
39269,2
39270,3
39271,2
39272,0
39273,2
39274,2
39275,2
39276,2
39277,2
39278,2
39279,2
39280,2
39281,2
39282,2
39283,0
39284,2
39285,2
39286,2
39287,2
39288,2
39289,2
39290,2
39291,2
39292,2
39293,2
39294,2
39295,2
39296,2
39297,0
39298,2
39299,2
39300,3
39301,2
39302,2
39303,2
39304,2
39305,2
39306,2
39307,2
39308,2
39309,2
39310,2
39311,0
39312,2
39313,2
39314,2
39315,2
39316,2
39317,2
39318,1
39319,2
39320,2
39321,3
39322,2
39323,2
39324,2
39325,2
39326,2
39327,2
39328,2
39329,2
39330,3
39331,2
39332,2
39333,2
39334,2
39335,2
39336,2
39337,2
39338,2
39339,2
39340,2
39341,2
39342,2
39343,2
39344,0
39345,2
39346,2
39347,2
39348,2
39349,2
39350,0
39351,2
39352,2
39353,2
39354,2
39355,2
39356,2
39357,2
39358,2
39359,2
39360,3
39361,2
39362,3
39363,3
39364,2
39365,2
39366,2
39367,2
39368,3
39369,2
39370,2
39371,2
39372,2
39373,3
39374,2
39375,2
39376,0
39377,2
39378,3
39379,2
39380,2
39381,3
39382,3
39383,2
39384,2
39385,2
39386,2
39387,2
39388,2
39389,2
39390,2
39391,2
39392,2
39393,2
39394,2
39395,2
39396,2
39397,2
39398,2
39399,2
39400,2
39401,2
39402,2
39403,2
39404,2
39405,2
39406,2
39407,2
39408,2
39409,2
39410,2
39411,2
39412,2
39413,2
39414,2
39415,2
39416,2
39417,2
39418,0
39419,2
39420,2
39421,2
39422,2
39423,2
39424,1
39425,2
39426,2
39427,2
39428,2
39429,2
39430,2
39431,2
39432,2
39433,2
39434,2
39435,2
39436,2
39437,2
39438,2
39439,2
39440,2
39441,2
39442,3
39443,2
39444,2
39445,2
39446,2
39447,2
39448,2
39449,3
39450,2
39451,2
39452,2
39453,2
39454,0
39455,2
39456,2
39457,2
39458,2
39459,2
39460,2
39461,2
39462,2
39463,2
39464,2
39465,2
39466,2
39467,2
39468,3
39469,2
39470,2
39471,2
39472,2
39473,2
39474,2
39475,2
39476,2
39477,2
39478,2
39479,2
39480,2
39481,2
39482,2
39483,2
39484,2
39485,2
39486,2
39487,2
39488,2
39489,2
39490,3
39491,2
39492,2
39493,2
39494,2
39495,2
39496,2
39497,2
39498,3
39499,2
39500,2
39501,2
39502,2
39503,2
39504,2
39505,2
39506,2
39507,2
39508,2
39509,2
39510,2
39511,2
39512,2
39513,2
39514,2
39515,2
39516,2
39517,2
39518,0
39519,2
39520,2
39521,2
39522,2
39523,2
39524,2
39525,2
39526,2
39527,2
39528,2
39529,3
39530,3
39531,0
39532,2
39533,2
39534,2
39535,3
39536,2
39537,0
39538,2
39539,3
39540,2
39541,2
39542,2
39543,2
39544,2
39545,2
39546,2
39547,3
39548,2
39549,3
39550,3
39551,2
39552,2
39553,2
39554,2
39555,2
39556,2
39557,2
39558,2
39559,2
39560,2
39561,2
39562,1
39563,2
39564,2
39565,2
39566,2
39567,0
39568,2
39569,2
39570,3
39571,2
39572,2
39573,2
39574,3
39575,2
39576,2
39577,3
39578,2
39579,2
39580,2
39581,2
39582,2
39583,2
39584,2
39585,2
39586,3
39587,2
39588,3
39589,3
39590,2
39591,2
39592,2
39593,2
39594,2
39595,2
39596,2
39597,2
39598,3
39599,2
39600,2
39601,0
39602,2
39603,2
39604,2
39605,2
39606,2
39607,0
39608,2
39609,2
39610,2
39611,3
39612,2
39613,0
39614,2
39615,3
39616,3
39617,2
39618,2
39619,1
39620,2
39621,1
39622,2
39623,2
39624,2
39625,2
39626,2
39627,2
39628,2
39629,3
39630,2
39631,2
39632,2
39633,2
39634,2
39635,2
39636,2
39637,2
39638,2
39639,2
39640,0
39641,2
39642,2
39643,0
39644,2
39645,2
39646,2
39647,2
39648,2
39649,2
39650,2
39651,2
39652,2
39653,2
39654,2
39655,3
39656,2
39657,2
39658,2
39659,0
39660,3
39661,2
39662,3
39663,3
39664,3
39665,3
39666,3
39667,2
39668,2
39669,3
39670,2
39671,2
39672,3
39673,2
39674,2
39675,2
39676,3
39677,2
39678,2
39679,3
39680,2
39681,3
39682,2
39683,2
39684,2
39685,3
39686,3
39687,0
39688,2
39689,1
39690,1
39691,1
39692,4
39693,0
39694,4
39695,1
39696,4
39697,4
39698,4
39699,4
39700,4
39701,1
39702,4
39703,2
39704,2
39705,4
39706,3
39707,4
39708,4
39709,1
39710,4
39711,4
39712,4
39713,3
39714,0
39715,0
39716,0
39717,1
39718,1
39719,1
39720,0
39721,0
39722,0
39723,0
39724,0
39725,0
39726,0
39727,0
39728,0
39729,0
39730,0
39731,0
39732,0
39733,0
39734,0
39735,0
39736,0
39737,0
39738,0
39739,4
39740,0
39741,0
39742,0
39743,1
39744,1
39745,1
39746,1
39747,1
39748,2
39749,1
39750,4
39751,1
39752,4
39753,1
39754,0
39755,0
39756,0
39757,0
39758,1
39759,0
39760,0
39761,0
39762,0
39763,0
39764,0
39765,4
39766,1
39767,4
39768,0
39769,0
39770,0
39771,4
39772,1
39773,0
39774,0
39775,1
39776,1
39777,1
39778,1
39779,4
39780,4
39781,1
39782,1
39783,0
39784,0
39785,0
39786,0
39787,0
39788,0
39789,0
39790,0
39791,0
39792,0
39793,0
39794,4
39795,0
39796,4
39797,4
39798,0
39799,0
39800,0
39801,0
39802,2
39803,4
39804,1
39805,2
39806,4
39807,0
39808,4
39809,1
39810,0
39811,0
39812,0
39813,0
39814,0
39815,0
39816,0
39817,0
39818,0
39819,0
39820,0
39821,0
39822,0
39823,0
39824,4
39825,1
39826,0
39827,0
39828,0
39829,0
39830,1
39831,4
39832,1
39833,1
39834,4
39835,1
39836,1
39837,4
39838,4
39839,1
39840,4
39841,4
39842,4
39843,4
39844,4
39845,0
39846,1
39847,4
39848,4
39849,1
39850,1
39851,1
39852,1
39853,1
39854,1
39855,4
39856,4
39857,4
39858,1
39859,1
39860,1
39861,1
39862,0
39863,4
39864,0
39865,1
39866,4
39867,4
39868,0
39869,4
39870,1
39871,1
39872,0
39873,4
39874,1
39875,0
39876,1
39877,1
39878,1
39879,3
39880,0
39881,1
39882,1
39883,1
39884,1
39885,1
39886,4
39887,4
39888,0
39889,1
39890,1
39891,1
39892,3
39893,2
39894,1
39895,1
39896,1
39897,2
39898,1
39899,1
39900,1
39901,2
39902,0
39903,0
39904,1
39905,0
39906,2
39907,1
39908,1
39909,1
39910,1
39911,1
39912,1
39913,1
39914,1
39915,4
39916,1
39917,1
39918,1
39919,1
39920,1
39921,1
39922,1
39923,1
39924,1
39925,1
39926,1
39927,1
39928,1
39929,1
39930,1
39931,1
39932,2
39933,1
39934,1
39935,1
39936,1
39937,1
39938,1
39939,4
39940,3
39941,1
39942,1
39943,1
39944,1
39945,1
39946,4
39947,1
39948,1
39949,1
39950,0
39951,0
39952,0
39953,0
39954,0
39955,1
39956,1
39957,1
39958,1
39959,1
39960,1
39961,1
39962,1
39963,1
39964,1
39965,4
39966,1
39967,1
39968,1
39969,1
39970,1
39971,1
39972,1
39973,2
39974,1
39975,1
39976,1
39977,1
39978,1
39979,1
39980,1
39981,1
39982,1
39983,1
39984,1
39985,4
39986,4
39987,1
39988,0
39989,1
39990,1
39991,4
39992,4
39993,1
39994,4
39995,1
39996,2
39997,1
39998,1
39999,1
40000,1
40001,1
40002,1
40003,4
40004,3
40005,1
40006,1
40007,4
40008,4
40009,1
40010,1
40011,1
40012,1
40013,1
40014,1
40015,1
40016,4
40017,1
40018,4
40019,0
40020,0
40021,0
40022,0
40023,4
40024,1
40025,4
40026,0
40027,1
40028,1
40029,1
40030,4
40031,0
40032,0
40033,0
40034,0
40035,0
40036,0
40037,0
40038,0
40039,4
40040,0
40041,1
40042,0
40043,0
40044,0
40045,4
40046,0
40047,0
40048,0
40049,0
40050,0
40051,0
40052,0
40053,0
40054,0
40055,0
40056,0
40057,0
40058,0
40059,0
40060,0
40061,0
40062,0
40063,0
40064,0
40065,0
40066,0
40067,0
40068,0
40069,0
40070,0
40071,0
40072,0
40073,0
40074,0
40075,0
40076,0
40077,4
40078,0
40079,0
40080,0
40081,0
40082,0
40083,0
40084,0
40085,0
40086,0
40087,4
40088,0
40089,0
40090,0
40091,4
40092,0
40093,4
40094,0
40095,0
40096,0
40097,0
40098,0
40099,0
40100,0
40101,0
40102,0
40103,0
40104,0
40105,0
40106,0
40107,0
40108,0
40109,0
40110,0
40111,0
40112,0
40113,0
40114,0
40115,0
40116,0
40117,0
40118,1
40119,0
40120,0
40121,4
40122,4
40123,0
40124,3
40125,0
40126,0
40127,0
40128,0
40129,0
40130,0
40131,0
40132,0
40133,0
40134,3
40135,4
40136,0
40137,0
40138,4
40139,0
40140,0
40141,0
40142,0
40143,4
40144,0
40145,1
40146,1
40147,3
40148,0
40149,0
40150,0
40151,0
40152,4
40153,0
40154,0
40155,0
40156,0
40157,0
40158,0
40159,0
40160,0
40161,0
40162,0
40163,4
40164,0
40165,1
40166,0
40167,0
40168,4
40169,0
40170,0
40171,0
40172,0
40173,0
40174,0
40175,0
40176,0
40177,0
40178,1
40179,1
40180,0
40181,0
40182,0
40183,0
40184,0
40185,1
40186,0
40187,0
40188,0
40189,0
40190,0
40191,0
40192,0
40193,0
40194,0
40195,0
40196,0
40197,0
40198,0
40199,0
40200,0
40201,0
40202,0
40203,0
40204,0
40205,0
40206,0
40207,0
40208,0
40209,0
40210,1
40211,0
40212,1
40213,0
40214,1
40215,1
40216,1
40217,4
40218,1
40219,4
40220,0
40221,0
40222,4
40223,1
40224,1
40225,0
40226,4
40227,0
40228,0
40229,1
40230,0
40231,1
40232,1
40233,0
40234,0
40235,0
40236,1
40237,0
40238,4
40239,1
40240,1
40241,4
40242,1
40243,1
40244,4
40245,4
40246,1
40247,0
40248,4
40249,0
40250,0
40251,0
40252,0
40253,0
40254,0
40255,0
40256,0
40257,0
40258,0
40259,0
40260,0
40261,1
40262,0
40263,1
40264,0
40265,1
40266,0
40267,0
40268,0
40269,0
40270,0
40271,0
40272,1
40273,0
40274,0
40275,0
40276,0
40277,0
40278,0
40279,1
40280,1
40281,1
40282,4
40283,1
40284,4
40285,1
40286,4
40287,4
40288,1
40289,1
40290,1
40291,1
40292,1
40293,4
40294,4
40295,4
40296,1
40297,1
40298,1
40299,1
40300,1
40301,4
40302,4
40303,3
40304,3
40305,4
40306,4
40307,1
40308,4
40309,4
40310,1
40311,4
40312,0
40313,1
40314,1
40315,1
40316,1
40317,3
40318,1
40319,4
40320,2
40321,1
40322,1
40323,1
40324,4
40325,0
40326,1
40327,1
40328,1
40329,1
40330,1
40331,1
40332,1
40333,1
40334,0
40335,1
40336,0
40337,1
40338,1
40339,4
40340,0
40341,1
40342,4
40343,1
40344,1
40345,1
40346,1
40347,1
40348,1
40349,0
40350,1
40351,1
40352,4
40353,2
40354,2
40355,2
40356,4
40357,1
40358,1
40359,1
40360,4
40361,0
40362,4
40363,1
40364,2
40365,1
40366,4
40367,4
40368,1
40369,0
40370,0
40371,4
40372,1
40373,4
40374,1
40375,1
40376,4
40377,1
40378,4
40379,2
40380,1
40381,1
40382,4
40383,1
40384,4
40385,1
40386,1
40387,1
40388,1
40389,4
40390,1
40391,4
40392,1
40393,3
40394,3
40395,1
40396,1
40397,1
40398,1
40399,1
40400,3
40401,1
40402,1
40403,1
40404,1
40405,1
40406,1
40407,1
40408,1
40409,2
40410,1
40411,1
40412,0
40413,0
40414,0
40415,0
40416,0
40417,0
40418,0
40419,0
40420,0
40421,0
40422,0
40423,0
40424,0
40425,0
40426,0
40427,0
40428,0
40429,0
40430,3
40431,0
40432,0
40433,0
40434,0
40435,0
40436,0
40437,0
40438,0
40439,0
40440,0
40441,0
40442,0
40443,0
40444,0
40445,1
40446,0
40447,1
40448,0
40449,1
40450,2
40451,1
40452,1
40453,1
40454,4
40455,1
40456,1
40457,0
40458,1
40459,1
40460,1
40461,4
40462,3
40463,1
40464,4
40465,1
40466,1
40467,1
40468,1
40469,2
40470,1
40471,1
40472,1
40473,4
40474,0
40475,1
40476,1
40477,1
40478,2
40479,1
40480,3
40481,1
40482,1
40483,1
40484,1
40485,2
40486,2
40487,2
40488,2
40489,2
40490,2
40491,3
40492,0
40493,1
40494,1
40495,4
40496,4
40497,1
40498,0
40499,0
40500,3
40501,1
40502,0
40503,1
40504,1
40505,4
40506,1
40507,1
40508,1
40509,1
40510,1
40511,1
40512,1
40513,1
40514,1
40515,1
40516,1
40517,1
40518,1
40519,1
40520,1
40521,1
40522,4
40523,4
40524,1
40525,1
40526,1
40527,1
40528,1
40529,1
40530,2
40531,1
40532,1
40533,1
40534,1
40535,1
40536,1
40537,1
40538,1
40539,1
40540,1
40541,1
40542,1
40543,1
40544,4
40545,1
40546,1
40547,1
40548,1
40549,4
40550,1
40551,1
40552,1
40553,1
40554,4
40555,1
40556,1
40557,4
40558,4
40559,4
40560,4
40561,4
40562,4
40563,4
40564,1
40565,1
40566,1
40567,1
40568,1
40569,1
40570,1
40571,1
40572,4
40573,1
40574,1
40575,1
40576,1
40577,3
40578,1
40579,1
40580,4
40581,2
40582,1
40583,1
40584,1
40585,1
40586,1
40587,1
40588,1
40589,4
40590,4
40591,4
40592,4
40593,1
40594,1
40595,1
40596,0
40597,4
40598,4
40599,0
40600,4
40601,0
40602,0
40603,4
40604,0
40605,1
40606,4
40607,1
40608,0
40609,4
40610,1
40611,3
40612,1
40613,0
40614,1
40615,0
40616,0
40617,0
40618,1
40619,2
40620,1
40621,1
40622,1
40623,1
40624,1
40625,1
40626,0
40627,1
40628,0
40629,0
40630,0
40631,0
40632,0
40633,0
40634,0
40635,0
40636,0
40637,0
40638,0
40639,0
40640,0
40641,0
40642,0
40643,0
40644,3
40645,0
40646,0
40647,1
40648,0
40649,0
40650,0
40651,0
40652,0
40653,0
40654,0
40655,0
40656,0
40657,0
40658,0
40659,0
40660,4
40661,0
40662,0
40663,0
40664,0
40665,0
40666,0
40667,0
40668,0
40669,0
40670,0
40671,0
40672,0
40673,0
40674,0
40675,0
40676,0
40677,0
40678,1
40679,1
40680,0
40681,0
40682,0
40683,0
40684,0
40685,0
40686,0
40687,0
40688,0
40689,0
40690,0
40691,0
40692,0
40693,0
40694,4
40695,0
40696,0
40697,0
40698,0
40699,0
40700,4
40701,1
40702,1
40703,3
40704,1
40705,1
40706,1
40707,4
40708,3
40709,1
40710,4
40711,1
40712,4
40713,1
40714,1
40715,1
40716,3
40717,1
40718,1
40719,1
40720,1
40721,1
40722,3
40723,1
40724,1
40725,1
40726,3
40727,3
40728,3
40729,3
40730,1
40731,3
40732,4
40733,1
40734,1
40735,1
40736,1
40737,1
40738,1
40739,0
40740,0
40741,0
40742,1
40743,0
40744,0
40745,0
40746,0
40747,0
40748,0
40749,0
40750,1
40751,1
40752,1
40753,1
40754,3
40755,1
40756,1
40757,1
40758,3
40759,1
40760,1
40761,1
40762,4
40763,3
40764,0
40765,1
40766,1
40767,1
40768,4
40769,1
40770,2
40771,1
40772,1
40773,1
40774,1
40775,0
40776,0
40777,1
40778,1
40779,1
40780,1
40781,1
40782,1
40783,1
40784,1
40785,1
40786,1
40787,3
40788,1
40789,1
40790,0
40791,4
40792,4
40793,4
40794,4
40795,2
40796,2
40797,4
40798,1
40799,1
40800,1
40801,0
40802,0
40803,0
40804,3
40805,1
40806,1
40807,3
40808,3
40809,2
40810,1
40811,1
40812,1
40813,1
40814,4
40815,1
40816,1
40817,1
40818,1
40819,1
40820,2
40821,1
40822,1
40823,1
40824,1
40825,1
40826,1
40827,1
40828,1
40829,1
40830,1
40831,2
40832,1
40833,1
40834,1
40835,1
40836,1
40837,1
40838,3
40839,3
40840,2
40841,3
40842,3
40843,3
40844,3
40845,3
40846,1
40847,0
40848,3
40849,3
40850,3
40851,2
40852,3
40853,1
40854,3
40855,2
40856,3
40857,2
40858,2
40859,2
40860,2
40861,3
40862,2
40863,2
40864,3
40865,3
40866,3
40867,2
40868,2
40869,3
40870,2
40871,3
40872,3
40873,0
40874,3
40875,3
40876,1
40877,3
40878,1
40879,3
40880,1
40881,3
40882,3
40883,1
40884,3
40885,2
40886,1
40887,1
40888,3
40889,3
40890,2
40891,3
40892,2
40893,3
40894,3
40895,3
40896,2
40897,3
40898,2
40899,1
40900,3
40901,3
40902,1
40903,2
40904,2
40905,1
40906,3
40907,3
40908,3
40909,3
40910,2
40911,3
40912,3
40913,3
40914,3
40915,3
40916,3
40917,3
40918,3
40919,4
40920,2
40921,2
40922,3
40923,2
40924,3
40925,1
40926,3
40927,3
40928,2
40929,0
40930,2
40931,4
40932,2
40933,3
40934,1
40935,3
40936,3
40937,3
40938,2
40939,3
40940,2
40941,3
40942,3
40943,1
40944,2
40945,3
40946,3
40947,2
40948,1
40949,3
40950,2
40951,3
40952,2
40953,0
40954,2
40955,2
40956,0
40957,1
40958,2
40959,3
40960,2
40961,3
40962,2
40963,2
40964,2
40965,3
40966,2
40967,2
40968,2
40969,2
40970,3
40971,2
40972,3
40973,3
40974,3
40975,2
40976,2
40977,1
40978,3
40979,0
40980,3
40981,3
40982,3
40983,3
40984,3
40985,1
40986,3
40987,0
40988,0
40989,3
40990,2
40991,3
40992,3
40993,0
40994,2
40995,3
40996,3
40997,2
40998,3
40999,2
41000,0
41001,2
41002,3
41003,3
41004,3
41005,2
41006,2
41007,3
41008,3
41009,3
41010,3
41011,3
41012,2
41013,3
41014,4
41015,1
41016,3
41017,1
41018,2
41019,2
41020,2
41021,0
41022,2
41023,0
41024,2
41025,0
41026,0
41027,4
41028,0
41029,0
41030,2
41031,0
41032,0
41033,1
41034,2
41035,1
41036,2
41037,3
41038,2
41039,3
41040,3
41041,2
41042,3
41043,3
41044,3
41045,3
41046,1
41047,3
41048,3
41049,2
41050,3
41051,3
41052,2
41053,0
41054,2
41055,2
41056,3
41057,2
41058,2
41059,2
41060,0
41061,3
41062,0
41063,0
41064,3
41065,2
41066,2
41067,3
41068,0
41069,2
41070,3
41071,2
41072,2
41073,0
41074,2
41075,1
41076,2
41077,3
41078,3
41079,2
41080,0
41081,2
41082,3
41083,3
41084,3
41085,4
41086,3
41087,2
41088,2
41089,3
41090,3
41091,3
41092,3
41093,1
41094,0
41095,3
41096,3
41097,3
41098,3
41099,3
41100,3
41101,3
41102,3
41103,2
41104,3
41105,3
41106,3
41107,3
41108,0
41109,3
41110,2
41111,3
41112,4
41113,3
41114,3
41115,3
41116,2
41117,4
41118,2
41119,3
41120,4
41121,3
41122,3
41123,4
41124,3
41125,3
41126,3
41127,2
41128,4
41129,2
41130,4
41131,1
41132,1
41133,1
41134,1
41135,1
41136,1
41137,3
41138,4
41139,3
41140,3
41141,4
41142,3
41143,4
41144,4
41145,3
41146,3
41147,3
41148,3
41149,4
41150,3
41151,4
41152,3
41153,3
41154,3
41155,4
41156,2
41157,4
41158,4
41159,2
41160,4
41161,1
41162,2
41163,4
41164,4
41165,1
41166,2
41167,2
41168,3
41169,3
41170,4
41171,3
41172,3
41173,3
41174,3
41175,3
41176,3
41177,3
41178,1
41179,4
41180,3
41181,3
41182,3
41183,3
41184,4
41185,4
41186,4
41187,1
41188,4
41189,2
41190,2
41191,3
41192,2
41193,1
41194,2
41195,3
41196,2
41197,3
41198,3
41199,4
41200,3
41201,4
41202,3
41203,1
41204,2
41205,3
41206,2
41207,2
41208,3
41209,4
41210,1
41211,1
41212,1
41213,1
41214,1
41215,3
41216,1
41217,1
41218,3
41219,1
41220,1
41221,3
41222,1
41223,3
41224,0
41225,2
41226,2
41227,3
41228,1
41229,3
41230,3
41231,1
41232,1
41233,4
41234,3
41235,3
41236,3
41237,4
41238,3
41239,2
41240,2
41241,2
41242,3
41243,2
41244,2
41245,2
41246,3
41247,3
41248,2
41249,2
41250,2
41251,3
41252,0
41253,2
41254,0
41255,2
41256,0
41257,3
41258,0
41259,3
41260,3
41261,3
41262,3
41263,3
41264,4
41265,3
41266,3
41267,1
41268,3
41269,1
41270,3
41271,3
41272,2
41273,3
41274,2
41275,1
41276,0
41277,0
41278,0
41279,2
41280,2
41281,2
41282,2
41283,0
41284,3
41285,2
41286,1
41287,3
41288,2
41289,2
41290,2
41291,3
41292,2
41293,2
41294,2
41295,2
41296,1
41297,2
41298,3
41299,2
41300,3
41301,2
41302,2
41303,1
41304,1
41305,4
41306,1
41307,1
41308,3
41309,3
41310,3
41311,3
41312,2
41313,3
41314,1
41315,1
41316,1
41317,3
41318,3
41319,4
41320,1
41321,1
41322,1
41323,1
41324,2
41325,1
41326,2
41327,0
41328,1
41329,4
41330,1
41331,4
41332,1
41333,1
41334,1
41335,1
41336,1
41337,1
41338,1
41339,3
41340,2
41341,3
41342,3
41343,3
41344,3
41345,1
41346,3
41347,3
41348,2
41349,3
41350,3
41351,3
41352,3
41353,3
41354,4
41355,1
41356,3
41357,3
41358,3
41359,1
41360,2
41361,0
41362,2
41363,0
41364,2
41365,2
41366,2
41367,2
41368,2
41369,3
41370,2
41371,2
41372,3
41373,2
41374,3
41375,3
41376,3
41377,3
41378,1
41379,4
41380,4
41381,4
41382,4
41383,4
41384,3
41385,4
41386,3
41387,3
41388,3
41389,3
41390,3
41391,0
41392,3
41393,3
41394,3
41395,3
41396,3
41397,3
41398,3
41399,2
41400,0
41401,3
41402,3
41403,3
41404,3
41405,1
41406,3
41407,1
41408,3
41409,3
41410,3
41411,2
41412,2
41413,0
41414,3
41415,3
41416,3
41417,2
41418,1
41419,0
41420,0
41421,0
41422,0
41423,3
41424,0
41425,0
41426,0
41427,0
41428,0
41429,0
41430,0
41431,2
41432,1
41433,0
41434,3
41435,0
41436,0
41437,2
41438,0
41439,3
41440,0
41441,0
41442,0
41443,0
41444,0
41445,0
41446,0
41447,0
41448,0
41449,0
41450,0
41451,0
41452,0
41453,0
41454,2
41455,2
41456,3
41457,2
41458,2
41459,3
41460,2
41461,3
41462,3
41463,0
41464,3
41465,3
41466,3
41467,3
41468,2
41469,2
41470,3
41471,3
41472,3
41473,2
41474,3
41475,3
41476,3
41477,4
41478,2
41479,0
41480,2
41481,2
41482,0
41483,2
41484,2
41485,1
41486,0
41487,2
41488,3
41489,0
41490,2
41491,0
41492,3
41493,3
41494,1
41495,3
41496,1
41497,0
41498,2
41499,3
41500,0
41501,3
41502,1
41503,1
41504,3
41505,3
41506,3
41507,4
41508,3
41509,1
41510,3
41511,3
41512,2
41513,2
41514,2
41515,0
41516,0
41517,2
41518,3
41519,3
41520,1
41521,1
41522,1
41523,3
41524,4
41525,1
41526,3
41527,3
41528,2
41529,2
41530,2
41531,2
41532,1
41533,2
41534,2
41535,0
41536,0
41537,3
41538,1
41539,0
41540,1
41541,1
41542,3
41543,1
41544,2
41545,0
41546,3
41547,1
41548,3
41549,0
41550,1
41551,1
41552,2
41553,2
41554,2
41555,0
41556,2
41557,2
41558,2
41559,3
41560,2
41561,0
41562,2
41563,2
41564,3
41565,3
41566,0
41567,2
41568,2
41569,0
41570,2
41571,3
41572,3
41573,2
41574,2
41575,2
41576,2
41577,2
41578,0
41579,2
41580,2
41581,1
41582,2
41583,4
41584,0
41585,3
41586,3
41587,0
41588,3
41589,3
41590,1
41591,1
41592,3
41593,3
41594,1
41595,3
41596,4
41597,2
41598,2
41599,1
41600,2
41601,3
41602,2
41603,2
41604,2
41605,3
41606,3
41607,2
41608,2
41609,3
41610,0
41611,3
41612,0
41613,3
41614,2
41615,2
41616,0
41617,3
41618,3
41619,2
41620,0
41621,2
41622,2
41623,3
41624,3
41625,2
41626,0
41627,3
41628,3
41629,2
41630,1
41631,3
41632,1
41633,3
41634,0
41635,2
41636,2
41637,1
41638,2
41639,3
41640,0
41641,0
41642,0
41643,0
41644,0
41645,0
41646,0
41647,0
41648,0
41649,0
41650,0
41651,0
41652,0
41653,0
41654,3
41655,3
41656,0
41657,3
41658,3
41659,1
41660,0
41661,0
41662,3
41663,0
41664,0
41665,3
41666,0
41667,0
41668,0
41669,0
41670,3
41671,3
41672,3
41673,3
41674,3
41675,3
41676,3
41677,0
41678,0
41679,3
41680,0
41681,0
41682,0
41683,0
41684,0
41685,3
41686,0
41687,0
41688,3
41689,0
41690,0
41691,0
41692,0
41693,3
41694,3
41695,2
41696,1
41697,3
41698,0
41699,0
41700,3
41701,2
41702,3
41703,3
41704,3
41705,3
41706,3
41707,3
41708,3
41709,3
41710,3
41711,3
41712,1
41713,3
41714,3
41715,1
41716,1
41717,3
41718,3
41719,3
41720,3
41721,3
41722,3
41723,3
41724,3
41725,3
41726,3
41727,2
41728,3
41729,3
41730,1
41731,3
41732,3
41733,3
41734,2
41735,3
41736,2
41737,2
41738,3
41739,2
41740,2
41741,3
41742,3
41743,3
41744,0
41745,3
41746,3
41747,3
41748,1
41749,3
41750,3
41751,3
41752,3
41753,3
41754,3
41755,3
41756,1
41757,1
41758,1
41759,3
41760,3
41761,3
41762,2
41763,2
41764,2
41765,3
41766,3
41767,0
41768,0
41769,0
41770,3
41771,3
41772,3
41773,0
41774,0
41775,2
41776,3
41777,0
41778,0
41779,3
41780,0
41781,0
41782,0
41783,0
41784,0
41785,0
41786,0
41787,3
41788,0
41789,0
41790,0
41791,0
41792,1
41793,3
41794,2
41795,3
41796,2
41797,3
41798,3
41799,3
41800,0
41801,3
41802,3
41803,3
41804,3
41805,3
41806,3
41807,3
41808,3
41809,3
41810,2
41811,2
41812,3
41813,3
41814,3
41815,3
41816,3
41817,2
41818,2
41819,0
41820,3
41821,0
41822,0
41823,0
41824,0
41825,0
41826,0
41827,3
41828,2
41829,3
41830,2
41831,2
41832,2
41833,2
41834,2
41835,2
41836,2
41837,2
41838,2
41839,2
41840,2
41841,3
41842,2
41843,0
41844,0
41845,0
41846,0
41847,3
41848,2
41849,2
41850,1
41851,3
41852,3
41853,2
41854,2
41855,2
41856,2
41857,3
41858,3
41859,3
41860,2
41861,3
41862,2
41863,2
41864,2
41865,2
41866,3
41867,3
41868,3
41869,3
41870,3
41871,2
41872,3
41873,3
41874,2
41875,3
41876,3
41877,3
41878,3
41879,2
41880,3
41881,3
41882,2
41883,2
41884,3
41885,3
41886,2
41887,2
41888,2
41889,3
41890,2
41891,3
41892,0
41893,2
41894,0
41895,2
41896,0
41897,0
41898,0
41899,3
41900,2
41901,3
41902,0
41903,0
41904,0
41905,3
41906,0
41907,0
41908,0
41909,3
41910,0
41911,0
41912,0
41913,0
41914,0
41915,0
41916,0
41917,3
41918,3
41919,3
41920,3
41921,3
41922,3
41923,3
41924,2
41925,0
41926,0
41927,2
41928,3
41929,3
41930,2
41931,3
41932,3
41933,3
41934,2
41935,2
41936,3
41937,3
41938,3
41939,2
41940,2
41941,2
41942,3
41943,3
41944,3
41945,2
41946,3
41947,3
41948,3
41949,3
41950,1
41951,2
41952,3
41953,3
41954,3
41955,2
41956,3
41957,3
41958,2
41959,2
41960,3
41961,0
41962,0
41963,0
41964,0
41965,0
41966,0
41967,0
41968,0
41969,0
41970,0
41971,0
41972,0
41973,0
41974,0
41975,0
41976,0
41977,0
41978,0
41979,0
41980,0
41981,0
41982,3
41983,0
41984,2
41985,0
41986,0
41987,2
41988,3
41989,3
41990,3
41991,3
41992,0
41993,3
41994,3
41995,2
41996,3
41997,3
41998,1
41999,3
42000,3
42001,1
42002,1
42003,0
42004,3
42005,3
42006,3
42007,2
42008,3
42009,2
42010,3
42011,3
42012,2
42013,3
42014,3
42015,2
42016,2
42017,2
42018,2
42019,3
42020,2
42021,2
42022,3
42023,3
42024,3
42025,3
42026,3
42027,2
42028,2
42029,0
42030,3
42031,0
42032,3
42033,2
42034,3
42035,3
42036,2
42037,3
42038,3
42039,3
42040,3
42041,3
42042,3
42043,3
42044,1
42045,3
42046,0
42047,3
42048,2
42049,3
42050,0
42051,2
42052,2
42053,3
42054,3
42055,1
42056,3
42057,3
42058,3
42059,0
42060,0
42061,0
42062,0
42063,0
42064,0
42065,0
42066,0
42067,0
42068,0
42069,3
42070,0
42071,0
42072,0
42073,0
42074,0
42075,0
42076,0
42077,2
42078,3
42079,3
42080,3
42081,2
42082,3
42083,3
42084,2
42085,2
42086,2
42087,2
42088,2
42089,2
42090,2
42091,3
42092,2
42093,2
42094,2
42095,2
42096,3
42097,2
42098,3
42099,2
42100,3
42101,2
42102,2
42103,2
42104,3
42105,2
42106,2
42107,2
42108,2
42109,2
42110,2
42111,2
42112,2
42113,2
42114,2
42115,2
42116,2
42117,3
42118,2
42119,3
42120,3
42121,2
42122,2
42123,1
42124,3
42125,3
42126,3
42127,2
42128,2
42129,2
42130,3
42131,3
42132,2
42133,2
42134,2
42135,3
42136,3
42137,3
42138,2
42139,2
42140,3
42141,2
42142,3
42143,3
42144,2
42145,2
42146,2
42147,2
42148,3
42149,2
42150,2
42151,3
42152,2
42153,3
42154,2
42155,2
42156,3
42157,3
42158,3
42159,3
42160,3
42161,2
42162,3
42163,2
42164,3
42165,3
42166,3
42167,2
42168,3
42169,3
42170,2
42171,2
42172,2
42173,2
42174,2
42175,2
42176,2
42177,2
42178,3
42179,2
42180,2
42181,2
42182,2
42183,2
42184,3
42185,2
42186,2
42187,2
42188,3
42189,3
42190,0
42191,3
42192,3
42193,2
42194,2
42195,2
42196,2
42197,3
42198,3
42199,3
42200,3
42201,3
42202,3
42203,2
42204,2
42205,3
42206,3
42207,3
42208,0
42209,2
42210,3
42211,3
42212,3
42213,2
42214,2
42215,2
42216,3
42217,3
42218,3
42219,0
42220,3
42221,3
42222,3
42223,2
42224,0
42225,3
42226,3
42227,3
42228,3
42229,3
42230,3
42231,3
42232,2
42233,3
42234,3
42235,3
42236,1
42237,3
42238,3
42239,3
42240,3
42241,3
42242,2
42243,2
42244,2
42245,3
42246,1
42247,3
42248,2
42249,2
42250,2
42251,2
42252,2
42253,2
42254,3
42255,2
42256,2
42257,2
42258,2
42259,2
42260,4
42261,2
42262,2
42263,2
42264,3
42265,0
42266,0
42267,0
42268,3
42269,3
42270,3
42271,2
42272,0
42273,0
42274,0
42275,2
42276,3
42277,3
42278,3
42279,3
42280,3
42281,3
42282,3
42283,2
42284,0
42285,0
42286,0
42287,2
42288,0
42289,3
42290,2
42291,2
42292,0
42293,0
42294,2
42295,3
42296,0
42297,0
42298,0
42299,0
42300,0
42301,3
42302,0
42303,3
42304,0
42305,0
42306,3
42307,0
42308,0
42309,3
42310,3
42311,3
42312,3
42313,3
42314,3
42315,3
42316,3
42317,3
42318,3
42319,2
42320,2
42321,2
42322,3
42323,3
42324,2
42325,3
42326,3
42327,2
42328,2
42329,2
42330,2
42331,2
42332,3
42333,3
42334,3
42335,3
42336,2
42337,3
42338,2
42339,3
42340,2
42341,2
42342,2
42343,2
42344,2
42345,2
42346,3
42347,2
42348,2
42349,2
42350,0
42351,0
42352,0
42353,0
42354,0
42355,0
42356,0
42357,3
42358,0
42359,0
42360,0
42361,0
42362,0
42363,0
42364,0
42365,0
42366,0
42367,0
42368,0
42369,0
42370,0
42371,0
42372,0
42373,3
42374,2
42375,3
42376,3
42377,3
42378,3
42379,3
42380,3
42381,3
42382,2
42383,2
42384,3
42385,3
42386,3
42387,2
42388,2
42389,0
42390,0
42391,0
42392,2
42393,3
42394,2
42395,2
42396,2
42397,2
42398,0
42399,0
42400,0
42401,3
42402,3
42403,3
42404,3
42405,3
42406,2
42407,1
42408,2
42409,3
42410,3
42411,3
42412,2
42413,3
42414,3
42415,2
42416,2
42417,2
42418,2
42419,2
42420,2
42421,2
42422,2
42423,3
42424,1
42425,1
42426,1
42427,3
42428,3
42429,3
42430,3
42431,3
42432,2
42433,3
42434,3
42435,2
42436,0
42437,0
42438,0
42439,3
42440,0
42441,0
42442,0
42443,0
42444,0
42445,0
42446,0
42447,0
42448,0
42449,0
42450,3
42451,3
42452,3
42453,0
42454,0
42455,0
42456,0
42457,0
42458,0
42459,3
42460,2
42461,3
42462,2
42463,3
42464,2
42465,2
42466,2
42467,2
42468,2
42469,2
42470,2
42471,2
42472,2
42473,2
42474,2
42475,2
42476,2
42477,2
42478,2
42479,2
42480,2
42481,2
42482,3
42483,3
42484,3
42485,2
42486,2
42487,2
42488,3
42489,3
42490,3
42491,2
42492,2
42493,3
42494,2
42495,2
42496,2
42497,2
42498,2
42499,2
42500,2
42501,2
42502,2
42503,2
42504,3
42505,2
42506,2
42507,3
42508,2
42509,2
42510,2
42511,2
42512,3
42513,3
42514,2
42515,2
42516,2
42517,2
42518,2
42519,2
42520,3
42521,2
42522,2
42523,2
42524,3
42525,3
42526,3
42527,2
42528,0
42529,0
42530,0
42531,0
42532,0
42533,0
42534,0
42535,2
42536,3
42537,2
42538,3
42539,2
42540,2
42541,2
42542,2
42543,2
42544,2
42545,3
42546,3
42547,3
42548,3
42549,3
42550,2
42551,3
42552,2
42553,2
42554,2
42555,2
42556,3
42557,2
42558,2
42559,2
42560,2
42561,2
42562,2
42563,2
42564,3
42565,2
42566,2
42567,2
42568,2
42569,2
42570,2
42571,2
42572,3
42573,2
42574,3
42575,3
42576,3
42577,2
42578,3
42579,2
42580,3
42581,3
42582,2
42583,2
42584,2
42585,2
42586,2
42587,2
42588,0
42589,3
42590,2
42591,2
42592,2
42593,2
42594,3
42595,2
42596,3
42597,3
42598,2
42599,2
42600,3
42601,2
42602,3
42603,3
42604,3
42605,3
42606,2
42607,2
42608,2
42609,3
42610,2
42611,2
42612,1
42613,2
42614,3
42615,2
42616,2
42617,3
42618,3
42619,2
42620,2
42621,2
42622,3
42623,3
42624,2
42625,0
42626,0
42627,0
42628,3
42629,0
42630,2
42631,0
42632,2
42633,3
42634,2
42635,0
42636,0
42637,0
42638,0
42639,0
42640,2
42641,3
42642,0
42643,0
42644,0
42645,0
42646,0
42647,0
42648,0
42649,0
42650,0
42651,0
42652,3
42653,3
42654,2
42655,3
42656,3
42657,0
42658,0
42659,0
42660,0
42661,0
42662,3
42663,0
42664,0
42665,0
42666,3
42667,0
42668,0
42669,2
42670,0
42671,0
42672,0
42673,0
42674,0
42675,3
42676,0
42677,0
42678,0
42679,0
42680,0
42681,0
42682,0
42683,0
42684,0
42685,0
42686,0
42687,2
42688,3
42689,0
42690,0
42691,0
42692,2
42693,0
42694,2
42695,2
42696,0
42697,3
42698,0
42699,2
42700,3
42701,3
42702,2
42703,3
42704,2
42705,3
42706,0
42707,2
42708,3
42709,3
42710,3
42711,3
42712,3
42713,3
42714,3
42715,3
42716,3
42717,3
42718,0
42719,3
42720,3
42721,3
42722,2
42723,2
42724,2
42725,2
42726,3
42727,2
42728,2
42729,2
42730,2
42731,3
42732,3
42733,2
42734,2
42735,2
42736,2
42737,2
42738,2
42739,2
42740,2
42741,2
42742,3
42743,3
42744,2
42745,3
42746,2
42747,2
42748,2
42749,2
42750,2
42751,2
42752,2
42753,2
42754,2
42755,2
42756,2
42757,2
42758,2
42759,2
42760,2
42761,2
42762,2
42763,3
42764,3
42765,2
42766,0
42767,0
42768,0
42769,0
42770,3
42771,0
42772,0
42773,0
42774,0
42775,0
42776,2
42777,3
42778,0
42779,0
42780,3
42781,0
42782,3
42783,0
42784,0
42785,3
42786,0
42787,0
42788,3
42789,3
42790,3
42791,3
42792,2
42793,3
42794,3
42795,0
42796,0
42797,3
42798,3
42799,2
42800,3
42801,0
42802,3
42803,0
42804,0
42805,3
42806,2
42807,3
42808,2
42809,2
42810,2
42811,2
42812,2
42813,2
42814,2
42815,2
42816,2
42817,2
42818,3
42819,2
42820,2
42821,2
42822,2
42823,2
42824,3
42825,2
42826,2
42827,2
42828,2
42829,2
42830,2
42831,2
42832,2
42833,3
42834,2
42835,2
42836,2
42837,2
42838,2
42839,2
42840,2
42841,2
42842,2
42843,2
42844,3
42845,2
42846,2
42847,3
42848,2
42849,2
42850,2
42851,2
42852,2
42853,3
42854,2
42855,3
42856,3
42857,0
42858,3
42859,0
42860,3
42861,0
42862,0
42863,3
42864,0
42865,2
42866,0
42867,2
42868,3
42869,2
42870,0
42871,0
42872,0
42873,0
42874,0
42875,0
42876,0
42877,0
42878,0
42879,2
42880,0
42881,0
42882,3
42883,3
42884,2
42885,3
42886,3
42887,0
42888,2
42889,2
42890,2
42891,1
42892,1
42893,0
42894,0
42895,3
42896,0
42897,0
42898,1
42899,2
42900,3
42901,1
42902,3
42903,3
42904,4
42905,3
42906,3
42907,4
42908,3
42909,3
42910,3
42911,3
42912,3
42913,3
42914,3
42915,3
42916,2
42917,3
42918,3
42919,2
42920,3
42921,3
42922,3
42923,3
42924,3
42925,4
42926,2
42927,3
42928,3
42929,3
42930,3
42931,3
42932,2
42933,3
42934,3
42935,3
42936,3
42937,2
42938,3
42939,3
42940,3
42941,3
42942,3
42943,2
42944,3
42945,3
42946,3
42947,3
42948,2
42949,3
42950,2
42951,3
42952,3
42953,3
42954,4
42955,3
42956,3
42957,3
42958,3
42959,3
42960,3
42961,3
42962,2
42963,2
42964,3
42965,3
42966,2
42967,3
42968,3
42969,3
42970,1
42971,3
42972,3
42973,3
42974,3
42975,2
42976,3
42977,1
42978,3
42979,3
42980,3
42981,3
42982,3
42983,3
42984,3
42985,1
42986,0
42987,3
42988,2
42989,3
42990,3
42991,4
42992,3
42993,3
42994,0
42995,3
42996,3
42997,3
42998,3
42999,0
43000,3
43001,3
43002,3
43003,4
43004,2
43005,0
43006,0
43007,3
43008,3
43009,3
43010,2
43011,2
43012,2
43013,3
43014,3
43015,3
43016,2
43017,2
43018,2
43019,3
43020,3
43021,2
43022,3
43023,2
43024,3
43025,1
43026,4
43027,2
43028,2
43029,3
43030,3
43031,3
43032,1
43033,0
43034,0
43035,1
43036,2
43037,2
43038,2
43039,3
43040,4
43041,4
43042,2
43043,4
43044,2
43045,2
43046,2
43047,3
43048,3
43049,2
43050,2
43051,2
43052,3
43053,2
43054,3
43055,3
43056,2
43057,3
43058,3
43059,3
43060,3
43061,3
43062,3
43063,3
43064,3
43065,3
43066,0
43067,3
43068,2
43069,2
43070,2
43071,2
43072,2
43073,3
43074,2
43075,2
43076,3
43077,2
43078,2
43079,2
43080,4
43081,2
43082,4
43083,4
43084,4
43085,4
43086,2
43087,2
43088,2
43089,4
43090,3
43091,4
43092,2
43093,4
43094,2
43095,2
43096,3
43097,3
43098,2
43099,4
43100,2
43101,3
43102,0
43103,3
43104,2
43105,0
43106,3
43107,3
43108,1
43109,2
43110,3
43111,3
43112,3
43113,3
43114,3
43115,3
43116,3
43117,2
43118,3
43119,3
43120,2
43121,2
43122,3
43123,2
43124,3
43125,3
43126,3
43127,0
43128,0
43129,2
43130,4
43131,4
43132,2
43133,4
43134,3
43135,3
43136,3
43137,2
43138,4
43139,4
43140,3
43141,4
43142,3
43143,4
43144,2
43145,4
43146,3
43147,3
43148,3
43149,3
43150,2
43151,4
43152,1
43153,4
43154,3
43155,4
43156,3
43157,4
43158,3
43159,3
43160,2
43161,2
43162,2
43163,2
43164,2
43165,2
43166,3
43167,4
43168,4
43169,4
43170,4
43171,4
43172,2
43173,3
43174,3
43175,4
43176,4
43177,4
43178,4
43179,2
43180,4
43181,4
43182,3
43183,2
43184,2
43185,2
43186,0
43187,2
43188,3
43189,3
43190,3
43191,2
43192,2
43193,3
43194,3
43195,0
43196,3
43197,2
43198,0
43199,3
43200,2
43201,3
43202,4
43203,3
43204,2
43205,3
43206,2
43207,4
43208,3
43209,3
43210,3
43211,2
43212,4
43213,3
43214,2
43215,3
43216,4
43217,2
43218,2
43219,4
43220,3
43221,3
43222,3
43223,3
43224,2
43225,4
43226,3
43227,3
43228,3
43229,3
43230,4
43231,3
43232,4
43233,1
43234,2
43235,2
43236,3
43237,4
43238,4
43239,0
43240,4
43241,1
43242,3
43243,3
43244,1
43245,2
43246,3
43247,2
43248,2
43249,3
43250,3
43251,3
43252,2
43253,2
43254,2
43255,0
43256,3
43257,3
43258,2
43259,3
43260,3
43261,3
43262,2
43263,3
43264,3
43265,2
43266,2
43267,2
43268,1
43269,3
43270,2
43271,3
43272,2
43273,3
43274,4
43275,3
43276,3
43277,2
43278,2
43279,3
43280,2
43281,0
43282,2
43283,2
43284,2
43285,3
43286,3
43287,1
43288,1
43289,2
43290,3
43291,3
43292,3
43293,3
43294,3
43295,3
43296,3
43297,3
43298,1
43299,3
43300,4
43301,3
43302,2
43303,3
43304,4
43305,1
43306,3
43307,3
43308,1
43309,3
43310,4
43311,2
43312,2
43313,2
43314,4
43315,4
43316,4
43317,4
43318,4
43319,4
43320,3
43321,4
43322,4
43323,2
43324,2
43325,4
43326,2
43327,2
43328,3
43329,3
43330,3
43331,4
43332,4
43333,2
43334,3
43335,2
43336,2
43337,2
43338,3
43339,3
43340,3
43341,3
43342,2
43343,3
43344,2
43345,3
43346,4
43347,3
43348,3
43349,3
43350,2
43351,3
43352,3
43353,3
43354,2
43355,3
43356,4
43357,3
43358,4
43359,3
43360,2
43361,3
43362,3
43363,3
43364,3
43365,1
43366,1
43367,2
43368,3
43369,3
43370,3
43371,3
43372,2
43373,1
43374,2
43375,3
43376,2
43377,2
43378,3
43379,3
43380,3
43381,2
43382,0
43383,1
43384,2
43385,3
43386,2
43387,3
43388,4
43389,3
43390,4
43391,3
43392,3
43393,2
43394,3
43395,3
43396,1
43397,3
43398,3
43399,4
43400,3
43401,3
43402,1
43403,3
43404,3
43405,2
43406,3
43407,3
43408,3
43409,2
43410,3
43411,3
43412,3
43413,3
43414,3
43415,1
43416,3
43417,3
43418,3
43419,4
43420,3
43421,2
43422,3
43423,4
43424,3
43425,4
43426,2
43427,2
43428,3
43429,0
43430,3
43431,2
43432,3
43433,2
43434,3
43435,3
43436,3
43437,0
43438,3
43439,4
43440,1
43441,3
43442,3
43443,3
43444,3
43445,3
43446,1
43447,1
43448,2
43449,2
43450,2
43451,2
43452,3
43453,3
43454,3
43455,3
43456,3
43457,3
43458,1
43459,3
43460,0
43461,0
43462,2
43463,2
43464,3
43465,3
43466,3
43467,3
43468,3
43469,2
43470,3
43471,3
43472,3
43473,3
43474,3
43475,3
43476,3
43477,0
43478,0
43479,0
43480,2
43481,4
43482,2
43483,0
43484,3
43485,0
43486,3
43487,4
43488,3
43489,3
43490,4
43491,3
43492,2
43493,4
43494,4
43495,3
43496,3
43497,2
43498,3
43499,3
43500,2
43501,3
43502,2
43503,1
43504,3
43505,2
43506,3
43507,2
43508,2
43509,4
43510,3
43511,3
43512,3
43513,4
43514,4
43515,4
43516,4
43517,3
43518,3
43519,3
43520,3
43521,4
43522,3
43523,2
43524,1
43525,3
43526,3
43527,3
43528,3
43529,4
43530,2
43531,4
43532,2
43533,4
43534,4
43535,3
43536,4
43537,3
43538,3
43539,3
43540,3
43541,3
43542,3
43543,3
43544,3
43545,0
43546,3
43547,3
43548,1
43549,3
43550,4
43551,4
43552,3
43553,2
43554,3
43555,0
43556,0
43557,2
43558,2
43559,2
43560,3
43561,4
43562,4
43563,4
43564,4
43565,2
43566,4
43567,2
43568,3
43569,3
43570,3
43571,0
43572,2
43573,4
43574,2
43575,1
43576,4
43577,2
43578,2
43579,3
43580,4
43581,4
43582,3
43583,4
43584,3
43585,2
43586,4
43587,4
43588,1
43589,3
43590,1
43591,4
43592,2
43593,1
43594,3
43595,3
43596,4
43597,4
43598,1
43599,1
43600,2
43601,4
43602,3
43603,4
43604,4
43605,2
43606,4
43607,4
43608,3
43609,4
43610,3
43611,3
43612,0
43613,3
43614,3
43615,2
43616,2
43617,1
43618,2
43619,2
43620,2
43621,2
43622,2
43623,2
43624,2
43625,2
43626,1
43627,2
43628,3
43629,2
43630,2
43631,2
43632,3
43633,0
43634,0
43635,4
43636,2
43637,3
43638,2
43639,4
43640,2
43641,3
43642,1
43643,3
43644,3
43645,3
43646,4
43647,3
43648,2
43649,2
43650,3
43651,2
43652,2
43653,3
43654,1
43655,3
43656,3
43657,3
43658,3
43659,3
43660,2
43661,2
43662,4
43663,4
43664,2
43665,4
43666,2
43667,2
43668,3
43669,0
43670,1
43671,3
43672,1
43673,1
43674,3
43675,2
43676,3
43677,3
43678,3
43679,2
43680,2
43681,2
43682,2
43683,2
43684,3
43685,3
43686,3
43687,0
43688,2
43689,2
43690,3
43691,3
43692,3
43693,3
43694,2
43695,2
43696,2
43697,2
43698,2
43699,2
43700,2
43701,2
43702,2
43703,2
43704,2
43705,2
43706,2
43707,2
43708,4
43709,2
43710,3
43711,1
43712,3
43713,1
43714,1
43715,3
43716,2
43717,4
43718,1
43719,3
43720,2
43721,4
43722,3
43723,2
43724,2
43725,2
43726,2
43727,2
43728,2
43729,2
43730,2
43731,2
43732,2
43733,3
43734,2
43735,4
43736,3
43737,4
43738,3
43739,3
43740,3
43741,0
43742,0
43743,0
43744,0
43745,3
43746,0
43747,0
43748,2
43749,2
43750,2
43751,1
43752,2
43753,3
43754,2
43755,0
43756,2
43757,0
43758,0
43759,0
43760,0
43761,0
43762,3
43763,0
43764,2
43765,0
43766,0
43767,0
43768,0
43769,4
43770,3
43771,3
43772,0
43773,0
43774,1
43775,1
43776,0
43777,3
43778,2
43779,3
43780,3
43781,3
43782,3
43783,3
43784,0
43785,3
43786,1
43787,3
43788,2
43789,1
43790,0
43791,3
43792,1
43793,0
43794,3
43795,3
43796,0
43797,0
43798,2
43799,0
43800,1
43801,0
43802,1
43803,0
43804,1
43805,0
43806,1
43807,3
43808,3
43809,3
43810,3
43811,0
43812,2
43813,3
43814,3
43815,2
43816,0
43817,2
43818,3
43819,1
43820,0
43821,1
43822,0
43823,2
43824,2
43825,3
43826,2
43827,0
43828,3
43829,3
43830,1
43831,2
43832,3
43833,3
43834,2
43835,0
43836,3
43837,3
43838,3
43839,2
43840,1
43841,0
43842,0
43843,0
43844,1
43845,0
43846,3
43847,1
43848,2
43849,3
43850,0
43851,3
43852,0
43853,1
43854,2
43855,1
43856,2
43857,1
43858,2
43859,1
43860,1
43861,1
43862,1
43863,2
43864,2
43865,0
43866,3
43867,1
43868,2
43869,1
43870,3
43871,0
43872,3
43873,0
43874,2
43875,2
43876,2
43877,2
43878,2
43879,2
43880,2
43881,1
43882,2
43883,3
43884,0
43885,3
43886,2
43887,1
43888,1
43889,0
43890,0
43891,3
43892,1
43893,1
43894,2
43895,2
43896,0
43897,2
43898,2
43899,2
43900,1
43901,3
43902,2
43903,2
43904,0
43905,0
43906,1
43907,3
43908,0
43909,0
43910,0
43911,3
43912,3
43913,1
43914,0
43915,3
43916,1
43917,3
43918,3
43919,3
43920,0
43921,0
43922,3
43923,0
43924,2
43925,3
43926,2
43927,0
43928,3
43929,0
43930,1
43931,3
43932,3
43933,0
43934,0
43935,3
43936,3
43937,3
43938,2
43939,1
43940,2
43941,2
43942,2
43943,0
43944,0
43945,3
43946,3
43947,0
43948,3
43949,3
43950,0
43951,3
43952,0
43953,0
43954,0
43955,2
43956,2
43957,2
43958,2
43959,2
43960,2
43961,2
43962,2
43963,2
43964,2
43965,2
43966,2
43967,2
43968,2
43969,2
43970,0
43971,2
43972,2
43973,2
43974,2
43975,2
43976,2
43977,0
43978,2
43979,2
43980,2
43981,2
43982,0
43983,2
43984,2
43985,2
43986,2
43987,2
43988,0
43989,2
43990,2
43991,2
43992,2
43993,2
43994,2
43995,2
43996,0
43997,2
43998,0
43999,2
44000,0
44001,0
44002,0
44003,2
44004,0
44005,3
44006,0
44007,0
44008,0
44009,3
44010,3
44011,3
44012,3
44013,3
44014,0
44015,3
44016,3
44017,2
44018,0
44019,0
44020,0
44021,3
44022,3
44023,0
44024,3
44025,0
44026,0
44027,0
44028,2
44029,0
44030,0
44031,3
44032,0
44033,0
44034,3
44035,0
44036,2
44037,2
44038,2
44039,2
44040,3
44041,3
44042,2
44043,0
44044,0
44045,0
44046,0
44047,0
44048,0
44049,0
44050,3
44051,0
44052,0
44053,0
44054,0
44055,3
44056,3
44057,2
44058,0
44059,3
44060,2
44061,3
44062,3
44063,2
44064,3
44065,2
44066,3
44067,3
44068,2
44069,3
44070,3
44071,3
44072,3
44073,2
44074,0
44075,3
44076,3
44077,3
44078,2
44079,0
44080,0
44081,2
44082,1
44083,3
44084,3
44085,2
44086,0
44087,0
44088,3
44089,3
44090,3
44091,3
44092,2
44093,0
44094,3
44095,3
44096,0
44097,4
44098,3
44099,4
44100,3
44101,3
44102,0
44103,1
44104,2
44105,3
44106,1
44107,1
44108,1
44109,1
44110,1
44111,2
44112,1
44113,1
44114,0
44115,3
44116,0
44117,2
44118,2
44119,0
44120,3
44121,3
44122,1
44123,3
44124,1
44125,1
44126,3
44127,3
44128,3
44129,0
44130,3
44131,3
44132,0
44133,0
44134,0
44135,0
44136,3
44137,0
44138,2
44139,3
44140,3
44141,1
44142,4
44143,3
44144,3
44145,0
44146,2
44147,3
44148,0
44149,1
44150,1
44151,3
44152,0
44153,0
44154,2
44155,2
44156,0
44157,3
44158,3
44159,0
44160,0
44161,3
44162,3
44163,0
44164,2
44165,0
44166,0
44167,0
44168,0
44169,0
44170,2
44171,3
44172,2
44173,0
44174,3
44175,3
44176,2
44177,3
44178,2
44179,2
44180,2
44181,0
44182,2
44183,2
44184,3
44185,2
44186,3
44187,2
44188,2
44189,2
44190,0
44191,3
44192,3
44193,0
44194,2
44195,1
44196,3
44197,2
44198,3
44199,0
44200,0
44201,3
44202,3
44203,3
44204,2
44205,2
44206,1
44207,2
44208,0
44209,0
44210,2
44211,2
44212,3
44213,3
44214,2
44215,2
44216,2
44217,2
44218,2
44219,2
44220,2
44221,2
44222,2
44223,2
44224,2
44225,2
44226,2
44227,2
44228,2
44229,1
44230,2
44231,2
44232,3
44233,3
44234,2
44235,2
44236,2
44237,2
44238,2
44239,0
44240,2
44241,2
44242,0
44243,2
44244,2
44245,2
44246,2
44247,2
44248,2
44249,2
44250,2
44251,2
44252,2
44253,2
44254,0
44255,2
44256,2
44257,2
44258,2
44259,0
44260,2
44261,2
44262,3
44263,3
44264,2
44265,1
44266,3
44267,2
44268,0
44269,0
44270,2
44271,2
44272,0
44273,0
44274,0
44275,1
44276,0
44277,3
44278,0
44279,0
44280,0
44281,2
44282,2
44283,3
44284,1
44285,2
44286,1
44287,1
44288,2
44289,2
44290,0
44291,2
44292,2
44293,2
44294,2
44295,2
44296,2
44297,0
44298,0
44299,2
44300,2
44301,2
44302,2
44303,2
44304,0
44305,2
44306,0
44307,2
44308,3
44309,2
44310,3
44311,2
44312,3
44313,0
44314,0
44315,0
44316,0
44317,0
44318,0
44319,3
44320,3
44321,3
44322,2
44323,2
44324,2
44325,2
44326,2
44327,2
44328,2
44329,2
44330,2
44331,2
44332,2
44333,2
44334,2
44335,2
44336,2
44337,0
44338,2
44339,2
44340,2
44341,2
44342,3
44343,0
44344,2
44345,2
44346,3
44347,2
44348,2
44349,2
44350,2
44351,2
44352,2
44353,2
44354,2
44355,2
44356,2
44357,0
44358,3
44359,3
44360,0
44361,3
44362,3
44363,0
44364,2
44365,3
44366,3
44367,3
44368,2
44369,3
44370,2
44371,0
44372,2
44373,0
44374,0
44375,3
44376,0
44377,0
44378,1
44379,0
44380,1
44381,0
44382,1
44383,2
44384,3
44385,1
44386,3
44387,2
44388,2
44389,2
44390,2
44391,2
44392,0
44393,2
44394,2
44395,2
44396,2
44397,2
44398,2
44399,1
44400,2
44401,2
44402,0
44403,2
44404,2
44405,1
44406,2
44407,2
44408,2
44409,2
44410,1
44411,2
44412,3
44413,2
44414,1
44415,2
44416,2
44417,3
44418,0
44419,3
44420,0
44421,0
44422,3
44423,0
44424,0
44425,0
44426,3
44427,0
44428,3
44429,0
44430,3
44431,2
44432,1
44433,0
44434,0
44435,2
44436,0
44437,2
44438,2
44439,2
44440,3
44441,0
44442,0
44443,0
44444,0
44445,0
44446,0
44447,0
44448,3
44449,0
44450,0
44451,0
44452,0
44453,0
44454,0
44455,0
44456,0
44457,0
44458,0
44459,0
44460,3
44461,0
44462,0
44463,0
44464,0
44465,2
44466,0
44467,0
44468,0
44469,2
44470,0
44471,2
44472,3
44473,0
44474,0
44475,0
44476,3
44477,3
44478,0
44479,2
44480,0
44481,3
44482,0
44483,3
44484,3
44485,3
44486,2
44487,3
44488,3
44489,3
44490,0
44491,3
44492,3
44493,3
44494,3
44495,0
44496,3
44497,3
44498,0
44499,0
44500,0
44501,0
44502,0
44503,3
44504,0
44505,2
44506,0
44507,3
44508,0
44509,0
44510,0
44511,0
44512,3
44513,3
44514,0
44515,0
44516,0
44517,0
44518,3
44519,3
44520,3
44521,0
44522,0
44523,2
44524,0
44525,2
44526,0
44527,3
44528,0
44529,0
44530,3
44531,0
44532,0
44533,3
44534,0
44535,0
44536,0
44537,0
44538,0
44539,0
44540,3
44541,2
44542,2
44543,2
44544,3
44545,2
44546,2
44547,2
44548,2
44549,3
44550,2
44551,3
44552,2
44553,2
44554,2
44555,3
44556,0
44557,0
44558,2
44559,0
44560,2
44561,0
44562,1
44563,3
44564,2
44565,3
44566,3
44567,3
44568,3
44569,3
44570,0
44571,1
44572,3
44573,3
44574,2
44575,2
44576,3
44577,2
44578,2
44579,2
44580,2
44581,1
44582,2
44583,2
44584,2
44585,1
44586,2
44587,2
44588,2
44589,1
44590,3
44591,2
44592,1
44593,3
44594,2
44595,2
44596,1
44597,3
44598,2
44599,2
44600,0
44601,0
44602,2
44603,2
44604,1
44605,1
44606,3
44607,1
44608,2
44609,2
44610,2
44611,2
44612,2
44613,2
44614,2
44615,3
44616,2
44617,1
44618,3
44619,2
44620,2
44621,3
44622,2
44623,0
44624,2
44625,2
44626,2
44627,2
44628,2
44629,2
44630,2
44631,1
44632,2
44633,2
44634,1
44635,1
44636,1
44637,2
44638,2
44639,0
44640,2
44641,3
44642,2
44643,2
44644,2
44645,2
44646,2
44647,2
44648,2
44649,2
44650,2
44651,2
44652,2
44653,2
44654,2
44655,2
44656,2
44657,2
44658,2
44659,2
44660,2
44661,2
44662,2
44663,2
44664,2
44665,2
44666,2
44667,3
44668,2
44669,2
44670,0
44671,2
44672,2
44673,3
44674,2
44675,2
44676,2
44677,3
44678,2
44679,2
44680,2
44681,2
44682,0
44683,0
44684,0
44685,0
44686,2
44687,3
44688,0
44689,3
44690,0
44691,0
44692,0
44693,2
44694,0
44695,0
44696,0
44697,2
44698,0
44699,0
44700,3
44701,0
44702,3
44703,0
44704,3
44705,0
44706,0
44707,0
44708,0
44709,2
44710,2
44711,2
44712,2
44713,3
44714,0
44715,3
44716,0
44717,3
44718,2
44719,2
44720,2
44721,0
44722,0
44723,0
44724,0
44725,1
44726,1
44727,1
44728,0
44729,0
44730,0
44731,2
44732,0
44733,2
44734,2
44735,0
44736,0
44737,0
44738,0
44739,0
44740,0
44741,0
44742,0
44743,0
44744,2
44745,0
44746,0
44747,2
44748,2
44749,0
44750,0
44751,0
44752,0
44753,3
44754,0
44755,3
44756,3
44757,2
44758,0
44759,3
44760,2
44761,2
44762,0
44763,2
44764,0
44765,0
44766,2
44767,2
44768,2
44769,2
44770,3
44771,2
44772,0
44773,0
44774,0
44775,0
44776,3
44777,0
44778,2
44779,0
44780,0
44781,0
44782,0
44783,0
44784,0
44785,0
44786,3
44787,0
44788,0
44789,0
44790,0
44791,0
44792,2
44793,0
44794,0
44795,0
44796,2
44797,0
44798,2
44799,2
44800,2
44801,2
44802,0
44803,2
44804,3
44805,0
44806,3
44807,1
44808,0
44809,2
44810,1
44811,2
44812,2
44813,0
44814,2
44815,1
44816,0
44817,0
44818,0
44819,2
44820,2
44821,3
44822,2
44823,2
44824,1
44825,2
44826,2
44827,2
44828,2
44829,4
44830,3
44831,2
44832,3
44833,2
44834,1
44835,1
44836,2
44837,1
44838,3
44839,2
44840,4
44841,4
44842,2
44843,2
44844,2
44845,2
44846,3
44847,3
44848,2
44849,3
44850,3
44851,3
44852,1
44853,4
44854,4
44855,4
44856,3
44857,3
44858,2
44859,3
44860,3
44861,3
44862,3
44863,3
44864,2
44865,3
44866,3
44867,3
44868,2
44869,4
44870,2
44871,3
44872,2
44873,2
44874,3
44875,4
44876,3
44877,2
44878,3
44879,3
44880,3
44881,3
44882,3
44883,2
44884,3
44885,2
44886,3
44887,3
44888,1
44889,3
44890,2
44891,2
44892,4
44893,4
44894,2
44895,3
44896,3
44897,3
44898,3
44899,4
44900,3
44901,4
44902,3
44903,2
44904,4
44905,4
44906,3
44907,3
44908,3
44909,2
44910,2
44911,4
44912,3
44913,1
44914,2
44915,3
44916,2
44917,2
44918,1
44919,2
44920,2
44921,4
44922,2
44923,1
44924,2
44925,2
44926,1
44927,1
44928,3
44929,1
44930,1
44931,2
44932,4
44933,3
44934,3
44935,3
44936,3
44937,3
44938,3
44939,4
44940,3
44941,4
44942,3
44943,3
44944,3
44945,3
44946,3
44947,3
44948,3
44949,1
44950,2
44951,4
44952,4
44953,3
44954,3
44955,3
44956,3
44957,3
44958,3
44959,3
44960,3
44961,3
44962,4
44963,3
44964,3
44965,4
44966,1
44967,4
44968,3
44969,2
44970,4
44971,3
44972,3
44973,4
44974,3
44975,3
44976,2
44977,4
44978,3
44979,2
44980,4
44981,2
44982,3
44983,3
44984,2
44985,3
44986,4
44987,2
44988,3
44989,2
44990,2
44991,2
44992,2
44993,3
44994,4
44995,2
44996,2
44997,4
44998,0
44999,4
45000,4
45001,4
45002,4
45003,4
45004,4
45005,4
45006,4
45007,4
45008,4
45009,4
45010,4
45011,4
45012,4
45013,2
45014,1
45015,2
45016,4
45017,4
45018,2
45019,1
45020,4
45021,4
45022,4
45023,0
45024,4
45025,4
45026,4
45027,2
45028,4
45029,2
45030,4
45031,4
45032,4
45033,4
45034,2
45035,4
45036,4
45037,4
45038,4
45039,4
45040,4
45041,2
45042,4
45043,4
45044,4
45045,2
45046,1
45047,2
45048,4
45049,4
45050,4
45051,4
45052,4
45053,4
45054,4
45055,4
45056,4
45057,4
45058,4
45059,4
45060,4
45061,4
45062,4
45063,4
45064,2
45065,4
45066,4
45067,2
45068,2
45069,4
45070,2
45071,4
45072,4
45073,2
45074,4
45075,4
45076,1
45077,4
45078,4
45079,4
45080,4
45081,2
45082,2
45083,4
45084,4
45085,4
45086,4
45087,4
45088,4
45089,4
45090,4
45091,4
45092,4
45093,4
45094,4
45095,4
45096,4
45097,4
45098,4
45099,4
45100,4
45101,4
45102,4
45103,4
45104,4
45105,4
45106,4
45107,4
45108,4
45109,4
45110,4
45111,4
45112,4
45113,4
45114,4
45115,4
45116,4
45117,4
45118,4
45119,4
45120,4
45121,4
45122,4
45123,4
45124,4
45125,4
45126,4
45127,4
45128,4
45129,4
45130,4
45131,2
45132,4
45133,2
45134,4
45135,4
45136,4
45137,4
45138,4
45139,4
45140,4
45141,4
45142,2
45143,4
45144,4
45145,4
45146,4
45147,1
45148,4
45149,4
45150,4
45151,4
45152,4
45153,4
45154,4
45155,4
45156,1
45157,1
45158,1
45159,1
45160,1
45161,4
45162,4
45163,4
45164,4
45165,4
45166,4
45167,4
45168,4
45169,4
45170,4
45171,4
45172,4
45173,4
45174,4
45175,4
45176,4
45177,4
45178,4
45179,4
45180,0
45181,4
45182,4
45183,4
45184,4
45185,4
45186,4
45187,4
45188,4
45189,4
45190,4
45191,4
45192,4
45193,2
45194,2
45195,2
45196,1
45197,4
45198,4
45199,4
45200,4
45201,4
45202,4
45203,1
45204,4
45205,4
45206,4
45207,4
45208,4
45209,4
45210,4
45211,2
45212,4
45213,1
45214,4
45215,4
45216,2
45217,4
45218,4
45219,4
45220,4
45221,4
45222,4
45223,4
45224,4
45225,4
45226,4
45227,4
45228,4
45229,1
45230,1
45231,1
45232,4
45233,4
45234,1
45235,4
45236,2
45237,4
45238,1
45239,4
45240,4
45241,4
45242,4
45243,4
45244,4
45245,4
45246,4
45247,4
45248,4
45249,4
45250,4
45251,4
45252,4
45253,4
45254,4
45255,4
45256,4
45257,4
45258,1
45259,4
45260,4
45261,4
45262,4
45263,4
45264,4
45265,4
45266,4
45267,4
45268,4
45269,4
45270,4
45271,4
45272,2
45273,4
45274,1
45275,4
45276,4
45277,4
45278,4
45279,4
45280,4
45281,4
45282,4
45283,4
45284,4
45285,4
45286,4
45287,2
45288,4
45289,4
45290,4
45291,4
45292,4
45293,4
45294,4
45295,4
45296,4
45297,4
45298,4
45299,4
45300,1
45301,4
45302,4
45303,4
45304,4
45305,4
45306,1
45307,4
45308,0
45309,0
45310,4
45311,0
45312,1
45313,4
45314,4
45315,4
45316,4
45317,4
45318,4
45319,4
45320,4
45321,4
45322,4
45323,2
45324,4
45325,4
45326,4
45327,4
45328,3
45329,4
45330,2
45331,1
45332,1
45333,4
45334,4
45335,4
45336,4
45337,1
45338,1
45339,4
45340,4
45341,3
45342,4
45343,1
45344,1
45345,4
45346,4
45347,4
45348,4
45349,4
45350,4
45351,4
45352,4
45353,4
45354,4
45355,4
45356,4
45357,4
45358,4
45359,4
45360,4
45361,2
45362,1
45363,2
45364,4
45365,4
45366,4
45367,4
45368,4
45369,4
45370,2
45371,4
45372,4
45373,4
45374,4
45375,4
45376,4
45377,4
45378,2
45379,4
45380,4
45381,2
45382,2
45383,4
45384,2
45385,2
45386,0
45387,4
45388,4
45389,4
45390,4
45391,4
45392,4
45393,4
45394,4
45395,4
45396,4
45397,2
45398,2
45399,1
45400,2
45401,4
45402,1
45403,4
45404,2
45405,4
45406,4
45407,4
45408,4
45409,4
45410,4
45411,4
45412,4
45413,2
45414,2
45415,4
45416,4
45417,4
45418,4
45419,2
45420,4
45421,4
45422,4
45423,4
45424,4
45425,4
45426,4
45427,4
45428,4
45429,4
45430,4
45431,4
45432,4
45433,4
45434,2
45435,2
45436,2
45437,2
45438,4
45439,2
45440,4
45441,4
45442,4
45443,2
45444,4
45445,4
45446,4
45447,2
45448,4
45449,2
45450,4
45451,2
45452,2
45453,2
45454,4
45455,4
45456,2
45457,4
45458,4
45459,2
45460,4
45461,4
45462,4
45463,4
45464,4
45465,2
45466,2
45467,2
45468,4
45469,4
45470,2
45471,4
45472,4
45473,2
45474,2
45475,2
45476,2
45477,4
45478,4
45479,4
45480,2
45481,4
45482,4
45483,4
45484,4
45485,1
45486,1
45487,1
45488,2
45489,4
45490,4
45491,4
45492,1
45493,4
45494,4
45495,1
45496,4
45497,2
45498,1
45499,4
45500,4
45501,4
45502,1
45503,4
45504,4
45505,1
45506,1
45507,3
45508,1
45509,3
45510,3
45511,4
45512,4
45513,4
45514,4
45515,4
45516,2
45517,4
45518,2
45519,4
45520,4
45521,3
45522,4
45523,4
45524,4
45525,0
45526,4
45527,4
45528,4
45529,4
45530,4
45531,4
45532,4
45533,4
45534,4
45535,2
45536,4
45537,4
45538,4
45539,4
45540,4
45541,2
45542,4
45543,4
45544,0
45545,4
45546,4
45547,2
45548,4
45549,4
45550,4
45551,4
45552,4
45553,4
45554,4
45555,4
45556,4
45557,4
45558,4
45559,4
45560,4
45561,2
45562,4
45563,4
45564,4
45565,4
45566,4
45567,4
45568,4
45569,2
45570,1
45571,4
45572,4
45573,4
45574,1
45575,4
45576,0
45577,4
45578,4
45579,4
45580,4
45581,2
45582,2
45583,4
45584,4
45585,4
45586,4
45587,4
45588,4
45589,4
45590,0
45591,4
45592,4
45593,4
45594,0
45595,4
45596,4
45597,4
45598,4
45599,4
45600,4
45601,4
45602,4
45603,4
45604,4
45605,4
45606,4
45607,4
45608,4
45609,4
45610,4
45611,2
45612,4
45613,4
45614,2
45615,4
45616,4
45617,4
45618,4
45619,4
45620,4
45621,4
45622,4
45623,2
45624,4
45625,2
45626,4
45627,1
45628,4
45629,4
45630,4
45631,4
45632,4
45633,4
45634,4
45635,4
45636,4
45637,4
45638,4
45639,1
45640,2
45641,4
45642,2
45643,4
45644,4
45645,4
45646,2
45647,2
45648,4
45649,4
45650,4
45651,4
45652,4
45653,4
45654,4
45655,4
45656,2
45657,4
45658,4
45659,4
45660,4
45661,4
45662,4
45663,4
45664,4
45665,4
45666,4
45667,4
45668,4
45669,4
45670,4
45671,2
45672,4
45673,4
45674,4
45675,4
45676,2
45677,4
45678,4
45679,4
45680,0
45681,4
45682,0
45683,0
45684,4
45685,0
45686,4
45687,0
45688,4
45689,4
45690,4
45691,4
45692,4
45693,4
45694,4
45695,2
45696,4
45697,4
45698,4
45699,1
45700,4
45701,4
45702,4
45703,4
45704,4
45705,4
45706,0
45707,1
45708,2
45709,4
45710,4
45711,4
45712,4
45713,0
45714,4
45715,4
45716,4
45717,1
45718,4
45719,2
45720,4
45721,4
45722,4
45723,1
45724,4
45725,4
45726,4
45727,4
45728,2
45729,1
45730,4
45731,4
45732,4
45733,4
45734,2
45735,4
45736,4
45737,4
45738,4
45739,4
45740,1
45741,4
45742,4
45743,4
45744,1
45745,4
45746,1
45747,4
45748,1
45749,1
45750,4
45751,1
45752,4
45753,1
45754,4
45755,1
45756,1
45757,2
45758,3
45759,4
45760,4
45761,4
45762,4
45763,4
45764,4
45765,4
45766,4
45767,1
45768,4
45769,4
45770,4
45771,4
45772,4
45773,4
45774,4
45775,4
45776,4
45777,4
45778,4
45779,4
45780,4
45781,2
45782,2
45783,4
45784,4
45785,4
45786,4
45787,4
45788,1
45789,4
45790,4
45791,4
45792,4
45793,4
45794,4
45795,4
45796,4
45797,4
45798,4
45799,4
45800,4
45801,2
45802,4
45803,4
45804,1
45805,1
45806,4
45807,4
45808,1
45809,1
45810,1
45811,4
45812,2
45813,2
45814,1
45815,1
45816,2
45817,4
45818,4
45819,2
45820,1
45821,4
45822,4
45823,4
45824,2
45825,2
45826,2
45827,2
45828,2
45829,2
45830,3
45831,4
45832,4
45833,4
45834,4
45835,2
45836,2
45837,2
45838,2
45839,4
45840,2
45841,2
45842,2
45843,4
45844,2
45845,4
45846,4
45847,4
45848,4
45849,4
45850,2
45851,1
45852,2
45853,1
45854,1
45855,4
45856,4
45857,4
45858,4
45859,4
45860,4
45861,2
45862,4
45863,4
45864,2
45865,4
45866,4
45867,4
45868,4
45869,4
45870,4
45871,4
45872,2
45873,4
45874,4
45875,4
45876,4
45877,4
45878,4
45879,4
45880,2
45881,4
45882,4
45883,4
45884,4
45885,4
45886,4
45887,4
45888,1
45889,4
45890,4
45891,4
45892,4
45893,4
45894,4
45895,4
45896,4
45897,1
45898,4
45899,2
45900,4
45901,4
45902,1
45903,4
45904,1
45905,1
45906,1
45907,1
45908,3
45909,3
45910,3
45911,3
45912,3
45913,1
45914,1
45915,1
45916,0
45917,1
45918,1
45919,3
45920,2
45921,3
45922,3
45923,3
45924,0
45925,2
45926,3
45927,3
45928,2
45929,2
45930,2
45931,2
45932,1
45933,1
45934,3
45935,2
45936,2
45937,3
45938,2
45939,3
45940,3
45941,3
45942,3
45943,1
45944,3
45945,2
45946,2
45947,1
45948,3
45949,3
45950,1
45951,1
45952,3
45953,4
45954,1
45955,3
45956,2
45957,1
45958,1
45959,1
45960,2
45961,3
45962,3
45963,3
45964,1
45965,1
45966,0
45967,0
45968,3
45969,3
45970,3
45971,2
45972,0
45973,3
45974,0
45975,3
45976,3
45977,3
45978,3
45979,3
45980,3
45981,3
45982,3
45983,1
45984,3
45985,2
45986,2
45987,2
45988,1
45989,1
45990,3
45991,3
45992,3
45993,3
45994,1
45995,1
45996,1
45997,0
45998,2
45999,2
46000,2
46001,1
46002,0
46003,1
46004,0
46005,0
46006,1
46007,1
46008,1
46009,3
46010,2
46011,1
46012,3
46013,3
46014,3
46015,2
46016,1
46017,1
46018,0
46019,0
46020,0
46021,0
46022,2
46023,2
46024,1
46025,0
46026,0
46027,1
46028,1
46029,1
46030,1
46031,0
46032,0
46033,0
46034,0
46035,1
46036,0
46037,0
46038,2
46039,2
46040,2
46041,0
46042,1
46043,2
46044,1
46045,1
46046,1
46047,1
46048,1
46049,1
46050,1
46051,0
46052,2
46053,1
46054,3
46055,3
46056,3
46057,3
46058,3
46059,3
46060,3
46061,3
46062,3
46063,3
46064,3
46065,3
46066,3
46067,1
46068,1
46069,1
46070,3
46071,3
46072,3
46073,3
46074,3
46075,1
46076,1
46077,3
46078,0
46079,0
46080,0
46081,0
46082,0
46083,0
46084,0
46085,3
46086,1
46087,3
46088,0
46089,0
46090,0
46091,0
46092,0
46093,0
46094,0
46095,3
46096,0
46097,0
46098,1
46099,1
46100,0
46101,0
46102,0
46103,1
46104,3
46105,2
46106,0
46107,0
46108,0
46109,0
46110,0
46111,0
46112,0
46113,0
46114,1
46115,0
46116,1
46117,1
46118,1
46119,1
46120,0
46121,0
46122,0
46123,1
46124,3
46125,1
46126,1
46127,1
46128,1
46129,0
46130,0
46131,0
46132,0
46133,0
46134,0
46135,0
46136,0
46137,0
46138,0
46139,0
46140,0
46141,0
46142,3
46143,3
46144,3
46145,3
46146,3
46147,3
46148,3
46149,3
46150,3
46151,3
46152,1
46153,2
46154,1
46155,3
46156,2
46157,0
46158,3
46159,3
46160,0
46161,2
46162,1
46163,1
46164,3
46165,3
46166,3
46167,3
46168,0
46169,3
46170,3
46171,3
46172,0
46173,0
46174,3
46175,3
46176,3
46177,0
46178,2
46179,0
46180,0
46181,0
46182,3
46183,0
46184,3
46185,1
46186,3
46187,3
46188,4
46189,1
46190,3
46191,3
46192,1
46193,1
46194,3
46195,3
46196,0
46197,0
46198,0
46199,1
46200,1
46201,1
46202,3
46203,0
46204,0
46205,0
46206,0
46207,1
46208,1
46209,0
46210,3
46211,0
46212,0
46213,0
46214,0
46215,0
46216,0
46217,0
46218,0
46219,0
46220,0
46221,0
46222,0
46223,1
46224,1
46225,1
46226,3
46227,3
46228,1
46229,1
46230,2
46231,2
46232,2
46233,2
46234,2
46235,3
46236,2
46237,2
46238,3
46239,1
46240,3
46241,3
46242,3
46243,2
46244,1
46245,1
46246,1
46247,1
46248,0
46249,0
46250,3
46251,0
46252,0
46253,0
46254,3
46255,0
46256,0
46257,0
46258,1
46259,1
46260,1
46261,1
46262,1
46263,0
46264,3
46265,0
46266,1
46267,0
46268,0
46269,0
46270,3
46271,0
46272,1
46273,2
46274,1
46275,1
46276,3
46277,1
46278,1
46279,3
46280,3
46281,3
46282,3
46283,3
46284,3
46285,3
46286,3
46287,3
46288,3
46289,3
46290,3
46291,1
46292,1
46293,1
46294,1
46295,3
46296,3
46297,3
46298,1
46299,1
46300,3
46301,1
46302,1
46303,1
46304,1
46305,1
46306,1
46307,1
46308,1
46309,1
46310,3
46311,3
46312,2
46313,0
46314,1
46315,1
46316,1
46317,3
46318,1
46319,1
46320,1
46321,2
46322,2
46323,4
46324,3
46325,0
46326,3
46327,2
46328,3
46329,3
46330,1
46331,1
46332,1
46333,3
46334,1
46335,1
46336,1
46337,1
46338,3
46339,3
46340,2
46341,0
46342,1
46343,0
46344,0
46345,1
46346,1
46347,3
46348,1
46349,3
46350,3
46351,3
46352,1
46353,3
46354,2
46355,1
46356,2
46357,3
46358,3
46359,3
46360,3
46361,2
46362,2
46363,3
46364,1
46365,2
46366,4
46367,0
46368,0
46369,1
46370,0
46371,1
46372,1
46373,0
46374,0
46375,0
46376,0
46377,0
46378,0
46379,0
46380,1
46381,3
46382,1
46383,1
46384,3
46385,3
46386,3
46387,3
46388,3
46389,3
46390,3
46391,3
46392,3
46393,0
46394,3
46395,0
46396,0
46397,0
46398,0
46399,0
46400,0
46401,0
46402,0
46403,0
46404,1
46405,3
46406,3
46407,1
46408,1
46409,1
46410,1
46411,0
46412,0
46413,0
46414,0
46415,1
46416,2
46417,3
46418,0
46419,0
46420,1
46421,2
46422,3
46423,3
46424,0
46425,1
46426,1
46427,3
46428,1
46429,1
46430,1
46431,1
46432,3
46433,1
46434,3
46435,1
46436,3
46437,3
46438,3
46439,3
46440,3
46441,3
46442,3
46443,3
46444,0
46445,0
46446,0
46447,0
46448,0
46449,3
46450,0
46451,3
46452,1
46453,3
46454,0
46455,3
46456,3
46457,3
46458,3
46459,0
46460,0
46461,0
46462,0
46463,1
46464,3
46465,3
46466,0
46467,2
46468,3
46469,0
46470,1
46471,1
46472,0
46473,0
46474,0
46475,2
46476,1
46477,3
46478,1
46479,3
46480,1
46481,3
46482,3
46483,3
46484,1
46485,0
46486,0
46487,1
46488,1
46489,1
46490,3
46491,1
46492,1
46493,2
46494,1
46495,3
46496,0
46497,1
46498,0
46499,0
46500,0
46501,3
46502,1
46503,1
46504,1
46505,1
46506,3
46507,1
46508,3
46509,1
46510,1
46511,1
46512,1
46513,1
46514,1
46515,3
46516,3
46517,3
46518,3
46519,1
46520,1
46521,3
46522,2
46523,1
46524,3
46525,1
46526,3
46527,3
46528,3
46529,3
46530,1
46531,3
46532,3
46533,3
46534,0
46535,3
46536,2
46537,3
46538,3
46539,3
46540,1
46541,0
46542,0
46543,1
46544,1
46545,1
46546,0
46547,1
46548,1
46549,0
46550,0
46551,0
46552,0
46553,0
46554,0
46555,1
46556,1
46557,1
46558,0
46559,1
46560,1
46561,1
46562,1
46563,0
46564,1
46565,1
46566,1
46567,1
46568,1
46569,1
46570,1
46571,2
46572,3
46573,2
46574,1
46575,1
46576,2
46577,2
46578,2
46579,2
46580,2
46581,2
46582,2
46583,2
46584,2
46585,2
46586,2
46587,0
46588,0
46589,2
46590,2
46591,2
46592,0
46593,2
46594,2
46595,2
46596,2
46597,2
46598,2
46599,0
46600,2
46601,2
46602,3
46603,2
46604,0
46605,4
46606,2
46607,1
46608,2
46609,2
46610,2
46611,3
46612,1
46613,2
46614,3
46615,2
46616,2
46617,2
46618,3
46619,0
46620,2
46621,2
46622,3
46623,2
46624,2
46625,2
46626,2
46627,1
46628,2
46629,2
46630,2
46631,2
46632,2
46633,3
46634,2
46635,2
46636,2
46637,0
46638,2
46639,0
46640,1
46641,2
46642,3
46643,2
46644,2
46645,2
46646,1
46647,0
46648,2
46649,2
46650,2
46651,2
46652,2
46653,0
46654,3
46655,2
46656,2
46657,3
46658,2
46659,2
46660,2
46661,2
46662,0
46663,2
46664,2
46665,2
46666,2
46667,2
46668,1
46669,2
46670,2
46671,2
46672,2
46673,3
46674,2
46675,1
46676,2
46677,2
46678,2
46679,2
46680,2
46681,2
46682,2
46683,1
46684,2
46685,2
46686,3
46687,2
46688,1
46689,2
46690,2
46691,3
46692,2
46693,2
46694,2
46695,2
46696,2
46697,1
46698,2
46699,2
46700,2
46701,3
46702,1
46703,2
46704,2
46705,2
46706,2
46707,2
46708,2
46709,2
46710,2
46711,2
46712,2
46713,2
46714,3
46715,3
46716,2
46717,2
46718,2
46719,0
46720,2
46721,2
46722,2
46723,2
46724,2
46725,2
46726,0
46727,0
46728,2
46729,0
46730,2
46731,2
46732,2
46733,2
46734,2
46735,2
46736,2
46737,2
46738,2
46739,0
46740,3
46741,2
46742,2
46743,2
46744,2
46745,2
46746,2
46747,2
46748,2
46749,2
46750,2
46751,2
46752,2
46753,2
46754,2
46755,2
46756,2
46757,2
46758,1
46759,0
46760,2
46761,2
46762,3
46763,3
46764,1
46765,2
46766,2
46767,2
46768,2
46769,2
46770,3
46771,2
46772,2
46773,2
46774,2
46775,2
46776,3
46777,2
46778,2
46779,2
46780,2
46781,2
46782,2
46783,4
46784,2
46785,2
46786,2
46787,2
46788,2
46789,3
46790,3
46791,2
46792,0
46793,2
46794,2
46795,2
46796,0
46797,0
46798,3
46799,0
46800,3
46801,2
46802,2
46803,2
46804,2
46805,2
46806,1
46807,2
46808,2
46809,3
46810,3
46811,2
46812,2
46813,2
46814,2
46815,2
46816,2
46817,2
46818,1
46819,2
46820,2
46821,2
46822,2
46823,0
46824,0
46825,2
46826,2
46827,2
46828,3
46829,2
46830,3
46831,3
46832,3
46833,2
46834,3
46835,2
46836,1
46837,1
46838,4
46839,4
46840,2
46841,2
46842,2
46843,3
46844,0
46845,2
46846,0
46847,2
46848,3
46849,2
46850,2
46851,2
46852,2
46853,2
46854,2
46855,2
46856,2
46857,2
46858,2
46859,2
46860,2
46861,2
46862,2
46863,2
46864,2
46865,2
46866,4
46867,2
46868,2
46869,3
46870,2
46871,2
46872,2
46873,2
46874,2
46875,2
46876,2
46877,2
46878,2
46879,2
46880,2
46881,2
46882,3
46883,2
46884,2
46885,2
46886,4
46887,0
46888,2
46889,4
46890,4
46891,2
46892,0
46893,0
46894,0
46895,3
46896,0
46897,2
46898,0
46899,0
46900,0
46901,0
46902,2
46903,2
46904,2
46905,0
46906,2
46907,0
46908,2
46909,2
46910,2
46911,2
46912,2
46913,2
46914,2
46915,2
46916,2
46917,2
46918,2
46919,0
46920,2
46921,2
46922,2
46923,3
46924,2
46925,1
46926,2
46927,2
46928,2
46929,1
46930,2
46931,2
46932,1
46933,2
46934,2
46935,2
46936,2
46937,3
46938,2
46939,2
46940,2
46941,2
46942,3
46943,3
46944,2
46945,2
46946,2
46947,2
46948,2
46949,3
46950,3
46951,3
46952,2
46953,0
46954,2
46955,2
46956,2
46957,1
46958,2
46959,2
46960,2
46961,2
46962,3
46963,3
46964,2
46965,3
46966,3
46967,0
46968,2
46969,2
46970,2
46971,2
46972,2
46973,2
46974,2
46975,2
46976,3
46977,2
46978,2
46979,2
46980,2
46981,2
46982,2
46983,2
46984,2
46985,2
46986,2
46987,2
46988,2
46989,2
46990,2
46991,2
46992,2
46993,2
46994,2
46995,2
46996,2
46997,0
46998,0
46999,0
47000,0
47001,2
47002,2
47003,3
47004,2
47005,2
47006,2
47007,2
47008,2
47009,3
47010,2
47011,2
47012,3
47013,0
47014,2
47015,2
47016,2
47017,2
47018,0
47019,2
47020,2
47021,2
47022,2
47023,2
47024,2
47025,0
47026,2
47027,2
47028,2
47029,2
47030,2
47031,3
47032,3
47033,0
47034,0
47035,2
47036,2
47037,2
47038,0
47039,2
47040,0
47041,2
47042,2
47043,3
47044,2
47045,2
47046,2
47047,2
47048,0
47049,2
47050,2
47051,2
47052,2
47053,2
47054,0
47055,2
47056,3
47057,1
47058,3
47059,2
47060,3
47061,2
47062,2
47063,2
47064,2
47065,2
47066,2
47067,2
47068,2
47069,2
47070,2
47071,2
47072,2
47073,2
47074,2
47075,2
47076,2
47077,2
47078,2
47079,2
47080,2
47081,2
47082,2
47083,2
47084,2
47085,2
47086,2
47087,2
47088,2
47089,2
47090,2
47091,2
47092,2
47093,2
47094,2
47095,0
47096,2
47097,2
47098,2
47099,3
47100,3
47101,2
47102,2
47103,2
47104,2
47105,2
47106,2
47107,2
47108,2
47109,2
47110,2
47111,2
47112,2
47113,2
47114,2
47115,2
47116,2
47117,2
47118,2
47119,2
47120,2
47121,1
47122,2
47123,0
47124,0
47125,2
47126,3
47127,3
47128,2
47129,0
47130,2
47131,2
47132,2
47133,2
47134,3
47135,2
47136,2
47137,3
47138,2
47139,0
47140,0
47141,3
47142,0
47143,4
47144,2
47145,2
47146,2
47147,3
47148,2
47149,2
47150,2
47151,2
47152,0
47153,1
47154,2
47155,2
47156,3
47157,2
47158,2
47159,2
47160,2
47161,2
47162,2
47163,2
47164,0
47165,2
47166,2
47167,2
47168,2
47169,3
47170,2
47171,2
47172,0
47173,2
47174,2
47175,2
47176,2
47177,2
47178,2
47179,2
47180,2
47181,2
47182,2
47183,2
47184,2
47185,2
47186,2
47187,2
47188,0
47189,0
47190,0
47191,0
47192,0
47193,3
47194,3
47195,3
47196,2
47197,2
47198,3
47199,1
47200,2
47201,1
47202,3
47203,2
47204,3
47205,4
47206,3
47207,2
47208,2
47209,2
47210,2
47211,2
47212,2
47213,4
47214,2
47215,2
47216,2
47217,2
47218,0
47219,2
47220,0
47221,0
47222,2
47223,2
47224,3
47225,2
47226,2
47227,2
47228,2
47229,2
47230,2
47231,0
47232,2
47233,2
47234,2
47235,2
47236,3
47237,2
47238,4
47239,0
47240,2
47241,0
47242,2
47243,3
47244,2
47245,0
47246,0
47247,2
47248,2
47249,0
47250,2
47251,2
47252,0
47253,1
47254,2
47255,2
47256,2
47257,2
47258,3
47259,2
47260,0
47261,2
47262,2
47263,3
47264,1
47265,2
47266,2
47267,0
47268,0
47269,0
47270,0
47271,3
47272,3
47273,3
47274,3
47275,3
47276,2
47277,2
47278,3
47279,3
47280,2
47281,1
47282,3
47283,3
47284,3
47285,3
47286,3
47287,2
47288,3
47289,1
47290,3
47291,3
47292,3
47293,3
47294,3
47295,3
47296,2
47297,3
47298,3
47299,2
47300,2
47301,3
47302,3
47303,2
47304,3
47305,2
47306,4
47307,2
47308,4
47309,4
47310,2
47311,2
47312,3
47313,2
47314,0
47315,2
47316,1
47317,2
47318,2
47319,2
47320,2
47321,2
47322,2
47323,2
47324,3
47325,2
47326,2
47327,2
47328,2
47329,2
47330,2
47331,2
47332,1
47333,3
47334,3
47335,2
47336,3
47337,3
47338,1
47339,1
47340,3
47341,2
47342,1
47343,3
47344,1
47345,2
47346,1
47347,3
47348,2
47349,2
47350,2
47351,2
47352,2
47353,0
47354,2
47355,2
47356,2
47357,2
47358,2
47359,2
47360,2
47361,2
47362,2
47363,2
47364,2
47365,2
47366,2
47367,2
47368,2
47369,3
47370,3
47371,2
47372,3
47373,2
47374,2
47375,2
47376,2
47377,2
47378,2
47379,2
47380,2
47381,2
47382,3
47383,2
47384,2
47385,2
47386,2
47387,3
47388,2
47389,3
47390,2
47391,2
47392,2
47393,2
47394,2
47395,3
47396,3
47397,3
47398,2
47399,2
47400,2
47401,2
47402,2
47403,2
47404,3
47405,2
47406,3
47407,2
47408,2
47409,2
47410,2
47411,2
47412,2
47413,2
47414,2
47415,2
47416,1
47417,2
47418,2
47419,2
47420,2
47421,2
47422,3
47423,2
47424,2
47425,3
47426,3
47427,2
47428,4
47429,2
47430,2
47431,2
47432,2
47433,3
47434,2
47435,2
47436,3
47437,2
47438,2
47439,2
47440,2
47441,2
47442,2
47443,2
47444,2
47445,3
47446,2
47447,3
47448,2
47449,2
47450,2
47451,0
47452,2
47453,2
47454,3
47455,2
47456,2
47457,2
47458,2
47459,2
47460,2
47461,2
47462,2
47463,2
47464,1
47465,3
47466,4
47467,2
47468,3
47469,2
47470,2
47471,3
47472,2
47473,3
47474,3
47475,2
47476,2
47477,2
47478,2
47479,3
47480,2
47481,2
47482,3
47483,2
47484,2
47485,2
47486,2
47487,2
47488,2
47489,2
47490,2
47491,2
47492,2
47493,2
47494,2
47495,2
47496,3
47497,2
47498,2
47499,2
47500,2
47501,2
47502,0
47503,2
47504,2
47505,2
47506,2
47507,2
47508,2
47509,2
47510,2
47511,2
47512,2
47513,3
47514,2
47515,2
47516,2
47517,2
47518,2
47519,2
47520,2
47521,2
47522,2
47523,4
47524,2
47525,2
47526,2
47527,2
47528,2
47529,2
47530,2
47531,3
47532,2
47533,2
47534,2
47535,2
47536,2
47537,3
47538,1
47539,1
47540,3
47541,2
47542,3
47543,1
47544,0
47545,0
47546,0
47547,0
47548,3
47549,0
47550,2
47551,0
47552,0
47553,0
47554,2
47555,3
47556,2
47557,2
47558,3
47559,2
47560,1
47561,3
47562,1
47563,2
47564,2
47565,2
47566,1
47567,2
47568,2
47569,2
47570,2
47571,3
47572,2
47573,2
47574,2
47575,2
47576,4
47577,2
47578,2
47579,2
47580,2
47581,2
47582,2
47583,2
47584,2
47585,2
47586,1
47587,2
47588,2
47589,2
47590,2
47591,2
47592,2
47593,2
47594,2
47595,0
47596,2
47597,2
47598,2
47599,3
47600,2
47601,2
47602,2
47603,2
47604,4
47605,2
47606,2
47607,2
47608,2
47609,2
47610,2
47611,2
47612,2
47613,2
47614,2
47615,2
47616,2
47617,2
47618,3
47619,2
47620,2
47621,2
47622,2
47623,2
47624,2
47625,2
47626,3
47627,2
47628,2
47629,3
47630,3
47631,2
47632,2
47633,2
47634,2
47635,2
47636,2
47637,2
47638,3
47639,3
47640,2
47641,2
47642,2
47643,2
47644,2
47645,2
47646,2
47647,2
47648,3
47649,1
47650,2
47651,2
47652,1
47653,2
47654,3
47655,2
47656,3
47657,1
47658,2
47659,3
47660,1
47661,3
47662,2
47663,3
47664,1
47665,3
47666,2
47667,2
47668,2
47669,2
47670,2
47671,2
47672,2
47673,2
47674,1
47675,2
47676,3
47677,2
47678,1
47679,3
47680,3
47681,1
47682,1
47683,3
47684,2
47685,1
47686,1
47687,2
47688,1
47689,1
47690,2
47691,1
47692,2
47693,1
47694,2
47695,3
47696,2
47697,1
47698,2
47699,1
47700,2
47701,2
47702,2
47703,1
47704,2
47705,2
47706,2
47707,2
47708,2
47709,2
47710,2
47711,0
47712,2
47713,2
47714,2
47715,1
47716,2
47717,2
47718,2
47719,2
47720,2
47721,2
47722,2
47723,2
47724,1
47725,1
47726,1
47727,3
47728,2
47729,2
47730,2
47731,2
47732,3
47733,3
47734,2
47735,2
47736,3
47737,2
47738,0
47739,3
47740,0
47741,2
47742,3
47743,3
47744,2
47745,0
47746,0
47747,0
47748,0
47749,3
47750,2
47751,3
47752,3
47753,1
47754,2
47755,0
47756,0
47757,3
47758,2
47759,3
47760,0
47761,3
47762,3
47763,3
47764,0
47765,3
47766,0
47767,2
47768,0
47769,0
47770,2
47771,2
47772,0
47773,0
47774,0
47775,2
47776,3
47777,0
47778,2
47779,2
47780,3
47781,3
47782,3
47783,3
47784,2
47785,3
47786,2
47787,0
47788,2
47789,2
47790,0
47791,2
47792,1
47793,3
47794,3
47795,3
47796,3
47797,2
47798,3
47799,3
47800,3
47801,3
47802,2
47803,3
47804,2
47805,1
47806,1
47807,3
47808,2
47809,2
47810,2
47811,1
47812,2
47813,2
47814,3
47815,1
47816,3
47817,2
47818,1
47819,2
47820,3
47821,0
47822,0
47823,0
47824,0
47825,0
47826,0
47827,0
47828,2
47829,0
47830,0
47831,2
47832,2
47833,3
47834,2
47835,2
47836,1
47837,2
47838,2
47839,1
47840,3
47841,3
47842,3
47843,1
47844,2
47845,2
47846,2
47847,2
47848,2
47849,2
47850,2
47851,0
47852,2
47853,3
47854,2
47855,2
47856,2
47857,2
47858,2
47859,0
47860,3
47861,2
47862,2
47863,0
47864,2
47865,0
47866,0
47867,2
47868,0
47869,2
47870,2
47871,2
47872,2
47873,1
47874,1
47875,2
47876,1
47877,2
47878,2
47879,2
47880,3
47881,2
47882,3
47883,2
47884,2
47885,2
47886,2
47887,2
47888,1
47889,2
47890,2
47891,1
47892,2
47893,1
47894,2
47895,2
47896,2
47897,2
47898,1
47899,0
47900,2
47901,2
47902,3
47903,2
47904,2
47905,2
47906,2
47907,2
47908,2
47909,3
47910,2
47911,2
47912,3
47913,3
47914,2
47915,3
47916,3
47917,3
47918,2
47919,2
47920,2
47921,2
47922,2
47923,2
47924,2
47925,2
47926,3
47927,2
47928,2
47929,2
47930,3
47931,3
47932,1
47933,2
47934,0
47935,0
47936,0
47937,0
47938,0
47939,0
47940,0
47941,0
47942,0
47943,0
47944,0
47945,0
47946,0
47947,0
47948,0
47949,0
47950,0
47951,0
47952,0
47953,0
47954,0
47955,0
47956,0
47957,0
47958,0
47959,0
47960,0
47961,0
47962,0
47963,0
47964,0
47965,0
47966,0
47967,0
47968,0
47969,0
47970,0
47971,0
47972,0
47973,2
47974,2
47975,3
47976,2
47977,3
47978,2
47979,1
47980,2
47981,2
47982,2
47983,2
47984,2
47985,3
47986,3
47987,2
47988,1
47989,2
47990,3
47991,2
47992,2
47993,2
47994,2
47995,2
47996,2
47997,3
47998,2
47999,2
48000,2
48001,2
48002,2
48003,2
48004,3
48005,3
48006,3
48007,2
48008,2
48009,2
48010,2
48011,2
48012,2
48013,2
48014,2
48015,2
48016,2
48017,2
48018,2
48019,2
48020,3
48021,2
48022,0
48023,2
48024,2
48025,2
48026,2
48027,2
48028,2
48029,3
48030,1
48031,1
48032,2
48033,1
48034,2
48035,2
48036,2
48037,3
48038,3
48039,0
48040,2
48041,2
48042,1
48043,3
48044,3
48045,3
48046,2
48047,3
48048,3
48049,3
48050,2
48051,1
48052,2
48053,0
48054,0
48055,3
48056,3
48057,0
48058,0
48059,0
48060,0
48061,2
48062,1
48063,1
48064,3
48065,2
48066,0
48067,0
48068,0
48069,0
48070,0
48071,0
48072,0
48073,0
48074,0
48075,3
48076,3
48077,2
48078,2
48079,1
48080,2
48081,2
48082,2
48083,3
48084,2
48085,2
48086,2
48087,2
48088,2
48089,3
48090,3
48091,3
48092,3
48093,1
48094,3
48095,1
48096,3
48097,1
48098,3
48099,3
48100,2
48101,3
48102,3
48103,2
48104,3
48105,2
48106,2
48107,2
48108,3
48109,1
48110,1
48111,1
48112,2
48113,3
48114,1
48115,3
48116,1
48117,3
48118,2
48119,1
48120,3
48121,0
48122,2
48123,2
48124,2
48125,2
48126,1
48127,2
48128,2
48129,0
48130,2
48131,2
48132,3
48133,3
48134,1
48135,3
48136,3
48137,0
48138,2
48139,0
48140,3
48141,3
48142,2
48143,0
48144,2
48145,2
48146,3
48147,3
48148,0
48149,0
48150,2
48151,3
48152,2
48153,0
48154,2
48155,2
48156,2
48157,0
48158,2
48159,2
48160,0
48161,0
48162,0
48163,0
48164,2
48165,2
48166,3
48167,2
48168,2
48169,0
48170,0
48171,2
48172,0
48173,0
48174,0
48175,2
48176,3
48177,0
48178,0
48179,0
48180,0
48181,0
48182,0
48183,0
48184,0
48185,0
48186,0
48187,0
48188,0
48189,0
48190,0
48191,0
48192,0
48193,0
48194,0
48195,0
48196,0
48197,0
48198,3
48199,3
48200,0
48201,0
48202,3
48203,2
48204,3
48205,3
48206,3
48207,3
48208,1
48209,3
48210,3
48211,2
48212,2
48213,3
48214,2
48215,2
48216,2
48217,1
48218,3
48219,2
48220,3
48221,3
48222,2
48223,2
48224,2
48225,3
48226,2
48227,2
48228,2
48229,2
48230,2
48231,3
48232,2
48233,2
48234,2
48235,2
48236,2
48237,3
48238,2
48239,2
48240,3
48241,3
48242,2
48243,3
48244,2
48245,2
48246,3
48247,2
48248,2
48249,3
48250,2
48251,2
48252,3
48253,2
48254,0
48255,3
48256,1
48257,1
48258,1
48259,1
48260,2
48261,2
48262,1
48263,3
48264,3
48265,1
48266,3
48267,0
48268,0
48269,1
48270,1
48271,3
48272,2
48273,2
48274,2
48275,3
48276,2
48277,1
48278,2
48279,3
48280,3
48281,3
48282,3
48283,3
48284,2
48285,2
48286,0
48287,2
48288,0
48289,2
48290,3
48291,1
48292,3
48293,3
48294,0
48295,3
48296,2
48297,3
48298,3
48299,0
48300,3
48301,3
48302,3
48303,3
48304,0
48305,1
48306,0
48307,3
48308,1
48309,2
48310,0
48311,0
48312,3
48313,1
48314,1
48315,0
48316,3
48317,3
48318,3
48319,0
48320,1
48321,0
48322,0
48323,0
48324,2
48325,2
48326,0
48327,0
48328,0
48329,0
48330,0
48331,0
48332,0
48333,0
48334,0
48335,3
48336,3
48337,2
48338,3
48339,0
48340,0
48341,2
48342,3
48343,0
48344,3
48345,3
48346,2
48347,2
48348,2
48349,0
48350,3
48351,0
48352,0
48353,0
48354,0
48355,1
48356,1
48357,0
48358,2
48359,3
48360,2
48361,2
48362,2
48363,2
48364,2
48365,2
48366,2
48367,2
48368,2
48369,2
48370,1
48371,2
48372,2
48373,2
48374,2
48375,2
48376,2
48377,2
48378,2
48379,3
48380,3
48381,2
48382,2
48383,3
48384,3
48385,2
48386,1
48387,1
48388,1
48389,2
48390,1
48391,3
48392,3
48393,1
48394,3
48395,1
48396,1
48397,3
48398,1
48399,0
48400,3
48401,2
48402,2
48403,1
48404,1
48405,3
48406,2
48407,2
48408,2
48409,1
48410,3
48411,2
48412,2
48413,1
48414,3
48415,3
48416,2
48417,3
48418,2
48419,3
48420,1
48421,2
48422,3
48423,2
48424,1
48425,3
48426,3
48427,3
48428,2
48429,3
48430,3
48431,3
48432,0
48433,3
48434,3
48435,1
48436,1
48437,3
48438,0
48439,0
48440,2
48441,0
48442,0
48443,0
48444,3
48445,3
48446,0
48447,0
48448,0
48449,0
48450,0
48451,0
48452,0
48453,0
48454,0
48455,0
48456,0
48457,0
48458,0
48459,0
48460,0
48461,0
48462,0
48463,0
48464,0
48465,0
48466,3
48467,1
48468,2
48469,3
48470,2
48471,2
48472,2
48473,2
48474,2
48475,2
48476,2
48477,2
48478,2
48479,2
48480,2
48481,2
48482,3
48483,3
48484,2
48485,2
48486,1
48487,2
48488,2
48489,2
48490,3
48491,2
48492,2
48493,2
48494,2
48495,2
48496,2
48497,2
48498,3
48499,2
48500,2
48501,2
48502,2
48503,2
48504,2
48505,2
48506,2
48507,2
48508,2
48509,2
48510,2
48511,2
48512,2
48513,3
48514,2
48515,2
48516,2
48517,2
48518,2
48519,2
48520,3
48521,2
48522,2
48523,2
48524,2
48525,3
48526,2
48527,2
48528,2
48529,3
48530,1
48531,1
48532,2
48533,3
48534,2
48535,0
48536,2
48537,1
48538,1
48539,3
48540,1
48541,3
48542,2
48543,3
48544,2
48545,2
48546,2
48547,2
48548,2
48549,3
48550,2
48551,2
48552,2
48553,2
48554,1
48555,2
48556,2
48557,2
48558,2
48559,1
48560,2
48561,3
48562,2
48563,1
48564,2
48565,2
48566,2
48567,2
48568,2
48569,2
48570,2
48571,2
48572,2
48573,2
48574,2
48575,0
48576,2
48577,2
48578,2
48579,2
48580,2
48581,2
48582,2
48583,2
48584,2
48585,2
48586,2
48587,2
48588,2
48589,3
48590,2
48591,2
48592,2
48593,2
48594,2
48595,2
48596,2
48597,2
48598,2
48599,2
48600,2
48601,2
48602,2
48603,2
48604,2
48605,2
48606,2
48607,2
48608,2
48609,2
48610,2
48611,2
48612,2
48613,2
48614,2
48615,2
48616,2
48617,2
48618,2
48619,2
48620,2
48621,2
48622,2
48623,2
48624,2
48625,2
48626,2
48627,2
48628,2
48629,2
48630,2
48631,2
48632,2
48633,2
48634,2
48635,2
48636,2
48637,2
48638,2
48639,3
48640,2
48641,2
48642,2
48643,2
48644,2
48645,2
48646,3
48647,3
48648,2
48649,2
48650,2
48651,2
48652,2
48653,0
48654,2
48655,2
48656,0
48657,2
48658,3
48659,0
48660,2
48661,2
48662,2
48663,2
48664,0
48665,2
48666,2
48667,2
48668,2
48669,0
48670,0
48671,2
48672,2
48673,2
48674,0
48675,2
48676,2
48677,2
48678,2
48679,2
48680,2
48681,0
48682,2
48683,1
48684,2
48685,3
48686,2
48687,3
48688,1
48689,2
48690,0
48691,3
48692,1
48693,1
48694,2
48695,3
48696,2
48697,2
48698,2
48699,3
48700,2
48701,2
48702,2
48703,2
48704,2
48705,2
48706,2
48707,3
48708,2
48709,2
48710,2
48711,0
48712,2
48713,3
48714,3
48715,3
48716,3
48717,3
48718,3
48719,2
48720,2
48721,0
48722,3
48723,2
48724,2
48725,2
48726,2
48727,2
48728,1
48729,2
48730,2
48731,2
48732,3
48733,0
48734,0
48735,2
48736,2
48737,0
48738,2
48739,2
48740,2
48741,2
48742,2
48743,2
48744,2
48745,2
48746,2
48747,2
48748,2
48749,2
48750,2
48751,2
48752,2
48753,2
48754,2
48755,2
48756,2
48757,2
48758,2
48759,2
48760,2
48761,2
48762,2
48763,2
48764,2
48765,2
48766,2
48767,2
48768,2
48769,2
48770,2
48771,2
48772,2
48773,2
48774,2
48775,2
48776,2
48777,2
48778,2
48779,2
48780,2
48781,2
48782,2
48783,2
48784,2
48785,2
48786,2
48787,2
48788,2
48789,2
48790,2
48791,2
48792,2
48793,2
48794,2
48795,2
48796,3
48797,2
48798,2
48799,2
48800,2
48801,3
48802,2
48803,2
48804,2
48805,2
48806,2
48807,2
48808,2
48809,2
48810,2
48811,3
48812,2
48813,2
48814,2
48815,3
48816,2
48817,2
48818,2
48819,2
48820,2
48821,2
48822,2
48823,2
48824,2
48825,2
48826,2
48827,2
48828,2
48829,2
48830,2
48831,3
48832,2
48833,2
48834,2
48835,2
48836,2
48837,2
48838,2
48839,3
48840,2
48841,2
48842,2
48843,2
48844,2
48845,3
48846,2
48847,2
48848,2
48849,2
48850,2
48851,2
48852,3
48853,2
48854,2
48855,2
48856,2
48857,2
48858,2
48859,2
48860,2
48861,2
48862,2
48863,2
48864,2
48865,2
48866,2
48867,2
48868,1
48869,2
48870,2
48871,3
48872,3
48873,2
48874,3
48875,2
48876,2
48877,2
48878,2
48879,2
48880,3
48881,3
48882,2
48883,2
48884,0
48885,2
48886,2
48887,2
48888,2
48889,0
48890,1
48891,0
48892,2
48893,3
48894,2
48895,2
48896,2
48897,2
48898,2
48899,3
48900,2
48901,2
48902,2
48903,1
48904,3
48905,3
48906,2
48907,3
48908,2
48909,2
48910,2
48911,3
48912,3
48913,2
48914,2
48915,2
48916,2
48917,1
48918,2
48919,2
48920,2
48921,2
48922,2
48923,3
48924,2
48925,2
48926,2
48927,2
48928,2
48929,2
48930,2
48931,2
48932,1
48933,2
48934,2
48935,2
48936,2
48937,2
48938,2
48939,2
48940,3
48941,3
48942,2
48943,2
48944,2
48945,2
48946,2
48947,2
48948,2
48949,2
48950,2
48951,2
48952,2
48953,2
48954,3
48955,3
48956,3
48957,3
48958,3
48959,2
48960,2
48961,2
48962,2
48963,2
48964,2
48965,2
48966,2
48967,2
48968,2
48969,2
48970,2
48971,2
48972,2
48973,2
48974,2
48975,2
48976,2
48977,2
48978,2
48979,2
48980,2
48981,2
48982,2
48983,2
48984,2
48985,2
48986,2
48987,2
48988,2
48989,3
48990,2
48991,2
48992,2
48993,2
48994,2
48995,2
48996,3
48997,3
48998,3
48999,2
49000,2
49001,2
49002,2
49003,2
49004,2
49005,2
49006,2
49007,2
49008,2
49009,2
49010,2
49011,2
49012,3
49013,3
49014,2
49015,1
49016,2
49017,2
49018,3
49019,3
49020,3
49021,3
49022,2
49023,2
49024,2
49025,2
49026,2
49027,2
49028,2
49029,2
49030,2
49031,2
49032,2
49033,2
49034,2
49035,2
49036,2
49037,2
49038,2
49039,2
49040,1
49041,2
49042,2
49043,2
49044,2
49045,2
49046,2
49047,2
49048,2
49049,2
49050,2
49051,2
49052,2
49053,2
49054,2
49055,2
49056,2
49057,2
49058,2
49059,2
49060,2
49061,2
49062,2
49063,2
49064,2
49065,1
49066,2
49067,3
49068,1
49069,2
49070,1
49071,1
49072,1
49073,2
49074,2
49075,2
49076,2
49077,2
49078,2
49079,2
49080,2
49081,2
49082,2
49083,2
49084,2
49085,2
49086,2
49087,2
49088,2
49089,2
49090,2
49091,2
49092,3
49093,2
49094,2
49095,2
49096,2
49097,2
49098,2
49099,3
49100,2
49101,2
49102,2
49103,2
49104,2
49105,2
49106,2
49107,2
49108,2
49109,2
49110,2
49111,2
49112,2
49113,2
49114,2
49115,2
49116,2
49117,2
49118,2
49119,2
49120,2
49121,2
49122,2
49123,3
49124,3
49125,3
49126,2
49127,2
49128,2
49129,2
49130,2
49131,2
49132,3
49133,3
49134,3
49135,2
49136,3
49137,2
49138,2
49139,2
49140,2
49141,3
49142,3
49143,2
49144,2
49145,2
49146,2
49147,2
49148,2
49149,2
49150,3
49151,3
49152,2
49153,2
49154,2
49155,2
49156,3
49157,2
49158,2
49159,2
49160,2
49161,3
49162,3
49163,3
49164,2
49165,2
49166,3
49167,3
49168,3
49169,2
49170,3
49171,3
49172,2
49173,2
49174,2
49175,2
49176,3
49177,3
49178,3
49179,3
49180,3
49181,2
49182,2
49183,2
49184,2
49185,3
49186,0
49187,3
49188,3
49189,2
49190,3
49191,2
49192,3
49193,2
49194,1
49195,2
49196,2
49197,2
49198,3
49199,2
49200,2
49201,2
49202,2
49203,2
49204,2
49205,2
49206,2
49207,2
49208,2
49209,2
49210,2
49211,2
49212,2
49213,2
49214,2
49215,2
49216,3
49217,2
49218,0
49219,3
49220,2
49221,2
49222,2
49223,3
49224,2
49225,2
49226,3
49227,3
49228,2
49229,3
49230,1
49231,1
49232,1
49233,2
49234,2
49235,3
49236,2
49237,2
49238,2
49239,2
49240,2
49241,1
49242,2
49243,2
49244,3
49245,2
49246,3
49247,1
49248,2
49249,3
49250,2
49251,2
49252,2
49253,2
49254,3
49255,2
49256,2
49257,3
49258,3
49259,2
49260,2
49261,2
49262,2
49263,2
49264,1
49265,2
49266,2
49267,2
49268,2
49269,2
49270,2
49271,2
49272,1
49273,2
49274,3
49275,3
49276,1
49277,1
49278,2
49279,2
49280,1
49281,2
49282,3
49283,1
49284,1
49285,1
49286,2
49287,3
49288,1
49289,1
49290,2
49291,2
49292,3
49293,1
49294,1
49295,1
49296,2
49297,1
49298,2
49299,2
49300,2
49301,2
49302,2
49303,3
49304,3
49305,0
49306,2
49307,2
49308,1
49309,2
49310,2
49311,2
49312,3
49313,2
49314,2
49315,3
49316,3
49317,2
49318,2
49319,2
49320,1
49321,3
49322,2
49323,1
49324,3
49325,2
49326,3
49327,1
49328,1
49329,3
49330,3
49331,2
49332,2
49333,3
49334,1
49335,2
49336,2
49337,3
49338,3
49339,3
49340,3
49341,3
49342,3
49343,3
49344,3
49345,1
49346,1
49347,2
49348,3
49349,3
49350,2
49351,3
49352,3
49353,3
49354,3
49355,3
49356,3
49357,3
49358,3
49359,2
49360,2
49361,2
49362,3
49363,3
49364,1
49365,1
49366,3
49367,3
49368,3
49369,3
49370,3
49371,2
49372,1
49373,3
49374,3
49375,2
49376,2
49377,2
49378,3
49379,3
49380,3
49381,2
49382,3
49383,3
49384,3
49385,3
49386,3
49387,3
49388,3
49389,3
49390,3
49391,3
49392,3
49393,3
49394,3
49395,3
49396,3
49397,3
49398,3
49399,3
49400,3
49401,3
49402,3
49403,3
49404,3
49405,3
49406,3
49407,3
49408,3
49409,3
49410,3
49411,3
49412,3
49413,3
49414,3
49415,3
49416,3
49417,3
49418,1
49419,1
49420,3
49421,2
49422,1
49423,1
49424,3
49425,3
49426,3
49427,3
49428,3
49429,3
49430,3
49431,3
49432,1
49433,3
49434,3
49435,3
49436,3
49437,3
49438,3
49439,3
49440,3
49441,3
49442,3
49443,3
49444,2
49445,1
49446,3
49447,3
49448,3
49449,0
49450,3
49451,2
49452,3
49453,2
49454,3
49455,3
49456,2
49457,3
49458,2
49459,2
49460,2
49461,3
49462,3
49463,3
49464,2
49465,2
49466,2
49467,2
49468,3
49469,3
49470,2
49471,3
49472,3
49473,3
49474,2
49475,3
49476,2
49477,2
49478,2
49479,3
49480,3
49481,3
49482,3
49483,3
49484,2
49485,3
49486,2
49487,3
49488,3
49489,3
49490,2
49491,3
49492,2
49493,3
49494,2
49495,3
49496,3
49497,3
49498,3
49499,3
49500,2
49501,2
49502,3
49503,2
49504,3
49505,3
49506,2
49507,2
49508,3
49509,2
49510,2
49511,2
49512,2
49513,2
49514,3
49515,2
49516,3
49517,2
49518,2
49519,2
49520,3
49521,2
49522,3
49523,3
49524,2
49525,2
49526,2
49527,3
49528,2
49529,2
49530,2
49531,3
49532,2
49533,3
49534,3
49535,2
49536,2
49537,3
49538,2
49539,3
49540,3
49541,3
49542,3
49543,3
49544,3
49545,3
49546,3
49547,3
49548,3
49549,3
49550,3
49551,3
49552,3
49553,3
49554,2
49555,2
49556,3
49557,3
49558,3
49559,3
49560,3
49561,3
49562,3
49563,3
49564,2
49565,3
49566,3
49567,3
49568,3
49569,2
49570,2
49571,3
49572,3
49573,2
49574,2
49575,3
49576,3
49577,3
49578,3
49579,2
49580,2
49581,2
49582,2
49583,2
49584,2
49585,2
49586,0
49587,2
49588,2
49589,3
49590,3
49591,3
49592,2
49593,3
49594,3
49595,3
49596,2
49597,2
49598,3
49599,2
49600,3
49601,3
49602,3
49603,2
49604,3
49605,3
49606,2
49607,3
49608,2
49609,3
49610,0
49611,2
49612,3
49613,3
49614,2
49615,2
49616,3
49617,2
49618,3
49619,3
49620,3
49621,2
49622,3
49623,3
49624,2
49625,2
49626,3
49627,2
49628,3
49629,2
49630,2
49631,2
49632,0
49633,2
49634,2
49635,3
49636,3
49637,3
49638,3
49639,2
49640,3
49641,3
49642,3
49643,3
49644,3
49645,3
49646,2
49647,2
49648,2
49649,3
49650,3
49651,3
49652,3
49653,3
49654,3
49655,3
49656,3
49657,3
49658,3
49659,3
49660,3
49661,3
49662,3
49663,3
49664,3
49665,3
49666,3
49667,2
49668,2
49669,3
49670,3
49671,3
49672,3
49673,3
49674,3
49675,3
49676,3
49677,2
49678,3
49679,2
49680,3
49681,2
49682,2
49683,3
49684,2
49685,3
49686,2
49687,2
49688,3
49689,0
49690,2
49691,2
49692,2
49693,2
49694,2
49695,2
49696,2
49697,3
49698,2
49699,2
49700,3
49701,2
49702,2
49703,2
49704,2
49705,2
49706,2
49707,2
49708,3
49709,2
49710,2
49711,3
49712,3
49713,0
49714,2
49715,2
49716,2
49717,3
49718,3
49719,2
49720,3
49721,2
49722,3
49723,3
49724,3
49725,2
49726,3
49727,3
49728,2
49729,2
49730,3
49731,2
49732,3
49733,3
49734,3
49735,3
49736,3
49737,3
49738,2
49739,2
49740,3
49741,3
49742,3
49743,3
49744,3
49745,3
49746,2
49747,3
49748,3
49749,3
49750,3
49751,3
49752,3
49753,2
49754,2
49755,2
49756,3
49757,3
49758,2
49759,2
49760,4
49761,2
49762,2
49763,3
49764,3
49765,3
49766,3
49767,3
49768,2
49769,2
49770,3
49771,3
49772,3
49773,3
49774,3
49775,2
49776,2
49777,3
49778,2
49779,3
49780,3
49781,3
49782,2
49783,2
49784,2
49785,3
49786,2
49787,2
49788,2
49789,2
49790,2
49791,2
49792,2
49793,2
49794,2
49795,2
49796,2
49797,3
49798,2
49799,2
49800,2
49801,2
49802,2
49803,2
49804,2
49805,2
49806,2
49807,2
49808,2
49809,2
49810,2
49811,3
49812,3
49813,2
49814,0
49815,2
49816,2
49817,2
49818,3
49819,3
49820,2
49821,3
49822,2
49823,2
49824,2
49825,0
49826,3
49827,3
49828,3
49829,2
49830,2
49831,3
49832,2
49833,2
49834,2
49835,2
49836,2
49837,2
49838,2
49839,2
49840,2
49841,2
49842,2
49843,0
49844,2
49845,2
49846,3
49847,2
49848,2
49849,2
49850,0
49851,2
49852,3
49853,2
49854,2
49855,3
49856,2
49857,3
49858,3
49859,3
49860,2
49861,3
49862,2
49863,3
49864,3
49865,2
49866,2
49867,3
49868,3
49869,3
49870,2
49871,2
49872,2
49873,2
49874,0
49875,3
49876,3
49877,3
49878,3
49879,3
49880,3
49881,2
49882,3
49883,3
49884,2
49885,2
49886,2
49887,3
49888,3
49889,3
49890,3
49891,3
49892,3
49893,3
49894,3
49895,3
49896,3
49897,2
49898,2
49899,2
49900,3
49901,2
49902,2
49903,2
49904,2
49905,3
49906,3
49907,3
49908,3
49909,3
49910,3
49911,3
49912,2
49913,3
49914,2
49915,3
49916,2
49917,3
49918,2
49919,2
49920,2
49921,3
49922,3
49923,3
49924,3
49925,2
49926,3
49927,2
49928,3
49929,3
49930,3
49931,3
49932,3
49933,3
49934,2
49935,2
49936,3
49937,3
49938,3
49939,2
49940,2
49941,2
49942,2
49943,2
49944,3
49945,2
49946,2
49947,2
49948,2
49949,2
49950,2
49951,2
49952,2
49953,2
49954,2
49955,2
49956,3
49957,2
49958,2
49959,2
49960,2
49961,2
49962,2
49963,3
49964,2
49965,2
49966,2
49967,2
49968,2
49969,3
49970,2
49971,2
49972,2
49973,2
49974,2
49975,2
49976,2
49977,2
49978,2
49979,2
49980,2
49981,2
49982,2
49983,2
49984,2
49985,2
49986,3
49987,2
49988,2
49989,2
49990,2
49991,2
49992,2
49993,3
49994,2
49995,2
49996,2
49997,2
49998,2
49999,2
50000,2
50001,2
50002,2
50003,2
50004,0
50005,2
50006,2
50007,3
50008,2
50009,2
50010,0
50011,3
50012,2
50013,2
50014,2
50015,2
50016,2
50017,2
50018,2
50019,2
50020,2
50021,2
50022,2
50023,3
50024,3
50025,3
50026,2
50027,2
50028,3
50029,2
50030,3
50031,3
50032,3
50033,2
50034,0
50035,0
50036,2
50037,3
50038,2
50039,2
50040,3
50041,3
50042,2
50043,3
50044,2
50045,3
50046,3
50047,3
50048,2
50049,2
50050,2
50051,3
50052,3
50053,2
50054,2
50055,2
50056,2
50057,2
50058,2
50059,2
50060,2
50061,2
50062,3
50063,3
50064,3
50065,2
50066,2
50067,2
50068,0
50069,2
50070,2
50071,2
50072,2
50073,2
50074,2
50075,2
50076,2
50077,2
50078,2
50079,0
50080,2
50081,2
50082,2
50083,2
50084,2
50085,2
50086,2
50087,3
50088,3
50089,2
50090,2
50091,2
50092,3
50093,2
50094,2
50095,2
50096,3
50097,3
50098,2
50099,2
50100,2
50101,3
50102,3
50103,2
50104,3
50105,3
50106,3
50107,3
50108,3
50109,3
50110,3
50111,2
50112,3
50113,2
50114,2
50115,2
50116,3
50117,3
50118,2
50119,3
50120,3
50121,2
50122,3
50123,3
50124,0
50125,2
50126,2
50127,2
50128,2
50129,2
50130,2
50131,3
50132,2
50133,2
50134,2
50135,2
50136,2
50137,3
50138,2
50139,2
50140,2
50141,2
50142,3
50143,3
50144,3
50145,2
50146,2
50147,2
50148,2
50149,2
50150,2
50151,0
50152,2
50153,2
50154,2
50155,2
50156,0
50157,2
50158,2
50159,2
50160,2
50161,2
50162,3
50163,2
50164,2
50165,2
50166,2
50167,2
50168,2
50169,3
50170,2
50171,3
50172,3
50173,2
50174,2
50175,3
50176,2
50177,3
50178,2
50179,2
50180,2
50181,2
50182,2
50183,3
50184,2
50185,2
50186,2
50187,2
50188,2
50189,2
50190,2
50191,2
50192,2
50193,2
50194,2
50195,2
50196,2
50197,2
50198,2
50199,2
50200,2
50201,2
50202,2
50203,2
50204,2
50205,2
50206,2
50207,2
50208,2
50209,2
50210,2
50211,3
50212,2
50213,2
50214,2
50215,3
50216,3
50217,2
50218,2
50219,2
50220,2
50221,2
50222,2
50223,2
50224,3
50225,2
50226,2
50227,3
50228,3
50229,2
50230,2
50231,3
50232,2
50233,2
50234,3
50235,2
50236,2
50237,0
50238,2
50239,3
50240,0
50241,3
50242,0
50243,2
50244,2
50245,3
50246,2
50247,2
50248,3
50249,2
50250,3
50251,2
50252,2
50253,3
50254,2
50255,2
50256,2
50257,3
50258,2
50259,2
50260,0
50261,3
50262,3
50263,2
50264,2
50265,2
50266,2
50267,2
50268,0
50269,2
50270,2
50271,2
50272,2
50273,2
50274,2
50275,2
50276,2
50277,3
50278,2
50279,2
50280,2
50281,2
50282,2
50283,2
50284,2
50285,2
50286,2
50287,2
50288,3
50289,2
50290,3
50291,3
50292,2
50293,2
50294,2
50295,2
50296,2
50297,2
50298,2
50299,2
50300,3
50301,3
50302,2
50303,2
50304,2
50305,2
50306,2
50307,2
50308,2
50309,2
50310,3
50311,2
50312,2
50313,3
50314,2
50315,2
50316,2
50317,2
50318,2
50319,3
50320,3
50321,2
50322,2
50323,3
50324,3
50325,2
50326,2
50327,3
50328,2
50329,2
50330,0
50331,2
50332,2
50333,2
50334,3
50335,2
50336,2
50337,2
50338,2
50339,2
50340,3
50341,2
50342,2
50343,3
50344,2
50345,2
50346,2
50347,2
50348,2
50349,2
50350,2
50351,3
50352,2
50353,2
50354,2
50355,2
50356,2
50357,2
50358,2
50359,2
50360,2
50361,2
50362,2
50363,3
50364,2
50365,2
50366,2
50367,2
50368,2
50369,3
50370,1
50371,2
50372,2
50373,2
50374,2
50375,2
50376,2
50377,2
50378,3
50379,3
50380,2
50381,2
50382,2
50383,2
50384,3
50385,2
50386,0
50387,2
50388,2
50389,2
50390,3
50391,2
50392,3
50393,2
50394,2
50395,3
50396,2
50397,0
50398,2
50399,2
50400,2
50401,3
50402,2
50403,3
50404,3
50405,2
50406,2
50407,2
50408,2
50409,2
50410,2
50411,2
50412,2
50413,2
50414,3
50415,3
50416,3
50417,2
50418,2
50419,2
50420,3
50421,2
50422,2
50423,2
50424,2
50425,2
50426,2
50427,2
50428,2
50429,2
50430,2
50431,2
50432,3
50433,3
50434,0
50435,2
50436,3
50437,3
50438,3
50439,3
50440,3
50441,3
50442,2
50443,3
50444,3
50445,3
50446,2
50447,3
50448,2
50449,2
50450,3
50451,2
50452,2
50453,2
50454,2
50455,2
50456,3
50457,2
50458,2
50459,2
50460,3
50461,3
50462,3
50463,2
50464,2
50465,2
50466,2
50467,2
50468,2
50469,3
50470,2
50471,3
50472,3
50473,3
50474,2
50475,3
50476,2
50477,0
50478,2
50479,2
50480,2
50481,3
50482,2
50483,3
50484,2
50485,2
50486,2
50487,0
50488,2
50489,3
50490,2
50491,3
50492,3
50493,2
50494,0
50495,0
50496,3
50497,2
50498,2
50499,2
50500,2
50501,2
50502,3
50503,3
50504,3
50505,2
50506,2
50507,2
50508,2
50509,2
50510,3
50511,2
50512,3
50513,2
50514,3
50515,3
50516,3
50517,2
50518,3
50519,2
50520,3
50521,1
50522,3
50523,3
50524,2
50525,3
50526,2
50527,0
50528,2
50529,3
50530,3
50531,2
50532,2
50533,2
50534,2
50535,3
50536,2
50537,3
50538,2
50539,2
50540,0
50541,3
50542,2
50543,2
50544,2
50545,3
50546,2
50547,3
50548,3
50549,2
50550,3
50551,3
50552,4
50553,2
50554,3
50555,3
50556,2
50557,3
50558,3
50559,3
50560,3
50561,2
50562,3
50563,2
50564,3
50565,3
50566,2
50567,3
50568,2
50569,3
50570,3
50571,3
50572,2
50573,3
50574,3
50575,3
50576,3
50577,3
50578,3
50579,2
50580,3
50581,3
50582,2
50583,3
50584,3
50585,3
50586,3
50587,3
50588,3
50589,2
50590,3
50591,3
50592,3
50593,2
50594,3
50595,3
50596,3
50597,3
50598,3
50599,2
50600,2
50601,3
50602,1
50603,2
50604,2
50605,3
50606,3
50607,2
50608,3
50609,2
50610,3
50611,3
50612,2
50613,3
50614,2
50615,2
50616,3
50617,2
50618,3
50619,2
50620,3
50621,2
50622,2
50623,3
50624,3
50625,3
50626,2
50627,2
50628,2
50629,3
50630,3
50631,2
50632,2
50633,3
50634,3
50635,2
50636,2
50637,2
50638,0
50639,3
50640,3
50641,2
50642,3
50643,1
50644,2
50645,1
50646,3
50647,3
50648,2
50649,2
50650,3
50651,3
50652,1
50653,2
50654,2
50655,2
50656,2
50657,3
50658,2
50659,2
50660,2
50661,3
50662,2
50663,2
50664,0
50665,3
50666,3
50667,3
50668,3
50669,2
50670,3
50671,3
50672,0
50673,3
50674,3
50675,2
50676,2
50677,3
50678,2
50679,2
50680,2
50681,2
50682,3
50683,0
50684,2
50685,2
50686,3
50687,2
50688,2
50689,2
50690,0
50691,2
50692,2
50693,2
50694,3
50695,2
50696,2
50697,2
50698,3
50699,3
50700,3
50701,3
50702,3
50703,3
50704,2
50705,3
50706,3
50707,2
50708,3
50709,2
50710,3
50711,3
50712,3
50713,2
50714,3
50715,3
50716,2
50717,3
50718,2
50719,2
50720,2
50721,2
50722,2
50723,1
50724,3
50725,3
50726,2
50727,2
50728,3
50729,2
50730,2
50731,3
50732,3
50733,3
50734,3
50735,2
50736,2
50737,3
50738,3
50739,2
50740,2
50741,2
50742,3
50743,2
50744,2
50745,2
50746,2
50747,2
50748,2
50749,2
50750,2
50751,3
50752,3
50753,2
50754,2
50755,3
50756,3
50757,2
50758,3
50759,2
50760,2
50761,3
50762,3
50763,2
50764,3
50765,2
50766,3
50767,3
50768,2
50769,2
50770,2
50771,3
50772,2
50773,3
50774,1
50775,2
50776,3
50777,2
50778,3
50779,2
50780,3
50781,3
50782,3
50783,2
50784,2
50785,3
50786,2
50787,2
50788,2
50789,2
50790,3
50791,2
50792,2
50793,2
50794,2
50795,2
50796,4
50797,2
50798,3
50799,2
50800,3
50801,2
50802,2
50803,2
50804,3
50805,3
50806,2
50807,2
50808,2
50809,3
50810,2
50811,2
50812,3
50813,3
50814,3
50815,3
50816,3
50817,3
50818,3
50819,3
50820,3
50821,3
50822,2
50823,2
50824,2
50825,2
50826,2
50827,3
50828,2
50829,2
50830,3
50831,2
50832,2
50833,3
50834,3
50835,2
50836,2
50837,3
50838,2
50839,3
50840,2
50841,2
50842,2
50843,2
50844,2
50845,2
50846,2
50847,2
50848,2
50849,2
50850,2
50851,3
50852,3
50853,2
50854,2
50855,3
50856,3
50857,2
50858,2
50859,3
50860,2
50861,3
50862,3
50863,3
50864,1
50865,2
50866,2
50867,2
50868,3
50869,3
50870,2
50871,2
50872,2
50873,2
50874,3
50875,3
50876,3
50877,2
50878,3
50879,2
50880,3
50881,2
50882,2
50883,2
50884,3
50885,3
50886,2
50887,2
50888,3
50889,2
50890,3
50891,2
50892,2
50893,3
50894,3
50895,3
50896,2
50897,2
50898,2
50899,2
50900,0
50901,2
50902,2
50903,2
50904,3
50905,3
50906,2
50907,3
50908,3
50909,3
50910,3
50911,3
50912,2
50913,3
50914,3
50915,2
50916,2
50917,3
50918,2
50919,3
50920,2
50921,3
50922,2
50923,2
50924,3
50925,2
50926,3
50927,3
50928,2
50929,2
50930,2
50931,2
50932,2
50933,3
50934,3
50935,3
50936,3
50937,2
50938,2
50939,2
50940,3
50941,3
50942,3
50943,3
50944,2
50945,2
50946,3
50947,2
50948,4
50949,2
50950,3
50951,3
50952,2
50953,2
50954,3
50955,4
50956,2
50957,2
50958,2
50959,2
50960,2
50961,2
50962,2
50963,2
50964,2
50965,3
50966,2
50967,3
50968,3
50969,2
50970,2
50971,2
50972,3
50973,2
50974,2
50975,3
50976,2
50977,2
50978,2
50979,3
50980,2
50981,2
50982,3
50983,3
50984,2
50985,2
50986,2
50987,2
50988,3
50989,2
50990,2
50991,2
50992,2
50993,2
50994,3
50995,3
50996,2
50997,3
50998,2
50999,2
51000,3
51001,2
51002,2
51003,3
51004,2
51005,3
51006,3
51007,3
51008,3
51009,2
51010,3
51011,3
51012,3
51013,3
51014,3
51015,2
51016,2
51017,3
51018,2
51019,3
51020,2
51021,3
51022,3
51023,2
51024,2
51025,2
51026,2
51027,2
51028,0
51029,3
51030,2
51031,3
51032,3
51033,2
51034,2
51035,2
51036,2
51037,3
51038,2
51039,2
51040,2
51041,2
51042,2
51043,3
51044,2
51045,2
51046,2
51047,3
51048,0
51049,2
51050,3
51051,2
51052,3
51053,2
51054,2
51055,3
51056,3
51057,3
51058,2
51059,2
51060,3
51061,3
51062,2
51063,3
51064,2
51065,3
51066,2
51067,2
51068,2
51069,2
51070,2
51071,2
51072,3
51073,3
51074,2
51075,2
51076,2
51077,2
51078,3
51079,2
51080,2
51081,2
51082,3
51083,2
51084,3
51085,2
51086,0
51087,2
51088,2
51089,3
51090,3
51091,2
51092,2
51093,3
51094,3
51095,2
51096,2
51097,2
51098,3
51099,3
51100,3
51101,3
51102,2
51103,3
51104,3
51105,3
51106,2
51107,2
51108,2
51109,3
51110,3
51111,3
51112,0
51113,3
51114,2
51115,2
51116,3
51117,2
51118,2
51119,2
51120,3
51121,2
51122,2
51123,3
51124,3
51125,2
51126,3
51127,3
51128,2
51129,3
51130,3
51131,2
51132,2
51133,3
51134,2
51135,2
51136,0
51137,3
51138,3
51139,3
51140,2
51141,2
51142,2
51143,2
51144,3
51145,3
51146,2
51147,3
51148,2
51149,2
51150,3
51151,2
51152,2
51153,3
51154,2
51155,3
51156,2
51157,2
51158,3
51159,3
51160,3
51161,2
51162,2
51163,2
51164,2
51165,3
51166,3
51167,3
51168,3
51169,3
51170,3
51171,3
51172,3
51173,2
51174,3
51175,3
51176,2
51177,3
51178,3
51179,3
51180,2
51181,2
51182,2
51183,3
51184,2
51185,3
51186,3
51187,3
51188,3
51189,2
51190,2
51191,2
51192,2
51193,2
51194,3
51195,3
51196,3
51197,3
51198,3
51199,2
51200,3
51201,3
51202,2
51203,2
51204,2
51205,3
51206,3
51207,2
51208,2
51209,2
51210,2
51211,3
51212,2
51213,2
51214,2
51215,3
51216,3
51217,3
51218,0
51219,2
51220,2
51221,2
51222,2
51223,2
51224,3
51225,2
51226,3
51227,2
51228,3
51229,2
51230,3
51231,2
51232,2
51233,2
51234,2
51235,2
51236,2
51237,2
51238,2
51239,2
51240,2
51241,3
51242,3
51243,2
51244,3
51245,2
51246,3
51247,2
51248,2
51249,2
51250,3
51251,2
51252,2
51253,2
51254,2
51255,2
51256,2
51257,2
51258,2
51259,3
51260,2
51261,2
51262,2
51263,3
51264,2
51265,2
51266,3
51267,2
51268,3
51269,3
51270,2
51271,2
51272,2
51273,2
51274,3
51275,2
51276,2
51277,2
51278,3
51279,2
51280,3
51281,2
51282,3
51283,2
51284,0
51285,3
51286,2
51287,3
51288,2
51289,2
51290,2
51291,2
51292,2
51293,2
51294,2
51295,2
51296,2
51297,4
51298,2
51299,2
51300,2
51301,2
51302,2
51303,2
51304,2
51305,2
51306,2
51307,2
51308,2
51309,2
51310,2
51311,2
51312,2
51313,3
51314,2
51315,3
51316,2
51317,3
51318,3
51319,2
51320,2
51321,3
51322,3
51323,2
51324,2
51325,3
51326,3
51327,2
51328,2
51329,3
51330,3
51331,3
51332,3
51333,3
51334,2
51335,2
51336,2
51337,2
51338,2
51339,3
51340,3
51341,2
51342,2
51343,2
51344,3
51345,3
51346,3
51347,2
51348,3
51349,2
51350,2
51351,2
51352,2
51353,2
51354,2
51355,2
51356,3
51357,2
51358,3
51359,2
51360,2
51361,3
51362,3
51363,2
51364,2
51365,2
51366,2
51367,2
51368,3
51369,2
51370,2
51371,3
51372,3
51373,2
51374,2
51375,2
51376,2
51377,4
51378,3
51379,3
51380,3
51381,4
51382,2
51383,2
51384,2
51385,2
51386,2
51387,2
51388,2
51389,2
51390,2
51391,3
51392,2
51393,3
51394,2
51395,2
51396,2
51397,2
51398,2
51399,2
51400,2
51401,3
51402,2
51403,2
51404,3
51405,2
51406,2
51407,2
51408,3
51409,2
51410,2
51411,2
51412,2
51413,3
51414,3
51415,2
51416,3
51417,2
51418,2
51419,2
51420,2
51421,3
51422,2
51423,3
51424,2
51425,2
51426,2
51427,2
51428,2
51429,2
51430,2
51431,3
51432,3
51433,2
51434,2
51435,3
51436,2
51437,2
51438,2
51439,2
51440,2
51441,3
51442,2
51443,2
51444,2
51445,2
51446,2
51447,3
51448,2
51449,3
51450,3
51451,2
51452,2
51453,2
51454,2
51455,2
51456,2
51457,2
51458,3
51459,2
51460,3
51461,3
51462,2
51463,2
51464,2
51465,3
51466,2
51467,2
51468,2
51469,2
51470,2
51471,2
51472,2
51473,2
51474,2
51475,2
51476,2
51477,2
51478,2
51479,0
51480,2
51481,3
51482,2
51483,2
51484,2
51485,3
51486,2
51487,2
51488,2
51489,2
51490,2
51491,2
51492,0
51493,2
51494,2
51495,3
51496,2
51497,2
51498,2
51499,3
51500,3
51501,2
51502,2
51503,2
51504,3
51505,3
51506,3
51507,3
51508,3
51509,3
51510,2
51511,2
51512,0
51513,3
51514,2
51515,3
51516,2
51517,2
51518,2
51519,2
51520,0
51521,3
51522,3
51523,2
51524,3
51525,3
51526,2
51527,2
51528,2
51529,3
51530,0
51531,2
51532,2
51533,3
51534,3
51535,2
51536,2
51537,0
51538,0
51539,1
51540,3
51541,2
51542,2
51543,3
51544,2
51545,2
51546,2
51547,3
51548,3
51549,0
51550,3
51551,3
51552,3
51553,3
51554,2
51555,1
51556,0
51557,2
51558,3
51559,2
51560,2
51561,3
51562,2
51563,3
51564,3
51565,2
51566,2
51567,3
51568,3
51569,3
51570,3
51571,3
51572,2
51573,3
51574,2
51575,3
51576,3
51577,3
51578,3
51579,2
51580,3
51581,3
51582,0
51583,3
51584,3
51585,2
51586,3
51587,2
51588,2
51589,2
51590,2
51591,2
51592,3
51593,3
51594,2
51595,3
51596,2
51597,3
51598,3
51599,3
51600,2
51601,2
51602,3
51603,2
51604,2
51605,2
51606,2
51607,3
51608,2
51609,0
51610,3
51611,3
51612,0
51613,0
51614,0
51615,0
51616,0
51617,3
51618,0
51619,2
51620,0
51621,3
51622,0
51623,2
51624,3
51625,3
51626,0
51627,3
51628,2
51629,3
51630,3
51631,2
51632,2
51633,2
51634,3
51635,2
51636,3
51637,3
51638,3
51639,2
51640,3
51641,2
51642,2
51643,2
51644,0
51645,2
51646,0
51647,3
51648,2
51649,3
51650,3
51651,3
51652,3
51653,2
51654,3
51655,2
51656,2
51657,3
51658,2
51659,2
51660,2
51661,2
51662,2
51663,2
51664,2
51665,0
51666,0
51667,0
51668,0
51669,0
51670,0
51671,0
51672,0
51673,0
51674,0
51675,0
51676,2
51677,0
51678,2
51679,4
51680,0
51681,0
51682,0
51683,0
51684,0
51685,0
51686,0
51687,0
51688,0
51689,0
51690,0
51691,0
51692,0
51693,0
51694,0
51695,0
51696,0
51697,0
51698,0
51699,0
51700,3
51701,3
51702,0
51703,0
51704,2
51705,2
51706,3
51707,2
51708,0
51709,2
51710,2
51711,2
51712,0
51713,2
51714,3
51715,3
51716,2
51717,0
51718,0
51719,0
51720,0
51721,0
51722,0
51723,0
51724,0
51725,2
51726,0
51727,0
51728,0
51729,0
51730,0
51731,0
51732,0
51733,0
51734,0
51735,0
51736,0
51737,0
51738,0
51739,0
51740,0
51741,0
51742,2
51743,0
51744,0
51745,0
51746,2
51747,2
51748,2
51749,2
51750,2
51751,2
51752,0
51753,2
51754,0
51755,0
51756,0
51757,2
51758,2
51759,3
51760,2
51761,2
51762,2
51763,0
51764,2
51765,3
51766,0
51767,2
51768,3
51769,2
51770,2
51771,3
51772,3
51773,3
51774,3
51775,2
51776,0
51777,2
51778,2
51779,0
51780,0
51781,3
51782,0
51783,2
51784,2
51785,2
51786,2
51787,2
51788,2
51789,2
51790,0
51791,2
51792,2
51793,2
51794,2
51795,3
51796,3
51797,3
51798,3
51799,3
51800,3
51801,3
51802,2
51803,2
51804,2
51805,2
51806,2
51807,2
51808,2
51809,2
51810,2
51811,2
51812,2
51813,2
51814,2
51815,2
51816,2
51817,2
51818,3
51819,2
51820,2
51821,2
51822,2
51823,2
51824,2
51825,2
51826,2
51827,2
51828,2
51829,3
51830,2
51831,2
51832,2
51833,2
51834,2
51835,2
51836,3
51837,3
51838,2
51839,3
51840,3
51841,2
51842,2
51843,2
51844,3
51845,2
51846,2
51847,3
51848,2
51849,3
51850,2
51851,3
51852,2
51853,2
51854,2
51855,2
51856,2
51857,1
51858,3
51859,2
51860,3
51861,2
51862,2
51863,2
51864,2
51865,2
51866,3
51867,2
51868,3
51869,3
51870,3
51871,3
51872,3
51873,3
51874,3
51875,3
51876,3
51877,2
51878,0
51879,2
51880,3
51881,2
51882,2
51883,2
51884,2
51885,2
51886,2
51887,3
51888,3
51889,2
51890,2
51891,0
51892,0
51893,2
51894,2
51895,1
51896,0
51897,2
51898,2
51899,2
51900,2
51901,2
51902,2
51903,2
51904,2
51905,1
51906,0
51907,3
51908,2
51909,1
51910,3
51911,1
51912,1
51913,1
51914,1
51915,0
51916,1
51917,3
51918,0
51919,3
51920,0
51921,2
51922,0
51923,3
51924,2
51925,2
51926,2
51927,3
51928,2
51929,2
51930,3
51931,2
51932,3
51933,3
51934,3
51935,3
51936,3
51937,0
51938,2
51939,3
51940,1
51941,2
51942,2
51943,2
51944,0
51945,2
51946,0
51947,0
51948,0
51949,0
51950,3
51951,2
51952,3
51953,3
51954,3
51955,2
51956,0
51957,0
51958,0
51959,2
51960,0
51961,3
51962,2
51963,2
51964,0
51965,0
51966,3
51967,3
51968,0
51969,0
51970,2
51971,0
51972,0
51973,0
51974,0
51975,0
51976,0
51977,0
51978,0
51979,0
51980,0
51981,0
51982,0
51983,0
51984,0
51985,0
51986,0
51987,0
51988,0
51989,0
51990,0
51991,0
51992,0
51993,3
51994,2
51995,0
51996,0
51997,3
51998,1
51999,3
52000,3
52001,3
52002,3
52003,3
52004,3
52005,3
52006,3
52007,4
52008,3
52009,3
52010,3
52011,3
52012,4
52013,4
52014,3
52015,3
52016,1
52017,3
52018,3
52019,3
52020,1
52021,3
52022,3
52023,4
52024,1
52025,3
52026,2
52027,0
52028,0
52029,4
52030,3
52031,3
52032,3
52033,0
52034,4
52035,4
52036,4
52037,0
52038,0
52039,0
52040,0
52041,3
52042,0
52043,0
52044,0
52045,3
52046,3
52047,0
52048,0
52049,0
52050,0
52051,2
52052,3
52053,1
52054,3
52055,3
52056,3
52057,3
52058,3
52059,3
52060,0
52061,3
52062,3
52063,3
52064,3
52065,3
52066,2
52067,3
52068,3
52069,3
52070,3
52071,3
52072,3
52073,4
52074,3
52075,2
52076,3
52077,3
52078,3
52079,3
52080,2
52081,3
52082,3
52083,3
52084,3
52085,3
52086,3
52087,3
52088,3
52089,3
52090,3
52091,3
52092,2
52093,3
52094,1
52095,3
52096,1
52097,3
52098,3
52099,2
52100,2
52101,2
52102,2
52103,2
52104,2
52105,3
52106,3
52107,3
52108,3
52109,1
52110,0
52111,3
52112,3
52113,3
52114,0
52115,3
52116,3
52117,3
52118,2
52119,0
52120,0
52121,0
52122,3
52123,3
52124,3
52125,3
52126,3
52127,3
52128,3
52129,3
52130,3
52131,3
52132,3
52133,0
52134,3
52135,3
52136,3
52137,3
52138,3
52139,1
52140,3
52141,2
52142,2
52143,2
52144,2
52145,2
52146,3
52147,3
52148,0
52149,0
52150,3
52151,3
52152,2
52153,2
52154,3
52155,0
52156,2
52157,0
52158,3
52159,1
52160,2
52161,2
52162,2
52163,2
52164,3
52165,4
52166,3
52167,4
52168,3
52169,2
52170,3
52171,2
52172,3
52173,3
52174,3
52175,3
52176,2
52177,3
52178,2
52179,3
52180,3
52181,2
52182,2
52183,3
52184,3
52185,2
52186,3
52187,3
52188,1
52189,3
52190,3
52191,2
52192,3
52193,2
52194,3
52195,2
52196,3
52197,0
52198,0
52199,0
52200,0
52201,0
52202,0
52203,0
52204,0
52205,3
52206,3
52207,3
52208,3
52209,3
52210,0
52211,3
52212,1
52213,3
52214,1
52215,4
52216,3
52217,3
52218,3
52219,3
52220,3
52221,3
52222,3
52223,3
52224,3
52225,3
52226,3
52227,0
52228,3
52229,3
52230,3
52231,2
52232,3
52233,3
52234,3
52235,0
52236,0
52237,0
52238,0
52239,0
52240,0
52241,0
52242,0
52243,0
52244,0
52245,0
52246,0
52247,0
52248,0
52249,0
52250,0
52251,0
52252,0
52253,0
52254,3
52255,3
52256,4
52257,2
52258,3
52259,0
52260,3
52261,3
52262,3
52263,3
52264,3
52265,3
52266,3
52267,3
52268,2
52269,3
52270,3
52271,3
52272,3
52273,3
52274,3
52275,3
52276,3
52277,3
52278,3
52279,2
52280,3
52281,3
52282,3
52283,3
52284,3
52285,3
52286,3
52287,3
52288,3
52289,3
52290,2
52291,2
52292,3
52293,3
52294,3
52295,3
52296,3
52297,2
52298,3
52299,3
52300,3
52301,2
52302,2
52303,2
52304,3
52305,3
52306,2
52307,2
52308,2
52309,3
52310,0
52311,3
52312,3
52313,2
52314,2
52315,2
52316,2
52317,3
52318,2
52319,2
52320,2
52321,2
52322,3
52323,3
52324,3
52325,0
52326,0
52327,3
52328,3
52329,3
52330,3
52331,0
52332,0
52333,0
52334,3
52335,4
52336,4
52337,3
52338,2
52339,2
52340,0
52341,0
52342,0
52343,3
52344,2
52345,0
52346,0
52347,0
52348,2
52349,0
52350,0
52351,3
52352,3
52353,2
52354,3
52355,3
52356,3
52357,2
52358,3
52359,3
52360,3
52361,3
52362,3
52363,3
52364,2
52365,3
52366,3
52367,2
52368,3
52369,2
52370,2
52371,3
52372,3
52373,3
52374,3
52375,4
52376,3
52377,2
52378,3
52379,2
52380,3
52381,3
52382,1
52383,3
52384,2
52385,2
52386,0
52387,0
52388,3
52389,4
52390,3
52391,2
52392,0
52393,2
52394,2
52395,2
52396,2
52397,3
52398,3
52399,3
52400,3
52401,3
52402,3
52403,2
52404,0
52405,2
52406,0
52407,2
52408,2
52409,2
52410,0
52411,0
52412,0
52413,0
52414,0
52415,0
52416,0
52417,3
52418,0
52419,0
52420,0
52421,0
52422,0
52423,0
52424,0
52425,0
52426,0
52427,3
52428,0
52429,0
52430,2
52431,3
52432,0
52433,2
52434,3
52435,3
52436,0
52437,0
52438,3
52439,3
52440,3
52441,3
52442,3
52443,3
52444,0
52445,3
52446,2
52447,0
52448,3
52449,1
52450,3
52451,3
52452,3
52453,3
52454,3
52455,0
52456,0
52457,0
52458,0
52459,0
52460,3
52461,0
52462,0
52463,0
52464,0
52465,0
52466,0
52467,0
52468,0
52469,2
52470,0
52471,4
52472,0
52473,0
52474,0
52475,0
52476,0
52477,0
52478,0
52479,0
52480,0
52481,0
52482,3
52483,0
52484,4
52485,4
52486,3
52487,3
52488,2
52489,2
52490,3
52491,1
52492,3
52493,3
52494,2
52495,3
52496,3
52497,3
52498,3
52499,3
52500,2
52501,2
52502,0
52503,3
52504,3
52505,0
52506,0
52507,0
52508,3
52509,3
52510,3
52511,1
52512,3
52513,3
52514,4
52515,2
52516,3
52517,2
52518,3
52519,3
52520,0
52521,3
52522,2
52523,4
52524,3
52525,2
52526,2
52527,0
52528,3
52529,3
52530,2
52531,0
52532,3
52533,3
52534,3
52535,3
52536,3
52537,3
52538,2
52539,0
52540,2
52541,3
52542,3
52543,0
52544,0
52545,3
52546,3
52547,3
52548,3
52549,0
52550,0
52551,3
52552,0
52553,0
52554,0
52555,0
52556,0
52557,4
52558,0
52559,0
52560,0
52561,0
52562,0
52563,0
52564,0
52565,0
52566,0
52567,0
52568,0
52569,0
52570,3
52571,0
52572,0
52573,3
52574,0
52575,0
52576,0
52577,0
52578,3
52579,3
52580,0
52581,0
52582,0
52583,0
52584,2
52585,2
52586,3
52587,2
52588,0
52589,0
52590,0
52591,0
52592,3
52593,2
52594,0
52595,2
52596,3
52597,2
52598,2
52599,3
52600,0
52601,3
52602,0
52603,2
52604,3
52605,2
52606,4
52607,3
52608,3
52609,0
52610,0
52611,0
52612,0
52613,3
52614,0
52615,0
52616,0
52617,0
52618,0
52619,0
52620,0
52621,0
52622,0
52623,0
52624,0
52625,0
52626,0
52627,0
52628,0
52629,0
52630,0
52631,0
52632,0
52633,0
52634,2
52635,0
52636,3
52637,0
52638,3
52639,2
52640,2
52641,2
52642,3
52643,2
52644,3
52645,4
52646,0
52647,3
52648,2
52649,3
52650,3
52651,3
52652,4
52653,4
52654,3
52655,2
52656,3
52657,2
52658,3
52659,3
52660,3
52661,0
52662,0
52663,3
52664,3
52665,0
52666,2
52667,3
52668,3
52669,3
52670,3
52671,3
52672,2
52673,3
52674,3
52675,3
52676,0
52677,3
52678,3
52679,3
52680,3
52681,3
52682,3
52683,3
52684,3
52685,3
52686,0
52687,3
52688,2
52689,3
52690,3
52691,4
52692,0
52693,0
52694,0
52695,3
52696,0
52697,0
52698,0
52699,3
52700,4
52701,4
52702,2
52703,4
52704,0
52705,0
52706,0
52707,4
52708,3
52709,3
52710,4
52711,3
52712,4
52713,3
52714,4
52715,4
52716,3
52717,4
52718,3
52719,3
52720,3
52721,3
52722,4
52723,2
52724,4
52725,3
52726,3
52727,3
52728,4
52729,4
52730,3
52731,3
52732,3
52733,4
52734,4
52735,4
52736,4
52737,4
52738,3
52739,3
52740,3
52741,2
52742,4
52743,4
52744,3
52745,4
52746,4
52747,4
52748,4
52749,4
52750,3
52751,3
52752,3
52753,4
52754,4
52755,3
52756,3
52757,3
52758,4
52759,0
52760,0
52761,3
52762,3
52763,3
52764,4
52765,3
52766,4
52767,3
52768,4
52769,2
52770,2
52771,3
52772,3
52773,3
52774,3
52775,3
52776,2
52777,2
52778,2
52779,2
52780,2
52781,2
52782,3
52783,2
52784,3
52785,3
52786,4
52787,3
52788,2
52789,3
52790,3
52791,3
52792,3
52793,3
52794,2
52795,3
52796,2
52797,2
52798,2
52799,2
52800,2
52801,2
52802,2
52803,3
52804,3
52805,2
52806,4
52807,3
52808,4
52809,4
52810,4
52811,3
52812,3
52813,3
52814,4
52815,4
52816,1
52817,0
52818,0
52819,0
52820,0
52821,0
52822,0
52823,2
52824,0
52825,0
52826,0
52827,0
52828,0
52829,2
52830,3
52831,3
52832,2
52833,2
52834,0
52835,0
52836,0
52837,0
52838,0
52839,0
52840,0
52841,0
52842,0
52843,0
52844,0
52845,0
52846,0
52847,0
52848,0
52849,0
52850,0
52851,0
52852,0
52853,0
52854,3
52855,0
52856,0
52857,0
52858,0
52859,3
52860,0
52861,0
52862,0
52863,2
52864,0
52865,0
52866,0
52867,0
52868,0
52869,0
52870,0
52871,0
52872,0
52873,0
52874,2
52875,0
52876,0
52877,0
52878,0
52879,0
52880,0
52881,0
52882,0
52883,0
52884,0
52885,0
52886,0
52887,0
52888,0
52889,0
52890,0
52891,0
52892,0
52893,0
52894,0
52895,0
52896,0
52897,0
52898,0
52899,0
52900,0
52901,0
52902,0
52903,0
52904,0
52905,0
52906,0
52907,0
52908,0
52909,0
52910,0
52911,0
52912,0
52913,3
52914,0
52915,0
52916,0
52917,0
52918,0
52919,0
52920,0
52921,3
52922,3
52923,0
52924,0
52925,0
52926,0
52927,0
52928,0
52929,0
52930,0
52931,0
52932,0
52933,0
52934,3
52935,3
52936,0
52937,0
52938,0
52939,0
52940,0
52941,0
52942,0
52943,0
52944,0
52945,0
52946,0
52947,0
52948,4
52949,2
52950,0
52951,2
52952,0
52953,0
52954,0
52955,0
52956,3
52957,0
52958,0
52959,0
52960,0
52961,0
52962,0
52963,0
52964,2
52965,0
52966,0
52967,0
52968,0
52969,0
52970,0
52971,0
52972,0
52973,0
52974,0
52975,0
52976,0
52977,0
52978,0
52979,0
52980,0
52981,3
52982,3
52983,3
52984,2
52985,0
52986,3
52987,2
52988,0
52989,0
52990,0
52991,0
52992,2
52993,0
52994,0
52995,0
52996,2
52997,1
52998,3
52999,3
53000,3
53001,0
53002,0
53003,0
53004,0
53005,0
53006,0
53007,0
53008,0
53009,0
53010,3
53011,0
53012,0
53013,0
53014,0
53015,3
53016,0
53017,0
53018,3
53019,3
53020,3
53021,4
53022,3
53023,3
53024,3
53025,3
53026,3
53027,2
53028,2
53029,3
53030,2
53031,2
53032,2
53033,3
53034,2
53035,0
53036,3
53037,0
53038,0
53039,0
53040,0
53041,0
53042,0
53043,0
53044,0
53045,3
53046,3
53047,3
53048,3
53049,2
53050,3
53051,3
53052,0
53053,2
53054,0
53055,3
53056,1
53057,4
53058,0
53059,3
53060,3
53061,3
53062,1
53063,3
53064,3
53065,4
53066,3
53067,3
53068,3
53069,3
53070,3
53071,0
53072,0
53073,0
53074,3
53075,3
53076,3
53077,3
53078,4
53079,2
53080,2
53081,2
53082,2
53083,3
53084,0
53085,0
53086,0
53087,3
53088,0
53089,3
53090,4
53091,2
53092,2
53093,2
53094,3
53095,4
53096,4
53097,3
53098,2
53099,3
53100,3
53101,2
53102,3
53103,2
53104,1
53105,3
53106,4
53107,1
53108,3
53109,2
53110,3
53111,3
53112,3
53113,2
53114,3
53115,1
53116,3
53117,2
53118,3
53119,2
53120,3
53121,3
53122,3
53123,2
53124,3
53125,3
53126,3
53127,2
53128,2
53129,3
53130,4
53131,4
53132,1
53133,3
53134,1
53135,2
53136,3
53137,2
53138,3
53139,3
53140,3
53141,3
53142,2
53143,4
53144,3
53145,3
53146,4
53147,2
53148,2
53149,2
53150,3
53151,3
53152,1
53153,3
53154,0
53155,2
53156,3
53157,3
53158,3
53159,3
53160,3
53161,2
53162,2
53163,4
53164,4
53165,3
53166,2
53167,2
53168,3
53169,4
53170,2
53171,2
53172,2
53173,3
53174,3
53175,2
53176,2
53177,1
53178,1
53179,1
53180,1
53181,2
53182,2
53183,2
53184,2
53185,3
53186,0
53187,0
53188,0
53189,0
53190,0
53191,0
53192,0
53193,0
53194,0
53195,0
53196,0
53197,0
53198,0
53199,0
53200,0
53201,3
53202,3
53203,2
53204,2
53205,3
53206,3
53207,1
53208,3
53209,2
53210,3
53211,0
53212,0
53213,2
53214,2
53215,3
53216,2
53217,4
53218,1
53219,3
53220,1
53221,3
53222,0
53223,3
53224,3
53225,2
53226,3
53227,2
53228,2
53229,2
53230,2
53231,3
53232,3
53233,3
53234,3
53235,3
53236,3
53237,2
53238,2
53239,4
53240,3
53241,3
53242,2
53243,2
53244,2
53245,3
53246,3
53247,2
53248,3
53249,2
53250,3
53251,3
53252,0
53253,3
53254,2
53255,4
53256,3
53257,3
53258,2
53259,3
53260,2
53261,3
53262,3
53263,1
53264,4
53265,2
53266,2
53267,2
53268,2
53269,3
53270,4
53271,3
53272,3
53273,3
53274,2
53275,3
53276,3
53277,2
53278,2
53279,3
53280,3
53281,3
53282,3
53283,4
53284,3
53285,3
53286,4
53287,4
53288,4
53289,4
53290,3
53291,2
53292,3
53293,3
53294,3
53295,3
53296,4
53297,0
53298,0
53299,3
53300,4
53301,3
53302,3
53303,2
53304,2
53305,3
53306,1
53307,3
53308,3
53309,0
53310,4
53311,3
53312,2
53313,3
53314,3
53315,4
53316,4
53317,4
53318,4
53319,4
53320,4
53321,4
53322,4
53323,4
53324,4
53325,4
53326,4
53327,4
53328,4
53329,4
53330,4
53331,2
53332,4
53333,4
53334,4
53335,4
53336,3
53337,3
53338,3
53339,1
53340,4
53341,4
53342,3
53343,3
53344,1
53345,2
53346,3
53347,3
53348,2
53349,1
53350,3
53351,3
53352,4
53353,2
53354,2
53355,3
53356,3
53357,3
53358,2
53359,2
53360,3
53361,0
53362,3
53363,0
53364,2
53365,3
53366,3
53367,2
53368,2
53369,3
53370,4
53371,4
53372,3
53373,2
53374,2
53375,3
53376,2
53377,2
53378,3
53379,0
53380,4
53381,1
53382,3
53383,3
53384,3
53385,3
53386,3
53387,2
53388,1
53389,3
53390,2
53391,4
53392,4
53393,3
53394,3
53395,3
53396,2
53397,3
53398,3
53399,3
53400,3
53401,3
53402,2
53403,2
53404,2
53405,2
53406,4
53407,2
53408,3
53409,3
53410,3
53411,2
53412,2
53413,2
53414,3
53415,4
53416,4
53417,4
53418,3
53419,2
53420,3
53421,3
53422,3
53423,2
53424,2
53425,1
53426,2
53427,2
53428,2
53429,3
53430,3
53431,2
53432,3
53433,3
53434,0
53435,0
53436,2
53437,2
53438,2
53439,3
53440,2
53441,2
53442,2
53443,3
53444,1
53445,1
53446,3
53447,1
53448,3
53449,0
53450,3
53451,1
53452,3
53453,1
53454,1
53455,3
53456,1
53457,3
53458,4
53459,0
53460,0
53461,0
53462,0
53463,0
53464,0
53465,0
53466,0
53467,0
53468,0
53469,0
53470,0
53471,3
53472,2
53473,2
53474,1
53475,1
53476,3
53477,2
53478,2
53479,0
53480,0
53481,2
53482,0
53483,3
53484,0
53485,3
53486,2
53487,3
53488,3
53489,2
53490,3
53491,3
53492,3
53493,3
53494,3
53495,3
53496,0
53497,3
53498,3
53499,2
53500,0
53501,0
53502,2
53503,3
53504,3
53505,3
53506,1
53507,2
53508,2
53509,0
53510,3
53511,0
53512,0
53513,3
53514,1
53515,1
53516,3
53517,1
53518,0
53519,3
53520,3
53521,2
53522,1
53523,1
53524,3
53525,1
53526,3
53527,2
53528,2
53529,2
53530,2
53531,2
53532,2
53533,2
53534,2
53535,2
53536,0
53537,0
53538,3
53539,0
53540,0
53541,0
53542,2
53543,0
53544,3
53545,3
53546,3
53547,3
53548,3
53549,0
53550,3
53551,2
53552,3
53553,2
53554,0
53555,3
53556,0
53557,0
53558,3
53559,2
53560,0
53561,0
53562,3
53563,0
53564,0
53565,0
53566,3
53567,3
53568,3
53569,3
53570,0
53571,3
53572,3
53573,1
53574,0
53575,0
53576,3
53577,0
53578,0
53579,3
53580,2
53581,2
53582,2
53583,3
53584,3
53585,0
53586,2
53587,3
53588,1
53589,2
53590,2
53591,2
53592,2
53593,2
53594,4
53595,4
53596,2
53597,2
53598,2
53599,4
53600,2
53601,2
53602,2
53603,4
53604,1
53605,2
53606,1
53607,2
53608,2
53609,2
53610,2
53611,1
53612,1
53613,2
53614,2
53615,3
53616,2
53617,2
53618,2
53619,3
53620,2
53621,2
53622,2
53623,2
53624,2
53625,2
53626,2
53627,3
53628,1
53629,2
53630,2
53631,3
53632,2
53633,2
53634,2
53635,3
53636,2
53637,2
53638,3
53639,3
53640,3
53641,1
53642,2
53643,3
53644,3
53645,2
53646,2
53647,2
53648,2
53649,3
53650,2
53651,2
53652,3
53653,2
53654,2
53655,2
53656,2
53657,2
53658,2
53659,2
53660,2
53661,2
53662,1
53663,2
53664,2
53665,2
53666,2
53667,2
53668,2
53669,2
53670,3
53671,2
53672,2
53673,3
53674,2
53675,2
53676,3
53677,2
53678,2
53679,2
53680,2
53681,2
53682,2
53683,2
53684,3
53685,2
53686,1
53687,2
53688,3
53689,2
53690,2
53691,2
53692,2
53693,2
53694,2
53695,2
53696,2
53697,3
53698,2
53699,2
53700,2
53701,3
53702,3
53703,4
53704,2
53705,2
53706,2
53707,2
53708,2
53709,4
53710,3
53711,4
53712,2
53713,2
53714,3
53715,2
53716,2
53717,2
53718,3
53719,2
53720,2
53721,3
53722,3
53723,2
53724,2
53725,3
53726,4
53727,2
53728,2
53729,2
53730,2
53731,2
53732,2
53733,2
53734,3
53735,3
53736,3
53737,3
53738,2
53739,2
53740,2
53741,2
53742,2
53743,3
53744,2
53745,2
53746,2
53747,2
53748,2
53749,2
53750,4
53751,2
53752,2
53753,2
53754,2
53755,2
53756,2
53757,2
53758,3
53759,3
53760,2
53761,2
53762,2
53763,2
53764,2
53765,2
53766,3
53767,3
53768,1
53769,3
53770,3
53771,3
53772,1
53773,3
53774,1
53775,3
53776,1
53777,1
53778,1
53779,2
53780,1
53781,1
53782,2
53783,2
53784,3
53785,2
53786,2
53787,1
53788,3
53789,3
53790,1
53791,1
53792,3
53793,3
53794,3
53795,3
53796,1
53797,1
53798,3
53799,1
53800,3
53801,2
53802,0
53803,2
53804,0
53805,2
53806,2
53807,2
53808,3
53809,3
53810,2
53811,3
53812,1
53813,2
53814,1
53815,3
53816,3
53817,3
53818,2
53819,3
53820,1
53821,2
53822,2
53823,1
53824,0
53825,3
53826,3
53827,3
53828,3
53829,3
53830,1
53831,3
53832,3
53833,1
53834,3
53835,3
53836,1
53837,1
53838,1
53839,3
53840,2
53841,2
53842,1
53843,3
53844,1
53845,3
53846,2
53847,2
53848,3
53849,3
53850,3
53851,3
53852,3
53853,3
53854,3
53855,3
53856,3
53857,3
53858,3
53859,3
53860,4
53861,1
53862,3
53863,3
53864,0
53865,3
53866,3
53867,3
53868,3
53869,3
53870,3
53871,1
53872,1
53873,1
53874,3
53875,3
53876,3
53877,3
53878,1
53879,1
53880,1
53881,1
53882,3
53883,3
53884,3
53885,2
53886,3
53887,2
53888,2
53889,2
53890,3
53891,3
53892,3
53893,1
53894,3
53895,3
53896,3
53897,3
53898,1
53899,3
53900,3
53901,3
53902,3
53903,3
53904,3
53905,3
53906,3
53907,2
53908,3
53909,3
53910,3
53911,3
53912,1
53913,1
53914,1
53915,1
53916,1
53917,3
53918,3
53919,3
53920,3
53921,2
53922,1
53923,3
53924,3
53925,2
53926,3
53927,3
53928,3
53929,1
53930,2
53931,3
53932,4
53933,3
53934,3
53935,1
53936,3
53937,1
53938,2
53939,3
53940,3
53941,1
53942,1
53943,1
53944,2
53945,2
53946,3
53947,3
53948,1
53949,3
53950,1
53951,3
53952,2
53953,3
53954,3
53955,2
53956,2
53957,3
53958,4
53959,4
53960,4
53961,2
53962,4
53963,2
53964,2
53965,4
53966,2
53967,2
53968,4
53969,2
53970,1
53971,2
53972,2
53973,4
53974,2
53975,1
53976,2
53977,0
53978,2
53979,2
53980,2
53981,2
53982,0
53983,2
53984,2
53985,2
53986,2
53987,2
53988,2
53989,1
53990,2
53991,2
53992,2
53993,2
53994,2
53995,2
53996,2
53997,2
53998,2
53999,4
54000,2
54001,2
54002,2
54003,0
54004,3
54005,0
54006,0
54007,0
54008,0
54009,0
54010,0
54011,0
54012,0
54013,0
54014,0
54015,0
54016,0
54017,0
54018,0
54019,0
54020,0
54021,0
54022,0
54023,0
54024,0
54025,0
54026,0
54027,0
54028,0
54029,0
54030,0
54031,0
54032,0
54033,0
54034,0
54035,0
54036,0
54037,3
54038,0
54039,0
54040,0
54041,0
54042,0
54043,0
54044,0
54045,0
54046,0
54047,0
54048,0
54049,2
54050,0
54051,2
54052,0
54053,0
54054,0
54055,0
54056,0
54057,0
54058,0
54059,0
54060,2
54061,0
54062,0
54063,0
54064,0
54065,0
54066,0
54067,0
54068,0
54069,0
54070,0
54071,0
54072,0
54073,0
54074,0
54075,0
54076,0
54077,0
54078,0
54079,0
54080,0
54081,0
54082,0
54083,0
54084,0
54085,0
54086,0
54087,0
54088,0
54089,0
54090,0
54091,0
54092,0
54093,0
54094,0
54095,0
54096,0
54097,0
54098,0
54099,0
54100,0
54101,0
54102,0
54103,0
54104,0
54105,0
54106,0
54107,0
54108,0
54109,0
54110,0
54111,0
54112,0
54113,3
54114,0
54115,0
54116,0
54117,0
54118,0
54119,0
54120,0
54121,0
54122,0
54123,0
54124,0
54125,0
54126,0
54127,0
54128,0
54129,0
54130,2
54131,0
54132,2
54133,3
54134,0
54135,1
54136,3
54137,2
54138,3
54139,3
54140,2
54141,1
54142,2
54143,1
54144,0
54145,0
54146,0
54147,0
54148,4
54149,0
54150,0
54151,0
54152,0
54153,0
54154,0
54155,0
54156,2
54157,0
54158,0
54159,0
54160,0
54161,0
54162,0
54163,2
54164,2
54165,2
54166,0
54167,2
54168,4
54169,2
54170,0
54171,0
54172,0
54173,0
54174,2
54175,0
54176,0
54177,2
54178,2
54179,3
54180,0
54181,0
54182,0
54183,0
54184,0
54185,0
54186,2
54187,0
54188,3
54189,0
54190,0
54191,0
54192,0
54193,0
54194,0
54195,0
54196,0
54197,0
54198,0
54199,0
54200,0
54201,1
54202,2
54203,4
54204,0
54205,0
54206,0
54207,0
54208,0
54209,0
54210,0
54211,0
54212,0
54213,0
54214,0
54215,0
54216,0
54217,0
54218,0
54219,2
54220,0
54221,0
54222,0
54223,0
54224,2
54225,0
54226,2
54227,2
54228,2
54229,2
54230,4
54231,1
54232,1
54233,4
54234,4
54235,4
54236,2
54237,0
54238,4
54239,0
54240,0
54241,2
54242,0
54243,0
54244,0
54245,0
54246,0
54247,4
54248,2
54249,0
54250,3
54251,0
54252,4
54253,4
54254,4
54255,2
54256,1
54257,1
54258,0
54259,0
54260,2
54261,1
54262,3
54263,1
54264,1
54265,1
54266,4
54267,4
54268,2
54269,0
54270,1
54271,2
54272,2
54273,2
54274,1
54275,4
54276,1
54277,1
54278,4
54279,3
54280,2
54281,1
54282,1
54283,1
54284,2
54285,0
54286,1
54287,1
54288,2
54289,4
54290,4
54291,1
54292,0
54293,0
54294,0
54295,0
54296,0
54297,0
54298,0
54299,0
54300,0
54301,0
54302,0
54303,0
54304,2
54305,2
54306,1
54307,4
54308,2
54309,1
54310,1
54311,1
54312,1
54313,1
54314,1
54315,2
54316,0
54317,1
54318,1
54319,1
54320,1
54321,1
54322,1
54323,1
54324,4
54325,1
54326,1
54327,0
54328,1
54329,0
54330,1
54331,1
54332,1
54333,1
54334,1
54335,1
54336,1
54337,0
54338,4
54339,1
54340,1
54341,0
54342,3
54343,3
54344,4
54345,4
54346,1
54347,4
54348,1
54349,1
54350,1
54351,3
54352,4
54353,1
54354,1
54355,1
54356,2
54357,1
54358,0
54359,1
54360,1
54361,1
54362,1
54363,1
54364,1
54365,2
54366,0
54367,1
54368,1
54369,1
54370,2
54371,1
54372,1
54373,1
54374,1
54375,1
54376,1
54377,2
54378,2
54379,1
54380,1
54381,1
54382,1
54383,1
54384,1
54385,0
54386,1
54387,1
54388,1
54389,3
54390,3
54391,3
54392,2
54393,2
54394,0
54395,1
54396,1
54397,1
54398,0
54399,4
54400,0
54401,1
54402,0
54403,0
54404,4
54405,4
54406,2
54407,2
54408,3
54409,1
54410,3
54411,2
54412,2
54413,0
54414,0
54415,3
54416,0
54417,1
54418,1
54419,1
54420,1
54421,1
54422,0
54423,1
54424,3
54425,1
54426,0
54427,2
54428,2
54429,0
54430,2
54431,2
54432,2
54433,2
54434,1
54435,2
54436,1
54437,2
54438,3
54439,2
54440,3
54441,3
54442,3
54443,2
54444,2
54445,3
54446,1
54447,2
54448,2
54449,2
54450,2
54451,3
54452,1
54453,2
54454,1
54455,1
54456,1
54457,0
54458,3
54459,3
54460,1
54461,3
54462,3
54463,3
54464,1
54465,3
54466,0
54467,3
54468,0
54469,3
54470,3
54471,1
54472,3
54473,3
54474,3
54475,3
54476,2
54477,3
54478,2
54479,3
54480,2
54481,2
54482,2
54483,2
54484,2
54485,2
54486,2
54487,3
54488,2
54489,2
54490,0
54491,1
54492,2
54493,0
54494,2
54495,2
54496,2
54497,3
54498,2
54499,2
54500,2
54501,1
54502,2
54503,2
54504,2
54505,1
54506,2
54507,0
54508,2
54509,2
54510,2
54511,1
54512,2
54513,2
54514,2
54515,2
54516,2
54517,2
54518,2
54519,2
54520,2
54521,2
54522,2
54523,2
54524,2
54525,2
54526,2
54527,1
54528,1
54529,1
54530,2
54531,2
54532,2
54533,1
54534,1
54535,2
54536,2
54537,2
54538,2
54539,3
54540,2
54541,1
54542,2
54543,2
54544,2
54545,2
54546,2
54547,1
54548,2
54549,1
54550,1
54551,2
54552,2
54553,3
54554,2
54555,3
54556,3
54557,1
54558,3
54559,1
54560,1
54561,1
54562,2
54563,3
54564,2
54565,2
54566,2
54567,2
54568,2
54569,1
54570,2
54571,2
54572,2
54573,0
54574,2
54575,2
54576,3
54577,3
54578,3
54579,3
54580,2
54581,1
54582,2
54583,1
54584,3
54585,1
54586,1
54587,1
54588,1
54589,1
54590,2
54591,1
54592,1
54593,1
54594,3
54595,3
54596,1
54597,1
54598,1
54599,1
54600,1
54601,1
54602,3
54603,0
54604,2
54605,2
54606,3
54607,3
54608,2
54609,3
54610,3
54611,3
54612,3
54613,3
54614,2
54615,3
54616,2
54617,2
54618,2
54619,2
54620,2
54621,2
54622,0
54623,0
54624,0
54625,2
54626,3
54627,0
54628,0
54629,2
54630,3
54631,3
54632,3
54633,0
54634,3
54635,2
54636,1
54637,2
54638,2
54639,2
54640,2
54641,3
54642,0
54643,3
54644,2
54645,2
54646,2
54647,0
54648,2
54649,2
54650,0
54651,0
54652,2
54653,2
54654,2
54655,2
54656,2
54657,3
54658,2
54659,2
54660,2
54661,2
54662,2
54663,2
54664,0
54665,3
54666,3
54667,3
54668,2
54669,0
54670,2
54671,2
54672,2
54673,3
54674,0
54675,2
54676,2
54677,2
54678,3
54679,0
54680,1
54681,3
54682,2
54683,2
54684,0
54685,2
54686,1
54687,3
54688,3
54689,2
54690,2
54691,2
54692,0
54693,3
54694,1
54695,0
54696,2
54697,0
54698,2
54699,3
54700,2
54701,2
54702,2
54703,2
54704,2
54705,2
54706,3
54707,3
54708,2
54709,2
54710,3
54711,2
54712,3
54713,3
54714,2
54715,2
54716,2
54717,3
54718,0
54719,3
54720,2
54721,2
54722,2
54723,2
54724,0
54725,0
54726,0
54727,0
54728,2
54729,2
54730,3
54731,0
54732,3
54733,3
54734,3
54735,3
54736,0
54737,3
54738,2
54739,2
54740,2
54741,2
54742,2
54743,2
54744,3
54745,3
54746,2
54747,2
54748,2
54749,2
54750,3
54751,2
54752,4
54753,2
54754,3
54755,2
54756,3
54757,2
54758,2
54759,2
54760,0
54761,1
54762,3
54763,3
54764,2
54765,2
54766,2
54767,3
54768,2
54769,2
54770,3
54771,2
54772,3
54773,3
54774,3
54775,2
54776,2
54777,0
54778,3
54779,3
54780,3
54781,3
54782,3
54783,0
54784,0
54785,3
54786,2
54787,2
54788,0
54789,1
54790,3
54791,1
54792,3
54793,3
54794,3
54795,3
54796,0
54797,3
54798,3
54799,2
54800,3
54801,2
54802,2
54803,3
54804,0
54805,2
54806,2
54807,2
54808,2
54809,0
54810,2
54811,2
54812,2
54813,0
54814,3
54815,3
54816,3
54817,3
54818,2
54819,1
54820,2
54821,3
54822,2
54823,2
54824,2
54825,3
54826,3
54827,2
54828,3
54829,2
54830,2
54831,3
54832,3
54833,2
54834,3
54835,0
54836,0
54837,2
54838,2
54839,1
54840,2
54841,2
54842,0
54843,0
54844,3
54845,2
54846,2
54847,2
54848,3
54849,2
54850,3
54851,3
54852,0
54853,2
54854,3
54855,3
54856,3
54857,3
54858,3
54859,3
54860,3
54861,3
54862,3
54863,2
54864,2
54865,3
54866,2
54867,2
54868,2
54869,2
54870,2
54871,2
54872,2
54873,0
54874,3
54875,3
54876,1
54877,3
54878,3
54879,4
54880,2
54881,3
54882,3
54883,2
54884,2
54885,2
54886,3
54887,0
54888,2
54889,2
54890,2
54891,2
54892,3
54893,3
54894,2
54895,3
54896,2
54897,2
54898,2
54899,0
54900,0
54901,3
54902,3
54903,2
54904,3
54905,2
54906,2
54907,2
54908,2
54909,2
54910,3
54911,0
54912,0
54913,3
54914,3
54915,1
54916,2
54917,2
54918,2
54919,2
54920,0
54921,0
54922,3
54923,2
54924,2
54925,0
54926,3
54927,2
54928,2
54929,0
54930,2
54931,2
54932,2
54933,2
54934,2
54935,2
54936,2
54937,3
54938,2
54939,2
54940,3
54941,3
54942,3
54943,2
54944,3
54945,3
54946,2
54947,3
54948,2
54949,2
54950,0
54951,2
54952,2
54953,2
54954,3
54955,2
54956,3
54957,2
54958,2
54959,2
54960,3
54961,0
54962,0
54963,0
54964,3
54965,3
54966,0
54967,3
54968,0
54969,3
54970,2
54971,0
54972,3
54973,2
54974,2
54975,2
54976,2
54977,3
54978,3
54979,3
54980,2
54981,2
54982,2
54983,2
54984,3
54985,3
54986,2
54987,2
54988,2
54989,2
54990,2
54991,3
54992,3
54993,3
54994,2
54995,2
54996,0
54997,1
54998,3
54999,3
55000,2
55001,2
55002,2
55003,2
55004,2
55005,2
55006,0
55007,3
55008,3
55009,2
55010,2
55011,2
55012,2
55013,2
55014,2
55015,2
55016,2
55017,2
55018,2
55019,3
55020,3
55021,2
55022,3
55023,2
55024,2
55025,3
55026,2
55027,2
55028,3
55029,3
55030,2
55031,3
55032,2
55033,2
55034,2
55035,0
55036,2
55037,2
55038,3
55039,3
55040,0
55041,2
55042,0
55043,4
55044,2
55045,2
55046,2
55047,4
55048,2
55049,2
55050,2
55051,2
55052,2
55053,2
55054,2
55055,2
55056,2
55057,2
55058,3
55059,3
55060,2
55061,3
55062,3
55063,3
55064,3
55065,3
55066,3
55067,3
55068,2
55069,2
55070,3
55071,0
55072,0
55073,0
55074,2
55075,2
55076,2
55077,3
55078,2
55079,2
55080,2
55081,2
55082,2
55083,0
55084,3
55085,0
55086,2
55087,2
55088,0
55089,3
55090,3
55091,3
55092,0
55093,3
55094,3
55095,2
55096,2
55097,3
55098,2
55099,3
55100,2
55101,2
55102,2
55103,3
55104,2
55105,0
55106,0
55107,2
55108,3
55109,3
55110,2
55111,2
55112,3
55113,2
55114,2
55115,0
55116,2
55117,3
55118,2
55119,0
55120,0
55121,2
55122,3
55123,0
55124,2
55125,2
55126,2
55127,0
55128,3
55129,0
55130,2
55131,2
55132,2
55133,2
55134,0
55135,3
55136,2
55137,2
55138,3
55139,2
55140,2
55141,2
55142,2
55143,2
55144,2
55145,3
55146,3
55147,2
55148,2
55149,0
55150,0
55151,0
55152,0
55153,3
55154,2
55155,3
55156,2
55157,0
55158,3
55159,3
55160,3
55161,3
55162,2
55163,2
55164,2
55165,2
55166,3
55167,4
55168,2
55169,2
55170,3
55171,3
55172,3
55173,1
55174,0
55175,1
55176,3
55177,0
55178,0
55179,3
55180,3
55181,3
55182,3
55183,2
55184,3
55185,2
55186,2
55187,2
55188,3
55189,3
55190,2
55191,3
55192,2
55193,2
55194,3
55195,3
55196,2
55197,3
55198,2
55199,3
55200,3
55201,2
55202,2
55203,3
55204,2
55205,2
55206,3
55207,3
55208,0
55209,3
55210,3
55211,3
55212,2
55213,2
55214,2
55215,2
55216,3
55217,4
55218,2
55219,2
55220,2
55221,2
55222,2
55223,0
55224,2
55225,0
55226,0
55227,2
55228,0
55229,3
55230,2
55231,0
55232,3
55233,3
55234,3
55235,3
55236,3
55237,2
55238,3
55239,3
55240,2
55241,3
55242,3
55243,3
55244,2
55245,2
55246,3
55247,2
55248,3
55249,3
55250,2
55251,2
55252,2
55253,2
55254,2
55255,2
55256,2
55257,2
55258,2
55259,0
55260,3
55261,2
55262,3
55263,3
55264,3
55265,3
55266,2
55267,3
55268,3
55269,3
55270,2
55271,2
55272,3
55273,2
55274,2
55275,2
55276,0
55277,2
55278,2
55279,3
55280,2
55281,3
55282,2
55283,2
55284,3
55285,2
55286,2
55287,0
55288,3
55289,2
55290,2
55291,2
55292,3
55293,2
55294,3
55295,3
55296,3
55297,3
55298,2
55299,2
55300,3
55301,2
55302,2
55303,3
55304,2
55305,2
55306,2
55307,3
55308,2
55309,2
55310,2
55311,3
55312,2
55313,3
55314,2
55315,3
55316,3
55317,3
55318,3
55319,3
55320,3
55321,3
55322,3
55323,2
55324,3
55325,3
55326,3
55327,0
55328,3
55329,2
55330,3
55331,0
55332,0
55333,0
55334,2
55335,3
55336,2
55337,0
55338,3
55339,2
55340,3
55341,3
55342,3
55343,3
55344,3
55345,2
55346,2
55347,2
55348,2
55349,3
55350,3
55351,2
55352,3
55353,2
55354,2
55355,2
55356,3
55357,3
55358,3
55359,3
55360,2
55361,2
55362,0
55363,3
55364,3
55365,3
55366,3
55367,0
55368,3
55369,2
55370,2
55371,3
55372,2
55373,2
55374,0
55375,3
55376,2
55377,2
55378,2
55379,3
55380,2
55381,2
55382,0
55383,3
55384,0
55385,2
55386,2
55387,3
55388,3
55389,2
55390,3
55391,2
55392,3
55393,2
55394,3
55395,2
55396,4
55397,3
55398,3
55399,3
55400,3
55401,3
55402,2
55403,3
55404,2
55405,3
55406,3
55407,3
55408,0
55409,0
55410,0
55411,0
55412,3
55413,0
55414,2
55415,2
55416,4
55417,3
55418,2
55419,2
55420,3
55421,2
55422,3
55423,3
55424,3
55425,3
55426,2
55427,2
55428,2
55429,3
55430,2
55431,3
55432,3
55433,1
55434,0
55435,2
55436,2
55437,3
55438,3
55439,3
55440,3
55441,2
55442,0
55443,3
55444,3
55445,3
55446,2
55447,3
55448,2
55449,3
55450,2
55451,2
55452,3
55453,2
55454,3
55455,3
55456,2
55457,2
55458,2
55459,3
55460,2
55461,3
55462,2
55463,0
55464,0
55465,2
55466,2
55467,2
55468,3
55469,3
55470,3
55471,2
55472,2
55473,2
55474,3
55475,2
55476,3
55477,2
55478,0
55479,2
55480,2
55481,0
55482,0
55483,2
55484,3
55485,3
55486,0
55487,0
55488,0
55489,0
55490,0
55491,3
55492,2
55493,0
55494,0
55495,0
55496,0
55497,0
55498,2
55499,3
55500,3
55501,2
55502,2
55503,3
55504,2
55505,3
55506,2
55507,2
55508,3
55509,2
55510,2
55511,4
55512,2
55513,3
55514,3
55515,2
55516,3
55517,0
55518,3
55519,3
55520,1
55521,1
55522,1
55523,1
55524,1
55525,0
55526,0
55527,0
55528,0
55529,0
55530,0
55531,3
55532,4
55533,4
55534,0
55535,0
55536,3
55537,0
55538,0
55539,3
55540,4
55541,4
55542,1
55543,1
55544,2
55545,2
55546,2
55547,2
55548,2
55549,2
55550,2
55551,3
55552,2
55553,3
55554,4
55555,2
55556,2
55557,2
55558,2
55559,2
55560,2
55561,3
55562,2
55563,2
55564,0
55565,2
55566,2
55567,2
55568,2
55569,2
55570,2
55571,3
55572,3
55573,2
55574,4
55575,2
55576,2
55577,2
55578,2
55579,3
55580,2
55581,2
55582,2
55583,2
55584,2
55585,0
55586,0
55587,2
55588,2
55589,2
55590,0
55591,2
55592,0
55593,2
55594,3
55595,2
55596,2
55597,2
55598,2
55599,4
55600,2
55601,2
55602,2
55603,2
55604,2
55605,2
55606,3
55607,3
55608,2
55609,2
55610,2
55611,3
55612,2
55613,2
55614,2
55615,2
55616,2
55617,3
55618,2
55619,2
55620,2
55621,2
55622,4
55623,2
55624,2
55625,3
55626,2
55627,2
55628,2
55629,2
55630,3
55631,2
55632,2
55633,3
55634,2
55635,2
55636,2
55637,2
55638,2
55639,2
55640,3
55641,2
55642,2
55643,2
55644,2
55645,2
55646,2
55647,2
55648,2
55649,3
55650,3
55651,3
55652,2
55653,3
55654,2
55655,1
55656,1
55657,1
55658,4
55659,3
55660,3
55661,0
55662,3
55663,3
55664,1
55665,3
55666,2
55667,2
55668,2
55669,2
55670,3
55671,3
55672,1
55673,1
55674,1
55675,4
55676,3
55677,2
55678,3
55679,2
55680,3
55681,3
55682,4
55683,3
55684,2
55685,2
55686,2
55687,2
55688,2
55689,2
55690,4
55691,4
55692,2
55693,2
55694,2
55695,3
55696,2
55697,2
55698,4
55699,2
55700,2
55701,2
55702,2
55703,0
55704,0
55705,4
55706,4
55707,0
55708,0
55709,0
55710,0
55711,0
55712,0
55713,4
55714,4
55715,0
55716,0
55717,0
55718,0
55719,0
55720,0
55721,3
55722,0
55723,0
55724,0
55725,4
55726,0
55727,0
55728,0
55729,0
55730,0
55731,0
55732,0
55733,0
55734,0
55735,0
55736,3
55737,3
55738,3
55739,3
55740,2
55741,3
55742,1
55743,3
55744,4
55745,4
55746,2
55747,4
55748,3
55749,3
55750,2
55751,2
55752,1
55753,2
55754,2
55755,4
55756,4
55757,3
55758,3
55759,4
55760,2
55761,3
55762,1
55763,2
55764,2
55765,2
55766,3
55767,3
55768,2
55769,2
55770,3
55771,4
55772,0
55773,0
55774,0
55775,0
55776,0
55777,0
55778,0
55779,0
55780,0
55781,4
55782,0
55783,0
55784,0
55785,0
55786,4
55787,0
55788,0
55789,4
55790,0
55791,0
55792,0
55793,4
55794,0
55795,0
55796,0
55797,0
55798,0
55799,0
55800,3
55801,3
55802,2
55803,3
55804,3
55805,1
55806,1
55807,4
55808,4
55809,3
55810,2
55811,2
55812,2
55813,4
55814,2
55815,2
55816,2
55817,2
55818,3
55819,2
55820,2
55821,2
55822,2
55823,3
55824,2
55825,2
55826,3
55827,2
55828,2
55829,2
55830,2
55831,2
55832,0
55833,0
55834,0
55835,0
55836,0
55837,0
55838,0
55839,4
55840,0
55841,0
55842,0
55843,0
55844,0
55845,0
55846,0
55847,4
55848,0
55849,3
55850,0
55851,0
55852,0
55853,0
55854,0
55855,0
55856,0
55857,0
55858,0
55859,0
55860,0
55861,4
55862,0
55863,0
55864,0
55865,0
55866,0
55867,4
55868,3
55869,0
55870,4
55871,0
55872,0
55873,4
55874,0
55875,0
55876,0
55877,3
55878,3
55879,0
55880,4
55881,0
55882,0
55883,3
55884,2
55885,3
55886,0
55887,2
55888,1
55889,4
55890,3
55891,2
55892,3
55893,4
55894,4
55895,4
55896,4
55897,3
55898,3
55899,2
55900,2
55901,0
55902,3
55903,0
55904,0
55905,3
55906,0
55907,0
55908,3
55909,2
55910,0
55911,0
55912,4
55913,0
55914,0
55915,0
55916,0
55917,0
55918,0
55919,4
55920,0
55921,0
55922,0
55923,2
55924,3
55925,3
55926,3
55927,1
55928,1
55929,0
55930,3
55931,4
55932,0
55933,0
55934,0
55935,0
55936,0
55937,0
55938,0
55939,0
55940,0
55941,0
55942,0
55943,0
55944,0
55945,0
55946,0
55947,0
55948,0
55949,0
55950,0
55951,0
55952,0
55953,0
55954,4
55955,0
55956,0
55957,3
55958,3
55959,2
55960,2
55961,2
55962,2
55963,2
55964,2
55965,1
55966,1
55967,2
55968,1
55969,2
55970,1
55971,0
55972,3
55973,3
55974,3
55975,2
55976,1
55977,3
55978,3
55979,3
55980,3
55981,2
55982,2
55983,2
55984,2
55985,2
55986,0
55987,0
55988,0
55989,0
55990,0
55991,0
55992,0
55993,0
55994,0
55995,2
55996,3
55997,0
55998,0
55999,0
56000,0
56001,0
56002,0
56003,0
56004,0
56005,0
56006,0
56007,0
56008,0
56009,4
56010,0
56011,0
56012,0
56013,0
56014,0
56015,4
56016,0
56017,0
56018,0
56019,0
56020,2
56021,3
56022,2
56023,2
56024,4
56025,4
56026,2
56027,2
56028,2
56029,3
56030,3
56031,2
56032,4
56033,3
56034,3
56035,4
56036,3
56037,3
56038,0
56039,2
56040,0
56041,4
56042,0
56043,0
56044,0
56045,4
56046,0
56047,2
56048,0
56049,0
56050,0
56051,0
56052,0
56053,3
56054,2
56055,2
56056,3
56057,2
56058,0
56059,2
56060,2
56061,3
56062,0
56063,0
56064,3
56065,2
56066,3
56067,3
56068,2
56069,2
56070,2
56071,2
56072,2
56073,2
56074,3
56075,2
56076,2
56077,3
56078,2
56079,4
56080,3
56081,0
56082,0
56083,4
56084,0
56085,0
56086,0
56087,0
56088,0
56089,4
56090,3
56091,2
56092,2
56093,3
56094,2
56095,2
56096,2
56097,2
56098,4
56099,0
56100,2
56101,3
56102,3
56103,1
56104,0
56105,0
56106,3
56107,2
56108,2
56109,2
56110,2
56111,2
56112,3
56113,3
56114,2
56115,2
56116,4
56117,0
56118,0
56119,4
56120,0
56121,0
56122,0
56123,0
56124,0
56125,0
56126,4
56127,0
56128,3
56129,0
56130,0
56131,3
56132,0
56133,4
56134,3
56135,3
56136,2
56137,2
56138,2
56139,0
56140,0
56141,0
56142,3
56143,3
56144,2
56145,2
56146,3
56147,3
56148,2
56149,2
56150,3
56151,1
56152,1
56153,1
56154,0
56155,1
56156,1
56157,1
56158,1
56159,2
56160,2
56161,2
56162,1
56163,1
56164,1
56165,3
56166,0
56167,0
56168,0
56169,0
56170,0
56171,0
56172,0
56173,0
56174,0
56175,2
56176,0
56177,3
56178,0
56179,0
56180,0
56181,3
56182,3
56183,3
56184,4
56185,2
56186,2
56187,3
56188,2
56189,3
56190,2
56191,4
56192,3
56193,4
56194,3
56195,0
56196,4
56197,0
56198,0
56199,0
56200,0
56201,4
56202,0
56203,0
56204,0
56205,0
56206,4
56207,0
56208,0
56209,0
56210,0
56211,0
56212,0
56213,0
56214,0
56215,4
56216,4
56217,0
56218,4
56219,0
56220,2
56221,2
56222,1
56223,2
56224,2
56225,1
56226,3
56227,1
56228,2
56229,3
56230,1
56231,2
56232,4
56233,3
56234,3
56235,1
56236,3
56237,3
56238,3
56239,2
56240,1
56241,2
56242,2
56243,2
56244,1
56245,3
56246,1
56247,4
56248,2
56249,3
56250,3
56251,2
56252,2
56253,2
56254,1
56255,1
56256,1
56257,3
56258,3
56259,3
56260,0
56261,0
56262,0
56263,0
56264,0
56265,0
56266,0
56267,0
56268,0
56269,0
56270,0
56271,0
56272,0
56273,0
56274,0
56275,0
56276,2
56277,2
56278,3
56279,0
56280,0
56281,0
56282,0
56283,0
56284,4
56285,0
56286,0
56287,4
56288,4
56289,0
56290,0
56291,4
56292,4
56293,0
56294,4
56295,4
56296,2
56297,4
56298,4
56299,4
56300,0
56301,0
56302,2
56303,0
56304,0
56305,0
56306,0
56307,0
56308,0
56309,4
56310,0
56311,0
56312,0
56313,0
56314,0
56315,0
56316,0
56317,0
56318,0
56319,2
56320,3
56321,2
56322,2
56323,3
56324,3
56325,3
56326,2
56327,3
56328,3
56329,3
56330,3
56331,3
56332,3
56333,3
56334,3
56335,3
56336,3
56337,4
56338,3
56339,3
56340,4
56341,4
56342,3
56343,0
56344,2
56345,2
56346,3
56347,0
56348,3
56349,4
56350,3
56351,3
56352,2
56353,3
56354,2
56355,3
56356,3
56357,4
56358,3
56359,3
56360,3
56361,2
56362,3
56363,3
56364,4
56365,3
56366,3
56367,2
56368,3
56369,3
56370,3
56371,2
56372,3
56373,3
56374,0
56375,4
56376,4
56377,2
56378,3
56379,0
56380,3
56381,2
56382,3
56383,2
56384,3
56385,3
56386,3
56387,3
56388,3
56389,3
56390,3
56391,3
56392,3
56393,2
56394,3
56395,3
56396,2
56397,2
56398,2
56399,2
56400,2
56401,3
56402,3
56403,3
56404,2
56405,3
56406,2
56407,3
56408,3
56409,3
56410,2
56411,3
56412,2
56413,2
56414,2
56415,2
56416,2
56417,2
56418,2
56419,3
56420,3
56421,3
56422,3
56423,3
56424,2
56425,2
56426,3
56427,3
56428,2
56429,3
56430,2
56431,2
56432,2
56433,3
56434,2
56435,3
56436,3
56437,3
56438,2
56439,2
56440,2
56441,2
56442,2
56443,3
56444,3
56445,3
56446,3
56447,0
56448,0
56449,1
56450,4
56451,3
56452,3
56453,3
56454,3
56455,2
56456,4
56457,1
56458,3
56459,2
56460,2
56461,2
56462,2
56463,2
56464,2
56465,3
56466,4
56467,1
56468,1
56469,3
56470,2
56471,2
56472,3
56473,3
56474,3
56475,3
56476,2
56477,2
56478,3
56479,3
56480,3
56481,0
56482,2
56483,3
56484,3
56485,3
56486,3
56487,3
56488,3
56489,3
56490,2
56491,3
56492,2
56493,3
56494,3
56495,2
56496,3
56497,3
56498,3
56499,3
56500,3
56501,2
56502,0
56503,3
56504,2
56505,3
56506,2
56507,2
56508,3
56509,3
56510,3
56511,3
56512,2
56513,2
56514,2
56515,2
56516,0
56517,3
56518,2
56519,3
56520,2
56521,3
56522,3
56523,3
56524,3
56525,2
56526,2
56527,2
56528,3
56529,3
56530,3
56531,2
56532,2
56533,2
56534,3
56535,3
56536,3
56537,2
56538,0
56539,3
56540,2
56541,3
56542,3
56543,2
56544,2
56545,2
56546,3
56547,2
56548,4
56549,2
56550,2
56551,3
56552,2
56553,3
56554,3
56555,3
56556,2
56557,2
56558,3
56559,3
56560,3
56561,2
56562,3
56563,3
56564,2
56565,2
56566,2
56567,2
56568,2
56569,3
56570,4
56571,2
56572,3
56573,2
56574,3
56575,3
56576,2
56577,2
56578,2
56579,2
56580,2
56581,2
56582,3
56583,0
56584,2
56585,2
56586,3
56587,0
56588,3
56589,3
56590,3
56591,3
56592,3
56593,3
56594,3
56595,3
56596,2
56597,3
56598,3
56599,2
56600,2
56601,0
56602,2
56603,3
56604,3
56605,3
56606,3
56607,2
56608,3
56609,2
56610,2
56611,0
56612,3
56613,2
56614,3
56615,0
56616,3
56617,3
56618,2
56619,3
56620,3
56621,3
56622,2
56623,2
56624,2
56625,2
56626,3
56627,0
56628,2
56629,2
56630,2
56631,2
56632,2
56633,2
56634,2
56635,2
56636,2
56637,2
56638,3
56639,2
56640,2
56641,2
56642,3
56643,1
56644,4
56645,4
56646,2
56647,3
56648,4
56649,4
56650,2
56651,2
56652,2
56653,2
56654,2
56655,4
56656,3
56657,2
56658,4
56659,2
56660,4
56661,2
56662,2
56663,4
56664,2
56665,2
56666,4
56667,4
56668,2
56669,2
56670,1
56671,2
56672,4
56673,4
56674,2
56675,2
56676,2
56677,2
56678,2
56679,2
56680,2
56681,2
56682,2
56683,2
56684,2
56685,2
56686,2
56687,2
56688,2
56689,2
56690,2
56691,2
56692,2
56693,2
56694,2
56695,2
56696,2
56697,2
56698,2
56699,2
56700,2
56701,3
56702,2
56703,0
56704,0
56705,2
56706,2
56707,2
56708,2
56709,2
56710,2
56711,2
56712,2
56713,2
56714,2
56715,2
56716,2
56717,2
56718,3
56719,0
56720,0
56721,0
56722,0
56723,0
56724,2
56725,0
56726,0
56727,0
56728,0
56729,0
56730,0
56731,0
56732,2
56733,0
56734,0
56735,0
56736,0
56737,0
56738,1
56739,2
56740,3
56741,2
56742,0
56743,2
56744,0
56745,2
56746,2
56747,2
56748,2
56749,0
56750,2
56751,1
56752,1
56753,0
56754,2
56755,3
56756,2
56757,2
56758,0
56759,0
56760,0
56761,0
56762,2
56763,0
56764,2
56765,2
56766,0
56767,2
56768,2
56769,2
56770,2
56771,2
56772,0
56773,0
56774,0
56775,0
56776,2
56777,2
56778,2
56779,2
56780,3
56781,4
56782,2
56783,2
56784,2
56785,2
56786,2
56787,2
56788,2
56789,2
56790,4
56791,2
56792,2
56793,2
56794,2
56795,2
56796,2
56797,2
56798,2
56799,2
56800,2
56801,2
56802,3
56803,2
56804,1
56805,2
56806,1
56807,3
56808,2
56809,0
56810,2
56811,2
56812,2
56813,1
56814,2
56815,2
56816,2
56817,2
56818,2
56819,2
56820,3
56821,2
56822,2
56823,3
56824,3
56825,2
56826,2
56827,3
56828,3
56829,0
56830,2
56831,3
56832,3
56833,2
56834,0
56835,2
56836,2
56837,2
56838,2
56839,2
56840,2
56841,2
56842,2
56843,2
56844,2
56845,2
56846,2
56847,2
56848,2
56849,2
56850,3
56851,2
56852,2
56853,3
56854,2
56855,1
56856,1
56857,2
56858,2
56859,2
56860,2
56861,2
56862,2
56863,2
56864,2
56865,2
56866,2
56867,3
56868,2
56869,2
56870,2
56871,0
56872,4
56873,1
56874,2
56875,2
56876,2
56877,3
56878,0
56879,3
56880,3
56881,3
56882,1
56883,3
56884,0
56885,0
56886,3
56887,0
56888,0
56889,0
56890,0
56891,0
56892,0
56893,0
56894,0
56895,0
56896,0
56897,0
56898,2
56899,0
56900,0
56901,2
56902,2
56903,2
56904,2
56905,2
56906,2
56907,0
56908,3
56909,3
56910,3
56911,1
56912,4
56913,2
56914,0
56915,2
56916,2
56917,3
56918,2
56919,2
56920,2
56921,2
56922,3
56923,3
56924,1
56925,2
56926,2
56927,2
56928,2
56929,2
56930,2
56931,2
56932,2
56933,2
56934,2
56935,3
56936,2
56937,2
56938,0
56939,3
56940,3
56941,3
56942,4
56943,0
56944,0
56945,0
56946,0
56947,2
56948,0
56949,0
56950,0
56951,0
56952,0
56953,0
56954,0
56955,0
56956,0
56957,0
56958,0
56959,0
56960,0
56961,0
56962,0
56963,0
56964,2
56965,0
56966,2
56967,0
56968,0
56969,0
56970,0
56971,0
56972,2
56973,0
56974,1
56975,2
56976,3
56977,1
56978,2
56979,2
56980,2
56981,3
56982,2
56983,2
56984,2
56985,0
56986,2
56987,2
56988,2
56989,3
56990,0
56991,2
56992,3
56993,3
56994,0
56995,2
56996,2
56997,1
56998,2
56999,1
57000,2
57001,0
57002,0
57003,0
57004,0
57005,0
57006,0
57007,0
57008,1
57009,0
57010,0
57011,3
57012,2
57013,2
57014,2
57015,2
57016,0
57017,0
57018,0
57019,3
57020,1
57021,2
57022,0
57023,0
57024,0
57025,2
57026,2
57027,4
57028,2
57029,2
57030,3
57031,2
57032,4
57033,2
57034,2
57035,2
57036,2
57037,2
57038,2
57039,3
57040,2
57041,2
57042,3
57043,3
57044,2
57045,1
57046,2
57047,2
57048,1
57049,2
57050,2
57051,4
57052,3
57053,2
57054,2
57055,2
57056,3
57057,2
57058,3
57059,3
57060,3
57061,3
57062,3
57063,0
57064,3
57065,2
57066,2
57067,1
57068,2
57069,3
57070,1
57071,1
57072,2
57073,3
57074,4
57075,4
57076,3
57077,4
57078,4
57079,3
57080,3
57081,0
57082,0
57083,0
57084,3
57085,0
57086,1
57087,2
57088,2
57089,2
57090,2
57091,0
57092,3
57093,3
57094,1
57095,0
57096,2
57097,0
57098,0
57099,0
57100,0
57101,0
57102,0
57103,0
57104,0
57105,4
57106,3
57107,3
57108,3
57109,2
57110,3
57111,3
57112,3
57113,1
57114,3
57115,2
57116,3
57117,2
57118,4
57119,2
57120,2
57121,4
57122,3
57123,3
57124,2
57125,0
57126,3
57127,2
57128,0
57129,2
57130,3
57131,4
57132,2
57133,2
57134,2
57135,4
57136,2
57137,3
57138,2
57139,2
57140,2
57141,3
57142,3
57143,2
57144,3
57145,3
57146,4
57147,2
57148,2
57149,2
57150,3
57151,2
57152,2
57153,2
57154,4
57155,4
57156,3
57157,2
57158,0
57159,2
57160,2
57161,2
57162,2
57163,2
57164,2
57165,3
57166,3
57167,3
57168,3
57169,3
57170,0
57171,4
57172,2
57173,2
57174,3
57175,4
57176,2
57177,2
57178,3
57179,2
57180,3
57181,1
57182,0
57183,2
57184,0
57185,0
57186,0
57187,0
57188,0
57189,0
57190,0
57191,0
57192,0
57193,0
57194,0
57195,0
57196,0
57197,0
57198,0
57199,3
57200,0
57201,3
57202,0
57203,0
57204,0
57205,0
57206,0
57207,0
57208,2
57209,2
57210,0
57211,2
57212,2
57213,0
57214,0
57215,3
57216,2
57217,2
57218,3
57219,2
57220,2
57221,2
57222,2
57223,2
57224,2
57225,2
57226,2
57227,1
57228,2
57229,3
57230,3
57231,2
57232,2
57233,4
57234,4
57235,3
57236,2
57237,2
57238,3
57239,2
57240,2
57241,2
57242,3
57243,3
57244,2
57245,3
57246,3
57247,2
57248,0
57249,2
57250,2
57251,2
57252,1
57253,3
57254,2
57255,0
57256,0
57257,0
57258,0
57259,0
57260,0
57261,0
57262,0
57263,3
57264,3
57265,0
57266,0
57267,0
57268,0
57269,0
57270,2
57271,2
57272,0
57273,2
57274,0
57275,0
57276,0
57277,0
57278,0
57279,2
57280,2
57281,2
57282,3
57283,3
57284,0
57285,3
57286,2
57287,3
57288,2
57289,0
57290,0
57291,2
57292,1
57293,1
57294,2
57295,2
57296,2
57297,2
57298,2
57299,2
57300,2
57301,1
57302,1
57303,3
57304,2
57305,1
57306,2
57307,2
57308,2
57309,2
57310,3
57311,3
57312,0
57313,0
57314,2
57315,0
57316,0
57317,0
57318,0
57319,0
57320,0
57321,0
57322,3
57323,3
57324,3
57325,2
57326,2
57327,3
57328,4
57329,3
57330,3
57331,3
57332,2
57333,4
57334,2
57335,4
57336,2
57337,4
57338,3
57339,3
57340,3
57341,3
57342,3
57343,3
57344,3
57345,3
57346,2
57347,4
57348,2
57349,2
57350,2
57351,2
57352,0
57353,0
57354,0
57355,0
57356,4
57357,2
57358,0
57359,0
57360,2
57361,0
57362,2
57363,2
57364,2
57365,0
57366,3
57367,0
57368,0
57369,0
57370,0
57371,2
57372,0
57373,2
57374,2
57375,2
57376,1
57377,1
57378,3
57379,4
57380,1
57381,3
57382,3
57383,3
57384,2
57385,4
57386,0
57387,0
57388,4
57389,0
57390,0
57391,0
57392,0
57393,0
57394,0
57395,0
57396,0
57397,0
57398,0
57399,0
57400,0
57401,2
57402,0
57403,0
57404,0
57405,2
57406,2
57407,0
57408,0
57409,0
57410,0
57411,3
57412,3
57413,3
57414,4
57415,4
57416,4
57417,2
57418,2
57419,2
57420,2
57421,3
57422,0
57423,0
57424,0
57425,0
57426,2
57427,0
57428,0
57429,0
57430,0
57431,1
57432,2
57433,1
57434,1
57435,1
57436,3
57437,1
57438,2
57439,3
57440,0
57441,1
57442,1
57443,1
57444,1
57445,1
57446,3
57447,0
57448,2
57449,3
57450,2
57451,3
57452,3
57453,2
57454,3
57455,2
57456,2
57457,3
57458,3
57459,3
57460,3
57461,3
57462,3
57463,3
57464,3
57465,0
57466,2
57467,3
57468,3
57469,3
57470,3
57471,3
57472,3
57473,2
57474,3
57475,3
57476,2
57477,3
57478,0
57479,2
57480,0
57481,3
57482,2
57483,4
57484,2
57485,2
57486,2
57487,2
57488,2
57489,3
57490,3
57491,2
57492,2
57493,3
57494,2
57495,2
57496,2
57497,0
57498,0
57499,0
57500,0
57501,0
57502,0
57503,0
57504,0
57505,0
57506,0
57507,0
57508,0
57509,0
57510,0
57511,0
57512,2
57513,2
57514,0
57515,0
57516,0
57517,0
57518,3
57519,2
57520,1
57521,2
57522,0
57523,2
57524,2
57525,2
57526,2
57527,3
57528,0
57529,0
57530,0
57531,3
57532,0
57533,0
57534,2
57535,2
57536,0
57537,0
57538,0
57539,0
57540,3
57541,2
57542,1
57543,3
57544,1
57545,1
57546,1
57547,2
57548,1
57549,2
57550,1
57551,2
57552,2
57553,1
57554,2
57555,1
57556,2
57557,2
57558,0
57559,0
57560,0
57561,0
57562,0
57563,0
57564,2
57565,2
57566,0
57567,1
57568,2
57569,0
57570,2
57571,2
57572,2
57573,0
57574,3
57575,2
57576,2
57577,2
57578,2
57579,2
57580,2
57581,2
57582,2
57583,2
57584,3
57585,2
57586,2
57587,0
57588,0
57589,2
57590,2
57591,2
57592,2
57593,3
57594,2
57595,2
57596,3
57597,2
57598,2
57599,2
57600,2
57601,2
57602,2
57603,2
57604,2
57605,3
57606,3
57607,2
57608,2
57609,3
57610,3
57611,2
57612,2
57613,2
57614,2
57615,3
57616,2
57617,2
57618,2
57619,3
57620,0
57621,3
57622,2
57623,3
57624,2
57625,2
57626,3
57627,3
57628,3
57629,3
57630,2
57631,3
57632,2
57633,2
57634,3
57635,3
57636,1
57637,1
57638,0
57639,2
57640,1
57641,1
57642,1
57643,2
57644,2
57645,2
57646,1
57647,1
57648,2
57649,2
57650,2
57651,2
57652,1
57653,1
57654,2
57655,2
57656,1
57657,2
57658,2
57659,2
57660,2
57661,1
57662,3
57663,2
57664,3
57665,2
57666,2
57667,1
57668,2
57669,1
57670,0
57671,2
57672,2
57673,2
57674,2
57675,1
57676,2
57677,2
57678,2
57679,2
57680,2
57681,1
57682,1
57683,2
57684,2
57685,2
57686,1
57687,2
57688,1
57689,2
57690,2
57691,2
57692,3
57693,1
57694,1
57695,2
57696,2
57697,2
57698,2
57699,2
57700,2
57701,2
57702,1
57703,2
57704,2
57705,0
57706,2
57707,2
57708,2
57709,2
57710,2
57711,2
57712,2
57713,2
57714,0
57715,2
57716,2
57717,2
57718,2
57719,1
57720,1
57721,1
57722,1
57723,1
57724,1
57725,1
57726,1
57727,3
57728,3
57729,2
57730,3
57731,2
57732,2
57733,2
57734,2
57735,2
57736,2
57737,0
57738,2
57739,2
57740,2
57741,2
57742,2
57743,2
57744,2
57745,2
57746,2
57747,2
57748,2
57749,2
57750,1
57751,3
57752,1
57753,3
57754,2
57755,2
57756,2
57757,0
57758,2
57759,2
57760,2
57761,2
57762,3
57763,2
57764,2
57765,2
57766,2
57767,2
57768,2
57769,2
57770,1
57771,1
57772,0
57773,1
57774,0
57775,2
57776,2
57777,2
57778,2
57779,2
57780,1
57781,1
57782,0
57783,3
57784,2
57785,3
57786,3
57787,1
57788,1
57789,1
57790,1
57791,2
57792,2
57793,2
57794,1
57795,2
57796,0
57797,2
57798,2
57799,3
57800,0
57801,3
57802,2
57803,1
57804,0
57805,3
57806,1
57807,1
57808,0
57809,1
57810,1
57811,1
57812,2
57813,2
57814,2
57815,2
57816,2
57817,1
57818,2
57819,0
57820,1
57821,1
57822,0
57823,1
57824,1
57825,1
57826,1
57827,2
57828,1
57829,1
57830,0
57831,0
57832,2
57833,3
57834,1
57835,1
57836,1
57837,1
57838,1
57839,1
57840,1
57841,3
57842,1
57843,1
57844,3
57845,3
57846,1
57847,2
57848,3
57849,2
57850,1
57851,2
57852,2
57853,3
57854,1
57855,2
57856,1
57857,3
57858,1
57859,2
57860,2
57861,2
57862,2
57863,1
57864,2
57865,2
57866,2
57867,1
57868,2
57869,2
57870,2
57871,2
57872,2
57873,2
57874,2
57875,2
57876,2
57877,2
57878,0
57879,3
57880,3
57881,1
57882,1
57883,3
57884,2
57885,3
57886,3
57887,1
57888,1
57889,0
57890,2
57891,1
57892,2
57893,2
57894,2
57895,3
57896,3
57897,3
57898,2
57899,1
57900,1
57901,1
57902,2
57903,0
57904,1
57905,2
57906,3
57907,2
57908,3
57909,0
57910,3
57911,1
57912,2
57913,3
57914,1
57915,1
57916,1
57917,2
57918,0
57919,1
57920,1
57921,0
57922,1
57923,1
57924,2
57925,1
57926,1
57927,1
57928,1
57929,1
57930,2
57931,2
57932,2
57933,1
57934,2
57935,2
57936,1
57937,1
57938,1
57939,3
57940,2
57941,2
57942,2
57943,0
57944,2
57945,2
57946,2
57947,1
57948,1
57949,0
57950,2
57951,2
57952,2
57953,2
57954,2
57955,1
57956,2
57957,2
57958,2
57959,2
57960,2
57961,2
57962,1
57963,1
57964,1
57965,1
57966,2
57967,3
57968,1
57969,3
57970,2
57971,3
57972,2
57973,1
57974,3
57975,2
57976,0
57977,2
57978,2
57979,3
57980,2
57981,1
57982,2
57983,2
57984,2
57985,2
57986,2
57987,2
57988,3
57989,3
57990,3
57991,2
57992,2
57993,3
57994,2
57995,3
57996,2
57997,2
57998,2
57999,3
58000,3
58001,0
58002,0
58003,2
58004,2
58005,0
58006,2
58007,0
58008,0
58009,1
58010,2
58011,2
58012,2
58013,2
58014,1
58015,2
58016,3
58017,2
58018,3
58019,3
58020,3
58021,2
58022,3
58023,3
58024,1
58025,2
58026,3
58027,2
58028,3
58029,3
58030,3
58031,3
58032,0
58033,1
58034,1
58035,2
58036,2
58037,2
58038,1
58039,2
58040,2
58041,2
58042,2
58043,1
58044,1
58045,0
58046,2
58047,2
58048,2
58049,0
58050,2
58051,2
58052,0
58053,2
58054,0
58055,2
58056,3
58057,2
58058,2
58059,2
58060,2
58061,2
58062,1
58063,2
58064,2
58065,2
58066,2
58067,2
58068,1
58069,2
58070,2
58071,1
58072,2
58073,2
58074,0
58075,2
58076,2
58077,2
58078,2
58079,2
58080,2
58081,2
58082,2
58083,2
58084,2
58085,2
58086,2
58087,2
58088,2
58089,1
58090,3
58091,1
58092,2
58093,2
58094,2
58095,0
58096,2
58097,1
58098,1
58099,2
58100,2
58101,2
58102,3
58103,0
58104,0
58105,1
58106,2
58107,0
58108,2
58109,1
58110,3
58111,2
58112,2
58113,3
58114,2
58115,2
58116,3
58117,3
58118,3
58119,2
58120,3
58121,1
58122,1
58123,1
58124,2
58125,2
58126,2
58127,1
58128,1
58129,3
58130,2
58131,3
58132,3
58133,2
58134,3
58135,3
58136,2
58137,2
58138,2
58139,1
58140,1
58141,2
58142,3
58143,3
58144,3
58145,2
58146,2
58147,2
58148,2
58149,3
58150,3
58151,3
58152,2
58153,2
58154,3
58155,3
58156,3
58157,3
58158,0
58159,3
58160,0
58161,0
58162,0
58163,0
58164,0
58165,3
58166,2
58167,0
58168,2
58169,0
58170,3
58171,3
58172,3
58173,3
58174,2
58175,2
58176,3
58177,2
58178,2
58179,3
58180,3
58181,3
58182,3
58183,2
58184,3
58185,3
58186,3
58187,2
58188,2
58189,2
58190,2
58191,3
58192,4
58193,2
58194,2
58195,3
58196,2
58197,2
58198,3
58199,2
58200,2
58201,2
58202,2
58203,3
58204,2
58205,3
58206,0
58207,2
58208,3
58209,3
58210,3
58211,1
58212,2
58213,3
58214,2
58215,2
58216,3
58217,3
58218,3
58219,2
58220,2
58221,3
58222,3
58223,3
58224,3
58225,3
58226,2
58227,0
58228,2
58229,1
58230,3
58231,3
58232,3
58233,3
58234,3
58235,0
58236,3
58237,3
58238,2
58239,1
58240,0
58241,3
58242,3
58243,3
58244,2
58245,2
58246,3
58247,2
58248,3
58249,3
58250,3
58251,3
58252,3
58253,1
58254,3
58255,2
58256,3
58257,3
58258,3
58259,3
58260,3
58261,2
58262,3
58263,2
58264,2
58265,1
58266,2
58267,2
58268,3
58269,1
58270,2
58271,2
58272,1
58273,3
58274,1
58275,3
58276,3
58277,3
58278,3
58279,0
58280,3
58281,3
58282,2
58283,2
58284,3
58285,3
58286,3
58287,3
58288,2
58289,3
58290,2
58291,2
58292,2
58293,3
58294,2
58295,3
58296,2
58297,2
58298,2
58299,2
58300,2
58301,2
58302,2
58303,2
58304,2
58305,2
58306,2
58307,3
58308,2
58309,2
58310,2
58311,2
58312,3
58313,2
58314,2
58315,3
58316,3
58317,2
58318,3
58319,3
58320,2
58321,3
58322,2
58323,2
58324,2
58325,2
58326,3
58327,2
58328,3
58329,2
58330,2
58331,2
58332,2
58333,2
58334,3
58335,2
58336,3
58337,3
58338,2
58339,1
58340,2
58341,3
58342,1
58343,2
58344,2
58345,3
58346,2
58347,2
58348,2
58349,2
58350,0
58351,0
58352,2
58353,0
58354,0
58355,0
58356,2
58357,2
58358,2
58359,2
58360,0
58361,0
58362,0
58363,2
58364,2
58365,3
58366,2
58367,2
58368,2
58369,2
58370,2
58371,3
58372,2
58373,2
58374,2
58375,3
58376,3
58377,2
58378,2
58379,2
58380,2
58381,3
58382,2
58383,2
58384,3
58385,2
58386,3
58387,3
58388,3
58389,3
58390,3
58391,2
58392,0
58393,2
58394,3
58395,3
58396,3
58397,3
58398,3
58399,2
58400,3
58401,2
58402,3
58403,3
58404,2
58405,2
58406,2
58407,2
58408,3
58409,2
58410,2
58411,3
58412,2
58413,3
58414,2
58415,2
58416,2
58417,2
58418,2
58419,2
58420,2
58421,2
58422,2
58423,2
58424,2
58425,2
58426,2
58427,2
58428,2
58429,2
58430,2
58431,2
58432,2
58433,2
58434,2
58435,2
58436,2
58437,2
58438,2
58439,2
58440,2
58441,2
58442,2
58443,2
58444,2
58445,2
58446,2
58447,2
58448,2
58449,2
58450,2
58451,2
58452,2
58453,2
58454,2
58455,2
58456,2
58457,2
58458,2
58459,2
58460,2
58461,2
58462,2
58463,2
58464,2
58465,2
58466,2
58467,2
58468,2
58469,2
58470,2
58471,2
58472,2
58473,2
58474,3
58475,2
58476,2
58477,2
58478,2
58479,2
58480,2
58481,2
58482,2
58483,2
58484,2
58485,2
58486,2
58487,2
58488,2
58489,2
58490,2
58491,2
58492,2
58493,2
58494,3
58495,2
58496,2
58497,2
58498,2
58499,2
58500,2
58501,2
58502,2
58503,2
58504,3
58505,1
58506,3
58507,2
58508,2
58509,3
58510,2
58511,2
58512,2
58513,2
58514,2
58515,2
58516,2
58517,2
58518,2
58519,2
58520,2
58521,2
58522,2
58523,2
58524,1
58525,1
58526,2
58527,2
58528,3
58529,2
58530,2
58531,2
58532,2
58533,3
58534,3
58535,1
58536,3
58537,3
58538,3
58539,3
58540,3
58541,3
58542,3
58543,3
58544,3
58545,2
58546,3
58547,3
58548,3
58549,3
58550,2
58551,2
58552,3
58553,2
58554,2
58555,2
58556,2
58557,3
58558,3
58559,2
58560,3
58561,2
58562,2
58563,3
58564,2
58565,3
58566,3
58567,2
58568,3
58569,3
58570,3
58571,3
58572,2
58573,2
58574,3
58575,3
58576,3
58577,2
58578,0
58579,2
58580,2
58581,2
58582,3
58583,3
58584,2
58585,0
58586,3
58587,2
58588,2
58589,2
58590,4
58591,3
58592,3
58593,1
58594,2
58595,3
58596,3
58597,2
58598,3
58599,2
58600,3
58601,2
58602,2
58603,3
58604,3
58605,2
58606,2
58607,2
58608,3
58609,3
58610,3
58611,3
58612,3
58613,3
58614,3
58615,3
58616,2
58617,3
58618,3
58619,3
58620,3
58621,3
58622,2
58623,3
58624,3
58625,2
58626,2
58627,2
58628,2
58629,3
58630,2
58631,2
58632,3
58633,2
58634,3
58635,2
58636,3
58637,2
58638,3
58639,2
58640,3
58641,2
58642,2
58643,2
58644,2
58645,2
58646,2
58647,2
58648,2
58649,2
58650,2
58651,2
58652,2
58653,2
58654,3
58655,3
58656,3
58657,3
58658,3
58659,3
58660,2
58661,0
58662,2
58663,3
58664,3
58665,3
58666,3
58667,1
58668,3
58669,2
58670,2
58671,3
58672,2
58673,3
58674,2
58675,2
58676,2
58677,2
58678,2
58679,2
58680,3
58681,3
58682,2
58683,0
58684,0
58685,0
58686,0
58687,2
58688,0
58689,0
58690,2
58691,2
58692,0
58693,0
58694,0
58695,0
58696,0
58697,3
58698,3
58699,3
58700,2
58701,2
58702,2
58703,2
58704,3
58705,2
58706,2
58707,3
58708,2
58709,2
58710,2
58711,2
58712,2
58713,3
58714,2
58715,2
58716,2
58717,2
58718,0
58719,0
58720,0
58721,0
58722,3
58723,0
58724,0
58725,0
58726,0
58727,2
58728,3
58729,3
58730,3
58731,2
58732,2
58733,2
58734,2
58735,2
58736,0
58737,0
58738,2
58739,2
58740,3
58741,2
58742,2
58743,2
58744,2
58745,2
58746,2
58747,2
58748,2
58749,2
58750,3
58751,2
58752,2
58753,3
58754,0
58755,2
58756,3
58757,2
58758,2
58759,3
58760,3
58761,3
58762,3
58763,3
58764,0
58765,2
58766,2
58767,2
58768,3
58769,0
58770,2
58771,0
58772,3
58773,3
58774,2
58775,2
58776,3
58777,3
58778,3
58779,2
58780,3
58781,3
58782,2
58783,0
58784,0
58785,0
58786,3
58787,3
58788,2
58789,1
58790,0
58791,2
58792,0
58793,0
58794,3
58795,3
58796,2
58797,3
58798,2
58799,3
58800,1
58801,2
58802,2
58803,3
58804,3
58805,2
58806,3
58807,3
58808,2
58809,2
58810,1
58811,2
58812,2
58813,3
58814,2
58815,0
58816,3
58817,3
58818,3
58819,3
58820,1
58821,1
58822,1
58823,3
58824,3
58825,3
58826,3
58827,3
58828,3
58829,3
58830,3
58831,3
58832,2
58833,2
58834,2
58835,3
58836,3
58837,3
58838,3
58839,3
58840,2
58841,2
58842,2
58843,3
58844,3
58845,2
58846,2
58847,2
58848,3
58849,2
58850,2
58851,3
58852,1
58853,3
58854,3
58855,3
58856,3
58857,1
58858,3
58859,1
58860,2
58861,2
58862,3
58863,3
58864,2
58865,1
58866,2
58867,3
58868,3
58869,3
58870,2
58871,3
58872,3
58873,1
58874,1
58875,2
58876,2
58877,1
58878,3
58879,3
58880,1
58881,2
58882,3
58883,3
58884,1
58885,2
58886,2
58887,3
58888,2
58889,3
58890,3
58891,2
58892,3
58893,2
58894,3
58895,3
58896,2
58897,3
58898,2
58899,3
58900,3
58901,1
58902,2
58903,1
58904,2
58905,3
58906,3
58907,2
58908,2
58909,2
58910,2
58911,3
58912,1
58913,2
58914,3
58915,3
58916,3
58917,3
58918,2
58919,3
58920,3
58921,1
58922,1
58923,2
58924,2
58925,2
58926,2
58927,2
58928,1
58929,3
58930,3
58931,1
58932,1
58933,2
58934,2
58935,3
58936,1
58937,1
58938,2
58939,1
58940,2
58941,2
58942,2
58943,3
58944,2
58945,1
58946,4
58947,1
58948,1
58949,1
58950,1
58951,2
58952,1
58953,2
58954,1
58955,1
58956,1
58957,2
58958,1
58959,1
58960,2
58961,1
58962,2
58963,1
58964,2
58965,2
58966,2
58967,2
58968,2
58969,2
58970,2
58971,1
58972,2
58973,1
58974,3
58975,3
58976,3
58977,3
58978,2
58979,0
58980,0
58981,2
58982,1
58983,1
58984,1
58985,3
58986,3
58987,1
58988,1
58989,1
58990,1
58991,3
58992,3
58993,2
58994,2
58995,1
58996,1
58997,3
58998,2
58999,3
59000,1
59001,1
59002,1
59003,3
59004,2
59005,1
59006,2
59007,2
59008,2
59009,3
59010,1
59011,1
59012,1
59013,2
59014,3
59015,2
59016,3
59017,2
59018,1
59019,1
59020,1
59021,1
59022,4
59023,2
59024,3
59025,3
59026,1
59027,3
59028,1
59029,4
59030,3
59031,3
59032,2
59033,4
59034,3
59035,2
59036,3
59037,3
59038,3
59039,3
59040,3
59041,3
59042,2
59043,0
59044,1
59045,1
59046,3
59047,1
59048,3
59049,0
59050,2
59051,2
59052,2
59053,2
59054,3
59055,2
59056,1
59057,1
59058,3
59059,1
59060,3
59061,1
59062,3
59063,2
59064,1
59065,3
59066,3
59067,4
59068,3
59069,3
59070,2
59071,1
59072,2
59073,2
59074,3
59075,2
59076,3
59077,1
59078,1
59079,1
59080,1
59081,1
59082,1
59083,3
59084,3
59085,3
59086,1
59087,1
59088,1
59089,2
59090,3
59091,3
59092,3
59093,2
59094,2
59095,3
59096,3
59097,3
59098,2
59099,3
59100,2
59101,3
59102,3
59103,3
59104,2
59105,1
59106,3
59107,2
59108,3
59109,2
59110,3
59111,3
59112,2
59113,3
59114,2
59115,3
59116,2
59117,2
59118,3
59119,4
59120,2
59121,3
59122,4
59123,1
59124,3
59125,1
59126,3
59127,1
59128,3
59129,1
59130,2
59131,2
59132,2
59133,1
59134,1
59135,1
59136,3
59137,1
59138,3
59139,1
59140,1
59141,3
59142,3
59143,3
59144,3
59145,3
59146,3
59147,3
59148,3
59149,3
59150,3
59151,4
59152,3
59153,2
59154,2
59155,2
59156,1
59157,3
59158,1
59159,2
59160,3
59161,3
59162,1
59163,3
59164,3
59165,1
59166,1
59167,1
59168,1
59169,3
59170,1
59171,3
59172,4
59173,3
59174,2
59175,2
59176,3
59177,2
59178,3
59179,2
59180,1
59181,3
59182,1
59183,3
59184,1
59185,1
59186,1
59187,1
59188,3
59189,2
59190,0
59191,3
59192,3
59193,3
59194,1
59195,4
59196,1
59197,4
59198,4
59199,4
59200,2
59201,3
59202,2
59203,3
59204,3
59205,3
59206,3
59207,3
59208,2
59209,3
59210,1
59211,1
59212,1
59213,1
59214,1
59215,3
59216,3
59217,1
59218,3
59219,2
59220,3
59221,2
59222,3
59223,3
59224,3
59225,3
59226,3
59227,3
59228,3
59229,3
59230,3
59231,3
59232,3
59233,1
59234,3
59235,3
59236,1
59237,3
59238,1
59239,1
59240,3
59241,3
59242,3
59243,3
59244,3
59245,3
59246,3
59247,3
59248,3
59249,3
59250,3
59251,2
59252,2
59253,3
59254,3
59255,1
59256,1
59257,3
59258,1
59259,2
59260,2
59261,3
59262,2
59263,2
59264,3
59265,3
59266,2
59267,3
59268,0
59269,1
59270,1
59271,3
59272,3
59273,1
59274,3
59275,2
59276,3
59277,3
59278,3
59279,3
59280,1
59281,3
59282,3
59283,3
59284,2
59285,3
59286,3
59287,3
59288,3
59289,2
59290,3
59291,3
59292,3
59293,3
59294,3
59295,3
59296,3
59297,3
59298,3
59299,3
59300,2
59301,2
59302,3
59303,2
59304,2
59305,3
59306,3
59307,3
59308,3
59309,3
59310,3
59311,2
59312,2
59313,2
59314,3
59315,3
59316,3
59317,3
59318,3
59319,3
59320,3
59321,3
59322,2
59323,3
59324,3
59325,2
59326,3
59327,3
59328,2
59329,3
59330,2
59331,2
59332,3
59333,3
59334,3
59335,3
59336,2
59337,3
59338,3
59339,3
59340,3
59341,3
59342,2
59343,3
59344,1
59345,1
59346,1
59347,1
59348,1
59349,3
59350,3
59351,3
59352,3
59353,3
59354,3
59355,3
59356,1
59357,3
59358,3
59359,3
59360,3
59361,3
59362,3
59363,3
59364,3
59365,3
59366,3
59367,2
59368,3
59369,3
59370,3
59371,2
59372,3
59373,3
59374,3
59375,3
59376,2
59377,3
59378,2
59379,2
59380,2
59381,3
59382,2
59383,3
59384,1
59385,1
59386,1
59387,1
59388,1
59389,3
59390,3
59391,3
59392,3
59393,3
59394,1
59395,1
59396,1
59397,3
59398,3
59399,3
59400,3
59401,3
59402,3
59403,3
59404,3
59405,3
59406,3
59407,3
59408,3
59409,3
59410,3
59411,3
59412,3
59413,3
59414,3
59415,3
59416,3
59417,3
59418,3
59419,2
59420,3
59421,3
59422,3
59423,3
59424,3
59425,3
59426,3
59427,3
59428,3
59429,3
59430,1
59431,1
59432,3
59433,3
59434,3
59435,1
59436,1
59437,2
59438,3
59439,1
59440,3
59441,1
59442,3
59443,1
59444,3
59445,3
59446,3
59447,3
59448,3
59449,3
59450,3
59451,3
59452,3
59453,1
59454,1
59455,3
59456,3
59457,3
59458,3
59459,1
59460,2
59461,3
59462,3
59463,3
59464,3
59465,3
59466,1
59467,3
59468,3
59469,3
59470,3
59471,3
59472,3
59473,3
59474,3
59475,3
59476,3
59477,3
59478,3
59479,3
59480,3
59481,3
59482,3
59483,3
59484,3
59485,2
59486,3
59487,3
59488,3
59489,3
59490,3
59491,2
59492,3
59493,3
59494,3
59495,3
59496,3
59497,3
59498,3
59499,3
59500,3
59501,1
59502,3
59503,3
59504,3
59505,2
59506,3
59507,1
59508,3
59509,3
59510,3
59511,3
59512,3
59513,2
59514,3
59515,3
59516,3
59517,3
59518,3
59519,2
59520,3
59521,2
59522,1
59523,3
59524,3
59525,3
59526,2
59527,2
59528,3
59529,3
59530,3
59531,3
59532,2
59533,3
59534,3
59535,3
59536,3
59537,3
59538,3
59539,2
59540,3
59541,3
59542,3
59543,3
59544,3
59545,3
59546,3
59547,3
59548,2
59549,3
59550,1
59551,3
59552,3
59553,3
59554,3
59555,3
59556,3
59557,3
59558,3
59559,3
59560,3
59561,3
59562,3
59563,3
59564,3
59565,3
59566,3
59567,3
59568,3
59569,3
59570,3
59571,3
59572,3
59573,3
59574,3
59575,3
59576,3
59577,3
59578,3
59579,3
59580,3
59581,3
59582,3
59583,3
59584,3
59585,3
59586,3
59587,2
59588,3
59589,3
59590,3
59591,3
59592,3
59593,3
59594,2
59595,2
59596,3
59597,2
59598,3
59599,2
59600,3
59601,3
59602,3
59603,3
59604,3
59605,3
59606,3
59607,3
59608,3
59609,3
59610,3
59611,3
59612,3
59613,3
59614,3
59615,3
59616,3
59617,3
59618,1
59619,3
59620,1
59621,3
59622,3
59623,3
59624,1
59625,3
59626,3
59627,3
59628,2
59629,3
59630,3
59631,1
59632,1
59633,1
59634,3
59635,1
59636,3
59637,2
59638,1
59639,2
59640,0
59641,2
59642,2
59643,2
59644,1
59645,2
59646,3
59647,2
59648,2
59649,2
59650,0
59651,0
59652,0
59653,0
59654,0
59655,0
59656,0
59657,0
59658,0
59659,0
59660,0
59661,0
59662,0
59663,0
59664,0
59665,0
59666,0
59667,2
59668,2
59669,2
59670,2
59671,2
59672,2
59673,2
59674,2
59675,2
59676,2
59677,2
59678,2
59679,3
59680,2
59681,2
59682,2
59683,2
59684,2
59685,2
59686,3
59687,2
59688,2
59689,2
59690,2
59691,4
59692,2
59693,2
59694,3
59695,2
59696,2
59697,2
59698,2
59699,2
59700,2
59701,3
59702,3
59703,2
59704,2
59705,2
59706,2
59707,2
59708,2
59709,2
59710,2
59711,2
59712,2
59713,0
59714,0
59715,0
59716,2
59717,1
59718,2
59719,0
59720,2
59721,2
59722,2
59723,2
59724,2
59725,2
59726,1
59727,2
59728,2
59729,2
59730,2
59731,2
59732,2
59733,2
59734,3
59735,3
59736,3
59737,3
59738,3
59739,3
59740,1
59741,3
59742,3
59743,2
59744,3
59745,2
59746,3
59747,4
59748,2
59749,2
59750,2
59751,2
59752,2
59753,4
59754,4
59755,4
59756,4
59757,4
59758,4
59759,4
59760,2
59761,2
59762,2
59763,2
59764,2
59765,2
59766,2
59767,2
59768,2
59769,2
59770,2
59771,2
59772,2
59773,4
59774,2
59775,2
59776,2
59777,2
59778,2
59779,2
59780,4
59781,2
59782,2
59783,4
59784,2
59785,2
59786,4
59787,2
59788,2
59789,2
59790,2
59791,2
59792,2
59793,2
59794,1
59795,1
59796,2
59797,2
59798,2
59799,2
59800,2
59801,2
59802,2
59803,2
59804,3
59805,1
59806,2
59807,2
59808,2
59809,2
59810,0
59811,3
59812,3
59813,0
59814,3
59815,3
59816,3
59817,2
59818,3
59819,1
59820,2
59821,3
59822,3
59823,4
59824,2
59825,3
59826,3
59827,3
59828,1
59829,1
59830,3
59831,3
59832,4
59833,2
59834,2
59835,2
59836,2
59837,2
59838,3
59839,1
59840,1
59841,3
59842,3
59843,0
59844,0
59845,0
59846,0
59847,0
59848,4
59849,1
59850,3
59851,2
59852,3
59853,1
59854,3
59855,3
59856,2
59857,2
59858,3
59859,2
59860,1
59861,1
59862,2
59863,2
59864,3
59865,3
59866,3
59867,3
59868,2
59869,2
59870,2
59871,2
59872,2
59873,4
59874,3
59875,2
59876,3
59877,2
59878,4
59879,2
59880,1
59881,3
59882,2
59883,2
59884,3
59885,2
59886,4
59887,2
59888,2
59889,3
59890,2
59891,2
59892,4
59893,2
59894,4
59895,2
59896,0
59897,1
59898,2
59899,2
59900,3
59901,3
59902,3
59903,2
59904,2
59905,2
59906,2
59907,2
59908,1
59909,3
59910,0
59911,2
59912,2
59913,2
59914,3
59915,1
59916,1
59917,3
59918,2
59919,2
59920,2
59921,2
59922,2
59923,2
59924,2
59925,2
59926,2
59927,3
59928,2
59929,3
59930,2
59931,2
59932,3
59933,3
59934,3
59935,3
59936,2
59937,3
59938,2
59939,2
59940,2
59941,3
59942,3
59943,2
59944,3
59945,2
59946,3
59947,3
59948,2
59949,2
59950,2
59951,2
59952,2
59953,2
59954,2
59955,2
59956,2
59957,2
59958,2
59959,2
59960,2
59961,2
59962,0
59963,2
59964,2
59965,3
59966,0
59967,2
59968,2
59969,2
59970,2
59971,3
59972,2
59973,2
59974,2
59975,2
59976,2
59977,2
59978,2
59979,2
59980,2
59981,2
59982,3
59983,0
59984,0
59985,2
59986,0
59987,0
59988,2
59989,2
59990,2
59991,2
59992,3
59993,2
59994,2
59995,2
59996,2
59997,2
59998,2
59999,2
60000,2
60001,0
60002,2
60003,3
60004,0
60005,0
60006,0
60007,2
60008,2
60009,3
60010,2
60011,2
60012,3
60013,2
60014,2
60015,0
60016,2
60017,2
60018,2
60019,0
60020,0
60021,0
60022,3
60023,2
60024,3
60025,1
60026,2
60027,3
60028,1
60029,0
60030,3
60031,2
60032,2
60033,0
60034,3
60035,2
60036,4
60037,2
60038,0
60039,2
60040,3
60041,2
60042,3
60043,3
60044,1
60045,3
60046,1
60047,3
60048,3
60049,3
60050,1
60051,1
60052,3
60053,3
60054,3
60055,3
60056,3
60057,3
60058,2
60059,2
60060,2
60061,3
60062,2
60063,3
60064,0
60065,0
60066,2
60067,2
60068,0
60069,0
60070,2
60071,2
60072,1
60073,2
60074,2
60075,2
60076,0
60077,2
60078,2
60079,2
60080,2
60081,2
60082,0
60083,2
60084,2
60085,2
60086,3
60087,3
60088,3
60089,2
60090,4
60091,2
60092,3
60093,2
60094,3
60095,3
60096,3
60097,3
60098,2
60099,2
60100,2
60101,3
60102,3
60103,2
60104,2
60105,3
60106,2
60107,3
60108,3
60109,3
60110,3
60111,3
60112,2
60113,2
60114,0
60115,2
60116,3
60117,2
60118,3
60119,3
60120,2
60121,3
60122,3
60123,1
60124,2
60125,2
60126,3
60127,3
60128,2
60129,2
60130,3
60131,3
60132,2
60133,2
60134,3
60135,2
60136,3
60137,3
60138,3
60139,3
60140,3
60141,3
60142,3
60143,3
60144,3
60145,2
60146,3
60147,2
60148,3
60149,2
60150,3
60151,3
60152,2
60153,3
60154,3
60155,2
60156,3
60157,3
60158,3
60159,3
60160,2
60161,4
60162,3
60163,2
60164,3
60165,2
60166,2
60167,3
60168,4
60169,2
60170,4
60171,2
60172,3
60173,3
60174,2
60175,2
60176,2
60177,3
60178,3
60179,2
60180,2
60181,3
60182,2
60183,2
60184,4
60185,2
60186,2
60187,3
60188,2
60189,3
60190,3
60191,3
60192,4
60193,2
60194,2
60195,2
60196,3
60197,2
60198,2
60199,1
60200,3
60201,2
60202,2
60203,3
60204,3
60205,2
60206,3
60207,0
60208,3
60209,3
60210,3
60211,2
60212,3
60213,3
60214,4
60215,3
60216,3
60217,3
60218,2
60219,3
60220,2
60221,2
60222,3
60223,2
60224,3
60225,4
60226,2
60227,2
60228,2
60229,3
60230,2
60231,2
60232,3
60233,2
60234,3
60235,3
60236,2
60237,2
60238,3
60239,2
60240,3
60241,3
60242,2
60243,3
60244,3
60245,3
60246,3
60247,3
60248,3
60249,3
60250,2
60251,2
60252,3
60253,3
60254,2
60255,3
60256,2
60257,3
60258,3
60259,2
60260,2
60261,3
60262,3
60263,0
60264,2
60265,3
60266,2
60267,3
60268,3
60269,3
60270,3
60271,2
60272,0
60273,3
60274,3
60275,3
60276,3
60277,3
60278,3
60279,1
60280,3
60281,2
60282,2
60283,2
60284,2
60285,3
60286,2
60287,3
60288,3
60289,3
60290,3
60291,2
60292,3
60293,3
60294,3
60295,3
60296,2
60297,2
60298,3
60299,3
60300,2
60301,0
60302,3
60303,2
60304,2
60305,3
60306,3
60307,2
60308,3
60309,3
60310,2
60311,2
60312,0
60313,2
60314,2
60315,2
60316,3
60317,3
60318,2
60319,2
60320,3
60321,3
60322,3
60323,3
60324,3
60325,3
60326,2
60327,3
60328,2
60329,3
60330,3
60331,3
60332,2
60333,3
60334,3
60335,1
60336,3
60337,3
60338,3
60339,3
60340,3
60341,3
60342,2
60343,3
60344,3
60345,3
60346,3
60347,3
60348,3
60349,3
60350,2
60351,2
60352,3
60353,2
60354,4
60355,2
60356,2
60357,2
60358,3
60359,3
60360,3
60361,3
60362,3
60363,3
60364,3
60365,2
60366,1
60367,3
60368,2
60369,3
60370,2
60371,3
60372,3
60373,3
60374,2
60375,2
60376,2
60377,3
60378,3
60379,3
60380,3
60381,2
60382,2
60383,3
60384,3
60385,3
60386,3
60387,3
60388,3
60389,3
60390,3
60391,3
60392,3
60393,3
60394,2
60395,3
60396,3
60397,3
60398,3
60399,2
60400,3
60401,3
60402,3
60403,3
60404,2
60405,2
60406,3
60407,3
60408,3
60409,3
60410,2
60411,2
60412,0
60413,3
60414,3
60415,0
60416,3
60417,2
60418,2
60419,3
60420,3
60421,3
60422,2
60423,2
60424,3
60425,3
60426,0
60427,3
60428,3
60429,3
60430,1
60431,3
60432,3
60433,1
60434,2
60435,3
60436,2
60437,3
60438,2
60439,2
60440,2
60441,3
60442,1
60443,0
60444,2
60445,0
60446,2
60447,3
60448,2
60449,2
60450,3
60451,2
60452,0
60453,1
60454,0
60455,0
60456,0
60457,3
60458,2
60459,2
60460,3
60461,3
60462,2
60463,2
60464,2
60465,2
60466,2
60467,2
60468,2
60469,3
60470,3
60471,3
60472,3
60473,2
60474,3
60475,0
60476,2
60477,3
60478,2
60479,3
60480,2
60481,3
60482,1
60483,3
60484,3
60485,3
60486,3
60487,2
60488,2
60489,0
60490,2
60491,3
60492,3
60493,3
60494,3
60495,1
60496,1
60497,1
60498,1
60499,3
60500,2
60501,2
60502,3
60503,3
60504,2
60505,2
60506,2
60507,2
60508,2
60509,0
60510,2
60511,2
60512,2
60513,2
60514,2
60515,0
60516,2
60517,2
60518,0
60519,2
60520,2
60521,2
60522,3
60523,2
60524,2
60525,2
60526,2
60527,2
60528,2
60529,2
60530,2
60531,3
60532,0
60533,3
60534,2
60535,3
60536,2
60537,2
60538,0
60539,0
60540,2
60541,0
60542,2
60543,2
60544,2
60545,2
60546,2
60547,0
60548,3
60549,3
60550,2
60551,2
60552,3
60553,2
60554,2
60555,2
60556,2
60557,2
60558,3
60559,2
60560,2
60561,2
60562,2
60563,2
60564,2
60565,2
60566,2
60567,0
60568,2
60569,2
60570,0
60571,2
60572,2
60573,0
60574,2
60575,2
60576,2
60577,3
60578,2
60579,3
60580,2
60581,2
60582,2
60583,0
60584,2
60585,2
60586,2
60587,2
60588,3
60589,2
60590,2
60591,2
60592,2
60593,2
60594,3
60595,3
60596,2
60597,2
60598,2
60599,2
60600,2
60601,2
60602,2
60603,0
60604,2
60605,2
60606,2
60607,2
60608,1
60609,3
60610,2
60611,2
60612,2
60613,3
60614,2
60615,2
60616,3
60617,2
60618,2
60619,0
60620,0
60621,2
60622,3
60623,3
60624,2
60625,3
60626,3
60627,2
60628,2
60629,2
60630,3
60631,3
60632,2
60633,3
60634,2
60635,2
60636,2
60637,3
60638,1
60639,2
60640,2
60641,2
60642,2
60643,3
60644,2
60645,3
60646,2
60647,2
60648,2
60649,3
60650,2
60651,3
60652,0
60653,3
60654,2
60655,2
60656,2
60657,1
60658,2
60659,2
60660,2
60661,2
60662,3
60663,2
60664,2
60665,2
60666,2
60667,3
60668,2
60669,2
60670,2
60671,1
60672,2
60673,3
60674,2
60675,2
60676,2
60677,2
60678,2
60679,2
60680,2
60681,2
60682,2
60683,2
60684,2
60685,2
60686,2
60687,3
60688,2
60689,2
60690,2
60691,2
60692,2
60693,2
60694,2
60695,2
60696,2
60697,2
60698,2
60699,3
60700,3
60701,2
60702,2
60703,2
60704,2
60705,2
60706,2
60707,0
60708,2
60709,2
60710,2
60711,2
60712,2
60713,2
60714,2
60715,2
60716,2
60717,2
60718,3
60719,2
60720,2
60721,2
60722,2
60723,2
60724,2
60725,2
60726,3
60727,2
60728,3
60729,2
60730,2
60731,2
60732,3
60733,2
60734,2
60735,2
60736,2
60737,2
60738,2
60739,2
60740,3
60741,1
60742,3
60743,1
60744,1
60745,1
60746,2
60747,1
60748,1
60749,1
60750,1
60751,1
60752,1
60753,1
60754,3
60755,1
60756,2
60757,2
60758,1
60759,1
60760,1
60761,2
60762,2
60763,2
60764,4
60765,1
60766,1
60767,1
60768,1
60769,2
60770,1
60771,2
60772,2
60773,1
60774,1
60775,2
60776,3
60777,2
60778,3
60779,3
60780,2
60781,1
60782,3
60783,1
60784,1
60785,1
60786,3
60787,3
60788,3
60789,3
60790,2
60791,2
60792,3
60793,3
60794,3
60795,1
60796,1
60797,2
60798,2
60799,2
60800,3
60801,4
60802,2
60803,0
60804,2
60805,2
60806,2
60807,2
60808,2
60809,2
60810,0
60811,3
60812,2
60813,2
60814,2
60815,2
60816,1
60817,2
60818,0
60819,0
60820,0
60821,0
60822,0
60823,2
60824,2
60825,2
60826,2
60827,0
60828,2
60829,0
60830,2
60831,0
60832,0
60833,2
60834,1
60835,2
60836,2
60837,3
60838,3
60839,2
60840,3
60841,0
60842,2
60843,2
60844,2
60845,2
60846,0
60847,0
60848,0
60849,2
60850,0
60851,0
60852,0
60853,0
60854,0
60855,0
60856,0
60857,0
60858,0
60859,0
60860,0
60861,0
60862,2
60863,0
60864,0
60865,0
60866,0
60867,3
60868,3
60869,2
60870,2
60871,3
60872,2
60873,2
60874,2
60875,2
60876,2
60877,2
60878,2
60879,2
60880,2
60881,2
60882,2
60883,2
60884,2
60885,2
60886,2
60887,2
60888,2
60889,2
60890,2
60891,2
60892,2
60893,2
60894,1
60895,2
60896,2
60897,2
60898,2
60899,2
60900,2
60901,0
60902,3
60903,2
60904,3
60905,2
60906,2
60907,3
60908,2
60909,2
60910,2
60911,2
60912,2
60913,2
60914,2
60915,2
60916,2
60917,4
60918,2
60919,2
60920,3
60921,2
60922,2
60923,2
60924,2
60925,2
60926,2
60927,2
60928,2
60929,2
60930,2
60931,2
60932,3
60933,2
60934,2
60935,2
60936,2
60937,2
60938,2
60939,3
60940,1
60941,1
60942,1
60943,3
60944,3
60945,2
60946,0
60947,3
60948,3
60949,3
60950,3
60951,3
60952,2
60953,2
60954,2
60955,2
60956,2
60957,2
60958,1
60959,2
60960,1
60961,2
60962,1
60963,2
60964,2
60965,2
60966,2
60967,2
60968,2
60969,2
60970,2
60971,0
60972,0
60973,0
60974,0
60975,0
60976,2
60977,2
60978,0
60979,0
60980,0
60981,0
60982,0
60983,0
60984,0
60985,0
60986,0
60987,0
60988,0
60989,0
60990,0
60991,0
60992,0
60993,2
60994,0
60995,2
60996,2
60997,2
60998,2
60999,2
61000,2
61001,2
61002,2
61003,2
61004,2
61005,2
61006,2
61007,2
61008,1
61009,4
61010,2
61011,2
61012,2
61013,3
61014,2
61015,2
61016,2
61017,2
61018,2
61019,2
61020,3
61021,2
61022,2
61023,2
61024,2
61025,2
61026,2
61027,2
61028,2
61029,2
61030,2
61031,2
61032,2
61033,3
61034,2
61035,2
61036,2
61037,2
61038,2
61039,3
61040,3
61041,2
61042,2
61043,2
61044,2
61045,2
61046,2
61047,2
61048,2
61049,2
61050,2
61051,2
61052,2
61053,2
61054,2
61055,2
61056,2
61057,3
61058,2
61059,2
61060,3
61061,2
61062,3
61063,2
61064,3
61065,2
61066,2
61067,2
61068,2
61069,2
61070,3
61071,2
61072,2
61073,2
61074,2
61075,3
61076,2
61077,2
61078,2
61079,2
61080,2
61081,0
61082,0
61083,2
61084,2
61085,2
61086,2
61087,0
61088,2
61089,0
61090,2
61091,0
61092,0
61093,0
61094,2
61095,0
61096,0
61097,0
61098,0
61099,0
61100,0
61101,0
61102,0
61103,0
61104,0
61105,0
61106,0
61107,0
61108,0
61109,0
61110,0
61111,0
61112,0
61113,0
61114,0
61115,0
61116,0
61117,0
61118,0
61119,0
61120,0
61121,0
61122,0
61123,0
61124,0
61125,2
61126,2
61127,2
61128,2
61129,3
61130,0
61131,2
61132,0
61133,0
61134,0
61135,0
61136,0
61137,0
61138,0
61139,0
61140,0
61141,2
61142,0
61143,0
61144,0
61145,0
61146,0
61147,0
61148,0
61149,0
61150,0
61151,0
61152,0
61153,0
61154,0
61155,0
61156,0
61157,0
61158,2
61159,0
61160,0
61161,0
61162,0
61163,0
61164,2
61165,2
61166,2
61167,0
61168,0
61169,2
61170,0
61171,0
61172,0
61173,0
61174,0
61175,0
61176,0
61177,0
61178,2
61179,0
61180,0
61181,0
61182,0
61183,0
61184,0
61185,0
61186,0
61187,0
61188,0
61189,0
61190,0
61191,0
61192,0
61193,0
61194,0
61195,0
61196,0
61197,0
61198,0
61199,0
61200,0
61201,0
61202,0
61203,0
61204,0
61205,0
61206,0
61207,0
61208,0
61209,0
61210,0
61211,0
61212,0
61213,0
61214,0
61215,0
61216,0
61217,2
61218,0
61219,0
61220,2
61221,2
61222,2
61223,2
61224,2
61225,2
61226,2
61227,2
61228,2
61229,2
61230,2
61231,2
61232,2
61233,2
61234,2
61235,2
61236,3
61237,3
61238,3
61239,2
61240,2
61241,0
61242,2
61243,1
61244,2
61245,2
61246,2
61247,0
61248,0
61249,0
61250,0
61251,0
61252,0
61253,0
61254,0
61255,0
61256,0
61257,0
61258,0
61259,0
61260,0
61261,0
61262,0
61263,0
61264,0
61265,0
61266,0
61267,0
61268,0
61269,0
61270,2
61271,2
61272,2
61273,0
61274,0
61275,0
61276,0
61277,0
61278,0
61279,0
61280,0
61281,0
61282,0
61283,0
61284,0
61285,0
61286,0
61287,0
61288,0
61289,0
61290,0
61291,0
61292,0
61293,0
61294,0
61295,0
61296,0
61297,0
61298,0
61299,0
61300,0
61301,0
61302,0
61303,0
61304,0
61305,0
61306,0
61307,0
61308,0
61309,0
61310,0
61311,0
61312,0
61313,0
61314,0
61315,0
61316,0
61317,0
61318,0
61319,0
61320,0
61321,0
61322,0
61323,0
61324,0
61325,0
61326,0
61327,0
61328,0
61329,0
61330,0
61331,0
61332,0
61333,0
61334,0
61335,0
61336,0
61337,0
61338,0
61339,0
61340,0
61341,0
61342,0
61343,0
61344,0
61345,0
61346,0
61347,0
61348,0
61349,0
61350,0
61351,0
61352,0
61353,0
61354,0
61355,0
61356,0
61357,0
61358,0
61359,0
61360,0
61361,0
61362,0
61363,0
61364,0
61365,0
61366,0
61367,0
61368,0
61369,0
61370,0
61371,0
61372,0
61373,0
61374,0
61375,0
61376,0
61377,0
61378,0
61379,0
61380,0
61381,0
61382,0
61383,0
61384,0
61385,0
61386,0
61387,0
61388,0
61389,2
61390,0
61391,0
61392,0
61393,0
61394,0
61395,0
61396,0
61397,0
61398,0
61399,0
61400,0
61401,0
61402,0
61403,0
61404,0
61405,0
61406,0
61407,0
61408,0
61409,0
61410,0
61411,0
61412,0
61413,0
61414,0
61415,0
61416,0
61417,0
61418,0
61419,0
61420,0
61421,0
61422,0
61423,0
61424,0
61425,0
61426,0
61427,0
61428,0
61429,0
61430,0
61431,0
61432,0
61433,0
61434,0
61435,0
61436,0
61437,0
61438,0
61439,0
61440,0
61441,2
61442,2
61443,2
61444,3
61445,2
61446,3
61447,2
61448,2
61449,3
61450,3
61451,3
61452,2
61453,0
61454,2
61455,2
61456,3
61457,2
61458,0
61459,3
61460,0
61461,0
61462,0
61463,0
61464,0
61465,0
61466,0
61467,0
61468,0
61469,0
61470,0
61471,0
61472,0
61473,0
61474,0
61475,0
61476,0
61477,0
61478,0
61479,0
61480,0
61481,0
61482,0
61483,0
61484,0
61485,0
61486,0
61487,0
61488,0
61489,0
61490,0
61491,0
61492,0
61493,0
61494,0
61495,0
61496,0
61497,0
61498,2
61499,0
61500,3
61501,2
61502,0
61503,0
61504,0
61505,0
61506,0
61507,0
61508,0
61509,0
61510,0
61511,0
61512,0
61513,0
61514,0
61515,2
61516,2
61517,2
61518,0
61519,2
61520,2
61521,0
61522,0
61523,0
61524,0
61525,3
61526,0
61527,0
61528,0
61529,0
61530,2
61531,2
61532,2
61533,2
61534,2
61535,3
61536,2
61537,2
61538,3
61539,2
61540,2
61541,3
61542,2
61543,2
61544,2
61545,2
61546,3
61547,3
61548,3
61549,0
61550,1
61551,0
61552,2
61553,2
61554,0
61555,2
61556,2
61557,2
61558,3
61559,2
61560,2
61561,2
61562,0
61563,0
61564,2
61565,0
61566,0
61567,0
61568,0
61569,0
61570,0
61571,0
61572,0
61573,0
61574,0
61575,0
61576,0
61577,0
61578,0
61579,0
61580,0
61581,0
61582,0
61583,0
61584,0
61585,0
61586,0
61587,0
61588,0
61589,0
61590,0
61591,0
61592,0
61593,0
61594,0
61595,0
61596,0
61597,0
61598,0
61599,0
61600,0
61601,0
61602,2
61603,0
61604,0
61605,0
61606,0
61607,0
61608,0
61609,0
61610,0
61611,0
61612,0
61613,0
61614,0
61615,0
61616,0
61617,0
61618,0
61619,2
61620,3
61621,2
61622,2
61623,2
61624,2
61625,0
61626,0
61627,0
61628,0
61629,0
61630,3
61631,0
61632,0
61633,0
61634,0
61635,0
61636,3
61637,2
61638,0
61639,0
61640,0
61641,0
61642,1
61643,1
61644,0
61645,3
61646,0
61647,0
61648,0
61649,0
61650,0
61651,0
61652,0
61653,0
61654,0
61655,0
61656,0
61657,0
61658,0
61659,0
61660,0
61661,0
61662,2
61663,1
61664,1
61665,1
61666,2
61667,2
61668,1
61669,2
61670,1
61671,1
61672,3
61673,2
61674,1
61675,2
61676,2
61677,1
61678,2
61679,1
61680,2
61681,1
61682,2
61683,2
61684,1
61685,1
61686,0
61687,3
61688,1
61689,3
61690,1
61691,1
61692,1
61693,1
61694,0
61695,1
61696,1
61697,3
61698,3
61699,1
61700,1
61701,3
61702,3
61703,2
61704,3
61705,2
61706,2
61707,2
61708,2
61709,2
61710,2
61711,2
61712,2
61713,2
61714,1
61715,1
61716,1
61717,1
61718,1
61719,1
61720,1
61721,3
61722,2
61723,1
61724,2
61725,2
61726,2
61727,3
61728,2
61729,2
61730,1
61731,2
61732,1
61733,2
61734,2
61735,1
61736,3
61737,2
61738,2
61739,2
61740,2
61741,2
61742,2
61743,3
61744,2
61745,2
61746,2
61747,2
61748,3
61749,2
61750,0
61751,2
61752,2
61753,2
61754,2
61755,2
61756,2
61757,2
61758,2
61759,2
61760,2
61761,2
61762,2
61763,2
61764,2
61765,3
61766,2
61767,2
61768,2
61769,3
61770,2
61771,2
61772,2
61773,0
61774,2
61775,1
61776,1
61777,1
61778,1
61779,1
61780,1
61781,1
61782,1
61783,1
61784,1
61785,1
61786,1
61787,3
61788,1
61789,1
61790,1
61791,2
61792,1
61793,1
61794,1
61795,2
61796,2
61797,4
61798,3
61799,2
61800,1
61801,1
61802,1
61803,1
61804,1
61805,1
61806,1
61807,2
61808,2
61809,2
61810,2
61811,2
61812,1
61813,1
61814,1
61815,2
61816,2
61817,2
61818,2
61819,1
61820,2
61821,1
61822,2
61823,1
61824,2
61825,2
61826,1
61827,2
61828,2
61829,2
61830,1
61831,2
61832,2
61833,1
61834,3
61835,2
61836,2
61837,3
61838,2
61839,2
61840,2
61841,2
61842,2
61843,2
61844,2
61845,2
61846,2
61847,2
61848,2
61849,2
61850,1
61851,1
61852,1
61853,3
61854,2
61855,2
61856,2
61857,2
61858,2
61859,2
61860,0
61861,2
61862,2
61863,0
61864,0
61865,2
61866,0
61867,4
61868,0
61869,1
61870,2
61871,2
61872,4
61873,1
61874,1
61875,2
61876,2
61877,2
61878,1
61879,1
61880,2
61881,2
61882,3
61883,2
61884,4
61885,2
61886,1
61887,2
61888,1
61889,1
61890,1
61891,3
61892,1
61893,1
61894,1
61895,1
61896,1
61897,1
61898,1
61899,1
61900,1
61901,3
61902,0
61903,1
61904,3
61905,0
61906,3
61907,1
61908,3
61909,1
61910,0
61911,0
61912,0
61913,0
61914,0
61915,1
61916,1
61917,1
61918,1
61919,1
61920,1
61921,1
61922,1
61923,1
61924,1
61925,1
61926,1
61927,1
61928,1
61929,1
61930,1
61931,1
61932,1
61933,2
61934,1
61935,2
61936,2
61937,2
61938,1
61939,2
61940,4
61941,2
61942,2
61943,2
61944,2
61945,2
61946,3
61947,1
61948,2
61949,2
61950,1
61951,2
61952,2
61953,2
61954,1
61955,1
61956,1
61957,1
61958,2
61959,1
61960,0
61961,0
61962,2
61963,2
61964,2
61965,2
61966,2
61967,3
61968,1
61969,3
61970,2
61971,2
61972,2
61973,2
61974,2
61975,2
61976,3
61977,2
61978,3
61979,3
61980,2
61981,2
61982,2
61983,3
61984,1
61985,2
61986,1
61987,1
61988,2
61989,2
61990,2
61991,3
61992,2
61993,1
61994,3
61995,2
61996,3
61997,2
61998,2
61999,2
62000,2
62001,1
62002,1
62003,3
62004,3
62005,1
62006,1
62007,1
62008,2
62009,2
62010,2
62011,2
62012,2
62013,3
62014,3
62015,2
62016,2
62017,2
62018,2
62019,3
62020,1
62021,2
62022,1
62023,2
62024,2
62025,1
62026,2
62027,2
62028,1
62029,1
62030,1
62031,1
62032,1
62033,1
62034,1
62035,1
62036,1
62037,2
62038,4
62039,2
62040,1
62041,2
62042,1
62043,3
62044,1
62045,2
62046,0
62047,1
62048,0
62049,1
62050,1
62051,1
62052,1
62053,1
62054,1
62055,1
62056,1
62057,2
62058,2
62059,1
62060,1
62061,2
62062,2
62063,1
62064,2
62065,0
62066,0
62067,2
62068,2
62069,2
62070,2
62071,2
62072,1
62073,1
62074,2
62075,2
62076,2
62077,2
62078,0
62079,2
62080,3
62081,3
62082,1
62083,2
62084,1
62085,2
62086,1
62087,1
62088,2
62089,3
62090,0
62091,0
62092,2
62093,0
62094,0
62095,2
62096,0
62097,2
62098,0
62099,0
62100,0
62101,1
62102,1
62103,2
62104,2
62105,3
62106,3
62107,1
62108,2
62109,1
62110,3
62111,2
62112,2
62113,1
62114,1
62115,1
62116,1
62117,3
62118,3
62119,1
62120,1
62121,1
62122,3
62123,2
62124,1
62125,2
62126,1
62127,1
62128,2
62129,2
62130,1
62131,2
62132,1
62133,3
62134,2
62135,2
62136,2
62137,2
62138,3
62139,3
62140,2
62141,2
62142,3
62143,3
62144,2
62145,3
62146,3
62147,2
62148,3
62149,3
62150,2
62151,3
62152,3
62153,3
62154,2
62155,2
62156,3
62157,3
62158,0
62159,3
62160,2
62161,3
62162,2
62163,2
62164,3
62165,3
62166,3
62167,3
62168,3
62169,2
62170,3
62171,3
62172,3
62173,0
62174,3
62175,3
62176,3
62177,3
62178,3
62179,3
62180,2
62181,3
62182,3
62183,3
62184,3
62185,3
62186,0
62187,3
62188,3
62189,3
62190,3
62191,2
62192,2
62193,2
62194,2
62195,3
62196,3
62197,3
62198,3
62199,3
62200,3
62201,3
62202,2
62203,3
62204,2
62205,3
62206,3
62207,3
62208,3
62209,3
62210,3
62211,3
62212,2
62213,2
62214,3
62215,3
62216,0
62217,0
62218,0
62219,2
62220,3
62221,3
62222,3
62223,3
62224,3
62225,3
62226,3
62227,3
62228,2
62229,3
62230,2
62231,2
62232,3
62233,3
62234,3
62235,3
62236,3
62237,3
62238,0
62239,0
62240,3
62241,2
62242,2
62243,3
62244,3
62245,3
62246,3
62247,3
62248,2
62249,2
62250,0
62251,0
62252,0
62253,2
62254,2
62255,3
62256,3
62257,2
62258,2
62259,2
62260,3
62261,2
62262,2
62263,2
62264,2
62265,2
62266,2
62267,3
62268,2
62269,3
62270,3
62271,2
62272,2
62273,3
62274,3
62275,3
62276,3
62277,3
62278,0
62279,3
62280,3
62281,2
62282,2
62283,1
62284,1
62285,2
62286,3
62287,4
62288,1
62289,1
62290,3
62291,1
62292,1
62293,3
62294,1
62295,3
62296,1
62297,1
62298,1
62299,1
62300,1
62301,1
62302,1
62303,3
62304,1
62305,1
62306,1
62307,1
62308,1
62309,1
62310,1
62311,1
62312,3
62313,3
62314,3
62315,4
62316,1
62317,1
62318,2
62319,3
62320,1
62321,2
62322,2
62323,0
62324,2
62325,0
62326,1
62327,1
62328,3
62329,4
62330,1
62331,4
62332,1
62333,1
62334,1
62335,2
62336,2
62337,4
62338,4
62339,1
62340,2
62341,2
62342,1
62343,1
62344,1
62345,2
62346,1
62347,3
62348,1
62349,1
62350,4
62351,1
62352,2
62353,2
62354,2
62355,0
62356,3
62357,2
62358,2
62359,3
62360,1
62361,2
62362,3
62363,3
62364,4
62365,4
62366,2
62367,4
62368,3
62369,3
62370,1
62371,1
62372,1
62373,1
62374,3
62375,1
62376,1
62377,1
62378,3
62379,3
62380,1
62381,0
62382,0
62383,0
62384,1
62385,1
62386,1
62387,1
62388,1
62389,3
62390,2
62391,0
62392,0
62393,0
62394,1
62395,3
62396,3
62397,3
62398,3
62399,3
62400,0
62401,3
62402,3
62403,2
62404,4
62405,3
62406,3
62407,3
62408,1
62409,3
62410,1
62411,1
62412,1
62413,1
62414,1
62415,1
62416,1
62417,1
62418,1
62419,3
62420,0
62421,3
62422,3
62423,3
62424,3
62425,3
62426,3
62427,3
62428,0
62429,3
62430,2
62431,1
62432,3
62433,1
62434,1
62435,4
62436,1
62437,1
62438,1
62439,1
62440,1
62441,1
62442,1
62443,1
62444,1
62445,1
62446,1
62447,0
62448,2
62449,3
62450,1
62451,1
62452,1
62453,1
62454,1
62455,4
62456,4
62457,1
62458,3
62459,2
62460,3
62461,2
62462,3
62463,2
62464,3
62465,3
62466,3
62467,2
62468,3
62469,3
62470,3
62471,3
62472,3
62473,0
62474,0
62475,3
62476,0
62477,1
62478,3
62479,0
62480,0
62481,0
62482,3
62483,0
62484,0
62485,1
62486,2
62487,1
62488,1
62489,2
62490,3
62491,4
62492,3
62493,2
62494,3
62495,1
62496,1
62497,1
62498,3
62499,3
62500,4
62501,2
62502,3
62503,3
62504,3
62505,1
62506,2
62507,1
62508,2
62509,3
62510,2
62511,2
62512,1
62513,1
62514,1
62515,2
62516,3
62517,3
62518,3
62519,3
62520,3
62521,3
62522,3
62523,1
62524,2
62525,2
62526,3
62527,1
62528,3
62529,3
62530,1
62531,1
62532,1
62533,3
62534,3
62535,1
62536,1
62537,0
62538,3
62539,3
62540,1
62541,4
62542,4
62543,3
62544,1
62545,1
62546,1
62547,3
62548,3
62549,2
62550,3
62551,2
62552,2
62553,1
62554,1
62555,1
62556,3
62557,1
62558,1
62559,1
62560,0
62561,4
62562,2
62563,2
62564,4
62565,3
62566,4
62567,3
62568,4
62569,3
62570,1
62571,4
62572,2
62573,2
62574,2
62575,1
62576,3
62577,2
62578,2
62579,1
62580,3
62581,2
62582,1
62583,1
62584,2
62585,2
62586,2
62587,3
62588,3
62589,1
62590,2
62591,2
62592,1
62593,2
62594,0
62595,2
62596,2
62597,1
62598,0
62599,1
62600,1
62601,1
62602,1
62603,2
62604,1
62605,1
62606,2
62607,2
62608,3
62609,1
62610,2
62611,3
62612,3
62613,1
62614,4
62615,1
62616,2
62617,0
62618,1
62619,2
62620,1
62621,1
62622,1
62623,1
62624,2
62625,1
62626,2
62627,2
62628,2
62629,2
62630,1
62631,1
62632,1
62633,2
62634,1
62635,1
62636,3
62637,3
62638,2
62639,3
62640,3
62641,3
62642,1
62643,2
62644,2
62645,3
62646,3
62647,3
62648,2
62649,3
62650,3
62651,3
62652,3
62653,3
62654,2
62655,3
62656,0
62657,3
62658,2
62659,3
62660,3
62661,3
62662,0
62663,0
62664,0
62665,0
62666,2
62667,3
62668,2
62669,2
62670,3
62671,3
62672,0
62673,0
62674,0
62675,0
62676,0
62677,0
62678,0
62679,0
62680,0
62681,3
62682,4
62683,1
62684,2
62685,2
62686,2
62687,2
62688,1
62689,2
62690,2
62691,2
62692,0
62693,0
62694,3
62695,3
62696,2
62697,2
62698,2
62699,1
62700,2
62701,3
62702,3
62703,3
62704,2
62705,2
62706,4
62707,2
62708,1
62709,3
62710,2
62711,2
62712,4
62713,3
62714,3
62715,3
62716,0
62717,0
62718,2
62719,0
62720,2
62721,3
62722,3
62723,2
62724,2
62725,3
62726,1
62727,2
62728,2
62729,3
62730,3
62731,2
62732,1
62733,1
62734,1
62735,1
62736,2
62737,1
62738,1
62739,2
62740,3
62741,2
62742,2
62743,2
62744,3
62745,0
62746,2
62747,0
62748,1
62749,1
62750,1
62751,1
62752,1
62753,3
62754,3
62755,3
62756,2
62757,1
62758,1
62759,1
62760,3
62761,3
62762,3
62763,4
62764,4
62765,3
62766,3
62767,2
62768,3
62769,1
62770,1
62771,3
62772,2
62773,2
62774,3
62775,2
62776,2
62777,3
62778,3
62779,3
62780,3
62781,3
62782,3
62783,2
62784,2
62785,2
62786,3
62787,2
62788,0
62789,0
62790,2
62791,2
62792,0
62793,0
62794,0
62795,0
62796,2
62797,0
62798,0
62799,0
62800,0
62801,0
62802,0
62803,3
62804,2
62805,2
62806,3
62807,3
62808,3
62809,3
62810,3
62811,3
62812,2
62813,3
62814,3
62815,3
62816,2
62817,3
62818,3
62819,2
62820,3
62821,3
62822,3
62823,2
62824,0
62825,0
62826,0
62827,0
62828,0
62829,1
62830,2
62831,3
62832,3
62833,2
62834,2
62835,1
62836,2
62837,1
62838,3
62839,3
62840,2
62841,0
62842,0
62843,0
62844,0
62845,0
62846,0
62847,0
62848,0
62849,0
62850,2
62851,1
62852,3
62853,2
62854,4
62855,3
62856,4
62857,2
62858,4
62859,3
62860,4
62861,0
62862,2
62863,4
62864,3
62865,2
62866,2
62867,2
62868,0
62869,0
62870,2
62871,3
62872,3
62873,3
62874,3
62875,0
62876,0
62877,3
62878,0
62879,0
62880,0
62881,0
62882,0
62883,0
62884,0
62885,0
62886,2
62887,2
62888,4
62889,2
62890,0
62891,3
62892,3
62893,3
62894,3
62895,1
62896,0
62897,2
62898,2
62899,2
62900,3
62901,4
62902,4
62903,3
62904,2
62905,0
62906,3
62907,1
62908,3
62909,2
62910,0
62911,0
62912,3
62913,0
62914,0
62915,0
62916,0
62917,0
62918,0
62919,0
62920,2
62921,2
62922,3
62923,3
62924,3
62925,2
62926,2
62927,2
62928,2
62929,2
62930,2
62931,2
62932,3
62933,3
62934,3
62935,3
62936,3
62937,2
62938,3
62939,2
62940,2
62941,0
62942,0
62943,0
62944,0
62945,0
62946,3
62947,3
62948,3
62949,1
62950,0
62951,3
62952,3
62953,2
62954,3
62955,2
62956,3
62957,3
62958,3
62959,2
62960,2
62961,3
62962,2
62963,2
62964,2
62965,2
62966,3
62967,3
62968,3
62969,2
62970,2
62971,3
62972,3
62973,3
62974,3
62975,2
62976,2
62977,2
62978,2
62979,3
62980,2
62981,2
62982,3
62983,3
62984,2
62985,2
62986,2
62987,3
62988,2
62989,1
62990,3
62991,2
62992,0
62993,4
62994,2
62995,2
62996,3
62997,3
62998,3
62999,2
63000,2
63001,0
63002,2
63003,1
63004,3
63005,2
63006,3
63007,2
63008,3
63009,3
63010,3
63011,3
63012,3
63013,3
63014,2
63015,3
63016,3
63017,3
63018,1
63019,3
63020,2
63021,2
63022,2
63023,0
63024,3
63025,1
63026,1
63027,1
63028,2
63029,2
63030,2
63031,2
63032,2
63033,2
63034,2
63035,3
63036,3
63037,2
63038,3
63039,2
63040,2
63041,3
63042,2
63043,3
63044,3
63045,2
63046,3
63047,2
63048,1
63049,3
63050,3
63051,1
63052,2
63053,2
63054,2
63055,3
63056,3
63057,3
63058,3
63059,0
63060,3
63061,3
63062,3
63063,3
63064,3
63065,3
63066,2
63067,2
63068,2
63069,0
63070,3
63071,2
63072,3
63073,2
63074,2
63075,3
63076,3
63077,3
63078,3
63079,3
63080,2
63081,2
63082,3
63083,3
63084,3
63085,2
63086,2
63087,2
63088,2
63089,2
63090,3
63091,2
63092,3
63093,3
63094,3
63095,3
63096,3
63097,3
63098,3
63099,3
63100,3
63101,3
63102,1
63103,1
63104,1
63105,2
63106,2
63107,3
63108,2
63109,2
63110,2
63111,3
63112,1
63113,2
63114,3
63115,3
63116,2
63117,3
63118,3
63119,2
63120,3
63121,3
63122,2
63123,2
63124,0
63125,2
63126,2
63127,2
63128,2
63129,2
63130,2
63131,2
63132,3
63133,3
63134,2
63135,0
63136,2
63137,2
63138,2
63139,2
63140,0
63141,2
63142,2
63143,3
63144,3
63145,1
63146,3
63147,2
63148,3
63149,0
63150,0
63151,2
63152,3
63153,2
63154,2
63155,2
63156,2
63157,3
63158,2
63159,2
63160,3
63161,0
63162,2
63163,2
63164,2
63165,3
63166,3
63167,0
63168,3
63169,3
63170,2
63171,3
63172,3
63173,3
63174,3
63175,3
63176,3
63177,3
63178,3
63179,2
63180,2
63181,2
63182,4
63183,2
63184,2
63185,3
63186,3
63187,2
63188,3
63189,3
63190,0
63191,3
63192,2
63193,2
63194,2
63195,3
63196,3
63197,3
63198,3
63199,2
63200,3
63201,2
63202,0
63203,3
63204,2
63205,2
63206,2
63207,2
63208,2
63209,2
63210,3
63211,3
63212,2
63213,3
63214,3
63215,2
63216,2
63217,2
63218,2
63219,2
63220,2
63221,2
63222,2
63223,2
63224,2
63225,3
63226,2
63227,2
63228,2
63229,3
63230,2
63231,3
63232,3
63233,2
63234,2
63235,3
63236,0
63237,0
63238,3
63239,2
63240,2
63241,2
63242,2
63243,0
63244,2
63245,2
63246,3
63247,2
63248,2
63249,2
63250,3
63251,3
63252,2
63253,3
63254,2
63255,2
63256,2
63257,3
63258,0
63259,3
63260,2
63261,2
63262,2
63263,2
63264,2
63265,3
63266,2
63267,1
63268,2
63269,2
63270,2
63271,3
63272,2
63273,3
63274,3
63275,2
63276,2
63277,2
63278,3
63279,2
63280,2
63281,3
63282,2
63283,2
63284,2
63285,2
63286,2
63287,0
63288,3
63289,2
63290,3
63291,2
63292,2
63293,2
63294,3
63295,2
63296,2
63297,2
63298,2
63299,2
63300,2
63301,2
63302,2
63303,2
63304,2
63305,2
63306,2
63307,2
63308,2
63309,2
63310,3
63311,3
63312,3
63313,3
63314,2
63315,3
63316,3
63317,2
63318,3
63319,3
63320,3
63321,2
63322,3
63323,2
63324,2
63325,2
63326,3
63327,1
63328,2
63329,2
63330,3
63331,2
63332,3
63333,3
63334,2
63335,3
63336,3
63337,3
63338,3
63339,2
63340,2
63341,2
63342,2
63343,2
63344,1
63345,2
63346,3
63347,3
63348,0
63349,3
63350,2
63351,3
63352,3
63353,3
63354,2
63355,2
63356,2
63357,2
63358,2
63359,2
63360,2
63361,2
63362,2
63363,2
63364,2
63365,3
63366,2
63367,3
63368,3
63369,2
63370,2
63371,2
63372,3
63373,1
63374,2
63375,2
63376,0
63377,2
63378,0
63379,2
63380,2
63381,2
63382,3
63383,0
63384,2
63385,3
63386,2
63387,2
63388,0
63389,2
63390,2
63391,2
63392,3
63393,3
63394,2
63395,2
63396,3
63397,1
63398,3
63399,3
63400,2
63401,1
63402,3
63403,3
63404,3
63405,3
63406,3
63407,0
63408,1
63409,2
63410,3
63411,1
63412,0
63413,2
63414,2
63415,3
63416,2
63417,1
63418,2
63419,3
63420,3
63421,2
63422,3
63423,3
63424,2
63425,3
63426,2
63427,3
63428,2
63429,2
63430,2
63431,2
63432,3
63433,3
63434,3
63435,2
63436,2
63437,2
63438,2
63439,3
63440,3
63441,2
63442,3
63443,2
63444,1
63445,3
63446,3
63447,2
63448,2
63449,2
63450,3
63451,2
63452,2
63453,2
63454,2
63455,2
63456,2
63457,3
63458,2
63459,2
63460,2
63461,2
63462,3
63463,3
63464,2
63465,3
63466,3
63467,2
63468,3
63469,3
63470,3
63471,2
63472,3
63473,2
63474,3
63475,2
63476,2
63477,3
63478,2
63479,2
63480,3
63481,2
63482,2
63483,2
63484,3
63485,2
63486,2
63487,3
63488,2
63489,2
63490,2
63491,3
63492,2
63493,2
63494,1
63495,2
63496,3
63497,4
63498,3
63499,3
63500,3
63501,3
63502,2
63503,2
63504,3
63505,3
63506,1
63507,3
63508,0
63509,3
63510,3
63511,1
63512,2
63513,0
63514,2
63515,3
63516,2
63517,2
63518,2
63519,3
63520,2
63521,3
63522,2
63523,2
63524,2
63525,0
63526,2
63527,1
63528,0
63529,2
63530,0
63531,2
63532,1
63533,2
63534,2
63535,2
63536,3
63537,2
63538,3
63539,3
63540,2
63541,3
63542,3
63543,1
63544,2
63545,0
63546,2
63547,1
63548,2
63549,3
63550,2
63551,0
63552,2
63553,2
63554,2
63555,2
63556,3
63557,2
63558,3
63559,3
63560,0
63561,0
63562,2
63563,2
63564,2
63565,2
63566,2
63567,3
63568,2
63569,2
63570,2
63571,3
63572,2
63573,2
63574,3
63575,2
63576,2
63577,2
63578,3
63579,2
63580,2
63581,3
63582,2
63583,2
63584,2
63585,3
63586,2
63587,2
63588,2
63589,3
63590,2
63591,2
63592,2
63593,3
63594,3
63595,2
63596,2
63597,3
63598,3
63599,2
63600,2
63601,3
63602,2
63603,2
63604,1
63605,2
63606,3
63607,3
63608,3
63609,2
63610,3
63611,2
63612,2
63613,3
63614,2
63615,2
63616,2
63617,2
63618,3
63619,2
63620,2
63621,2
63622,2
63623,2
63624,2
63625,2
63626,2
63627,2
63628,3
63629,2
63630,3
63631,2
63632,2
63633,3
63634,3
63635,3
63636,3
63637,1
63638,2
63639,2
63640,2
63641,2
63642,3
63643,0
63644,2
63645,2
63646,2
63647,4
63648,2
63649,3
63650,2
63651,2
63652,0
63653,2
63654,2
63655,2
63656,2
63657,3
63658,2
63659,2
63660,2
63661,3
63662,2
63663,2
63664,2
63665,2
63666,2
63667,0
63668,2
63669,2
63670,2
63671,2
63672,2
63673,2
63674,3
63675,0
63676,3
63677,3
63678,3
63679,2
63680,2
63681,2
63682,3
63683,2
63684,3
63685,2
63686,2
63687,3
63688,2
63689,0
63690,2
63691,2
63692,2
63693,3
63694,2
63695,2
63696,0
63697,3
63698,2
63699,3
63700,2
63701,2
63702,2
63703,2
63704,2
63705,2
63706,2
63707,2
63708,2
63709,4
63710,3
63711,3
63712,2
63713,2
63714,3
63715,3
63716,2
63717,2
63718,2
63719,1
63720,3
63721,2
63722,2
63723,2
63724,2
63725,2
63726,3
63727,3
63728,2
63729,2
63730,3
63731,0
63732,3
63733,2
63734,2
63735,2
63736,3
63737,3
63738,2
63739,2
63740,2
63741,2
63742,3
63743,2
63744,2
63745,3
63746,2
63747,2
63748,3
63749,3
63750,3
63751,2
63752,2
63753,2
63754,2
63755,2
63756,2
63757,2
63758,2
63759,3
63760,2
63761,2
63762,3
63763,3
63764,2
63765,2
63766,2
63767,0
63768,0
63769,2
63770,2
63771,1
63772,1
63773,1
63774,1
63775,2
63776,2
63777,2
63778,2
63779,3
63780,3
63781,2
63782,3
63783,2
63784,2
63785,3
63786,1
63787,3
63788,2
63789,2
63790,3
63791,2
63792,3
63793,3
63794,2
63795,0
63796,2
63797,2
63798,2
63799,3
63800,2
63801,0
63802,3
63803,0
63804,0
63805,2
63806,2
63807,2
63808,2
63809,3
63810,3
63811,2
63812,2
63813,3
63814,3
63815,2
63816,1
63817,0
63818,2
63819,2
63820,3
63821,2
63822,2
63823,2
63824,2
63825,2
63826,3
63827,3
63828,2
63829,1
63830,2
63831,3
63832,3
63833,2
63834,2
63835,2
63836,0
63837,2
63838,3
63839,2
63840,2
63841,2
63842,2
63843,2
63844,2
63845,2
63846,2
63847,3
63848,2
63849,1
63850,3
63851,3
63852,2
63853,2
63854,2
63855,3
63856,3
63857,3
63858,3
63859,3
63860,2
63861,2
63862,2
63863,2
63864,2
63865,2
63866,2
63867,2
63868,2
63869,3
63870,2
63871,2
63872,2
63873,0
63874,2
63875,2
63876,2
63877,0
63878,2
63879,2
63880,2
63881,3
63882,2
63883,2
63884,3
63885,0
63886,2
63887,2
63888,3
63889,3
63890,2
63891,2
63892,2
63893,2
63894,2
63895,3
63896,3
63897,3
63898,3
63899,2
63900,2
63901,3
63902,3
63903,3
63904,2
63905,2
63906,3
63907,3
63908,2
63909,3
63910,2
63911,0
63912,3
63913,3
63914,3
63915,2
63916,2
63917,3
63918,2
63919,2
63920,2
63921,3
63922,2
63923,3
63924,3
63925,2
63926,2
63927,2
63928,2
63929,3
63930,3
63931,2
63932,2
63933,2
63934,4
63935,4
63936,3
63937,3
63938,1
63939,2
63940,3
63941,2
63942,2
63943,2
63944,3
63945,3
63946,2
63947,3
63948,3
63949,1
63950,1
63951,3
63952,3
63953,3
63954,3
63955,0
63956,1
63957,1
63958,3
63959,3
63960,3
63961,2
63962,2
63963,2
63964,3
63965,3
63966,2
63967,1
63968,2
63969,1
63970,0
63971,2
63972,2
63973,3
63974,3
63975,2
63976,1
63977,2
63978,2
63979,3
63980,1
63981,2
63982,3
63983,2
63984,2
63985,3
63986,3
63987,2
63988,2
63989,2
63990,3
63991,3
63992,2
63993,2
63994,3
63995,2
63996,3
63997,2
63998,3
63999,3
64000,3
64001,0
64002,0
64003,3
64004,2
64005,2
64006,2
64007,2
64008,3
64009,2
64010,2
64011,2
64012,2
64013,2
64014,2
64015,2
64016,2
64017,2
64018,2
64019,2
64020,2
64021,0
64022,2
64023,0
64024,2
64025,3
64026,2
64027,2
64028,2
64029,3
64030,3
64031,2
64032,2
64033,2
64034,2
64035,2
64036,2
64037,2
64038,2
64039,3
64040,3
64041,2
64042,2
64043,2
64044,2
64045,2
64046,2
64047,3
64048,2
64049,3
64050,2
64051,2
64052,2
64053,2
64054,3
64055,3
64056,2
64057,2
64058,3
64059,3
64060,1
64061,1
64062,0
64063,3
64064,1
64065,1
64066,3
64067,1
64068,1
64069,1
64070,1
64071,3
64072,2
64073,3
64074,2
64075,3
64076,3
64077,3
64078,2
64079,2
64080,0
64081,3
64082,2
64083,2
64084,3
64085,1
64086,2
64087,2
64088,2
64089,3
64090,2
64091,2
64092,2
64093,2
64094,3
64095,3
64096,2
64097,2
64098,2
64099,3
64100,2
64101,2
64102,3
64103,3
64104,2
64105,2
64106,3
64107,3
64108,2
64109,2
64110,2
64111,3
64112,0
64113,0
64114,2
64115,3
64116,1
64117,0
64118,3
64119,2
64120,0
64121,2
64122,3
64123,2
64124,2
64125,2
64126,2
64127,2
64128,2
64129,2
64130,2
64131,2
64132,2
64133,2
64134,3
64135,0
64136,0
64137,3
64138,3
64139,1
64140,2
64141,2
64142,2
64143,3
64144,2
64145,3
64146,1
64147,3
64148,3
64149,0
64150,0
64151,3
64152,2
64153,2
64154,2
64155,2
64156,3
64157,2
64158,2
64159,2
64160,3
64161,2
64162,3
64163,2
64164,3
64165,2
64166,2
64167,3
64168,3
64169,1
64170,3
64171,1
64172,3
64173,3
64174,2
64175,3
64176,2
64177,2
64178,2
64179,2
64180,3
64181,2
64182,0
64183,2
64184,1
64185,2
64186,2
64187,3
64188,1
64189,3
64190,2
64191,3
64192,2
64193,2
64194,2
64195,3
64196,2
64197,2
64198,2
64199,2
64200,2
64201,2
64202,0
64203,2
64204,0
64205,0
64206,2
64207,3
64208,2
64209,2
64210,2
64211,3
64212,3
64213,3
64214,1
64215,3
64216,2
64217,3
64218,2
64219,3
64220,3
64221,2
64222,3
64223,0
64224,2
64225,2
64226,0
64227,2
64228,2
64229,2
64230,3
64231,2
64232,3
64233,2
64234,3
64235,2
64236,2
64237,2
64238,2
64239,2
64240,2
64241,3
64242,3
64243,2
64244,3
64245,3
64246,3
64247,0
64248,2
64249,2
64250,2
64251,3
64252,3
64253,1
64254,4
64255,1
64256,1
64257,4
64258,3
64259,2
64260,2
64261,2
64262,3
64263,1
64264,3
64265,2
64266,2
64267,2
64268,3
64269,2
64270,2
64271,0
64272,2
64273,2
64274,4
64275,2
64276,2
64277,4
64278,1
64279,2
64280,2
64281,2
64282,2
64283,2
64284,0
64285,0
64286,2
64287,0
64288,2
64289,3
64290,2
64291,2
64292,2
64293,3
64294,2
64295,3
64296,3
64297,3
64298,3
64299,2
64300,2
64301,3
64302,2
64303,3
64304,2
64305,2
64306,2
64307,3
64308,3
64309,2
64310,3
64311,2
64312,2
64313,2
64314,2
64315,2
64316,2
64317,2
64318,3
64319,1
64320,1
64321,2
64322,2
64323,3
64324,2
64325,2
64326,3
64327,2
64328,2
64329,2
64330,2
64331,0
64332,3
64333,2
64334,3
64335,2
64336,3
64337,1
64338,0
64339,3
64340,2
64341,2
64342,1
64343,3
64344,2
64345,2
64346,2
64347,2
64348,2
64349,2
64350,0
64351,2
64352,0
64353,2
64354,2
64355,3
64356,2
64357,3
64358,2
64359,2
64360,3
64361,3
64362,3
64363,2
64364,3
64365,3
64366,2
64367,3
64368,1
64369,1
64370,2
64371,2
64372,2
64373,3
64374,2
64375,3
64376,2
64377,0
64378,3
64379,2
64380,2
64381,2
64382,1
64383,2
64384,3
64385,0
64386,2
64387,2
64388,2
64389,2
64390,3
64391,2
64392,0
64393,2
64394,1
64395,2
64396,2
64397,2
64398,2
64399,2
64400,2
64401,3
64402,2
64403,3
64404,3
64405,3
64406,3
64407,2
64408,3
64409,2
64410,3
64411,2
64412,2
64413,3
64414,2
64415,2
64416,2
64417,0
64418,2
64419,2
64420,2
64421,2
64422,3
64423,3
64424,3
64425,2
64426,4
64427,2
64428,2
64429,2
64430,2
64431,2
64432,0
64433,0
64434,0
64435,0
64436,3
64437,4
64438,0
64439,0
64440,2
64441,4
64442,2
64443,2
64444,3
64445,2
64446,3
64447,2
64448,2
64449,3
64450,2
64451,2
64452,2
64453,3
64454,3
64455,1
64456,3
64457,2
64458,2
64459,2
64460,3
64461,2
64462,2
64463,3
64464,2
64465,2
64466,2
64467,2
64468,2
64469,0
64470,3
64471,2
64472,2
64473,2
64474,3
64475,3
64476,2
64477,1
64478,1
64479,2
64480,3
64481,2
64482,3
64483,2
64484,2
64485,2
64486,2
64487,2
64488,2
64489,3
64490,2
64491,2
64492,2
64493,2
64494,2
64495,2
64496,2
64497,2
64498,2
64499,2
64500,2
64501,0
64502,2
64503,2
64504,2
64505,2
64506,2
64507,2
64508,3
64509,2
64510,3
64511,2
64512,3
64513,2
64514,3
64515,2
64516,3
64517,3
64518,2
64519,2
64520,2
64521,3
64522,3
64523,3
64524,3
64525,3
64526,3
64527,3
64528,2
64529,3
64530,2
64531,0
64532,3
64533,3
64534,2
64535,2
64536,3
64537,0
64538,2
64539,2
64540,3
64541,3
64542,2
64543,2
64544,3
64545,2
64546,3
64547,0
64548,2
64549,3
64550,3
64551,2
64552,2
64553,3
64554,3
64555,2
64556,2
64557,2
64558,2
64559,2
64560,2
64561,3
64562,3
64563,3
64564,2
64565,2
64566,3
64567,2
64568,2
64569,2
64570,3
64571,3
64572,2
64573,2
64574,2
64575,2
64576,2
64577,3
64578,3
64579,3
64580,3
64581,2
64582,2
64583,2
64584,3
64585,3
64586,2
64587,3
64588,3
64589,2
64590,0
64591,3
64592,2
64593,3
64594,2
64595,2
64596,2
64597,3
64598,3
64599,2
64600,2
64601,3
64602,2
64603,2
64604,2
64605,2
64606,2
64607,2
64608,2
64609,2
64610,2
64611,2
64612,2
64613,2
64614,2
64615,2
64616,2
64617,2
64618,3
64619,2
64620,0
64621,2
64622,2
64623,3
64624,2
64625,3
64626,2
64627,2
64628,2
64629,2
64630,0
64631,2
64632,2
64633,2
64634,2
64635,2
64636,2
64637,3
64638,2
64639,2
64640,2
64641,2
64642,2
64643,2
64644,2
64645,3
64646,2
64647,2
64648,2
64649,2
64650,2
64651,2
64652,2
64653,2
64654,2
64655,2
64656,2
64657,1
64658,2
64659,2
64660,2
64661,3
64662,2
64663,2
64664,3
64665,2
64666,2
64667,2
64668,3
64669,2
64670,3
64671,3
64672,2
64673,3
64674,2
64675,2
64676,3
64677,2
64678,2
64679,3
64680,1
64681,2
64682,2
64683,2
64684,2
64685,2
64686,1
64687,2
64688,2
64689,2
64690,2
64691,3
64692,2
64693,3
64694,3
64695,2
64696,2
64697,2
64698,3
64699,4
64700,2
64701,2
64702,2
64703,2
64704,2
64705,3
64706,3
64707,2
64708,2
64709,2
64710,3
64711,3
64712,3
64713,3
64714,1
64715,4
64716,2
64717,2
64718,2
64719,0
64720,0
64721,3
64722,3
64723,3
64724,1
64725,2
64726,3
64727,1
64728,2
64729,3
64730,3
64731,2
64732,2
64733,2
64734,2
64735,2
64736,2
64737,3
64738,2
64739,2
64740,2
64741,3
64742,3
64743,2
64744,2
64745,2
64746,2
64747,2
64748,3
64749,3
64750,2
64751,2
64752,2
64753,3
64754,3
64755,2
64756,3
64757,1
64758,1
64759,3
64760,1
64761,3
64762,1
64763,3
64764,3
64765,2
64766,1
64767,3
64768,3
64769,1
64770,3
64771,3
64772,1
64773,3
64774,1
64775,3
64776,3
64777,4
64778,3
64779,2
64780,3
64781,3
64782,2
64783,3
64784,3
64785,3
64786,1
64787,1
64788,1
64789,2
64790,4
64791,1
64792,3
64793,3
64794,3
64795,2
64796,3
64797,1
64798,1
64799,3
64800,2
64801,0
64802,0
64803,0
64804,3
64805,3
64806,1
64807,3
64808,1
64809,1
64810,3
64811,2
64812,2
64813,1
64814,1
64815,1
64816,1
64817,3
64818,2
64819,2
64820,2
64821,3
64822,0
64823,3
64824,3
64825,0
64826,0
64827,0
64828,2
64829,2
64830,2
64831,2
64832,0
64833,3
64834,0
64835,0
64836,2
64837,2
64838,3
64839,2
64840,0
64841,0
64842,2
64843,3
64844,2
64845,3
64846,3
64847,1
64848,2
64849,3
64850,2
64851,3
64852,1
64853,1
64854,3
64855,1
64856,3
64857,3
64858,3
64859,3
64860,3
64861,3
64862,3
64863,3
64864,3
64865,3
64866,3
64867,1
64868,3
64869,3
64870,3
64871,3
64872,2
64873,1
64874,3
64875,3
64876,2
64877,2
64878,3
64879,2
64880,3
64881,3
64882,3
64883,2
64884,2
64885,1
64886,2
64887,2
64888,1
64889,2
64890,2
64891,2
64892,2
64893,1
64894,2
64895,1
64896,1
64897,2
64898,1
64899,1
64900,1
64901,1
64902,2
64903,2
64904,3
64905,3
64906,4
64907,0
64908,3
64909,3
64910,3
64911,3
64912,3
64913,3
64914,2
64915,2
64916,3
64917,3
64918,1
64919,3
64920,3
64921,3
64922,3
64923,3
64924,3
64925,3
64926,3
64927,3
64928,3
64929,3
64930,3
64931,3
64932,3
64933,3
64934,3
64935,3
64936,3
64937,3
64938,3
64939,3
64940,3
64941,3
64942,3
64943,3
64944,3
64945,3
64946,3
64947,3
64948,3
64949,3
64950,2
64951,2
64952,3
64953,2
64954,3
64955,3
64956,3
64957,2
64958,2
64959,2
64960,2
64961,2
64962,2
64963,3
64964,3
64965,3
64966,3
64967,3
64968,3
64969,3
64970,0
64971,3
64972,2
64973,3
64974,2
64975,3
64976,2
64977,2
64978,2
64979,2
64980,3
64981,4
64982,3
64983,3
64984,3
64985,2
64986,3
64987,2
64988,2
64989,3
64990,3
64991,2
64992,3
64993,3
64994,3
64995,3
64996,2
64997,0
64998,2
64999,3
65000,3
65001,3
65002,2
65003,3
65004,3
65005,2
65006,3
65007,3
65008,2
65009,3
65010,2
65011,4
65012,3
65013,2
65014,2
65015,3
65016,2
65017,3
65018,3
65019,3
65020,3
65021,2
65022,2
65023,1
65024,3
65025,3
65026,3
65027,3
65028,3
65029,3
65030,3
65031,1
65032,1
65033,1
65034,3
65035,3
65036,3
65037,2
65038,3
65039,3
65040,3
65041,3
65042,2
65043,2
65044,2
65045,2
65046,2
65047,2
65048,2
65049,2
65050,2
65051,2
65052,3
65053,3
65054,2
65055,2
65056,3
65057,1
65058,2
65059,3
65060,2
65061,2
65062,2
65063,2
65064,3
65065,2
65066,3
65067,3
65068,3
65069,3
65070,3
65071,3
65072,3
65073,3
65074,2
65075,4
65076,3
65077,3
65078,3
65079,3
65080,3
65081,3
65082,3
65083,2
65084,2
65085,3
65086,1
65087,3
65088,3
65089,2
65090,2
65091,4
65092,3
65093,3
65094,3
65095,3
65096,3
65097,3
65098,3
65099,3
65100,3
65101,2
65102,2
65103,3
65104,3
65105,2
65106,3
65107,2
65108,2
65109,3
65110,3
65111,3
65112,3
65113,3
65114,3
65115,2
65116,2
65117,2
65118,2
65119,2
65120,2
65121,2
65122,3
65123,3
65124,2
65125,2
65126,2
65127,1
65128,4
65129,2
65130,4
65131,2
65132,3
65133,4
65134,2
65135,3
65136,2
65137,2
65138,2
65139,2
65140,2
65141,2
65142,3
65143,3
65144,2
65145,2
65146,2
65147,3
65148,3
65149,2
65150,3
65151,2
65152,3
65153,3
65154,3
65155,4
65156,3
65157,3
65158,3
65159,3
65160,3
65161,3
65162,3
65163,3
65164,3
65165,3
65166,3
65167,3
65168,3
65169,2
65170,2
65171,2
65172,2
65173,2
65174,3
65175,2
65176,2
65177,2
65178,2
65179,2
65180,2
65181,2
65182,2
65183,2
65184,2
65185,2
65186,2
65187,2
65188,2
65189,3
65190,2
65191,2
65192,2
65193,2
65194,3
65195,3
65196,3
65197,3
65198,3
65199,1
65200,3
65201,3
65202,3
65203,3
65204,3
65205,3
65206,3
65207,3
65208,1
65209,2
65210,2
65211,3
65212,2
65213,2
65214,3
65215,3
65216,3
65217,2
65218,3
65219,3
65220,3
65221,3
65222,3
65223,3
65224,3
65225,2
65226,3
65227,3
65228,3
65229,3
65230,3
65231,3
65232,3
65233,3
65234,3
65235,3
65236,2
65237,3
65238,2
65239,2
65240,3
65241,3
65242,3
65243,3
65244,2
65245,3
65246,3
65247,2
65248,2
65249,3
65250,3
65251,3
65252,2
65253,3
65254,3
65255,3
65256,1
65257,2
65258,3
65259,4
65260,3
65261,3
65262,2
65263,3
65264,2
65265,4
65266,4
65267,2
65268,2
65269,2
65270,2
65271,2
65272,3
65273,2
65274,2
65275,2
65276,2
65277,2
65278,3
65279,3
65280,3
65281,3
65282,3
65283,3
65284,2
65285,4
65286,2
65287,3
65288,4
65289,3
65290,2
65291,4
65292,3
65293,2
65294,3
65295,3
65296,2
65297,2
65298,2
65299,2
65300,3
65301,2
65302,2
65303,2
65304,2
65305,3
65306,2
65307,2
65308,4
65309,2
65310,2
65311,2
65312,2
65313,2
65314,2
65315,2
65316,2
65317,2
65318,2
65319,0
65320,3
65321,2
65322,2
65323,4
65324,2
65325,2
65326,2
65327,2
65328,2
65329,2
65330,2
65331,3
65332,3
65333,3
65334,3
65335,3
65336,3
65337,2
65338,3
65339,1
65340,3
65341,3
65342,3
65343,3
65344,2
65345,2
65346,3
65347,3
65348,3
65349,1
65350,3
65351,3
65352,3
65353,3
65354,2
65355,3
65356,3
65357,3
65358,2
65359,3
65360,3
65361,3
65362,3
65363,2
65364,1
65365,3
65366,2
65367,3
65368,3
65369,3
65370,3
65371,3
65372,3
65373,3
65374,2
65375,3
65376,2
65377,2
65378,2
65379,2
65380,1
65381,3
65382,2
65383,3
65384,2
65385,1
65386,1
65387,1
65388,1
65389,1
65390,3
65391,3
65392,3
65393,3
65394,3
65395,3
65396,3
65397,3
65398,3
65399,2
65400,3
65401,3
65402,3
65403,2
65404,2
65405,4
65406,3
65407,4
65408,2
65409,3
65410,3
65411,1
65412,2
65413,2
65414,3
65415,2
65416,4
65417,2
65418,2
65419,4
65420,2
65421,2
65422,3
65423,3
65424,3
65425,3
65426,3
65427,3
65428,2
65429,2
65430,3
65431,3
65432,3
65433,3
65434,3
65435,2
65436,3
65437,3
65438,3
65439,2
65440,4
65441,2
65442,2
65443,4
65444,3
65445,2
65446,2
65447,2
65448,2
65449,1
65450,2
65451,2
65452,3
65453,2
65454,2
65455,3
65456,3
65457,3
65458,3
65459,3
65460,3
65461,2
65462,2
65463,3
65464,3
65465,3
65466,3
65467,3
65468,3
65469,2
65470,2
65471,3
65472,3
65473,3
65474,2
65475,2
65476,2
65477,3
65478,3
65479,3
65480,3
65481,2
65482,2
65483,4
65484,3
65485,2
65486,3
65487,2
65488,3
65489,3
65490,3
65491,3
65492,3
65493,3
65494,3
65495,3
65496,2
65497,3
65498,3
65499,3
65500,3
65501,2
65502,3
65503,3
65504,3
65505,3
65506,2
65507,4
65508,2
65509,3
65510,3
65511,2
65512,3
65513,3
65514,3
65515,3
65516,2
65517,2
65518,3
65519,3
65520,3
65521,3
65522,3
65523,3
65524,3
65525,3
65526,4
65527,3
65528,4
65529,3
65530,4
65531,2
65532,3
65533,2
65534,3
65535,2
65536,2
65537,2
65538,2
65539,0
65540,3
65541,2
65542,2
65543,3
65544,3
65545,3
65546,2
65547,2
65548,2
65549,2
65550,2
65551,2
65552,2
65553,2
65554,2
65555,2
65556,2
65557,2
65558,2
65559,2
65560,2
65561,2
65562,3
65563,2
65564,2
65565,3
65566,2
65567,3
65568,2
65569,2
65570,2
65571,2
65572,2
65573,3
65574,3
65575,2
65576,3
65577,2
65578,3
65579,3
65580,3
65581,2
65582,3
65583,2
65584,3
65585,3
65586,3
65587,2
65588,3
65589,3
65590,3
65591,3
65592,3
65593,3
65594,3
65595,3
65596,3
65597,3
65598,2
65599,2
65600,3
65601,3
65602,3
65603,3
65604,3
65605,2
65606,2
65607,3
65608,3
65609,2
65610,2
65611,2
65612,2
65613,2
65614,3
65615,3
65616,2
65617,2
65618,3
65619,2
65620,3
65621,2
65622,2
65623,2
65624,2
65625,2
65626,3
65627,3
65628,2
65629,2
65630,2
65631,2
65632,0
65633,0
65634,2
65635,2
65636,2
65637,2
65638,3
65639,3
65640,3
65641,2
65642,3
65643,3
65644,2
65645,2
65646,2
65647,2
65648,3
65649,3
65650,3
65651,3
65652,4
65653,0
65654,3
65655,3
65656,4
65657,2
65658,3
65659,3
65660,3
65661,3
65662,3
65663,3
65664,3
65665,3
65666,3
65667,2
65668,3
65669,2
65670,2
65671,4
65672,2
65673,3
65674,3
65675,3
65676,3
65677,3
65678,3
65679,3
65680,2
65681,3
65682,2
65683,2
65684,2
65685,3
65686,2
65687,0
65688,1
65689,2
65690,0
65691,0
65692,3
65693,3
65694,2
65695,0
65696,3
65697,3
65698,3
65699,0
65700,0
65701,4
65702,2
65703,0
65704,4
65705,2
65706,2
65707,3
65708,3
65709,3
65710,2
65711,2
65712,2
65713,2
65714,2
65715,2
65716,0
65717,2
65718,0
65719,2
65720,2
65721,3
65722,3
65723,1
65724,3
65725,3
65726,3
65727,3
65728,0
65729,3
65730,2
65731,3
65732,2
65733,2
65734,3
65735,0
65736,3
65737,3
65738,3
65739,2
65740,3
65741,4
65742,3
65743,0
65744,2
65745,2
65746,2
65747,3
65748,3
65749,3
65750,4
65751,2
65752,3
65753,2
65754,3
65755,4
65756,2
65757,3
65758,3
65759,2
65760,2
65761,3
65762,2
65763,3
65764,3
65765,3
65766,2
65767,2
65768,3
65769,3
65770,2
65771,3
65772,3
65773,0
65774,4
65775,2
65776,1
65777,3
65778,2
65779,2
65780,2
65781,2
65782,0
65783,4
65784,4
65785,3
65786,2
65787,4
65788,4
65789,3
65790,2
65791,3
65792,3
65793,3
65794,2
65795,1
65796,2
65797,2
65798,2
65799,3
65800,3
65801,2
65802,2
65803,4
65804,2
65805,2
65806,4
65807,3
65808,3
65809,3
65810,3
65811,3
65812,0
65813,3
65814,3
65815,0
65816,3
65817,3
65818,3
65819,2
65820,3
65821,3
65822,4
65823,2
65824,2
65825,2
65826,3
65827,2
65828,3
65829,2
65830,2
65831,3
65832,0
65833,0
65834,0
65835,2
65836,0
65837,3
65838,3
65839,4
65840,3
65841,3
65842,4
65843,0
65844,2
65845,0
65846,2
65847,4
65848,0
65849,0
65850,2
65851,2
65852,2
65853,3
65854,1
65855,2
65856,4
65857,3
65858,2
65859,2
65860,3
65861,3
65862,3
65863,3
65864,2
65865,3
65866,3
65867,2
65868,2
65869,2
65870,4
65871,2
65872,3
65873,2
65874,3
65875,2
65876,3
65877,3
65878,2
65879,2
65880,2
65881,2
65882,3
65883,2
65884,3
65885,2
65886,3
65887,4
65888,2
65889,4
65890,2
65891,2
65892,3
65893,2
65894,2
65895,4
65896,3
65897,2
65898,4
65899,2
65900,3
65901,4
65902,4
65903,2
65904,2
65905,2
65906,2
65907,2
65908,2
65909,2
65910,2
65911,3
65912,2
65913,4
65914,2
65915,2
65916,2
65917,2
65918,4
65919,2
65920,2
65921,2
65922,3
65923,0
65924,3
65925,2
65926,3
65927,2
65928,3
65929,2
65930,1
65931,2
65932,2
65933,2
65934,2
65935,3
65936,2
65937,2
65938,2
65939,2
65940,3
65941,4
65942,3
65943,3
65944,2
65945,2
65946,3
65947,4
65948,2
65949,3
65950,2
65951,2
65952,2
65953,3
65954,2
65955,2
65956,3
65957,2
65958,3
65959,2
65960,2
65961,3
65962,4
65963,2
65964,2
65965,2
65966,2
65967,2
65968,3
65969,3
65970,2
65971,2
65972,3
65973,3
65974,0
65975,3
65976,3
65977,0
65978,2
65979,4
65980,2
65981,2
65982,3
65983,2
65984,3
65985,2
65986,3
65987,3
65988,3
65989,4
65990,3
65991,2
65992,3
65993,3
65994,3
65995,3
65996,3
65997,2
65998,3
65999,3
66000,3
66001,3
66002,2
66003,0
66004,3
66005,3
66006,3
66007,3
66008,3
66009,3
66010,2
66011,3
66012,2
66013,3
66014,3
66015,3
66016,2
66017,2
66018,3
66019,3
66020,3
66021,3
66022,3
66023,3
66024,2
66025,3
66026,2
66027,0
66028,0
66029,3
66030,3
66031,3
66032,3
66033,3
66034,1
66035,2
66036,3
66037,3
66038,1
66039,2
66040,2
66041,2
66042,2
66043,3
66044,3
66045,3
66046,3
66047,3
66048,3
66049,2
66050,3
66051,3
66052,4
66053,4
66054,4
66055,3
66056,3
66057,3
66058,2
66059,2
66060,3
66061,3
66062,2
66063,2
66064,3
66065,3
66066,4
66067,3
66068,3
66069,2
66070,2
66071,1
66072,3
66073,3
66074,2
66075,2
66076,2
66077,3
66078,3
66079,2
66080,3
66081,2
66082,2
66083,3
66084,2
66085,2
66086,4
66087,3
66088,2
66089,2
66090,2
66091,0
66092,2
66093,3
66094,3
66095,3
66096,3
66097,3
66098,3
66099,3
66100,2
66101,2
66102,3
66103,2
66104,2
66105,3
66106,3
66107,3
66108,2
66109,3
66110,3
66111,3
66112,2
66113,3
66114,3
66115,0
66116,3
66117,0
66118,2
66119,3
66120,2
66121,3
66122,3
66123,3
66124,3
66125,2
66126,4
66127,2
66128,2
66129,3
66130,2
66131,3
66132,2
66133,4
66134,3
66135,3
66136,3
66137,3
66138,3
66139,3
66140,3
66141,4
66142,2
66143,2
66144,2
66145,2
66146,3
66147,2
66148,3
66149,3
66150,3
66151,3
66152,2
66153,3
66154,2
66155,4
66156,4
66157,4
66158,3
66159,4
66160,4
66161,4
66162,4
66163,4
66164,3
66165,3
66166,3
66167,1
66168,1
66169,4
66170,4
66171,1
66172,4
66173,4
66174,4
66175,4
66176,1
66177,4
66178,1
66179,1
66180,1
66181,1
66182,1
66183,1
66184,1
66185,1
66186,1
66187,4
66188,0
66189,1
66190,4
66191,1
66192,1
66193,1
66194,1
66195,1
66196,1
66197,1
66198,1
66199,1
66200,4
66201,1
66202,1
66203,1
66204,1
66205,1
66206,1
66207,1
66208,1
66209,4
66210,1
66211,1
66212,0
66213,0
66214,1
66215,0
66216,0
66217,3
66218,1
66219,3
66220,3
66221,4
66222,1
66223,1
66224,1
66225,3
66226,1
66227,1
66228,4
66229,4
66230,4
66231,0
66232,0
66233,0
66234,0
66235,0
66236,0
66237,0
66238,0
66239,0
66240,0
66241,0
66242,0
66243,0
66244,0
66245,0
66246,0
66247,0
66248,0
66249,0
66250,0
66251,0
66252,0
66253,0
66254,1
66255,0
66256,0
66257,0
66258,0
66259,0
66260,0
66261,0
66262,0
66263,0
66264,0
66265,0
66266,0
66267,0
66268,0
66269,0
66270,0
66271,0
66272,0
66273,0
66274,0
66275,1
66276,1
66277,1
66278,1
66279,1
66280,4
66281,4
66282,1
66283,1
66284,1
66285,1
66286,1
66287,1
66288,1
66289,1
66290,1
66291,1
66292,0
66293,0
66294,0
66295,0
66296,0
66297,0
66298,0
66299,1
66300,0
66301,0
66302,0
66303,0
66304,3
66305,0
66306,1
66307,1
66308,0
66309,0
66310,4
66311,1
66312,1
66313,1
66314,0
66315,0
66316,1
66317,0
66318,0
66319,0
66320,0
66321,1
66322,1
66323,1
66324,1
66325,0
66326,0
66327,0
66328,0
66329,0
66330,0
66331,0
66332,1
66333,0
66334,1
66335,0
66336,0
66337,0
66338,0
66339,0
66340,0
66341,0
66342,0
66343,0
66344,0
66345,0
66346,0
66347,0
66348,1
66349,1
66350,4
66351,0
66352,0
66353,0
66354,0
66355,0
66356,0
66357,0
66358,1
66359,4
66360,4
66361,1
66362,4
66363,1
66364,4
66365,4
66366,1
66367,4
66368,4
66369,1
66370,1
66371,4
66372,1
66373,4
66374,4
66375,4
66376,1
66377,3
66378,1
66379,1
66380,1
66381,1
66382,4
66383,4
66384,2
66385,3
66386,4
66387,3
66388,1
66389,4
66390,4
66391,1
66392,1
66393,4
66394,4
66395,4
66396,4
66397,4
66398,4
66399,4
66400,4
66401,4
66402,2
66403,4
66404,4
66405,4
66406,1
66407,4
66408,4
66409,4
66410,4
66411,4
66412,1
66413,4
66414,4
66415,4
66416,4
66417,4
66418,1
66419,4
66420,1
66421,1
66422,1
66423,1
66424,1
66425,1
66426,1
66427,1
66428,1
66429,3
66430,1
66431,1
66432,1
66433,0
66434,0
66435,0
66436,0
66437,0
66438,1
66439,0
66440,0
66441,0
66442,0
66443,0
66444,0
66445,1
66446,0
66447,4
66448,0
66449,0
66450,1
66451,4
66452,1
66453,0
66454,0
66455,1
66456,1
66457,0
66458,0
66459,0
66460,1
66461,0
66462,0
66463,0
66464,0
66465,0
66466,0
66467,0
66468,0
66469,0
66470,0
66471,1
66472,1
66473,1
66474,1
66475,0
66476,0
66477,0
66478,0
66479,0
66480,0
66481,0
66482,0
66483,1
66484,4
66485,1
66486,1
66487,0
66488,4
66489,1
66490,4
66491,4
66492,4
66493,3
66494,1
66495,1
66496,4
66497,4
66498,4
66499,4
66500,4
66501,1
66502,1
66503,1
66504,1
66505,0
66506,0
66507,0
66508,0
66509,0
66510,0
66511,0
66512,0
66513,0
66514,1
66515,0
66516,0
66517,1
66518,0
66519,1
66520,0
66521,0
66522,0
66523,0
66524,0
66525,0
66526,0
66527,0
66528,0
66529,0
66530,0
66531,0
66532,0
66533,0
66534,0
66535,0
66536,1
66537,1
66538,1
66539,1
66540,0
66541,0
66542,0
66543,0
66544,0
66545,0
66546,0
66547,4
66548,0
66549,2
66550,1
66551,3
66552,2
66553,3
66554,3
66555,3
66556,3
66557,3
66558,1
66559,3
66560,3
66561,3
66562,3
66563,3
66564,3
66565,3
66566,3
66567,3
66568,3
66569,3
66570,3
66571,3
66572,2
66573,1
66574,2
66575,1
66576,3
66577,3
66578,0
66579,2
66580,1
66581,2
66582,3
66583,1
66584,2
66585,0
66586,2
66587,3
66588,2
66589,2
66590,2
66591,2
66592,2
66593,3
66594,0
66595,2
66596,1
66597,1
66598,1
66599,2
66600,0
66601,3
66602,3
66603,1
66604,1
66605,2
66606,2
66607,3
66608,1
66609,3
66610,3
66611,2
66612,3
66613,3
66614,3
66615,3
66616,2
66617,1
66618,3
66619,3
66620,2
66621,2
66622,2
66623,2
66624,2
66625,2
66626,3
66627,3
66628,3
66629,3
66630,3
66631,3
66632,1
66633,0
66634,0
66635,0
66636,0
66637,0
66638,3
66639,3
66640,3
66641,3
66642,3
66643,3
66644,2
66645,3
66646,3
66647,2
66648,3
66649,2
66650,2
66651,2
66652,3
66653,2
66654,2
66655,2
66656,2
66657,3
66658,4
66659,3
66660,2
66661,2
66662,2
66663,2
66664,4
66665,2
66666,3
66667,2
66668,2
66669,2
66670,2
66671,2
66672,2
66673,2
66674,2
66675,2
66676,2
66677,2
66678,4
66679,2
66680,3
66681,3
66682,2
66683,2
66684,2
66685,2
66686,3
66687,2
66688,2
66689,2
66690,3
66691,3
66692,3
66693,3
66694,3
66695,2
66696,2
66697,2
66698,2
66699,3
66700,2
66701,3
66702,3
66703,2
66704,3
66705,3
66706,2
66707,2
66708,2
66709,0
66710,2
66711,2
66712,2
66713,2
66714,2
66715,2
66716,2
66717,2
66718,2
66719,2
66720,3
66721,2
66722,3
66723,3
66724,3
66725,3
66726,3
66727,3
66728,3
66729,3
66730,4
66731,0
66732,0
66733,4
66734,3
66735,3
66736,3
66737,3
66738,0
66739,2
66740,2
66741,2
66742,2
66743,3
66744,2
66745,3
66746,1
66747,1
66748,3
66749,2
66750,2
66751,3
66752,2
66753,3
66754,4
66755,2
66756,2
66757,3
66758,2
66759,3
66760,3
66761,2
66762,2
66763,3
66764,0
66765,3
66766,3
66767,0
66768,4
66769,0
66770,0
66771,0
66772,2
66773,2
66774,0
66775,0
66776,0
66777,3
66778,3
66779,3
66780,3
66781,2
66782,2
66783,2
66784,2
66785,0
66786,2
66787,3
66788,0
66789,3
66790,3
66791,3
66792,2
66793,3
66794,3
66795,3
66796,1
66797,2
66798,2
66799,2
66800,2
66801,2
66802,0
66803,0
66804,2
66805,3
66806,2
66807,3
66808,3
66809,1
66810,2
66811,2
66812,3
66813,3
66814,3
66815,0
66816,0
66817,0
66818,0
66819,3
66820,0
66821,0
66822,3
66823,0
66824,3
66825,0
66826,0
66827,0
66828,0
66829,0
66830,3
66831,3
66832,0
66833,0
66834,0
66835,3
66836,2
66837,2
66838,2
66839,2
66840,0
66841,3
66842,0
66843,0
66844,3
66845,2
66846,3
66847,2
66848,2
66849,3
66850,3
66851,1
66852,3
66853,2
66854,2
66855,0
66856,0
66857,0
66858,0
66859,0
66860,0
66861,0
66862,0
66863,0
66864,0
66865,0
66866,3
66867,0
66868,0
66869,0
66870,0
66871,0
66872,0
66873,0
66874,0
66875,0
66876,0
66877,0
66878,3
66879,0
66880,2
66881,4
66882,1
66883,0
66884,2
66885,2
66886,1
66887,3
66888,1
66889,2
66890,2
66891,3
66892,0
66893,0
66894,0
66895,0
66896,0
66897,3
66898,0
66899,0
66900,0
66901,0
66902,0
66903,3
66904,3
66905,2
66906,1
66907,2
66908,2
66909,2
66910,3
66911,2
66912,2
66913,0
66914,0
66915,0
66916,0
66917,1
66918,4
66919,1
66920,2
66921,2
66922,2
66923,3
66924,2
66925,4
66926,2
66927,2
66928,2
66929,3
66930,0
66931,2
66932,2
66933,2
66934,2
66935,2
66936,3
66937,3
66938,2
66939,3
66940,1
66941,1
66942,3
66943,1
66944,1
66945,2
66946,3
66947,2
66948,2
66949,0
66950,0
66951,3
66952,3
66953,3
66954,2
66955,1
66956,2
66957,2
66958,4
66959,1
66960,2
66961,3
66962,2
66963,2
66964,3
66965,2
66966,1
66967,3
66968,2
66969,2
66970,2
66971,2
66972,3
66973,4
66974,3
66975,3
66976,3
66977,3
66978,0
66979,3
66980,3
66981,2
66982,1
66983,1
66984,1
66985,0
66986,4
66987,0
66988,3
66989,2
66990,3
66991,2
66992,3
66993,2
66994,2
66995,2
66996,2
66997,2
66998,2
66999,2
67000,2
67001,2
67002,2
67003,2
67004,3
67005,3
67006,2
67007,2
67008,2
67009,3
67010,1
67011,2
67012,4
67013,3
67014,3
67015,3
67016,2
67017,2
67018,2
67019,3
67020,3
67021,3
67022,2
67023,3
67024,2
67025,2
67026,2
67027,2
67028,3
67029,3
67030,3
67031,3
67032,2
67033,0
67034,1
67035,1
67036,3
67037,1
67038,3
67039,1
67040,3
67041,2
67042,1
67043,1
67044,1
67045,2
67046,1
67047,1
67048,3
67049,3
67050,3
67051,4
67052,0
67053,3
67054,2
67055,2
67056,3
67057,2
67058,3
67059,3
67060,2
67061,3
67062,3
67063,2
67064,2
67065,2
67066,3
67067,0
67068,2
67069,2
67070,1
67071,2
67072,2
67073,3
67074,3
67075,1
67076,1
67077,0
67078,2
67079,1
67080,3
67081,3
67082,2
67083,2
67084,2
67085,3
67086,3
67087,3
67088,3
67089,3
67090,2
67091,3
67092,3
67093,0
67094,3
67095,2
67096,3
67097,2
67098,2
67099,3
67100,3
67101,2
67102,2
67103,2
67104,3
67105,1
67106,3
67107,0
67108,1
67109,3
67110,3
67111,3
67112,4
67113,0
67114,1
67115,2
67116,3
67117,2
67118,3
67119,3
67120,3
67121,3
67122,3
67123,0
67124,0
67125,0
67126,3
67127,3
67128,3
67129,0
67130,0
67131,2
67132,3
67133,3
67134,3
67135,3
67136,3
67137,2
67138,1
67139,1
67140,3
67141,1
67142,1
67143,1
67144,1
67145,1
67146,3
67147,0
67148,0
67149,3
67150,3
67151,0
67152,0
67153,0
67154,2
67155,0
67156,2
67157,3
67158,3
67159,1
67160,1
67161,3
67162,3
67163,3
67164,1
67165,1
67166,1
67167,1
67168,3
67169,1
67170,3
67171,3
67172,3
67173,1
67174,1
67175,0
67176,0
67177,1
67178,3
67179,1
67180,0
67181,0
67182,1
67183,3
67184,3
67185,3
67186,3
67187,3
67188,2
67189,2
67190,3
67191,1
67192,3
67193,3
67194,3
67195,3
67196,0
67197,0
67198,0
67199,0
67200,3
67201,3
67202,3
67203,3
67204,3
67205,3
67206,3
67207,3
67208,3
67209,3
67210,3
67211,3
67212,2
67213,3
67214,3
67215,3
67216,3
67217,3
67218,2
67219,0
67220,3
67221,0
67222,0
67223,0
67224,0
67225,0
67226,0
67227,0
67228,0
67229,0
67230,0
67231,0
67232,0
67233,0
67234,0
67235,0
67236,0
67237,0
67238,0
67239,0
67240,0
67241,0
67242,3
67243,3
67244,3
67245,3
67246,3
67247,3
67248,3
67249,1
67250,3
67251,0
67252,3
67253,3
67254,3
67255,3
67256,3
67257,0
67258,0
67259,0
67260,1
67261,1
67262,3
67263,3
67264,2
67265,3
67266,3
67267,3
67268,0
67269,0
67270,0
67271,1
67272,1
67273,3
67274,3
67275,3
67276,3
67277,3
67278,2
67279,3
67280,3
67281,2
67282,3
67283,0
67284,2
67285,1
67286,0
67287,0
67288,0
67289,0
67290,0
67291,0
67292,2
67293,1
67294,0
67295,0
67296,0
67297,1
67298,1
67299,3
67300,1
67301,3
67302,3
67303,3
67304,3
67305,3
67306,3
67307,3
67308,3
67309,0
67310,0
67311,0
67312,0
67313,0
67314,2
67315,2
67316,0
67317,3
67318,3
67319,3
67320,2
67321,2
67322,2
67323,2
67324,3
67325,2
67326,3
67327,2
67328,2
67329,3
67330,3
67331,3
67332,2
67333,2
67334,3
67335,2
67336,2
67337,2
67338,2
67339,2
67340,2
67341,2
67342,2
67343,2
67344,2
67345,3
67346,3
67347,3
67348,4
67349,3
67350,2
67351,4
67352,4
67353,2
67354,2
67355,4
67356,4
67357,2
67358,2
67359,2
67360,2
67361,3
67362,3
67363,3
67364,3
67365,2
67366,2
67367,2
67368,2
67369,2
67370,3
67371,2
67372,2
67373,3
67374,2
67375,2
67376,2
67377,2
67378,3
67379,2
67380,2
67381,3
67382,2
67383,2
67384,4
67385,3
67386,3
67387,2
67388,3
67389,1
67390,4
67391,2
67392,2
67393,4
67394,3
67395,3
67396,2
67397,2
67398,2
67399,2
67400,2
67401,2
67402,2
67403,2
67404,2
67405,2
67406,2
67407,2
67408,4
67409,2
67410,2
67411,3
67412,3
67413,2
67414,2
67415,2
67416,2
67417,2
67418,2
67419,2
67420,2
67421,2
67422,2
67423,2
67424,2
67425,4
67426,2
67427,2
67428,1
67429,2
67430,2
67431,2
67432,2
67433,2
67434,2
67435,4
67436,2
67437,2
67438,2
67439,2
67440,2
67441,2
67442,2
67443,3
67444,3
67445,3
67446,2
67447,2
67448,2
67449,2
67450,2
67451,2
67452,3
67453,2
67454,3
67455,1
67456,3
67457,2
67458,3
67459,2
67460,2
67461,3
67462,1
67463,3
67464,0
67465,3
67466,2
67467,2
67468,2
67469,3
67470,3
67471,3
67472,2
67473,3
67474,3
67475,2
67476,2
67477,3
67478,2
67479,3
67480,3
67481,3
67482,3
67483,2
67484,2
67485,2
67486,2
67487,2
67488,2
67489,2
67490,3
67491,2
67492,2
67493,2
67494,2
67495,2
67496,2
67497,2
67498,2
67499,2
67500,2
67501,2
67502,2
67503,2
67504,2
67505,2
67506,2
67507,2
67508,2
67509,2
67510,2
67511,1
67512,2
67513,2
67514,3
67515,2
67516,2
67517,2
67518,2
67519,2
67520,2
67521,2
67522,2
67523,4
67524,2
67525,2
67526,2
67527,3
67528,2
67529,2
67530,2
67531,2
67532,3
67533,2
67534,0
67535,2
67536,4
67537,2
67538,2
67539,2
67540,2
67541,2
67542,2
67543,2
67544,2
67545,2
67546,2
67547,2
67548,3
67549,3
67550,3
67551,3
67552,3
67553,3
67554,2
67555,3
67556,3
67557,3
67558,3
67559,2
67560,0
67561,3
67562,2
67563,2
67564,2
67565,3
67566,4
67567,4
67568,2
67569,2
67570,4
67571,4
67572,2
67573,4
67574,3
67575,4
67576,2
67577,2
67578,4
67579,2
67580,3
67581,4
67582,4
67583,4
67584,4
67585,2
67586,4
67587,4
67588,3
67589,3
67590,0
67591,2
67592,4
67593,2
67594,2
67595,4
67596,4
67597,4
67598,4
67599,2
67600,3
67601,2
67602,2
67603,4
67604,2
67605,4
67606,4
67607,2
67608,4
67609,2
67610,2
67611,2
67612,4
67613,4
67614,2
67615,0
67616,4
67617,4
67618,4
67619,4
67620,3
67621,4
67622,4
67623,0
67624,0
67625,4
67626,4
67627,4
67628,4
67629,4
67630,2
67631,4
67632,2
67633,2
67634,3
67635,1
67636,3
67637,1
67638,2
67639,1
67640,2
67641,3
67642,2
67643,2
67644,1
67645,1
67646,1
67647,3
67648,3
67649,3
67650,2
67651,2
67652,2
67653,2
67654,2
67655,2
67656,2
67657,1
67658,3
67659,2
67660,2
67661,2
67662,3
67663,1
67664,1
67665,3
67666,3
67667,1
67668,1
67669,1
67670,1
67671,2
67672,3
67673,1
67674,2
67675,2
67676,3
67677,3
67678,3
67679,3
67680,3
67681,1
67682,3
67683,3
67684,3
67685,3
67686,3
67687,3
67688,3
67689,2
67690,3
67691,3
67692,3
67693,1
67694,3
67695,3
67696,2
67697,1
67698,3
67699,3
67700,2
67701,3
67702,3
67703,3
67704,3
67705,3
67706,3
67707,3
67708,3
67709,1
67710,1
67711,3
67712,1
67713,3
67714,2
67715,3
67716,3
67717,2
67718,3
67719,2
67720,3
67721,1
67722,2
67723,1
67724,1
67725,3
67726,3
67727,3
67728,1
67729,3
67730,3
67731,1
67732,2
67733,3
67734,2
67735,3
67736,3
67737,1
67738,3
67739,2
67740,3
67741,3
67742,2
67743,2
67744,2
67745,3
67746,3
67747,3
67748,3
67749,3
67750,3
67751,2
67752,2
67753,2
67754,1
67755,3
67756,3
67757,3
67758,3
67759,2
67760,3
67761,3
67762,1
67763,3
67764,4
67765,3
67766,1
67767,1
67768,0
67769,0
67770,3
67771,1
67772,3
67773,0
67774,0
67775,3
67776,3
67777,3
67778,3
67779,3
67780,1
67781,3
67782,2
67783,1
67784,2
67785,2
67786,0
67787,0
67788,3
67789,3
67790,0
67791,0
67792,1
67793,3
67794,0
67795,1
67796,1
67797,2
67798,3
67799,1
67800,3
67801,3
67802,0
67803,1
67804,3
67805,0
67806,1
67807,1
67808,0
67809,0
67810,0
67811,0
67812,0
67813,0
67814,0
67815,0
67816,0
67817,3
67818,2
67819,3
67820,2
67821,3
67822,0
67823,0
67824,0
67825,0
67826,0
67827,0
67828,0
67829,0
67830,0
67831,0
67832,1
67833,2
67834,3
67835,2
67836,3
67837,2
67838,0
67839,1
67840,1
67841,1
67842,3
67843,1
67844,0
67845,4
67846,3
67847,1
67848,3
67849,3
67850,2
67851,2
67852,3
67853,3
67854,1
67855,2
67856,1
67857,3
67858,2
67859,3
67860,1
67861,3
67862,3
67863,2
67864,3
67865,1
67866,3
67867,2
67868,3
67869,2
67870,3
67871,0
67872,1
67873,2
67874,3
67875,3
67876,3
67877,2
67878,2
67879,3
67880,0
67881,1
67882,0
67883,3
67884,3
67885,3
67886,2
67887,3
67888,2
67889,3
67890,2
67891,3
67892,2
67893,1
67894,3
67895,3
67896,4
67897,4
67898,3
67899,3
67900,3
67901,3
67902,3
67903,3
67904,1
67905,3
67906,3
67907,1
67908,1
67909,2
67910,1
67911,2
67912,1
67913,3
67914,3
67915,1
67916,1
67917,1
67918,1
67919,4
67920,4
67921,3
67922,1
67923,3
67924,4
67925,3
67926,3
67927,3
67928,1
67929,3
67930,3
67931,3
67932,3
67933,1
67934,1
67935,3
67936,2
67937,2
67938,2
67939,3
67940,3
67941,0
67942,3
67943,3
67944,0
67945,3
67946,0
67947,0
67948,0
67949,0
67950,0
67951,1
67952,3
67953,3
67954,0
67955,0
67956,0
67957,0
67958,0
67959,0
67960,0
67961,3
67962,3
67963,0
67964,3
67965,0
67966,3
67967,3
67968,0
67969,3
67970,3
67971,0
67972,0
67973,3
67974,3
67975,3
67976,0
67977,0
67978,0
67979,0
67980,3
67981,0
67982,0
67983,0
67984,3
67985,3
67986,3
67987,3
67988,3
67989,0
67990,0
67991,3
67992,3
67993,3
67994,3
67995,2
67996,3
67997,3
67998,3
67999,1
68000,3
68001,3
68002,0
68003,3
68004,0
68005,3
68006,3
68007,3
68008,1
68009,3
68010,2
68011,3
68012,2
68013,3
68014,0
68015,3
68016,3
68017,3
68018,3
68019,2
68020,3
68021,3
68022,3
68023,3
68024,3
68025,3
68026,3
68027,3
68028,3
68029,3
68030,3
68031,3
68032,3
68033,3
68034,3
68035,3
68036,3
68037,3
68038,3
68039,3
68040,3
68041,3
68042,3
68043,3
68044,3
68045,3
68046,3
68047,3
68048,3
68049,3
68050,2
68051,3
68052,3
68053,3
68054,3
68055,3
68056,3
68057,3
68058,2
68059,0
68060,3
68061,2
68062,1
68063,1
68064,3
68065,0
68066,3
68067,3
68068,3
68069,1
68070,1
68071,1
68072,3
68073,3
68074,3
68075,1
68076,1
68077,1
68078,3
68079,3
68080,1
68081,1
68082,3
68083,1
68084,1
68085,1
68086,1
68087,1
68088,1
68089,3
68090,1
68091,1
68092,3
68093,3
68094,1
68095,3
68096,1
68097,1
68098,1
68099,1
68100,3
68101,1
68102,1
68103,1
68104,3
68105,1
68106,1
68107,1
68108,3
68109,1
68110,3
68111,3
68112,1
68113,3
68114,3
68115,1
68116,1
68117,3
68118,2
68119,2
68120,3
68121,3
68122,1
68123,3
68124,3
68125,2
68126,3
68127,3
68128,1
68129,2
68130,1
68131,3
68132,1
68133,1
68134,2
68135,1
68136,1
68137,1
68138,1
68139,3
68140,0
68141,2
68142,2
68143,2
68144,1
68145,1
68146,1
68147,1
68148,3
68149,3
68150,1
68151,3
68152,3
68153,1
68154,1
68155,1
68156,3
68157,3
68158,1
68159,1
68160,3
68161,3
68162,3
68163,1
68164,2
68165,1
68166,1
68167,3
68168,1
68169,3
68170,3
68171,2
68172,1
68173,1
68174,1
68175,1
68176,0
68177,0
68178,0
68179,0
68180,0
68181,0
68182,0
68183,0
68184,3
68185,0
68186,0
68187,0
68188,0
68189,0
68190,3
68191,0
68192,0
68193,0
68194,0
68195,0
68196,0
68197,0
68198,3
68199,0
68200,0
68201,0
68202,0
68203,0
68204,0
68205,0
68206,0
68207,0
68208,0
68209,0
68210,0
68211,0
68212,0
68213,0
68214,0
68215,3
68216,0
68217,0
68218,0
68219,0
68220,0
68221,0
68222,2
68223,0
68224,2
68225,0
68226,0
68227,0
68228,0
68229,3
68230,0
68231,2
68232,2
68233,2
68234,2
68235,3
68236,3
68237,2
68238,2
68239,0
68240,3
68241,0
68242,3
68243,2
68244,3
68245,3
68246,0
68247,3
68248,2
68249,3
68250,0
68251,3
68252,2
68253,2
68254,0
68255,0
68256,0
68257,0
68258,2
68259,2
68260,0
68261,0
68262,0
68263,0
68264,0
68265,2
68266,3
68267,0
68268,0
68269,0
68270,0
68271,2
68272,0
68273,0
68274,2
68275,0
68276,0
68277,3
68278,0
68279,2
68280,2
68281,3
68282,3
68283,2
68284,2
68285,3
68286,2
68287,0
68288,3
68289,3
68290,3
68291,3
68292,3
68293,2
68294,2
68295,3
68296,3
68297,0
68298,0
68299,2
68300,0
68301,3
68302,3
68303,3
68304,0
68305,0
68306,0
68307,0
68308,0
68309,3
68310,2
68311,3
68312,0
68313,0
68314,2
68315,0
68316,2
68317,0
68318,0
68319,2
68320,2
68321,2
68322,0
68323,3
68324,3
68325,2
68326,0
68327,0
68328,3
68329,0
68330,3
68331,3
68332,3
68333,0
68334,0
68335,2
68336,2
68337,2
68338,0
68339,0
68340,3
68341,0
68342,0
68343,2
68344,0
68345,0
68346,3
68347,0
68348,0
68349,0
68350,0
68351,0
68352,3
68353,3
68354,0
68355,0
68356,3
68357,3
68358,0
68359,0
68360,3
68361,3
68362,3
68363,0
68364,3
68365,3
68366,3
68367,0
68368,0
68369,3
68370,2
68371,0
68372,2
68373,2
68374,3
68375,1
68376,3
68377,3
68378,2
68379,2
68380,3
68381,2
68382,2
68383,2
68384,0
68385,2
68386,2
68387,2
68388,0
68389,2
68390,3
68391,3
68392,0
68393,0
68394,0
68395,2
68396,2
68397,0
68398,0
68399,0
68400,3
68401,0
68402,3
68403,1
68404,3
68405,3
68406,3
68407,2
68408,1
68409,3
68410,2
68411,3
68412,3
68413,2
68414,2
68415,2
68416,0
68417,3
68418,3
68419,3
68420,1
68421,3
68422,3
68423,3
68424,0
68425,2
68426,0
68427,0
68428,3
68429,3
68430,3
68431,3
68432,3
68433,0
68434,2
68435,3
68436,2
68437,2
68438,0
68439,0
68440,0
68441,0
68442,3
68443,0
68444,3
68445,3
68446,2
68447,0
68448,2
68449,0
68450,3
68451,3
68452,2
68453,0
68454,2
68455,2
68456,0
68457,0
68458,3
68459,3
68460,0
68461,0
68462,2
68463,2
68464,2
68465,0
68466,0
68467,0
68468,2
68469,2
68470,2
68471,0
68472,2
68473,2
68474,2
68475,0
68476,0
68477,0
68478,3
68479,2
68480,0
68481,0
68482,2
68483,3
68484,2
68485,0
68486,3
68487,2
68488,2
68489,2
68490,2
68491,2
68492,0
68493,0
68494,0
68495,2
68496,3
68497,2
68498,0
68499,0
68500,3
68501,0
68502,0
68503,2
68504,3
68505,0
68506,0
68507,3
68508,0
68509,3
68510,3
68511,3
68512,2
68513,2
68514,2
68515,0
68516,2
68517,2
68518,2
68519,2
68520,3
68521,0
68522,2
68523,3
68524,3
68525,3
68526,0
68527,3
68528,2
68529,3
68530,3
68531,3
68532,3
68533,0
68534,3
68535,3
68536,3
68537,0
68538,2
68539,3
68540,3
68541,3
68542,0
68543,3
68544,3
68545,3
68546,3
68547,3
68548,0
68549,3
68550,3
68551,3
68552,3
68553,2
68554,3
68555,3
68556,3
68557,3
68558,3
68559,3
68560,3
68561,3
68562,3
68563,3
68564,3
68565,2
68566,3
68567,2
68568,3
68569,2
68570,3
68571,3
68572,1
68573,2
68574,1
68575,3
68576,3
68577,0
68578,2
68579,3
68580,2
68581,1
68582,2
68583,1
68584,0
68585,0
68586,3
68587,0
68588,3
68589,0
68590,0
68591,3
68592,0
68593,0
68594,3
68595,3
68596,1
68597,1
68598,1
68599,0
68600,0
68601,0
68602,0
68603,1
68604,0
68605,0
68606,0
68607,0
68608,0
68609,0
68610,1
68611,1
68612,1
68613,0
68614,3
68615,3
68616,2
68617,3
68618,1
68619,1
68620,1
68621,1
68622,1
68623,1
68624,3
68625,3
68626,3
68627,0
68628,3
68629,3
68630,3
68631,3
68632,3
68633,2
68634,1
68635,3
68636,1
68637,3
68638,3
68639,3
68640,3
68641,3
68642,0
68643,0
68644,0
68645,0
68646,0
68647,0
68648,0
68649,0
68650,0
68651,0
68652,0
68653,0
68654,0
68655,0
68656,0
68657,0
68658,0
68659,1
68660,1
68661,3
68662,3
68663,3
68664,1
68665,1
68666,1
68667,0
68668,0
68669,0
68670,0
68671,0
68672,2
68673,2
68674,3
68675,3
68676,1
68677,1
68678,3
68679,0
68680,3
68681,0
68682,2
68683,2
68684,2
68685,2
68686,2
68687,2
68688,0
68689,1
68690,2
68691,3
68692,3
68693,3
68694,0
68695,0
68696,0
68697,0
68698,0
68699,3
68700,0
68701,0
68702,0
68703,1
68704,1
68705,1
68706,2
68707,2
68708,2
68709,3
68710,3
68711,3
68712,3
68713,2
68714,2
68715,3
68716,0
68717,3
68718,2
68719,2
68720,2
68721,2
68722,2
68723,0
68724,3
68725,0
68726,0
68727,0
68728,0
68729,3
68730,3
68731,3
68732,3
68733,0
68734,0
68735,0
68736,2
68737,0
68738,3
68739,0
68740,2
68741,0
68742,3
68743,0
68744,3
68745,2
68746,0
68747,3
68748,3
68749,3
68750,1
68751,0
68752,0
68753,3
68754,0
68755,0
68756,2
68757,2
68758,3
68759,2
68760,3
68761,3
68762,2
68763,2
68764,3
68765,2
68766,2
68767,2
68768,0
68769,0
68770,0
68771,2
68772,1
68773,0
68774,0
68775,2
68776,0
68777,2
68778,0
68779,0
68780,0
68781,0
68782,0
68783,2
68784,0
68785,3
68786,2
68787,1
68788,3
68789,3
68790,3
68791,1
68792,3
68793,2
68794,2
68795,2
68796,2
68797,3
68798,0
68799,3
68800,0
68801,2
68802,2
68803,0
68804,0
68805,0
68806,3
68807,0
68808,0
68809,0
68810,0
68811,1
68812,0
68813,0
68814,3
68815,2
68816,2
68817,0
68818,0
68819,2
68820,2
68821,0
68822,0
68823,1
68824,2
68825,2
68826,3
68827,0
68828,0
68829,0
68830,1
68831,3
68832,2
68833,0
68834,0
68835,2
68836,3
68837,2
68838,1
68839,2
68840,3
68841,0
68842,0
68843,0
68844,0
68845,0
68846,0
68847,0
68848,0
68849,2
68850,3
68851,2
68852,2
68853,0
68854,0
68855,3
68856,2
68857,2
68858,2
68859,3
68860,0
68861,0
68862,0
68863,0
68864,0
68865,0
68866,0
68867,0
68868,0
68869,0
68870,3
68871,3
68872,3
68873,3
68874,0
68875,3
68876,0
68877,0
68878,0
68879,0
68880,0
68881,0
68882,0
68883,2
68884,3
68885,3
68886,1
68887,0
68888,0
68889,0
68890,0
68891,3
68892,0
68893,2
68894,3
68895,3
68896,3
68897,3
68898,0
68899,0
68900,0
68901,0
68902,1
68903,0
68904,0
68905,0
68906,3
68907,0
68908,2
68909,2
68910,2
68911,0
68912,1
68913,2
68914,3
68915,0
68916,0
68917,0
68918,3
68919,2
68920,3
68921,3
68922,2
68923,3
68924,3
68925,2
68926,3
68927,3
68928,2
68929,3
68930,2
68931,2
68932,3
68933,1
68934,3
68935,2
68936,1
68937,3
68938,2
68939,1
68940,0
68941,0
68942,0
68943,1
68944,1
68945,3
68946,2
68947,3
68948,2
68949,2
68950,2
68951,3
68952,3
68953,3
68954,2
68955,3
68956,3
68957,0
68958,3
68959,3
68960,1
68961,2
68962,2
68963,3
68964,3
68965,3
68966,3
68967,3
68968,3
68969,3
68970,1
68971,3
68972,3
68973,2
68974,2
68975,2
68976,2
68977,1
68978,3
68979,2
68980,0
68981,1
68982,3
68983,0
68984,2
68985,3
68986,3
68987,3
68988,3
68989,2
68990,3
68991,3
68992,3
68993,2
68994,2
68995,2
68996,3
68997,2
68998,1
68999,3
69000,3
69001,3
69002,1
69003,3
69004,3
69005,3
69006,2
69007,2
69008,1
69009,1
69010,3
69011,3
69012,1
69013,0
69014,2
69015,1
69016,1
69017,3
69018,3
69019,3
69020,3
69021,1
69022,0
69023,2
69024,2
69025,1
69026,3
69027,3
69028,3
69029,0
69030,0
69031,1
69032,0
69033,0
69034,0
69035,3
69036,3
69037,3
69038,3
69039,2
69040,3
69041,2
69042,2
69043,3
69044,2
69045,3
69046,3
69047,3
69048,2
69049,3
69050,2
69051,1
69052,0
69053,3
69054,3
69055,3
69056,3
69057,3
69058,4
69059,2
69060,3
69061,2
69062,3
69063,3
69064,2
69065,2
69066,2
69067,1
69068,4
69069,2
69070,2
69071,3
69072,2
69073,3
69074,3
69075,0
69076,2
69077,2
69078,3
69079,3
69080,2
69081,2
69082,2
69083,0
69084,2
69085,3
69086,2
69087,3
69088,3
69089,2
69090,3
69091,3
69092,1
69093,3
69094,3
69095,3
69096,3
69097,2
69098,2
69099,3
69100,1
69101,4
69102,3
69103,3
69104,3
69105,2
69106,2
69107,2
69108,2
69109,2
69110,1
69111,3
69112,0
69113,3
69114,3
69115,0
69116,3
69117,2
69118,4
69119,2
69120,2
69121,3
69122,3
69123,2
69124,3
69125,1
69126,1
69127,2
69128,1
69129,3
69130,0
69131,1
69132,2
69133,2
69134,2
69135,2
69136,1
69137,3
69138,1
69139,3
69140,3
69141,2
69142,2
69143,3
69144,3
69145,3
69146,0
69147,3
69148,3
69149,0
69150,1
69151,0
69152,0
69153,0
69154,1
69155,1
69156,1
69157,3
69158,2
69159,2
69160,2
69161,2
69162,2
69163,2
69164,0
69165,0
69166,3
69167,1
69168,2
69169,1
69170,3
69171,1
69172,1
69173,2
69174,2
69175,2
69176,2
69177,1
69178,1
69179,1
69180,2
69181,3
69182,1
69183,1
69184,3
69185,3
69186,2
69187,3
69188,1
69189,1
69190,3
69191,0
69192,1
69193,3
69194,1
69195,3
69196,1
69197,1
69198,1
69199,1
69200,2
69201,3
69202,2
69203,3
69204,2
69205,2
69206,2
69207,1
69208,2
69209,2
69210,1
69211,3
69212,2
69213,1
69214,1
69215,1
69216,1
69217,0
69218,0
69219,0
69220,0
69221,0
69222,0
69223,0
69224,0
69225,0
69226,0
69227,0
69228,0
69229,2
69230,0
69231,3
69232,3
69233,2
69234,2
69235,0
69236,2
69237,0
69238,2
69239,0
69240,0
69241,0
69242,0
69243,0
69244,0
69245,0
69246,0
69247,0
69248,0
69249,0
69250,0
69251,0
69252,0
69253,0
69254,0
69255,0
69256,0
69257,0
69258,2
69259,3
69260,2
69261,2
69262,3
69263,0
69264,0
69265,3
69266,0
69267,0
69268,1
69269,1
69270,1
69271,1
69272,1
69273,1
69274,1
69275,1
69276,1
69277,1
69278,1
69279,1
69280,2
69281,1
69282,2
69283,1
69284,3
69285,2
69286,1
69287,1
69288,1
69289,1
69290,1
69291,1
69292,1
69293,1
69294,1
69295,1
69296,1
69297,1
69298,1
69299,1
69300,1
69301,1
69302,0
69303,0
69304,0
69305,0
69306,1
69307,2
69308,1
69309,2
69310,2
69311,3
69312,1
69313,3
69314,1
69315,1
69316,0
69317,3
69318,0
69319,1
69320,2
69321,2
69322,2
69323,2
69324,2
69325,2
69326,2
69327,0
69328,2
69329,2
69330,1
69331,2
69332,1
69333,1
69334,1
69335,3
69336,2
69337,0
69338,0
69339,0
69340,0
69341,0
69342,0
69343,0
69344,0
69345,0
69346,0
69347,0
69348,0
69349,0
69350,0
69351,0
69352,0
69353,0
69354,0
69355,0
69356,3
69357,1
69358,1
69359,1
69360,1
69361,1
69362,1
69363,1
69364,1
69365,1
69366,3
69367,0
69368,0
69369,0
69370,0
69371,1
69372,1
69373,3
69374,3
69375,2
69376,2
69377,2
69378,2
69379,1
69380,3
69381,1
69382,3
69383,3
69384,2
69385,2
69386,1
69387,0
69388,2
69389,3
69390,2
69391,2
69392,1
69393,3
69394,0
69395,0
69396,0
69397,1
69398,3
69399,2
69400,3
69401,2
69402,2
69403,2
69404,3
69405,0
69406,0
69407,0
69408,2
69409,0
69410,1
69411,0
69412,0
69413,0
69414,0
69415,0
69416,0
69417,0
69418,0
69419,0
69420,0
69421,0
69422,0
69423,0
69424,0
69425,0
69426,0
69427,0
69428,0
69429,2
69430,0
69431,0
69432,0
69433,0
69434,0
69435,0
69436,0
69437,2
69438,0
69439,0
69440,3
69441,0
69442,2
69443,3
69444,2
69445,2
69446,2
69447,2
69448,2
69449,3
69450,3
69451,0
69452,0
69453,0
69454,2
69455,0
69456,0
69457,0
69458,0
69459,0
69460,0
69461,0
69462,1
69463,1
69464,2
69465,2
69466,2
69467,2
69468,1
69469,1
69470,1
69471,2
69472,0
69473,2
69474,0
69475,0
69476,0
69477,0
69478,0
69479,0
69480,1
69481,1
69482,1
69483,1
69484,3
69485,1
69486,2
69487,3
69488,2
69489,2
69490,0
69491,0
69492,0
69493,0
69494,2
69495,2
69496,0
69497,2
69498,0
69499,0
69500,0
69501,0
69502,0
69503,2
69504,0
69505,2
69506,0
69507,0
69508,0
69509,0
69510,0
69511,0
69512,0
69513,0
69514,0
69515,0
69516,0
69517,0
69518,0
69519,0
69520,0
69521,0
69522,0
69523,0
69524,0
69525,0
69526,0
69527,0
69528,0
69529,2
69530,0
69531,0
69532,0
69533,0
69534,2
69535,0
69536,0
69537,3
69538,3
69539,3
69540,1
69541,2
69542,1
69543,2
69544,2
69545,2
69546,3
69547,1
69548,2
69549,0
69550,0
69551,0
69552,0
69553,0
69554,0
69555,0
69556,0
69557,0
69558,0
69559,0
69560,0
69561,0
69562,2
69563,1
69564,2
69565,1
69566,2
69567,1
69568,2
69569,2
69570,3
69571,1
69572,2
69573,0
69574,0
69575,0
69576,2
69577,0
69578,2
69579,2
69580,2
69581,2
69582,1
69583,1
69584,1
69585,3
69586,2
69587,0
69588,1
69589,2
69590,2
69591,1
69592,2
69593,2
69594,1
69595,2
69596,2
69597,2
69598,3
69599,3
69600,0
69601,0
69602,0
69603,1
69604,1
69605,3
69606,3
69607,3
69608,3
69609,3
69610,2
69611,3
69612,3
69613,2
69614,2
69615,2
69616,3
69617,2
69618,3
69619,2
69620,2
69621,2
69622,1
69623,1
69624,1
69625,2
69626,2
69627,3
69628,2
69629,2
69630,2
69631,1
69632,2
69633,1
69634,1
69635,2
69636,1
69637,2
69638,2
69639,2
69640,1
69641,1
69642,2
69643,1
69644,1
69645,1
69646,2
69647,1
69648,2
69649,1
69650,1
69651,1
69652,2
69653,2
69654,3
69655,1
69656,3
69657,2
69658,1
69659,1
69660,1
69661,1
69662,1
69663,1
69664,0
69665,0
69666,0
69667,0
69668,3
69669,3
69670,2
69671,3
69672,3
69673,1
69674,1
69675,0
69676,0
69677,2
69678,3
69679,0
69680,0
69681,0
69682,0
69683,0
69684,0
69685,0
69686,0
69687,0
69688,0
69689,1
69690,1
69691,0
69692,1
69693,0
69694,0
69695,3
69696,3
69697,0
69698,0
69699,3
69700,3
69701,1
69702,3
69703,3
69704,1
69705,3
69706,2
69707,1
69708,1
69709,2
69710,1
69711,2
69712,1
69713,1
69714,1
69715,1
69716,1
69717,1
69718,1
69719,1
69720,1
69721,1
69722,2
69723,1
69724,2
69725,1
69726,1
69727,1
69728,1
69729,1
69730,1
69731,1
69732,1
69733,1
69734,1
69735,1
69736,1
69737,1
69738,3
69739,1
69740,3
69741,1
69742,3
69743,1
69744,1
69745,1
69746,1
69747,0
69748,1
69749,1
69750,1
69751,1
69752,1
69753,1
69754,1
69755,1
69756,2
69757,2
69758,2
69759,2
69760,2
69761,2
69762,2
69763,2
69764,3
69765,2
69766,2
69767,3
69768,3
69769,3
69770,3
69771,3
69772,0
69773,0
69774,0
69775,0
69776,3
69777,0
69778,3
69779,0
69780,2
69781,0
69782,0
69783,0
69784,0
69785,0
69786,0
69787,0
69788,0
69789,0
69790,0
69791,0
69792,1
69793,3
69794,1
69795,1
69796,1
69797,1
69798,3
69799,2
69800,0
69801,0
69802,0
69803,0
69804,2
69805,0
69806,0
69807,0
69808,0
69809,0
69810,0
69811,1
69812,0
69813,0
69814,0
69815,0
69816,0
69817,0
69818,2
69819,1
69820,3
69821,1
69822,0
69823,0
69824,0
69825,0
69826,0
69827,0
69828,0
69829,0
69830,0
69831,1
69832,0
69833,0
69834,0
69835,0
69836,0
69837,1
69838,0
69839,0
69840,0
69841,0
69842,0
69843,0
69844,0
69845,0
69846,0
69847,1
69848,3
69849,0
69850,0
69851,0
69852,0
69853,0
69854,0
69855,0
69856,0
69857,0
69858,0
69859,0
69860,0
69861,0
69862,0
69863,0
69864,1
69865,3
69866,1
69867,2
69868,1
69869,3
69870,3
69871,1
69872,1
69873,1
69874,0
69875,1
69876,1
69877,3
69878,0
69879,0
69880,2
69881,1
69882,2
69883,2
69884,1
69885,1
69886,3
69887,3
69888,3
69889,2
69890,1
69891,2
69892,1
69893,1
69894,3
69895,1
69896,2
69897,2
69898,1
69899,2
69900,1
69901,2
69902,2
69903,3
69904,2
69905,2
69906,1
69907,1
69908,0
69909,0
69910,0
69911,1
69912,0
69913,1
69914,1
69915,0
69916,0
69917,0
69918,1
69919,0
69920,1
69921,1
69922,2
69923,0
69924,1
69925,0
69926,3
69927,1
69928,2
69929,3
69930,3
69931,1
69932,2
69933,3
69934,3
69935,1
69936,1
69937,3
69938,3
69939,3
69940,3
69941,2
69942,3
69943,2
69944,3
69945,3
69946,2
69947,2
69948,3
69949,2
69950,2
69951,2
69952,2
69953,2
69954,2
69955,2
69956,2
69957,2
69958,2
69959,1
69960,2
69961,2
69962,2
69963,1
69964,1
69965,2
69966,2
69967,3
69968,1
69969,1
69970,1
69971,1
69972,1
69973,1
69974,1
69975,1
69976,1
69977,2
69978,3
69979,2
69980,1
69981,1
69982,3
69983,2
69984,1
69985,1
69986,2
69987,3
69988,1
69989,1
69990,0
69991,0
69992,0
69993,0
69994,0
69995,0
69996,0
69997,0
69998,0
69999,0
70000,0
70001,0
70002,0
70003,1
70004,3
70005,3
70006,3
70007,2
70008,3
70009,3
70010,2
70011,1
70012,1
70013,2
70014,0
70015,3
70016,1
70017,1
70018,2
70019,1
70020,1
70021,3
70022,1
70023,1
70024,0
70025,2
70026,0
70027,3
70028,0
70029,3
70030,0
70031,2
70032,1
70033,3
70034,0
70035,1
70036,1
70037,1
70038,1
70039,1
70040,1
70041,2
70042,2
70043,2
70044,2
70045,1
70046,1
70047,1
70048,1
70049,1
70050,1
70051,1
70052,1
70053,1
70054,0
70055,2
70056,2
70057,2
70058,2
70059,1
70060,2
70061,3
70062,2
70063,2
70064,2
70065,0
70066,2
70067,0
70068,0
70069,0
70070,0
70071,0
70072,0
70073,1
70074,0
70075,0
70076,3
70077,0
70078,0
70079,0
70080,0
70081,0
70082,0
70083,0
70084,0
70085,0
70086,0
70087,0
70088,0
70089,0
70090,0
70091,0
70092,0
70093,0
70094,0
70095,3
70096,3
70097,0
70098,0
70099,0
70100,0
70101,0
70102,0
70103,0
70104,1
70105,1
70106,2
70107,0
70108,0
70109,0
70110,3
70111,0
70112,0
70113,0
70114,0
70115,0
70116,0
70117,0
70118,0
70119,0
70120,0
70121,0
70122,0
70123,2
70124,0
70125,0
70126,0
70127,0
70128,0
70129,0
70130,0
70131,0
70132,0
70133,0
70134,0
70135,0
70136,0
70137,0
70138,0
70139,0
70140,0
70141,0
70142,0
70143,0
70144,1
70145,0
70146,1
70147,0
70148,0
70149,0
70150,1
70151,0
70152,2
70153,0
70154,0
70155,0
70156,0
70157,2
70158,3
70159,0
70160,0
70161,0
70162,0
70163,0
70164,0
70165,2
70166,0
70167,0
70168,0
70169,0
70170,0
70171,0
70172,1
70173,1
70174,1
70175,1
70176,1
70177,1
70178,1
70179,1
70180,1
70181,3
70182,3
70183,3
70184,3
70185,3
70186,3
70187,2
70188,2
70189,2
70190,2
70191,3
70192,3
70193,2
70194,1
70195,1
70196,2
70197,1
70198,2
70199,1
70200,1
70201,1
70202,0
70203,0
70204,3
70205,3
70206,1
70207,1
70208,1
70209,1
70210,1
70211,1
70212,0
70213,1
70214,1
70215,1
70216,0
70217,0
70218,0
70219,0
70220,3
70221,0
70222,0
70223,0
70224,0
70225,0
70226,0
70227,0
70228,0
70229,0
70230,0
70231,0
70232,0
70233,1
70234,0
70235,0
70236,0
70237,0
70238,0
70239,0
70240,0
70241,0
70242,0
70243,0
70244,0
70245,0
70246,0
70247,0
70248,0
70249,1
70250,1
70251,0
70252,0
70253,0
70254,0
70255,0
70256,0
70257,3
70258,0
70259,3
70260,0
70261,0
70262,0
70263,0
70264,0
70265,0
70266,0
70267,2
70268,0
70269,0
70270,1
70271,0
70272,2
70273,0
70274,0
70275,0
70276,0
70277,0
70278,1
70279,1
70280,1
70281,1
70282,2
70283,1
70284,2
70285,1
70286,3
70287,3
70288,0
70289,0
70290,0
70291,0
70292,0
70293,3
70294,0
70295,0
70296,0
70297,0
70298,0
70299,0
70300,0
70301,0
70302,0
70303,0
70304,0
70305,0
70306,0
70307,0
70308,0
70309,0
70310,0
70311,0
70312,0
70313,0
70314,0
70315,0
70316,0
70317,0
70318,0
70319,0
70320,0
70321,0
70322,0
70323,0
70324,0
70325,0
70326,0
70327,0
70328,0
70329,0
70330,0
70331,0
70332,0
70333,0
70334,3
70335,0
70336,0
70337,2
70338,2
70339,0
70340,0
70341,0
70342,0
70343,0
70344,0
70345,3
70346,0
70347,0
70348,0
70349,0
70350,0
70351,0
70352,0
70353,0
70354,0
70355,2
70356,2
70357,2
70358,2
70359,2
70360,2
70361,2
70362,2
70363,1
70364,2
70365,2
70366,3
70367,2
70368,1
70369,2
70370,2
70371,2
70372,2
70373,0
70374,0
70375,0
70376,0
70377,0
70378,0
70379,0
70380,0
70381,0
70382,0
70383,0
70384,0
70385,0
70386,0
70387,0
70388,0
70389,1
70390,3
70391,2
70392,3
70393,2
70394,2
70395,2
70396,1
70397,2
70398,1
70399,0
70400,0
70401,0
70402,0
70403,1
70404,2
70405,0
70406,1
70407,1
70408,0
70409,0
70410,0
70411,0
70412,0
70413,0
70414,0
70415,0
70416,0
70417,0
70418,0
70419,0
70420,0
70421,0
70422,0
70423,3
70424,0
70425,0
70426,0
70427,0
70428,0
70429,0
70430,0
70431,0
70432,0
70433,0
70434,0
70435,0
70436,0
70437,0
70438,1
70439,2
70440,0
70441,0
70442,0
70443,1
70444,0
70445,0
70446,0
70447,0
70448,0
70449,0
70450,0
70451,1
70452,0
70453,0
70454,0
70455,0
70456,0
70457,0
70458,0
70459,0
70460,0
70461,0
70462,0
70463,0
70464,0
70465,0
70466,0
70467,0
70468,0
70469,0
70470,0
70471,0
70472,0
70473,3
70474,0
70475,0
70476,0
70477,0
70478,0
70479,0
70480,0
70481,0
70482,0
70483,0
70484,0
70485,0
70486,0
70487,0
70488,0
70489,2
70490,2
70491,0
70492,0
70493,0
70494,0
70495,0
70496,3
70497,0
70498,0
70499,0
70500,0
70501,3
70502,2
70503,0
70504,0
70505,0
70506,0
70507,0
70508,0
70509,0
70510,0
70511,0
70512,3
70513,0
70514,0
70515,2
70516,3
70517,3
70518,3
70519,2
70520,3
70521,2
70522,3
70523,0
70524,0
70525,0
70526,3
70527,3
70528,2
70529,2
70530,0
70531,3
70532,0
70533,0
70534,0
70535,0
70536,2
70537,0
70538,0
70539,0
70540,0
70541,0
70542,0
70543,0
70544,0
70545,0
70546,0
70547,0
70548,0
70549,0
70550,0
70551,0
70552,0
70553,1
70554,0
70555,0
70556,0
70557,0
70558,0
70559,0
70560,0
70561,0
70562,0
70563,0
70564,3
70565,0
70566,0
70567,0
70568,0
70569,1
70570,0
70571,2
70572,0
70573,0
70574,0
70575,1
70576,1
70577,3
70578,0
70579,0
70580,2
70581,2
70582,2
70583,3
70584,0
70585,2
70586,3
70587,2
70588,2
70589,3
70590,3
70591,3
70592,3
70593,3
70594,3
70595,3
70596,2
70597,2
70598,1
70599,0
70600,0
70601,1
70602,1
70603,3
70604,2
70605,0
70606,0
70607,0
70608,0
70609,0
70610,0
70611,2
70612,2
70613,3
70614,3
70615,1
70616,1
70617,2
70618,2
70619,3
70620,3
70621,3
70622,2
70623,3
70624,2
70625,3
70626,0
70627,3
70628,3
70629,3
70630,1
70631,3
70632,3
70633,1
70634,3
70635,0
70636,3
70637,0
70638,3
70639,3
70640,3
70641,3
70642,2
70643,3
70644,3
70645,3
70646,1
70647,2
70648,0
70649,2
70650,2
70651,0
70652,3
70653,0
70654,0
70655,0
70656,0
70657,0
70658,0
70659,0
70660,0
70661,0
70662,1
70663,0
70664,0
70665,2
70666,1
70667,3
70668,2
70669,2
70670,2
70671,0
70672,0
70673,0
70674,0
70675,0
70676,0
70677,0
70678,0
70679,0
70680,0
70681,0
70682,0
70683,0
70684,0
70685,0
70686,1
70687,2
70688,2
70689,1
70690,0
70691,1
70692,2
70693,0
70694,0
70695,0
70696,0
70697,0
70698,0
70699,0
70700,0
70701,0
70702,1
70703,0
70704,0
70705,0
70706,0
70707,0
70708,0
70709,0
70710,0
70711,1
70712,0
70713,0
70714,0
70715,0
70716,0
70717,0
70718,0
70719,0
70720,0
70721,0
70722,0
70723,0
70724,0
70725,0
70726,0
70727,0
70728,0
70729,0
70730,0
70731,2
70732,2
70733,1
70734,2
70735,2
70736,1
70737,2
70738,0
70739,3
70740,1
70741,1
70742,0
70743,0
70744,0
70745,3
70746,1
70747,1
70748,1
70749,2
70750,2
70751,0
70752,0
70753,0
70754,0
70755,0
70756,0
70757,0
70758,0
70759,0
70760,2
70761,0
70762,2
70763,1
70764,1
70765,0
70766,0
70767,0
70768,0
70769,0
70770,0
70771,0
70772,0
70773,0
70774,0
70775,0
70776,0
70777,0
70778,0
70779,0
70780,0
70781,2
70782,0
70783,0
70784,0
70785,0
70786,3
70787,2
70788,3
70789,3
70790,3
70791,1
70792,0
70793,0
70794,1
70795,0
70796,0
70797,2
70798,0
70799,0
70800,0
70801,0
70802,0
70803,0
70804,0
70805,0
70806,0
70807,1
70808,1
70809,0
70810,1
70811,1
70812,3
70813,1
70814,1
70815,2
70816,0
70817,0
70818,0
70819,0
70820,0
70821,0
70822,0
70823,0
70824,0
70825,0
70826,0
70827,0
70828,0
70829,0
70830,0
70831,0
70832,0
70833,2
70834,0
70835,0
70836,1
70837,3
70838,1
70839,3
70840,3
70841,3
70842,1
70843,0
70844,0
70845,2
70846,0
70847,0
70848,0
70849,3
70850,2
70851,0
70852,2
70853,0
70854,0
70855,0
70856,0
70857,2
70858,0
70859,0
70860,0
70861,0
70862,0
70863,0
70864,0
70865,1
70866,1
70867,1
70868,1
70869,1
70870,1
70871,3
70872,1
70873,0
70874,0
70875,0
70876,2
70877,0
70878,0
70879,0
70880,1
70881,1
70882,2
70883,0
70884,0
70885,0
70886,0
70887,0
70888,0
70889,0
70890,0
70891,0
70892,2
70893,0
70894,0
70895,0
70896,2
70897,0
70898,0
70899,0
70900,3
70901,0
70902,0
70903,2
70904,2
70905,3
70906,1
70907,1
70908,1
70909,0
70910,3
70911,3
70912,3
70913,1
70914,1
70915,1
70916,3
70917,1
70918,3
70919,1
70920,2
70921,0
70922,1
70923,1
70924,2
70925,1
70926,0
70927,0
70928,0
70929,2
70930,2
70931,0
70932,0
70933,0
70934,2
70935,0
70936,0
70937,0
70938,0
70939,0
70940,0
70941,0
70942,0
70943,0
70944,3
70945,0
70946,0
70947,0
70948,2
70949,0
70950,3
70951,0
70952,0
70953,2
70954,2
70955,0
70956,3
70957,0
70958,0
70959,0
70960,2
70961,3
70962,3
70963,0
70964,0
70965,0
70966,0
70967,0
70968,0
70969,0
70970,0
70971,0
70972,3
70973,0
70974,0
70975,0
70976,1
70977,1
70978,2
70979,2
70980,1
70981,2
70982,2
70983,1
70984,1
70985,2
70986,1
70987,0
70988,3
70989,2
70990,2
70991,3
70992,0
70993,0
70994,0
70995,0
70996,0
70997,0
70998,0
70999,0
71000,0
71001,0
71002,0
71003,0
71004,0
71005,0
71006,2
71007,1
71008,3
71009,1
71010,0
71011,0
71012,0
71013,0
71014,2
71015,2
71016,3
71017,2
71018,2
71019,2
71020,2
71021,2
71022,3
71023,0
71024,3
71025,2
71026,2
71027,3
71028,3
71029,3
71030,3
71031,0
71032,1
71033,1
71034,0
71035,1
71036,0
71037,0
71038,0
71039,0
71040,0
71041,0
71042,0
71043,0
71044,0
71045,0
71046,3
71047,3
71048,0
71049,0
71050,0
71051,0
71052,0
71053,0
71054,2
71055,3
71056,1
71057,3
71058,0
71059,1
71060,2
71061,0
71062,0
71063,0
71064,0
71065,3
71066,0
71067,0
71068,0
71069,3
71070,2
71071,0
71072,0
71073,0
71074,0
71075,1
71076,3
71077,0
71078,0
71079,3
71080,2
71081,2
71082,2
71083,3
71084,0
71085,1
71086,2
71087,3
71088,0
71089,2
71090,2
71091,2
71092,1
71093,2
71094,3
71095,0
71096,0
71097,0
71098,0
71099,0
71100,1
71101,3
71102,2
71103,1
71104,1
71105,2
71106,2
71107,2
71108,2
71109,3
71110,2
71111,3
71112,2
71113,3
71114,0
71115,3
71116,3
71117,3
71118,2
71119,3
71120,3
71121,3
71122,3
71123,0
71124,3
71125,3
71126,2
71127,2
71128,2
71129,2
71130,2
71131,2
71132,2
71133,2
71134,0
71135,0
71136,0
71137,0
71138,0
71139,0
71140,0
71141,2
71142,3
71143,1
71144,2
71145,3
71146,2
71147,1
71148,3
71149,3
71150,3
71151,2
71152,3
71153,3
71154,0
71155,0
71156,2
71157,0
71158,0
71159,2
71160,2
71161,1
71162,0
71163,0
71164,0
71165,0
71166,3
71167,2
71168,2
71169,3
71170,3
71171,2
71172,2
71173,3
71174,2
71175,0
71176,3
71177,2
71178,1
71179,0
71180,3
71181,0
71182,3
71183,0
71184,2
71185,3
71186,1
71187,0
71188,2
71189,2
71190,0
71191,0
71192,2
71193,2
71194,2
71195,2
71196,2
71197,3
71198,2
71199,0
71200,3
71201,3
71202,2
71203,3
71204,3
71205,3
71206,2
71207,3
71208,3
71209,3
71210,2
71211,2
71212,2
71213,2
71214,3
71215,3
71216,3
71217,2
71218,2
71219,3
71220,0
71221,0
71222,0
71223,0
71224,2
71225,2
71226,2
71227,0
71228,3
71229,3
71230,0
71231,0
71232,0
71233,0
71234,0
71235,0
71236,0
71237,0
71238,0
71239,0
71240,2
71241,0
71242,2
71243,2
71244,0
71245,3
71246,3
71247,0
71248,0
71249,2
71250,2
71251,2
71252,0
71253,2
71254,2
71255,2
71256,2
71257,2
71258,2
71259,0
71260,0
71261,3
71262,3
71263,0
71264,2
71265,2
71266,2
71267,0
71268,1
71269,2
71270,3
71271,2
71272,3
71273,3
71274,3
71275,3
71276,2
71277,3
71278,2
71279,0
71280,3
71281,3
71282,0
71283,0
71284,0
71285,0
71286,3
71287,3
71288,1
71289,2
71290,2
71291,2
71292,2
71293,2
71294,1
71295,2
71296,2
71297,3
71298,2
71299,1
71300,1
71301,2
71302,0
71303,2
71304,2
71305,0
71306,3
71307,0
71308,0
71309,0
71310,3
71311,2
71312,2
71313,0
71314,2
71315,0
71316,2
71317,0
71318,0
71319,0
71320,0
71321,0
71322,0
71323,3
71324,2
71325,3
71326,3
71327,3
71328,3
71329,0
71330,2
71331,1
71332,3
71333,3
71334,2
71335,1
71336,2
71337,2
71338,1
71339,1
71340,3
71341,0
71342,0
71343,0
71344,0
71345,0
71346,0
71347,0
71348,0
71349,0
71350,0
71351,0
71352,0
71353,0
71354,0
71355,0
71356,0
71357,0
71358,0
71359,0
71360,0
71361,0
71362,0
71363,3
71364,3
71365,2
71366,0
71367,0
71368,0
71369,0
71370,0
71371,0
71372,0
71373,3
71374,3
71375,0
71376,0
71377,0
71378,0
71379,0
71380,0
71381,0
71382,0
71383,3
71384,0
71385,0
71386,0
71387,3
71388,0
71389,0
71390,2
71391,0
71392,0
71393,3
71394,0
71395,0
71396,0
71397,0
71398,0
71399,0
71400,3
71401,0
71402,0
71403,0
71404,0
71405,1
71406,3
71407,3
71408,3
71409,0
71410,0
71411,0
71412,0
71413,3
71414,0
71415,0
71416,0
71417,0
71418,0
71419,0
71420,0
71421,0
71422,0
71423,3
71424,3
71425,0
71426,0
71427,3
71428,3
71429,3
71430,0
71431,0
71432,0
71433,0
71434,2
71435,2
71436,2
71437,2
71438,2
71439,2
71440,3
71441,2
71442,2
71443,2
71444,2
71445,2
71446,1
71447,2
71448,1
71449,1
71450,1
71451,1
71452,3
71453,3
71454,0
71455,0
71456,3
71457,0
71458,0
71459,0
71460,1
71461,1
71462,1
71463,1
71464,1
71465,3
71466,3
71467,3
71468,3
71469,3
71470,2
71471,3
71472,3
71473,3
71474,3
71475,3
71476,3
71477,2
71478,3
71479,1
71480,3
71481,2
71482,2
71483,3
71484,2
71485,2
71486,3
71487,2
71488,3
71489,3
71490,2
71491,3
71492,2
71493,1
71494,2
71495,1
71496,3
71497,2
71498,3
71499,2
71500,2
71501,2
71502,3
71503,2
71504,1
71505,2
71506,2
71507,1
71508,3
71509,3
71510,3
71511,3
71512,1
71513,3
71514,1
71515,3
71516,1
71517,0
71518,2
71519,3
71520,2
71521,3
71522,1
71523,2
71524,2
71525,0
71526,1
71527,1
71528,3
71529,3
71530,1
71531,3
71532,0
71533,2
71534,3
71535,0
71536,2
71537,2
71538,2
71539,2
71540,2
71541,2
71542,2
71543,1
71544,3
71545,1
71546,2
71547,2
71548,2
71549,2
71550,1
71551,1
71552,1
71553,2
71554,3
71555,2
71556,3
71557,3
71558,1
71559,3
71560,1
71561,1
71562,0
71563,1
71564,1
71565,2
71566,1
71567,3
71568,3
71569,2
71570,2
71571,3
71572,3
71573,0
71574,0
71575,0
71576,0
71577,0
71578,0
71579,0
71580,3
71581,0
71582,0
71583,0
71584,0
71585,0
71586,0
71587,0
71588,0
71589,0
71590,0
71591,0
71592,0
71593,0
71594,0
71595,0
71596,0
71597,0
71598,0
71599,0
71600,0
71601,0
71602,0
71603,0
71604,0
71605,0
71606,2
71607,2
71608,3
71609,2
71610,3
71611,1
71612,2
71613,3
71614,2
71615,3
71616,3
71617,3
71618,3
71619,2
71620,2
71621,3
71622,0
71623,0
71624,0
71625,2
71626,3
71627,0
71628,0
71629,0
71630,2
71631,2
71632,3
71633,3
71634,3
71635,3
71636,1
71637,1
71638,3
71639,3
71640,1
71641,3
71642,3
71643,3
71644,3
71645,0
71646,3
71647,0
71648,0
71649,0
71650,3
71651,3
71652,0
71653,0
71654,0
71655,0
71656,0
71657,2
71658,1
71659,1
71660,2
71661,3
71662,3
71663,3
71664,3
71665,2
71666,3
71667,2
71668,2
71669,3
71670,3
71671,1
71672,1
71673,1
71674,1
71675,1
71676,1
71677,1
71678,1
71679,3
71680,3
71681,3
71682,3
71683,0
71684,3
71685,1
71686,3
71687,1
71688,1
71689,1
71690,1
71691,1
71692,1
71693,1
71694,1
71695,1
71696,1
71697,3
71698,1
71699,3
71700,1
71701,1
71702,3
71703,1
71704,1
71705,1
71706,1
71707,3
71708,1
71709,3
71710,1
71711,3
71712,2
71713,1
71714,1
71715,1
71716,1
71717,1
71718,1
71719,3
71720,1
71721,0
71722,3
71723,0
71724,0
71725,0
71726,1
71727,1
71728,1
71729,1
71730,1
71731,3
71732,1
71733,3
71734,1
71735,1
71736,0
71737,3
71738,0
71739,0
71740,3
71741,2
71742,0
71743,2
71744,2
71745,3
71746,1
71747,0
71748,2
71749,2
71750,3
71751,2
71752,2
71753,3
71754,3
71755,2
71756,3
71757,2
71758,2
71759,3
71760,3
71761,3
71762,2
71763,2
71764,3
71765,2
71766,2
71767,2
71768,3
71769,2
71770,4
71771,2
71772,2
71773,2
71774,2
71775,2
71776,2
71777,2
71778,2
71779,2
71780,2
71781,2
71782,2
71783,2
71784,2
71785,2
71786,2
71787,2
71788,2
71789,2
71790,4
71791,3
71792,2
71793,2
71794,2
71795,2
71796,4
71797,2
71798,2
71799,2
71800,0
71801,3
71802,2
71803,2
71804,2
71805,3
71806,3
71807,2
71808,3
71809,2
71810,0
71811,2
71812,2
71813,2
71814,2
71815,2
71816,2
71817,0
71818,0
71819,0
71820,3
71821,2
71822,2
71823,2
71824,2
71825,2
71826,2
71827,2
71828,2
71829,2
71830,2
71831,2
71832,2
71833,2
71834,2
71835,2
71836,2
71837,3
71838,2
71839,3
71840,3
71841,3
71842,2
71843,2
71844,2
71845,2
71846,0
71847,2
71848,2
71849,2
71850,0
71851,0
71852,2
71853,3
71854,3
71855,1
71856,2
71857,3
71858,2
71859,3
71860,2
71861,2
71862,2
71863,2
71864,2
71865,2
71866,3
71867,3
71868,3
71869,2
71870,3
71871,3
71872,4
71873,4
71874,2
71875,3
71876,2
71877,3
71878,3
71879,2
71880,3
71881,3
71882,3
71883,3
71884,2
71885,2
71886,0
71887,2
71888,2
71889,2
71890,3
71891,2
71892,3
71893,2
71894,4
71895,2
71896,3
71897,2
71898,2
71899,2
71900,2
71901,2
71902,2
71903,3
71904,2
71905,3
71906,2
71907,2
71908,2
71909,3
71910,2
71911,3
71912,2
71913,2
71914,2
71915,3
71916,2
71917,1
71918,1
71919,1
71920,1
71921,1
71922,1
71923,2
71924,2
71925,1
71926,1
71927,2
71928,3
71929,3
71930,2
71931,3
71932,3
71933,3
71934,4
71935,1
71936,3
71937,4
71938,1
71939,3
71940,2
71941,3
71942,3
71943,3
71944,3
71945,3
71946,0
71947,3
71948,2
71949,2
71950,3
71951,3
71952,3
71953,3
71954,2
71955,2
71956,2
71957,2
71958,3
71959,3
71960,2
71961,3
71962,2
71963,3
71964,2
71965,0
71966,0
71967,0
71968,0
71969,0
71970,0
71971,0
71972,0
71973,0
71974,0
71975,0
71976,0
71977,0
71978,1
71979,1
71980,2
71981,2
71982,3
71983,2
71984,2
71985,1
71986,3
71987,2
71988,2
71989,3
71990,1
71991,1
71992,0
71993,0
71994,0
71995,0
71996,0
71997,0
71998,0
71999,0
72000,0
72001,0
72002,0
72003,0
72004,0
72005,0
72006,0
72007,0
72008,0
72009,0
72010,0
72011,3
72012,1
72013,3
72014,1
72015,1
72016,1
72017,3
72018,3
72019,0
72020,2
72021,0
72022,0
72023,3
72024,3
72025,0
72026,0
72027,0
72028,0
72029,0
72030,0
72031,0
72032,0
72033,0
72034,0
72035,0
72036,1
72037,0
72038,0
72039,0
72040,2
72041,3
72042,2
72043,2
72044,3
72045,3
72046,2
72047,3
72048,0
72049,0
72050,0
72051,0
72052,0
72053,2
72054,3
72055,1
72056,2
72057,2
72058,2
72059,1
72060,3
72061,2
72062,2
72063,3
72064,3
72065,3
72066,2
72067,3
72068,2
72069,2
72070,0
72071,2
72072,3
72073,3
72074,3
72075,2
72076,2
72077,2
72078,3
72079,3
72080,2
72081,3
72082,2
72083,2
72084,2
72085,2
72086,3
72087,3
72088,2
72089,2
72090,3
72091,1
72092,1
72093,3
72094,2
72095,2
72096,0
72097,0
72098,2
72099,0
72100,0
72101,0
72102,3
72103,2
72104,2
72105,2
72106,3
72107,3
72108,3
72109,2
72110,3
72111,0
72112,0
72113,0
72114,2
72115,0
72116,0
72117,0
72118,0
72119,2
72120,0
72121,0
72122,0
72123,0
72124,2
72125,3
72126,2
72127,2
72128,0
72129,2
72130,2
72131,2
72132,2
72133,3
72134,3
72135,0
72136,0
72137,1
72138,3
72139,1
72140,3
72141,0
72142,0
72143,0
72144,0
72145,0
72146,2
72147,3
72148,0
72149,0
72150,0
72151,0
72152,0
72153,0
72154,0
72155,2
72156,3
72157,1
72158,3
72159,3
72160,3
72161,2
72162,3
72163,2
72164,3
72165,3
72166,2
72167,2
72168,3
72169,3
72170,3
72171,1
72172,0
72173,1
72174,2
72175,2
72176,2
72177,3
72178,2
72179,2
72180,2
72181,2
72182,3
72183,2
72184,2
72185,1
72186,2
72187,0
72188,2
72189,2
72190,2
72191,3
72192,3
72193,3
72194,3
72195,3
72196,0
72197,3
72198,0
72199,0
72200,3
72201,2
72202,2
72203,2
72204,2
72205,2
72206,3
72207,2
72208,2
72209,2
72210,2
72211,2
72212,3
72213,2
72214,3
72215,3
72216,2
72217,2
72218,2
72219,3
72220,3
72221,3
72222,2
72223,2
72224,2
72225,2
72226,1
72227,2
72228,3
72229,3
72230,3
72231,2
72232,0
72233,2
72234,0
72235,2
72236,2
72237,1
72238,1
72239,1
72240,1
72241,3
72242,3
72243,3
72244,2
72245,3
72246,3
72247,2
72248,0
72249,3
72250,1
72251,3
72252,3
72253,0
72254,0
72255,0
72256,0
72257,0
72258,0
72259,0
72260,0
72261,2
72262,2
72263,2
72264,2
72265,2
72266,2
72267,3
72268,2
72269,3
72270,2
72271,3
72272,3
72273,2
72274,2
72275,0
72276,0
72277,1
72278,0
72279,0
72280,0
72281,0
72282,0
72283,0
72284,2
72285,0
72286,2
72287,0
72288,0
72289,0
72290,0
72291,0
72292,2
72293,3
72294,3
72295,3
72296,3
72297,3
72298,3
72299,3
72300,1
72301,2
72302,1
72303,1
72304,2
72305,2
72306,2
72307,3
72308,2
72309,1
72310,1
72311,2
72312,2
72313,3
72314,1
72315,2
72316,1
72317,1
72318,1
72319,1
72320,0
72321,0
72322,1
72323,1
72324,1
72325,3
72326,1
72327,1
72328,1
72329,2
72330,2
72331,2
72332,1
72333,0
72334,1
72335,3
72336,3
72337,1
72338,1
72339,3
72340,3
72341,3
72342,2
72343,2
72344,0
72345,2
72346,1
72347,1
72348,1
72349,0
72350,1
72351,2
72352,2
72353,3
72354,1
72355,0
72356,3
72357,3
72358,2
72359,1
72360,2
72361,2
72362,3
72363,1
72364,2
72365,2
72366,3
72367,2
72368,3
72369,2
72370,3
72371,1
72372,1
72373,1
72374,3
72375,2
72376,3
72377,1
72378,1
72379,3
72380,3
72381,3
72382,3
72383,2
72384,2
72385,2
72386,2
72387,0
72388,2
72389,0
72390,1
72391,3
72392,2
72393,0
72394,0
72395,0
72396,3
72397,2
72398,0
72399,2
72400,2
72401,2
72402,2
72403,3
72404,2
72405,0
72406,2
72407,2
72408,2
72409,3
72410,2
72411,3
72412,3
72413,0
72414,2
72415,2
72416,3
72417,3
72418,3
72419,2
72420,3
72421,2
72422,0
72423,0
72424,3
72425,2
72426,2
72427,2
72428,2
72429,2
72430,2
72431,2
72432,2
72433,2
72434,2
72435,2
72436,2
72437,2
72438,2
72439,3
72440,2
72441,2
72442,2
72443,2
72444,2
72445,2
72446,2
72447,2
72448,2
72449,2
72450,2
72451,2
72452,2
72453,1
72454,3
72455,2
72456,2
72457,3
72458,3
72459,1
72460,1
72461,0
72462,0
72463,1
72464,2
72465,2
72466,2
72467,2
72468,2
72469,2
72470,2
72471,0
72472,0
72473,0
72474,0
72475,0
72476,3
72477,2
72478,2
72479,2
72480,2
72481,0
72482,0
72483,0
72484,0
72485,0
72486,0
72487,0
72488,0
72489,0
72490,0
72491,1
72492,3
72493,3
72494,3
72495,3
72496,3
72497,2
72498,2
72499,3
72500,3
72501,3
72502,3
72503,3
72504,3
72505,4
72506,1
72507,4
72508,3
72509,3
72510,2
72511,3
72512,2
72513,2
72514,2
72515,3
72516,3
72517,3
72518,2
72519,3
72520,3
72521,2
72522,2
72523,0
72524,3
72525,0
72526,0
72527,2
72528,3
72529,3
72530,3
72531,2
72532,3
72533,0
72534,3
72535,2
72536,2
72537,3
72538,2
72539,2
72540,2
72541,3
72542,3
72543,3
72544,3
72545,3
72546,3
72547,1
72548,3
72549,2
72550,0
72551,1
72552,0
72553,3
72554,3
72555,3
72556,2
72557,3
72558,3
72559,3
72560,1
72561,1
72562,1
72563,3
72564,3
72565,0
72566,0
72567,0
72568,3
72569,0
72570,2
72571,2
72572,0
72573,3
72574,3
72575,0
72576,2
72577,2
72578,0
72579,0
72580,2
72581,1
72582,1
72583,3
72584,0
72585,0
72586,0
72587,0
72588,0
72589,2
72590,0
72591,0
72592,0
72593,0
72594,0
72595,0
72596,3
72597,3
72598,2
72599,2
72600,0
72601,2
72602,2
72603,3
72604,2
72605,4
72606,3
72607,2
72608,2
72609,2
72610,2
72611,3
72612,4
72613,2
72614,1
72615,3
72616,3
72617,1
72618,0
72619,0
72620,0
72621,1
72622,2
72623,1
72624,0
72625,0
72626,0
72627,0
72628,0
72629,2
72630,0
72631,0
72632,0
72633,0
72634,0
72635,3
72636,3
72637,0
72638,0
72639,0
72640,0
72641,0
72642,2
72643,0
72644,0
72645,0
72646,0
72647,0
72648,2
72649,0
72650,0
72651,0
72652,0
72653,0
72654,0
72655,0
72656,0
72657,0
72658,4
72659,0
72660,2
72661,0
72662,0
72663,0
72664,0
72665,0
72666,0
72667,0
72668,0
72669,0
72670,0
72671,0
72672,0
72673,0
72674,0
72675,0
72676,0
72677,0
72678,0
72679,0
72680,0
72681,0
72682,0
72683,0
72684,0
72685,0
72686,0
72687,0
72688,3
72689,2
72690,0
72691,0
72692,2
72693,2
72694,3
72695,0
72696,0
72697,2
72698,3
72699,0
72700,0
72701,2
72702,2
72703,0
72704,0
72705,0
72706,0
72707,2
72708,0
72709,0
72710,0
72711,0
72712,0
72713,0
72714,0
72715,2
72716,0
72717,0
72718,1
72719,0
72720,0
72721,0
72722,0
72723,0
72724,0
72725,2
72726,2
72727,0
72728,1
72729,2
72730,0
72731,0
72732,0
72733,0
72734,0
72735,0
72736,0
72737,0
72738,0
72739,2
72740,3
72741,3
72742,2
72743,2
72744,2
72745,3
72746,2
72747,3
72748,3
72749,3
72750,2
72751,2
72752,3
72753,2
72754,0
72755,0
72756,1
72757,0
72758,0
72759,0
72760,0
72761,0
72762,0
72763,0
72764,0
72765,0
72766,0
72767,0
72768,0
72769,0
72770,0
72771,0
72772,3
72773,0
72774,3
72775,3
72776,0
72777,0
72778,0
72779,0
72780,0
72781,2
72782,2
72783,2
72784,2
72785,2
72786,2
72787,2
72788,3
72789,0
72790,2
72791,2
72792,3
72793,0
72794,3
72795,2
72796,3
72797,3
72798,4
72799,0
72800,1
72801,0
72802,3
72803,3
72804,2
72805,0
72806,3
72807,2
72808,3
72809,3
72810,2
72811,0
72812,0
72813,0
72814,0
72815,0
72816,0
72817,2
72818,2
72819,0
72820,0
72821,0
72822,0
72823,0
72824,0
72825,0
72826,0
72827,0
72828,3
72829,2
72830,1
72831,3
72832,3
72833,3
72834,0
72835,0
72836,0
72837,0
72838,0
72839,2
72840,0
72841,0
72842,0
72843,2
72844,2
72845,3
72846,0
72847,2
72848,3
72849,3
72850,3
72851,2
72852,3
72853,3
72854,2
72855,3
72856,3
72857,3
72858,2
72859,2
72860,3
72861,3
72862,3
72863,0
72864,0
72865,0
72866,2
72867,2
72868,2
72869,3
72870,0
72871,3
72872,1
72873,1
72874,1
72875,0
72876,3
72877,3
72878,3
72879,3
72880,2
72881,3
72882,3
72883,3
72884,3
72885,2
72886,3
72887,0
72888,3
72889,2
72890,1
72891,2
72892,1
72893,2
72894,2
72895,2
72896,1
72897,3
72898,2
72899,1
72900,3
72901,2
72902,3
72903,3
72904,2
72905,3
72906,1
72907,2
72908,2
72909,3
72910,2
72911,3
72912,3
72913,3
72914,2
72915,2
72916,2
72917,2
72918,1
72919,2
72920,3
72921,3
72922,3
72923,3
72924,3
72925,3
72926,2
72927,3
72928,3
72929,3
72930,3
72931,2
72932,3
72933,3
72934,3
72935,2
72936,3
72937,3
72938,3
72939,3
72940,0
72941,3
72942,3
72943,3
72944,0
72945,3
72946,2
72947,3
72948,3
72949,0
72950,0
72951,3
72952,3
72953,2
72954,2
72955,3
72956,3
72957,3
72958,2
72959,1
72960,3
72961,3
72962,3
72963,3
72964,0
72965,3
72966,2
72967,2
72968,2
72969,2
72970,2
72971,0
72972,2
72973,2
72974,2
72975,3
72976,2
72977,3
72978,3
72979,3
72980,1
72981,2
72982,0
72983,0
72984,2
72985,0
72986,3
72987,0
72988,0
72989,2
72990,2
72991,2
72992,2
72993,2
72994,2
72995,0
72996,3
72997,3
72998,3
72999,3
73000,3
73001,3
73002,2
73003,3
73004,3
73005,3
73006,3
73007,2
73008,3
73009,2
73010,2
73011,3
73012,3
73013,3
73014,3
73015,3
73016,2
73017,2
73018,3
73019,3
73020,2
73021,2
73022,4
73023,1
73024,2
73025,2
73026,1
73027,1
73028,3
73029,2
73030,1
73031,0
73032,3
73033,3
73034,3
73035,2
73036,2
73037,2
73038,3
73039,2
73040,3
73041,1
73042,3
73043,3
73044,3
73045,1
73046,2
73047,3
73048,3
73049,3
73050,3
73051,0
73052,3
73053,2
73054,3
73055,3
73056,2
73057,2
73058,0
73059,2
73060,2
73061,2
73062,2
73063,3
73064,0
73065,3
73066,2
73067,2
73068,3
73069,0
73070,0
73071,3
73072,2
73073,3
73074,3
73075,3
73076,3
73077,2
73078,2
73079,3
73080,3
73081,2
73082,2
73083,3
73084,3
73085,2
73086,2
73087,0
73088,3
73089,3
73090,3
73091,2
73092,2
73093,3
73094,0
73095,0
73096,3
73097,3
73098,3
73099,0
73100,3
73101,3
73102,2
73103,3
73104,2
73105,3
73106,2
73107,2
73108,2
73109,3
73110,3
73111,2
73112,2
73113,3
73114,2
73115,3
73116,2
73117,2
73118,3
73119,3
73120,3
73121,3
73122,3
73123,2
73124,3
73125,3
73126,2
73127,3
73128,3
73129,3
73130,3
73131,3
73132,2
73133,2
73134,3
73135,3
73136,3
73137,3
73138,2
73139,0
73140,2
73141,2
73142,3
73143,2
73144,2
73145,3
73146,3
73147,3
73148,3
73149,3
73150,2
73151,0
73152,0
73153,3
73154,0
73155,1
73156,1
73157,3
73158,3
73159,3
73160,3
73161,2
73162,3
73163,3
73164,1
73165,3
73166,1
73167,3
73168,1
73169,1
73170,0
73171,1
73172,3
73173,3
73174,3
73175,3
73176,2
73177,2
73178,2
73179,2
73180,2
73181,2
73182,2
73183,2
73184,1
73185,3
73186,3
73187,2
73188,2
73189,3
73190,2
73191,2
73192,2
73193,2
73194,3
73195,3
73196,3
73197,3
73198,0
73199,0
73200,2
73201,1
73202,3
73203,3
73204,2
73205,3
73206,3
73207,2
73208,3
73209,3
73210,3
73211,2
73212,2
73213,3
73214,2
73215,2
73216,3
73217,3
73218,3
73219,3
73220,1
73221,3
73222,3
73223,3
73224,2
73225,3
73226,3
73227,2
73228,2
73229,3
73230,2
73231,2
73232,2
73233,3
73234,2
73235,2
73236,2
73237,2
73238,3
73239,2
73240,3
73241,3
73242,3
73243,0
73244,2
73245,3
73246,2
73247,2
73248,3
73249,3
73250,3
73251,2
73252,2
73253,3
73254,3
73255,2
73256,2
73257,2
73258,2
73259,2
73260,3
73261,1
73262,2
73263,3
73264,3
73265,3
73266,3
73267,3
73268,3
73269,3
73270,2
73271,3
73272,2
73273,2
73274,2
73275,3
73276,3
73277,2
73278,2
73279,2
73280,2
73281,0
73282,3
73283,3
73284,3
73285,0
73286,0
73287,0
73288,0
73289,2
73290,3
73291,3
73292,3
73293,2
73294,3
73295,3
73296,2
73297,3
73298,3
73299,2
73300,3
73301,3
73302,3
73303,2
73304,3
73305,2
73306,0
73307,2
73308,2
73309,3
73310,3
73311,2
73312,2
73313,3
73314,2
73315,2
73316,2
73317,3
73318,3
73319,3
73320,2
73321,4
73322,2
73323,3
73324,2
73325,3
73326,2
73327,0
73328,2
73329,2
73330,2
73331,3
73332,2
73333,2
73334,2
73335,2
73336,2
73337,3
73338,3
73339,2
73340,2
73341,2
73342,2
73343,2
73344,2
73345,2
73346,3
73347,3
73348,2
73349,2
73350,4
73351,2
73352,2
73353,2
73354,2
73355,3
73356,2
73357,2
73358,2
73359,4
73360,2
73361,3
73362,3
73363,3
73364,2
73365,3
73366,3
73367,3
73368,2
73369,3
73370,2
73371,0
73372,2
73373,1
73374,3
73375,3
73376,3
73377,3
73378,2
73379,2
73380,3
73381,2
73382,3
73383,2
73384,3
73385,2
73386,2
73387,2
73388,2
73389,2
73390,2
73391,3
73392,2
73393,2
73394,2
73395,2
73396,2
73397,3
73398,2
73399,2
73400,3
73401,3
73402,3
73403,2
73404,3
73405,2
73406,3
73407,3
73408,3
73409,3
73410,3
73411,2
73412,2
73413,3
73414,2
73415,3
73416,2
73417,3
73418,3
73419,3
73420,3
73421,2
73422,3
73423,3
73424,2
73425,3
73426,3
73427,3
73428,4
73429,2
73430,3
73431,2
73432,0
73433,0
73434,3
73435,3
73436,0
73437,3
73438,0
73439,3
73440,2
73441,2
73442,2
73443,2
73444,3
73445,2
73446,2
73447,2
73448,0
73449,2
73450,3
73451,2
73452,2
73453,2
73454,2
73455,2
73456,3
73457,2
73458,2
73459,2
73460,2
73461,2
73462,2
73463,2
73464,2
73465,3
73466,2
73467,2
73468,2
73469,4
73470,2
73471,2
73472,2
73473,2
73474,2
73475,0
73476,3
73477,0
73478,3
73479,2
73480,2
73481,3
73482,3
73483,3
73484,2
73485,3
73486,3
73487,2
73488,3
73489,2
73490,3
73491,3
73492,2
73493,3
73494,3
73495,3
73496,2
73497,4
73498,4
73499,2
73500,0
73501,2
73502,3
73503,3
73504,3
73505,2
73506,2
73507,2
73508,2
73509,2
73510,3
73511,3
73512,3
73513,2
73514,2
73515,2
73516,2
73517,2
73518,2
73519,2
73520,2
73521,2
73522,3
73523,2
73524,3
73525,3
73526,3
73527,3
73528,3
73529,3
73530,3
73531,3
73532,2
73533,3
73534,3
73535,3
73536,3
73537,3
73538,2
73539,3
73540,3
73541,2
73542,2
73543,3
73544,2
73545,3
73546,3
73547,2
73548,2
73549,3
73550,3
73551,2
73552,3
73553,2
73554,3
73555,2
73556,2
73557,3
73558,3
73559,3
73560,3
73561,2
73562,0
73563,2
73564,2
73565,2
73566,2
73567,2
73568,2
73569,2
73570,2
73571,3
73572,3
73573,3
73574,3
73575,3
73576,3
73577,3
73578,2
73579,3
73580,2
73581,3
73582,2
73583,2
73584,2
73585,2
73586,3
73587,3
73588,3
73589,3
73590,2
73591,3
73592,2
73593,3
73594,2
73595,2
73596,2
73597,3
73598,3
73599,3
73600,2
73601,3
73602,2
73603,1
73604,2
73605,3
73606,2
73607,2
73608,2
73609,3
73610,3
73611,3
73612,3
73613,2
73614,2
73615,3
73616,3
73617,2
73618,3
73619,2
73620,2
73621,2
73622,2
73623,2
73624,2
73625,2
73626,2
73627,2
73628,2
73629,2
73630,2
73631,2
73632,3
73633,2
73634,2
73635,3
73636,0
73637,3
73638,3
73639,2
73640,2
73641,2
73642,0
73643,2
73644,2
73645,3
73646,2
73647,3
73648,2
73649,2
73650,3
73651,1
73652,3
73653,3
73654,3
73655,2
73656,2
73657,3
73658,3
73659,3
73660,3
73661,3
73662,2
73663,3
73664,3
73665,3
73666,3
73667,3
73668,3
73669,3
73670,2
73671,3
73672,2
73673,2
73674,2
73675,2
73676,4
73677,2
73678,2
73679,4
73680,2
73681,0
73682,3
73683,2
73684,2
73685,3
73686,2
73687,2
73688,3
73689,2
73690,2
73691,2
73692,2
73693,2
73694,2
73695,2
73696,2
73697,2
73698,3
73699,2
73700,2
73701,3
73702,2
73703,2
73704,3
73705,2
73706,3
73707,2
73708,2
73709,2
73710,2
73711,2
73712,3
73713,2
73714,2
73715,2
73716,2
73717,2
73718,0
73719,2
73720,0
73721,2
73722,2
73723,2
73724,2
73725,2
73726,2
73727,2
73728,2
73729,2
73730,3
73731,2
73732,2
73733,3
73734,3
73735,3
73736,3
73737,2
73738,3
73739,2
73740,3
73741,2
73742,0
73743,3
73744,3
73745,3
73746,3
73747,2
73748,3
73749,2
73750,3
73751,3
73752,3
73753,3
73754,3
73755,3
73756,3
73757,3
73758,3
73759,2
73760,3
73761,3
73762,3
73763,3
73764,3
73765,3
73766,2
73767,2
73768,2
73769,3
73770,2
73771,3
73772,4
73773,2
73774,2
73775,3
73776,2
73777,2
73778,3
73779,2
73780,3
73781,3
73782,3
73783,3
73784,2
73785,3
73786,3
73787,3
73788,3
73789,2
73790,2
73791,2
73792,2
73793,3
73794,2
73795,2
73796,2
73797,2
73798,2
73799,3
73800,3
73801,2
73802,3
73803,3
73804,3
73805,3
73806,2
73807,2
73808,3
73809,3
73810,3
73811,2
73812,3
73813,3
73814,3
73815,2
73816,2
73817,3
73818,3
73819,3
73820,3
73821,2
73822,2
73823,2
73824,2
73825,2
73826,0
73827,2
73828,3
73829,3
73830,2
73831,2
73832,0
73833,2
73834,3
73835,3
73836,2
73837,3
73838,3
73839,2
73840,3
73841,2
73842,2
73843,2
73844,3
73845,2
73846,2
73847,3
73848,0
73849,2
73850,3
73851,3
73852,2
73853,3
73854,2
73855,1
73856,3
73857,3
73858,3
73859,2
73860,2
73861,2
73862,3
73863,3
73864,3
73865,3
73866,3
73867,3
73868,3
73869,3
73870,3
73871,3
73872,3
73873,3
73874,3
73875,3
73876,3
73877,3
73878,2
73879,3
73880,3
73881,3
73882,2
73883,3
73884,3
73885,3
73886,2
73887,3
73888,3
73889,2
73890,3
73891,3
73892,2
73893,3
73894,3
73895,3
73896,2
73897,3
73898,3
73899,2
73900,2
73901,2
73902,2
73903,3
73904,3
73905,3
73906,3
73907,2
73908,2
73909,0
73910,2
73911,2
73912,2
73913,3
73914,3
73915,2
73916,2
73917,2
73918,3
73919,3
73920,2
73921,2
73922,3
73923,3
73924,2
73925,3
73926,3
73927,3
73928,3
73929,3
73930,2
73931,0
73932,2
73933,2
73934,3
73935,3
73936,2
73937,3
73938,0
73939,3
73940,3
73941,2
73942,2
73943,3
73944,2
73945,2
73946,3
73947,2
73948,3
73949,2
73950,2
73951,0
73952,2
73953,2
73954,2
73955,3
73956,2
73957,2
73958,2
73959,3
73960,3
73961,2
73962,3
73963,3
73964,2
73965,3
73966,3
73967,3
73968,3
73969,3
73970,2
73971,2
73972,2
73973,2
73974,3
73975,3
73976,2
73977,2
73978,2
73979,3
73980,2
73981,3
73982,2
73983,3
73984,3
73985,2
73986,2
73987,2
73988,2
73989,0
73990,2
73991,2
73992,0
73993,3
73994,3
73995,2
73996,2
73997,2
73998,3
73999,2
74000,3
74001,3
74002,2
74003,2
74004,3
74005,3
74006,2
74007,2
74008,2
74009,3
74010,0
74011,2
74012,2
74013,2
74014,3
74015,3
74016,3
74017,2
74018,2
74019,3
74020,2
74021,2
74022,2
74023,3
74024,3
74025,2
74026,2
74027,2
74028,3
74029,2
74030,2
74031,3
74032,3
74033,2
74034,2
74035,2
74036,2
74037,2
74038,2
74039,2
74040,2
74041,2
74042,3
74043,3
74044,0
74045,2
74046,3
74047,0
74048,3
74049,3
74050,2
74051,3
74052,3
74053,3
74054,3
74055,3
74056,2
74057,2
74058,2
74059,2
74060,3
74061,3
74062,3
74063,2
74064,3
74065,3
74066,3
74067,2
74068,3
74069,3
74070,3
74071,2
74072,2
74073,2
74074,2
74075,0
74076,3
74077,2
74078,2
74079,2
74080,3
74081,4
74082,2
74083,2
74084,0
74085,2
74086,2
74087,2
74088,2
74089,3
74090,2
74091,2
74092,2
74093,0
74094,2
74095,3
74096,3
74097,2
74098,0
74099,2
74100,2
74101,3
74102,3
74103,2
74104,3
74105,3
74106,2
74107,2
74108,4
74109,2
74110,1
74111,2
74112,3
74113,3
74114,2
74115,0
74116,3
74117,3
74118,2
74119,2
74120,2
74121,2
74122,3
74123,2
74124,2
74125,2
74126,2
74127,3
74128,2
74129,2
74130,2
74131,2
74132,2
74133,3
74134,3
74135,3
74136,2
74137,2
74138,4
74139,2
74140,2
74141,2
74142,2
74143,2
74144,2
74145,2
74146,2
74147,2
74148,3
74149,2
74150,3
74151,3
74152,3
74153,2
74154,2
74155,2
74156,2
74157,2
74158,3
74159,2
74160,2
74161,2
74162,0
74163,3
74164,2
74165,2
74166,3
74167,3
74168,3
74169,2
74170,4
74171,3
74172,2
74173,3
74174,0
74175,2
74176,4
74177,0
74178,2
74179,2
74180,2
74181,2
74182,3
74183,3
74184,3
74185,3
74186,2
74187,2
74188,3
74189,2
74190,2
74191,2
74192,2
74193,3
74194,4
74195,2
74196,2
74197,2
74198,2
74199,3
74200,2
74201,4
74202,2
74203,3
74204,2
74205,3
74206,2
74207,2
74208,3
74209,2
74210,2
74211,2
74212,2
74213,3
74214,2
74215,3
74216,2
74217,3
74218,2
74219,2
74220,2
74221,3
74222,2
74223,3
74224,2
74225,2
74226,2
74227,3
74228,2
74229,2
74230,2
74231,2
74232,3
74233,3
74234,3
74235,2
74236,4
74237,2
74238,2
74239,3
74240,1
74241,2
74242,2
74243,3
74244,0
74245,3
74246,3
74247,3
74248,3
74249,2
74250,3
74251,2
74252,2
74253,2
74254,3
74255,2
74256,3
74257,3
74258,3
74259,2
74260,2
74261,2
74262,2
74263,2
74264,2
74265,0
74266,2
74267,2
74268,3
74269,2
74270,2
74271,2
74272,3
74273,2
74274,2
74275,2
74276,3
74277,2
74278,2
74279,2
74280,2
74281,3
74282,2
74283,2
74284,2
74285,2
74286,3
74287,4
74288,0
74289,2
74290,2
74291,2
74292,2
74293,2
74294,3
74295,3
74296,3
74297,3
74298,2
74299,2
74300,2
74301,2
74302,2
74303,2
74304,2
74305,2
74306,2
74307,3
74308,3
74309,3
74310,2
74311,3
74312,3
74313,3
74314,2
74315,2
74316,3
74317,2
74318,0
74319,0
74320,2
74321,2
74322,3
74323,2
74324,3
74325,2
74326,2
74327,2
74328,2
74329,2
74330,3
74331,3
74332,2
74333,3
74334,3
74335,3
74336,3
74337,3
74338,3
74339,3
74340,3
74341,3
74342,3
74343,2
74344,2
74345,3
74346,2
74347,3
74348,3
74349,3
74350,2
74351,3
74352,3
74353,2
74354,2
74355,3
74356,3
74357,2
74358,2
74359,3
74360,3
74361,2
74362,3
74363,3
74364,3
74365,3
74366,3
74367,2
74368,3
74369,2
74370,3
74371,3
74372,2
74373,3
74374,4
74375,4
74376,0
74377,3
74378,3
74379,2
74380,0
74381,3
74382,3
74383,2
74384,2
74385,4
74386,2
74387,3
74388,2
74389,3
74390,2
74391,2
74392,3
74393,2
74394,3
74395,3
74396,3
74397,3
74398,3
74399,3
74400,3
74401,2
74402,2
74403,2
74404,3
74405,3
74406,3
74407,3
74408,3
74409,3
74410,3
74411,2
74412,3
74413,3
74414,4
74415,3
74416,2
74417,2
74418,3
74419,3
74420,2
74421,3
74422,2
74423,3
74424,2
74425,0
74426,0
74427,2
74428,2
74429,2
74430,3
74431,3
74432,2
74433,2
74434,2
74435,3
74436,3
74437,2
74438,2
74439,3
74440,2
74441,2
74442,2
74443,3
74444,3
74445,3
74446,3
74447,3
74448,2
74449,2
74450,3
74451,2
74452,2
74453,2
74454,3
74455,3
74456,3
74457,3
74458,3
74459,3
74460,2
74461,3
74462,2
74463,3
74464,3
74465,2
74466,2
74467,2
74468,2
74469,3
74470,2
74471,3
74472,2
74473,2
74474,3
74475,3
74476,3
74477,2
74478,2
74479,3
74480,3
74481,3
74482,3
74483,2
74484,3
74485,2
74486,2
74487,3
74488,2
74489,3
74490,2
74491,2
74492,3
74493,2
74494,2
74495,2
74496,3
74497,3
74498,3
74499,3
74500,3
74501,2
74502,2
74503,3
74504,3
74505,2
74506,3
74507,3
74508,2
74509,2
74510,2
74511,2
74512,3
74513,3
74514,3
74515,3
74516,3
74517,3
74518,3
74519,3
74520,3
74521,3
74522,3
74523,3
74524,3
74525,2
74526,2
74527,3
74528,2
74529,3
74530,3
74531,2
74532,2
74533,2
74534,2
74535,0
74536,3
74537,3
74538,3
74539,2
74540,2
74541,3
74542,2
74543,2
74544,2
74545,2
74546,2
74547,3
74548,2
74549,2
74550,2
74551,2
74552,2
74553,2
74554,3
74555,3
74556,3
74557,2
74558,0
74559,2
74560,2
74561,3
74562,2
74563,3
74564,2
74565,3
74566,2
74567,2
74568,2
74569,2
74570,2
74571,2
74572,2
74573,2
74574,2
74575,2
74576,3
74577,3
74578,3
74579,2
74580,2
74581,3
74582,2
74583,3
74584,3
74585,2
74586,3
74587,2
74588,2
74589,2
74590,2
74591,2
74592,3
74593,3
74594,2
74595,2
74596,3
74597,2
74598,3
74599,4
74600,3
74601,2
74602,2
74603,2
74604,3
74605,3
74606,2
74607,2
74608,2
74609,3
74610,3
74611,3
74612,2
74613,2
74614,2
74615,2
74616,3
74617,4
74618,2
74619,2
74620,3
74621,2
74622,3
74623,2
74624,2
74625,2
74626,2
74627,2
74628,2
74629,2
74630,2
74631,2
74632,3
74633,2
74634,2
74635,3
74636,2
74637,2
74638,3
74639,2
74640,2
74641,2
74642,3
74643,3
74644,3
74645,2
74646,3
74647,2
74648,4
74649,2
74650,2
74651,3
74652,2
74653,0
74654,3
74655,0
74656,3
74657,2
74658,2
74659,2
74660,2
74661,2
74662,3
74663,3
74664,2
74665,3
74666,2
74667,3
74668,2
74669,0
74670,2
74671,0
74672,2
74673,2
74674,2
74675,2
74676,2
74677,2
74678,2
74679,3
74680,0
74681,2
74682,2
74683,3
74684,3
74685,2
74686,3
74687,2
74688,0
74689,2
74690,2
74691,2
74692,2
74693,3
74694,2
74695,2
74696,3
74697,3
74698,2
74699,2
74700,2
74701,2
74702,2
74703,3
74704,3
74705,3
74706,3
74707,2
74708,3
74709,2
74710,2
74711,3
74712,2
74713,2
74714,2
74715,3
74716,2
74717,2
74718,3
74719,3
74720,2
74721,2
74722,3
74723,3
74724,1
74725,2
74726,3
74727,2
74728,3
74729,3
74730,2
74731,3
74732,3
74733,3
74734,3
74735,3
74736,3
74737,2
74738,3
74739,3
74740,2
74741,2
74742,3
74743,2
74744,4
74745,3
74746,3
74747,2
74748,3
74749,2
74750,0
74751,3
74752,3
74753,2
74754,2
74755,2
74756,2
74757,2
74758,2
74759,3
74760,0
74761,2
74762,2
74763,2
74764,2
74765,2
74766,3
74767,3
74768,2
74769,3
74770,3
74771,2
74772,2
74773,4
74774,2
74775,3
74776,2
74777,0
74778,2
74779,2
74780,2
74781,2
74782,2
74783,2
74784,2
74785,0
74786,2
74787,3
74788,3
74789,3
74790,2
74791,3
74792,2
74793,3
74794,2
74795,0
74796,2
74797,2
74798,2
74799,2
74800,2
74801,0
74802,3
74803,3
74804,3
74805,2
74806,2
74807,2
74808,2
74809,2
74810,2
74811,2
74812,2
74813,2
74814,3
74815,3
74816,2
74817,2
74818,2
74819,2
74820,2
74821,0
74822,2
74823,2
74824,2
74825,3
74826,3
74827,2
74828,2
74829,3
74830,3
74831,3
74832,2
74833,0
74834,3
74835,2
74836,2
74837,2
74838,2
74839,2
74840,2
74841,2
74842,3
74843,3
74844,4
74845,3
74846,2
74847,2
74848,2
74849,0
74850,2
74851,0
74852,2
74853,2
74854,2
74855,2
74856,2
74857,0
74858,2
74859,2
74860,2
74861,4
74862,2
74863,3
74864,3
74865,2
74866,2
74867,3
74868,2
74869,3
74870,2
74871,0
74872,2
74873,2
74874,2
74875,3
74876,4
74877,2
74878,2
74879,2
74880,2
74881,2
74882,2
74883,2
74884,2
74885,2
74886,3
74887,0
74888,3
74889,3
74890,2
74891,2
74892,3
74893,2
74894,3
74895,3
74896,3
74897,3
74898,3
74899,2
74900,2
74901,2
74902,2
74903,2
74904,2
74905,2
74906,3
74907,2
74908,3
74909,3
74910,2
74911,2
74912,3
74913,3
74914,3
74915,2
74916,2
74917,2
74918,2
74919,3
74920,2
74921,2
74922,3
74923,3
74924,3
74925,3
74926,2
74927,3
74928,2
74929,2
74930,2
74931,2
74932,2
74933,2
74934,2
74935,2
74936,2
74937,2
74938,3
74939,3
74940,3
74941,2
74942,2
74943,1
74944,3
74945,3
74946,2
74947,3
74948,2
74949,2
74950,3
74951,2
74952,2
74953,2
74954,2
74955,2
74956,2
74957,3
74958,3
74959,3
74960,1
74961,2
74962,3
74963,2
74964,4
74965,2
74966,3
74967,3
74968,2
74969,2
74970,2
74971,2
74972,3
74973,2
74974,2
74975,0
74976,2
74977,2
74978,2
74979,2
74980,2
74981,0
74982,3
74983,2
74984,2
74985,0
74986,2
74987,4
74988,2
74989,3
74990,2
74991,2
74992,2
74993,3
74994,2
74995,2
74996,2
74997,2
74998,2
74999,2
75000,2
75001,2
75002,2
75003,2
75004,3
75005,2
75006,2
75007,2
75008,3
75009,3
75010,3
75011,3
75012,2
75013,2
75014,2
75015,2
75016,0
75017,3
75018,2
75019,2
75020,2
75021,2
75022,0
75023,0
75024,0
75025,0
75026,2
75027,3
75028,1
75029,3
75030,2
75031,3
75032,2
75033,3
75034,1
75035,3
75036,3
75037,3
75038,2
75039,0
75040,0
75041,3
75042,3
75043,2
75044,2
75045,3
75046,2
75047,2
75048,3
75049,3
75050,3
75051,3
75052,3
75053,0
75054,2
75055,2
75056,2
75057,2
75058,3
75059,2
75060,2
75061,2
75062,2
75063,3
75064,2
75065,0
75066,3
75067,2
75068,3
75069,2
75070,1
75071,2
75072,2
75073,1
75074,3
75075,4
75076,4
75077,3
75078,3
75079,2
75080,3
75081,2
75082,3
75083,3
75084,0
75085,3
75086,2
75087,4
75088,3
75089,3
75090,4
75091,3
75092,3
75093,3
75094,2
75095,2
75096,2
75097,2
75098,2
75099,3
75100,3
75101,3
75102,2
75103,3
75104,3
75105,2
75106,3
75107,3
75108,2
75109,1
75110,2
75111,4
75112,2
75113,3
75114,3
75115,4
75116,3
75117,4
75118,4
75119,4
75120,4
75121,4
75122,3
75123,4
75124,3
75125,3
75126,3
75127,4
75128,2
75129,3
75130,2
75131,2
75132,2
75133,4
75134,3
75135,2
75136,2
75137,2
75138,1
75139,2
75140,2
75141,2
75142,3
75143,3
75144,1
75145,3
75146,4
75147,3
75148,3
75149,1
75150,3
75151,4
75152,2
75153,3
75154,3
75155,3
75156,2
75157,3
75158,3
75159,3
75160,3
75161,3
75162,0
75163,1
75164,3
75165,3
75166,3
75167,3
75168,3
75169,3
75170,2
75171,4
75172,2
75173,3
75174,3
75175,3
75176,3
75177,0
75178,3
75179,3
75180,1
75181,1
75182,0
75183,2
75184,2
75185,2
75186,2
75187,2
75188,2
75189,3
75190,2
75191,2
75192,2
75193,1
75194,3
75195,3
75196,3
75197,3
75198,3
75199,3
75200,2
75201,2
75202,2
75203,2
75204,3
75205,3
75206,3
75207,3
75208,4
75209,2
75210,3
75211,2
75212,2
75213,2
75214,3
75215,2
75216,4
75217,3
75218,2
75219,3
75220,2
75221,3
75222,2
75223,2
75224,2
75225,2
75226,2
75227,2
75228,3
75229,3
75230,2
75231,3
75232,4
75233,2
75234,2
75235,2
75236,3
75237,2
75238,1
75239,3
75240,2
75241,2
75242,3
75243,3
75244,2
75245,3
75246,3
75247,2
75248,2
75249,2
75250,2
75251,2
75252,2
75253,2
75254,2
75255,2
75256,3
75257,2
75258,2
75259,2
75260,2
75261,3
75262,2
75263,3
75264,2
75265,2
75266,3
75267,2
75268,2
75269,3
75270,2
75271,2
75272,2
75273,3
75274,3
75275,2
75276,2
75277,3
75278,3
75279,2
75280,2
75281,3
75282,2
75283,3
75284,3
75285,3
75286,2
75287,3
75288,2
75289,2
75290,2
75291,2
75292,2
75293,2
75294,3
75295,2
75296,2
75297,2
75298,1
75299,2
75300,2
75301,3
75302,2
75303,2
75304,2
75305,3
75306,1
75307,3
75308,2
75309,3
75310,4
75311,3
75312,2
75313,0
75314,3
75315,4
75316,4
75317,2
75318,2
75319,2
75320,3
75321,2
75322,2
75323,2
75324,1
75325,4
75326,2
75327,2
75328,2
75329,2
75330,2
75331,3
75332,3
75333,2
75334,3
75335,2
75336,2
75337,4
75338,2
75339,2
75340,2
75341,3
75342,2
75343,2
75344,2
75345,2
75346,2
75347,2
75348,0
75349,2
75350,2
75351,2
75352,2
75353,3
75354,2
75355,2
75356,2
75357,2
75358,2
75359,2
75360,2
75361,2
75362,2
75363,3
75364,3
75365,3
75366,3
75367,3
75368,2
75369,2
75370,2
75371,3
75372,2
75373,2
75374,2
75375,2
75376,3
75377,2
75378,2
75379,2
75380,3
75381,3
75382,0
75383,2
75384,2
75385,4
75386,2
75387,2
75388,2
75389,3
75390,4
75391,2
75392,2
75393,2
75394,2
75395,2
75396,2
75397,3
75398,3
75399,3
75400,2
75401,0
75402,2
75403,2
75404,3
75405,2
75406,2
75407,3
75408,3
75409,2
75410,2
75411,3
75412,2
75413,3
75414,2
75415,3
75416,3
75417,0
75418,3
75419,3
75420,3
75421,2
75422,2
75423,3
75424,3
75425,2
75426,3
75427,2
75428,2
75429,2
75430,2
75431,2
75432,2
75433,2
75434,3
75435,3
75436,0
75437,2
75438,2
75439,2
75440,3
75441,2
75442,0
75443,2
75444,2
75445,2
75446,2
75447,2
75448,2
75449,2
75450,2
75451,3
75452,2
75453,2
75454,3
75455,3
75456,2
75457,2
75458,2
75459,2
75460,3
75461,3
75462,2
75463,2
75464,2
75465,2
75466,2
75467,2
75468,2
75469,2
75470,0
75471,2
75472,3
75473,3
75474,2
75475,3
75476,2
75477,3
75478,0
75479,2
75480,2
75481,2
75482,2
75483,2
75484,2
75485,2
75486,3
75487,2
75488,2
75489,2
75490,2
75491,0
75492,3
75493,2
75494,3
75495,4
75496,3
75497,2
75498,2
75499,2
75500,2
75501,2
75502,2
75503,3
75504,3
75505,2
75506,2
75507,2
75508,2
75509,2
75510,2
75511,4
75512,2
75513,2
75514,2
75515,0
75516,0
75517,2
75518,2
75519,2
75520,2
75521,2
75522,2
75523,2
75524,2
75525,2
75526,2
75527,3
75528,2
75529,2
75530,2
75531,3
75532,2
75533,2
75534,2
75535,2
75536,3
75537,2
75538,2
75539,3
75540,3
75541,2
75542,0
75543,2
75544,2
75545,2
75546,2
75547,2
75548,3
75549,3
75550,2
75551,3
75552,3
75553,2
75554,3
75555,2
75556,2
75557,0
75558,3
75559,4
75560,0
75561,3
75562,2
75563,2
75564,3
75565,0
75566,4
75567,2
75568,2
75569,2
75570,2
75571,3
75572,2
75573,2
75574,3
75575,3
75576,2
75577,3
75578,2
75579,3
75580,2
75581,2
75582,3
75583,2
75584,3
75585,2
75586,2
75587,3
75588,2
75589,2
75590,3
75591,2
75592,2
75593,3
75594,2
75595,2
75596,2
75597,3
75598,2
75599,2
75600,2
75601,2
75602,3
75603,2
75604,2
75605,3
75606,0
75607,2
75608,2
75609,2
75610,3
75611,2
75612,3
75613,3
75614,2
75615,2
75616,2
75617,2
75618,2
75619,3
75620,3
75621,3
75622,2
75623,3
75624,3
75625,3
75626,2
75627,3
75628,3
75629,3
75630,2
75631,2
75632,2
75633,3
75634,3
75635,2
75636,3
75637,3
75638,3
75639,3
75640,2
75641,2
75642,2
75643,2
75644,2
75645,2
75646,2
75647,2
75648,0
75649,2
75650,4
75651,2
75652,3
75653,3
75654,2
75655,2
75656,2
75657,3
75658,3
75659,3
75660,2
75661,2
75662,2
75663,2
75664,3
75665,2
75666,2
75667,2
75668,2
75669,3
75670,1
75671,2
75672,2
75673,2
75674,2
75675,2
75676,2
75677,2
75678,2
75679,0
75680,2
75681,2
75682,3
75683,3
75684,2
75685,2
75686,4
75687,3
75688,2
75689,2
75690,2
75691,2
75692,3
75693,2
75694,2
75695,3
75696,2
75697,2
75698,2
75699,2
75700,2
75701,2
75702,4
75703,0
75704,3
75705,2
75706,3
75707,2
75708,3
75709,2
75710,2
75711,4
75712,2
75713,3
75714,3
75715,3
75716,2
75717,3
75718,3
75719,2
75720,2
75721,2
75722,2
75723,2
75724,2
75725,3
75726,2
75727,2
75728,2
75729,0
75730,2
75731,2
75732,2
75733,2
75734,3
75735,2
75736,2
75737,2
75738,2
75739,2
75740,3
75741,2
75742,2
75743,3
75744,3
75745,3
75746,2
75747,3
75748,2
75749,2
75750,0
75751,3
75752,3
75753,2
75754,3
75755,3
75756,2
75757,2
75758,2
75759,2
75760,2
75761,3
75762,2
75763,3
75764,3
75765,3
75766,2
75767,3
75768,2
75769,3
75770,3
75771,3
75772,2
75773,3
75774,3
75775,2
75776,3
75777,2
75778,3
75779,2
75780,3
75781,2
75782,2
75783,0
75784,2
75785,2
75786,2
75787,2
75788,2
75789,2
75790,2
75791,2
75792,3
75793,3
75794,3
75795,3
75796,3
75797,2
75798,3
75799,2
75800,0
75801,2
75802,2
75803,3
75804,3
75805,3
75806,2
75807,2
75808,3
75809,2
75810,2
75811,3
75812,3
75813,2
75814,3
75815,2
75816,3
75817,3
75818,3
75819,2
75820,2
75821,3
75822,2
75823,2
75824,2
75825,2
75826,3
75827,2
75828,4
75829,4
75830,3
75831,3
75832,4
75833,2
75834,2
75835,2
75836,2
75837,2
75838,2
75839,2
75840,2
75841,2
75842,2
75843,3
75844,2
75845,2
75846,0
75847,2
75848,2
75849,2
75850,2
75851,2
75852,2
75853,2
75854,2
75855,2
75856,3
75857,3
75858,3
75859,2
75860,3
75861,4
75862,2
75863,2
75864,4
75865,4
75866,4
75867,2
75868,2
75869,4
75870,4
75871,2
75872,2
75873,0
75874,2
75875,4
75876,4
75877,4
75878,2
75879,3
75880,3
75881,1
75882,3
75883,1
75884,3
75885,1
75886,2
75887,2
75888,3
75889,4
75890,4
75891,4
75892,1
75893,4
75894,4
75895,4
75896,4
75897,4
75898,1
75899,4
75900,2
75901,4
75902,2
75903,2
75904,4
75905,2
75906,4
75907,4
75908,4
75909,4
75910,4
75911,4
75912,4
75913,2
75914,4
75915,4
75916,2
75917,4
75918,3
75919,2
75920,4
75921,4
75922,4
75923,4
75924,4
75925,4
75926,4
75927,4
75928,2
75929,2
75930,4
75931,4
75932,4
75933,4
75934,4
75935,2
75936,2
75937,4
75938,2
75939,4
75940,4
75941,3
75942,4
75943,4
75944,4
75945,3
75946,2
75947,4
75948,4
75949,4
75950,1
75951,3
75952,4
75953,4
75954,1
75955,2
75956,4
75957,4
75958,2
75959,4
75960,4
75961,4
75962,4
75963,4
75964,4
75965,4
75966,4
75967,4
75968,4
75969,4
75970,4
75971,4
75972,4
75973,2
75974,4
75975,4
75976,4
75977,4
75978,4
75979,4
75980,4
75981,4
75982,4
75983,4
75984,4
75985,4
75986,4
75987,4
75988,2
75989,4
75990,4
75991,2
75992,2
75993,1
75994,1
75995,4
75996,1
75997,1
75998,1
75999,2
76000,4
76001,4
76002,4
76003,4
76004,2
76005,2
76006,0
76007,4
76008,2
76009,3
76010,2
76011,4
76012,2
76013,4
76014,2
76015,2
76016,4
76017,3
76018,3
76019,2
76020,2
76021,2
76022,2
76023,1
76024,3
76025,3
76026,3
76027,2
76028,2
76029,3
76030,4
76031,4
76032,3
76033,2
76034,3
76035,3
76036,3
76037,3
76038,3
76039,3
76040,2
76041,3
76042,3
76043,3
76044,3
76045,3
76046,3
76047,3
76048,3
76049,3
76050,3
76051,2
76052,3
76053,2
76054,3
76055,3
76056,1
76057,3
76058,0
76059,0
76060,2
76061,2
76062,2
76063,3
76064,2
76065,2
76066,3
76067,4
76068,3
76069,3
76070,4
76071,2
76072,2
76073,3
76074,3
76075,2
76076,3
76077,2
76078,3
76079,3
76080,3
76081,3
76082,2
76083,3
76084,3
76085,2
76086,2
76087,3
76088,2
76089,3
76090,3
76091,2
76092,4
76093,2
76094,3
76095,3
76096,1
76097,2
76098,2
76099,3
76100,0
76101,2
76102,2
76103,2
76104,3
76105,2
76106,3
76107,2
76108,3
76109,3
76110,3
76111,2
76112,4
76113,2
76114,2
76115,2
76116,0
76117,2
76118,2
76119,2
76120,2
76121,2
76122,0
76123,0
76124,2
76125,2
76126,2
76127,2
76128,2
76129,2
76130,1
76131,1
76132,1
76133,3
76134,2
76135,2
76136,2
76137,2
76138,3
76139,3
76140,2
76141,3
76142,3
76143,1
76144,1
76145,3
76146,3
76147,2
76148,2
76149,3
76150,2
76151,3
76152,3
76153,3
76154,3
76155,3
76156,3
76157,2
76158,2
76159,0
76160,2
76161,2
76162,2
76163,0
76164,2
76165,3
76166,2
76167,2
76168,2
76169,3
76170,2
76171,3
76172,1
76173,2
76174,3
76175,3
76176,3
76177,2
76178,2
76179,2
76180,2
76181,2
76182,2
76183,2
76184,2
76185,2
76186,2
76187,2
76188,2
76189,2
76190,3
76191,2
76192,3
76193,3
76194,3
76195,0
76196,2
76197,2
76198,2
76199,2
76200,3
76201,3
76202,2
76203,1
76204,3
76205,2
76206,2
76207,2
76208,2
76209,0
76210,0
76211,3
76212,2
76213,2
76214,2
76215,0
76216,2
76217,2
76218,3
76219,0
76220,2
76221,2
76222,2
76223,3
76224,3
76225,2
76226,2
76227,2
76228,2
76229,0
76230,2
76231,2
76232,2
76233,2
76234,0
76235,2
76236,2
76237,2
76238,1
76239,2
76240,2
76241,2
76242,2
76243,2
76244,2
76245,2
76246,2
76247,2
76248,2
76249,0
76250,2
76251,2
76252,2
76253,2
76254,2
76255,0
76256,2
76257,2
76258,2
76259,0
76260,1
76261,2
76262,1
76263,2
76264,0
76265,0
76266,3
76267,2
76268,2
76269,2
76270,2
76271,2
76272,2
76273,2
76274,2
76275,2
76276,1
76277,2
76278,2
76279,2
76280,3
76281,2
76282,2
76283,2
76284,2
76285,2
76286,2
76287,2
76288,2
76289,2
76290,2
76291,2
76292,2
76293,2
76294,2
76295,2
76296,2
76297,2
76298,3
76299,2
76300,2
76301,2
76302,2
76303,2
76304,2
76305,0
76306,3
76307,2
76308,2
76309,2
76310,0
76311,0
76312,2
76313,2
76314,2
76315,2
76316,2
76317,2
76318,2
76319,2
76320,2
76321,2
76322,2
76323,2
76324,2
76325,2
76326,2
76327,2
76328,2
76329,2
76330,2
76331,2
76332,2
76333,2
76334,2
76335,2
76336,2
76337,2
76338,3
76339,0
76340,1
76341,2
76342,3
76343,2
76344,2
76345,3
76346,3
76347,3
76348,3
76349,2
76350,1
76351,4
76352,4
76353,2
76354,1
76355,2
76356,3
76357,2
76358,3
76359,3
76360,1
76361,3
76362,2
76363,2
76364,3
76365,2
76366,0
76367,3
76368,2
76369,4
76370,2
76371,2
76372,2
76373,3
76374,2
76375,2
76376,2
76377,0
76378,3
76379,2
76380,3
76381,3
76382,3
76383,1
76384,3
76385,3
76386,3
76387,3
76388,3
76389,2
76390,2
76391,1
76392,1
76393,2
76394,1
76395,3
76396,2
76397,3
76398,2
76399,2
76400,3
76401,2
76402,1
76403,1
76404,2
76405,2
76406,3
76407,3
76408,2
76409,2
76410,2
76411,3
76412,1
76413,2
76414,2
76415,2
76416,2
76417,2
76418,2
76419,2
76420,2
76421,1
76422,2
76423,3
76424,3
76425,3
76426,2
76427,2
76428,2
76429,2
76430,2
76431,2
76432,2
76433,2
76434,2
76435,2
76436,2
76437,2
76438,0
76439,2
76440,2
76441,2
76442,3
76443,3
76444,2
76445,2
76446,2
76447,2
76448,3
76449,2
76450,2
76451,2
76452,0
76453,2
76454,0
76455,0
76456,2
76457,2
76458,2
76459,2
76460,2
76461,2
76462,3
76463,3
76464,0
76465,2
76466,2
76467,2
76468,2
76469,2
76470,2
76471,2
76472,2
76473,2
76474,2
76475,2
76476,2
76477,2
76478,2
76479,2
76480,2
76481,3
76482,2
76483,2
76484,2
76485,2
76486,2
76487,2
76488,2
76489,2
76490,2
76491,2
76492,2
76493,2
76494,2
76495,3
76496,3
76497,2
76498,2
76499,2
76500,2
76501,2
76502,0
76503,2
76504,2
76505,2
76506,2
76507,2
76508,2
76509,2
76510,2
76511,2
76512,2
76513,1
76514,2
76515,2
76516,2
76517,2
76518,2
76519,2
76520,2
76521,2
76522,2
76523,2
76524,2
76525,2
76526,2
76527,2
76528,2
76529,2
76530,2
76531,3
76532,2
76533,2
76534,2
76535,2
76536,2
76537,2
76538,2
76539,3
76540,2
76541,2
76542,0
76543,2
76544,2
76545,0
76546,2
76547,2
76548,2
76549,4
76550,2
76551,2
76552,2
76553,2
76554,2
76555,2
76556,3
76557,2
76558,2
76559,2
76560,0
76561,2
76562,2
76563,2
76564,2
76565,2
76566,2
76567,2
76568,2
76569,2
76570,3
76571,2
76572,3
76573,2
76574,2
76575,2
76576,2
76577,2
76578,2
76579,2
76580,3
76581,2
76582,2
76583,2
76584,2
76585,2
76586,2
76587,2
76588,2
76589,2
76590,2
76591,2
76592,2
76593,2
76594,2
76595,2
76596,2
76597,2
76598,2
76599,2
76600,2
76601,2
76602,2
76603,2
76604,2
76605,2
76606,2
76607,2
76608,2
76609,2
76610,2
76611,2
76612,2
76613,2
76614,2
76615,0
76616,3
76617,2
76618,2
76619,2
76620,3
76621,2
76622,2
76623,2
76624,2
76625,2
76626,2
76627,2
76628,2
76629,2
76630,2
76631,2
76632,3
76633,2
76634,2
76635,2
76636,2
76637,2
76638,2
76639,2
76640,2
76641,2
76642,2
76643,2
76644,2
76645,3
76646,3
76647,2
76648,2
76649,2
76650,3
76651,2
76652,2
76653,2
76654,2
76655,2
76656,2
76657,2
76658,2
76659,2
76660,2
76661,3
76662,3
76663,2
76664,2
76665,2
76666,2
76667,2
76668,2
76669,2
76670,3
76671,3
76672,2
76673,2
76674,3
76675,2
76676,2
76677,2
76678,2
76679,2
76680,1
76681,3
76682,2
76683,2
76684,2
76685,2
76686,2
76687,1
76688,1
76689,3
76690,2
76691,2
76692,3
76693,2
76694,3
76695,3
76696,2
76697,0
76698,3
76699,2
76700,3
76701,3
76702,2
76703,2
76704,4
76705,3
76706,2
76707,2
76708,2
76709,2
76710,2
76711,2
76712,2
76713,2
76714,2
76715,2
76716,2
76717,2
76718,4
76719,2
76720,2
76721,2
76722,0
76723,2
76724,2
76725,2
76726,0
76727,3
76728,2
76729,2
76730,2
76731,2
76732,2
76733,2
76734,2
76735,2
76736,2
76737,2
76738,2
76739,2
76740,2
76741,2
76742,2
76743,2
76744,2
76745,2
76746,2
76747,2
76748,2
76749,2
76750,2
76751,2
76752,2
76753,2
76754,2
76755,0
76756,2
76757,2
76758,2
76759,3
76760,2
76761,2
76762,2
76763,3
76764,2
76765,2
76766,2
76767,2
76768,2
76769,2
76770,2
76771,2
76772,2
76773,2
76774,3
76775,2
76776,2
76777,2
76778,2
76779,2
76780,2
76781,2
76782,2
76783,2
76784,2
76785,2
76786,2
76787,2
76788,2
76789,2
76790,0
76791,2
76792,3
76793,2
76794,2
76795,3
76796,2
76797,2
76798,2
76799,2
76800,2
76801,4
76802,2
76803,2
76804,2
76805,2
76806,2
76807,2
76808,2
76809,2
76810,2
76811,2
76812,2
76813,2
76814,0
76815,2
76816,2
76817,2
76818,2
76819,2
76820,2
76821,2
76822,2
76823,3
76824,3
76825,2
76826,2
76827,2
76828,2
76829,2
76830,2
76831,2
76832,3
76833,2
76834,2
76835,2
76836,2
76837,2
76838,2
76839,2
76840,2
76841,2
76842,2
76843,2
76844,2
76845,2
76846,2
76847,0
76848,0
76849,2
76850,2
76851,0
76852,4
76853,2
76854,2
76855,2
76856,2
76857,2
76858,2
76859,2
76860,2
76861,2
76862,2
76863,2
76864,2
76865,2
76866,2
76867,2
76868,2
76869,2
76870,3
76871,2
76872,2
76873,2
76874,2
76875,2
76876,2
76877,2
76878,3
76879,2
76880,2
76881,3
76882,2
76883,2
76884,2
76885,2
76886,0
76887,2
76888,0
76889,0
76890,2
76891,2
76892,2
76893,2
76894,2
76895,2
76896,2
76897,2
76898,2
76899,2
76900,2
76901,2
76902,2
76903,2
76904,2
76905,2
76906,2
76907,2
76908,2
76909,2
76910,0
76911,2
76912,2
76913,0
76914,2
76915,2
76916,2
76917,3
76918,2
76919,2
76920,2
76921,2
76922,2
76923,2
76924,2
76925,2
76926,2
76927,2
76928,2
76929,2
76930,2
76931,2
76932,2
76933,2
76934,2
76935,2
76936,2
76937,2
76938,2
76939,2
76940,2
76941,2
76942,2
76943,3
76944,2
76945,2
76946,2
76947,2
76948,2
76949,2
76950,2
76951,2
76952,2
76953,2
76954,2
76955,3
76956,2
76957,2
76958,2
76959,2
76960,3
76961,2
76962,2
76963,2
76964,2
76965,2
76966,2
76967,2
76968,2
76969,2
76970,2
76971,2
76972,2
76973,2
76974,2
76975,2
76976,3
76977,2
76978,2
76979,2
76980,2
76981,2
76982,2
76983,2
76984,2
76985,2
76986,2
76987,2
76988,3
76989,2
76990,2
76991,2
76992,2
76993,2
76994,2
76995,2
76996,2
76997,2
76998,2
76999,2
77000,2
77001,2
77002,2
77003,2
77004,2
77005,2
77006,2
77007,2
77008,2
77009,2
77010,2
77011,2
77012,2
77013,2
77014,2
77015,2
77016,2
77017,2
77018,0
77019,2
77020,2
77021,2
77022,2
77023,2
77024,2
77025,2
77026,2
77027,2
77028,2
77029,2
77030,2
77031,2
77032,2
77033,2
77034,2
77035,2
77036,2
77037,3
77038,0
77039,2
77040,2
77041,2
77042,2
77043,2
77044,2
77045,2
77046,2
77047,2
77048,2
77049,2
77050,2
77051,2
77052,2
77053,2
77054,2
77055,2
77056,2
77057,2
77058,2
77059,2
77060,2
77061,2
77062,2
77063,2
77064,2
77065,2
77066,2
77067,4
77068,3
77069,2
77070,2
77071,2
77072,4
77073,2
77074,2
77075,2
77076,2
77077,2
77078,2
77079,4
77080,2
77081,4
77082,4
77083,4
77084,2
77085,2
77086,4
77087,2
77088,4
77089,2
77090,2
77091,2
77092,2
77093,2
77094,2
77095,2
77096,2
77097,2
77098,2
77099,2
77100,2
77101,2
77102,2
77103,2
77104,4
77105,4
77106,4
77107,2
77108,4
77109,2
77110,2
77111,2
77112,2
77113,2
77114,2
77115,4
77116,2
77117,2
77118,2
77119,4
77120,2
77121,4
77122,3
77123,2
77124,2
77125,2
77126,2
77127,2
77128,2
77129,2
77130,2
77131,2
77132,2
77133,2
77134,2
77135,2
77136,2
77137,2
77138,2
77139,2
77140,2
77141,2
77142,2
77143,2
77144,2
77145,2
77146,2
77147,2
77148,2
77149,2
77150,2
77151,2
77152,2
77153,2
77154,3
77155,2
77156,2
77157,2
77158,2
77159,2
77160,2
77161,2
77162,2
77163,2
77164,2
77165,2
77166,2
77167,2
77168,2
77169,2
77170,2
77171,2
77172,2
77173,2
77174,2
77175,2
77176,2
77177,2
77178,2
77179,2
77180,3
77181,2
77182,2
77183,2
77184,2
77185,2
77186,2
77187,2
77188,2
77189,2
77190,2
77191,2
77192,2
77193,2
77194,2
77195,2
77196,2
77197,2
77198,2
77199,2
77200,2
77201,2
77202,3
77203,2
77204,2
77205,2
77206,2
77207,2
77208,2
77209,2
77210,2
77211,2
77212,2
77213,2
77214,2
77215,2
77216,2
77217,2
77218,2
77219,2
77220,2
77221,2
77222,2
77223,2
77224,2
77225,3
77226,2
77227,2
77228,2
77229,2
77230,2
77231,2
77232,2
77233,2
77234,2
77235,2
77236,2
77237,2
77238,2
77239,2
77240,2
77241,2
77242,2
77243,2
77244,2
77245,2
77246,2
77247,2
77248,2
77249,2
77250,2
77251,2
77252,2
77253,2
77254,2
77255,2
77256,2
77257,2
77258,2
77259,2
77260,2
77261,2
77262,2
77263,2
77264,2
77265,3
77266,2
77267,2
77268,2
77269,2
77270,2
77271,2
77272,3
77273,4
77274,2
77275,2
77276,2
77277,2
77278,2
77279,3
77280,2
77281,2
77282,2
77283,2
77284,2
77285,2
77286,2
77287,2
77288,2
77289,3
77290,2
77291,3
77292,3
77293,2
77294,2
77295,3
77296,2
77297,3
77298,2
77299,3
77300,2
77301,2
77302,4
77303,4
77304,2
77305,2
77306,2
77307,2
77308,2
77309,2
77310,3
77311,2
77312,2
77313,2
77314,3
77315,2
77316,2
77317,2
77318,2
77319,2
77320,2
77321,3
77322,2
77323,2
77324,4
77325,2
77326,2
77327,2
77328,2
77329,2
77330,2
77331,2
77332,2
77333,2
77334,2
77335,2
77336,4
77337,2
77338,2
77339,2
77340,2
77341,2
77342,4
77343,4
77344,2
77345,2
77346,2
77347,2
77348,2
77349,2
77350,2
77351,2
77352,2
77353,3
77354,4
77355,2
77356,2
77357,2
77358,2
77359,2
77360,2
77361,2
77362,2
77363,2
77364,2
77365,2
77366,2
77367,3
77368,2
77369,2
77370,2
77371,3
77372,3
77373,2
77374,2
77375,2
77376,2
77377,3
77378,2
77379,2
77380,2
77381,2
77382,2
77383,2
77384,2
77385,3
77386,2
77387,2
77388,3
77389,2
77390,2
77391,2
77392,2
77393,2
77394,2
77395,2
77396,2
77397,2
77398,2
77399,2
77400,2
77401,2
77402,2
77403,2
77404,2
77405,2
77406,2
77407,2
77408,2
77409,2
77410,2
77411,2
77412,2
77413,2
77414,2
77415,2
77416,2
77417,2
77418,2
77419,2
77420,2
77421,2
77422,2
77423,2
77424,2
77425,2
77426,2
77427,2
77428,2
77429,2
77430,2
77431,3
77432,2
77433,2
77434,2
77435,4
77436,4
77437,3
77438,4
77439,4
77440,2
77441,2
77442,2
77443,4
77444,2
77445,2
77446,2
77447,2
77448,2
77449,3
77450,2
77451,2
77452,2
77453,2
77454,2
77455,2
77456,2
77457,2
77458,2
77459,2
77460,2
77461,2
77462,3
77463,2
77464,2
77465,2
77466,2
77467,2
77468,2
77469,3
77470,2
77471,2
77472,2
77473,2
77474,2
77475,2
77476,2
77477,2
77478,2
77479,2
77480,2
77481,2
77482,2
77483,2
77484,2
77485,4
77486,4
77487,4
77488,4
77489,4
77490,2
77491,2
77492,2
77493,2
77494,2
77495,3
77496,2
77497,4
77498,2
77499,3
77500,2
77501,2
77502,3
77503,2
77504,2
77505,2
77506,2
77507,2
77508,2
77509,2
77510,2
77511,2
77512,2
77513,3
77514,2
77515,2
77516,2
77517,2
77518,2
77519,2
77520,2
77521,2
77522,2
77523,3
77524,2
77525,3
77526,2
77527,3
77528,3
77529,3
77530,2
77531,2
77532,2
77533,2
77534,2
77535,2
77536,2
77537,2
77538,2
77539,2
77540,2
77541,2
77542,2
77543,2
77544,2
77545,2
77546,4
77547,2
77548,2
77549,3
77550,2
77551,2
77552,2
77553,2
77554,2
77555,2
77556,2
77557,2
77558,2
77559,2
77560,2
77561,2
77562,2
77563,2
77564,4
77565,2
77566,2
77567,2
77568,2
77569,2
77570,2
77571,2
77572,2
77573,2
77574,2
77575,2
77576,2
77577,2
77578,2
77579,2
77580,2
77581,2
77582,2
77583,2
77584,2
77585,2
77586,2
77587,2
77588,2
77589,2
77590,2
77591,2
77592,2
77593,2
77594,2
77595,2
77596,2
77597,2
77598,2
77599,2
77600,2
77601,2
77602,2
77603,2
77604,2
77605,2
77606,2
77607,2
77608,2
77609,2
77610,2
77611,2
77612,2
77613,2
77614,2
77615,2
77616,2
77617,2
77618,2
77619,2
77620,2
77621,2
77622,2
77623,2
77624,2
77625,2
77626,2
77627,2
77628,2
77629,2
77630,2
77631,2
77632,2
77633,4
77634,2
77635,2
77636,2
77637,2
77638,2
77639,2
77640,2
77641,2
77642,2
77643,2
77644,2
77645,2
77646,4
77647,2
77648,2
77649,2
77650,2
77651,2
77652,2
77653,2
77654,2
77655,2
77656,2
77657,2
77658,2
77659,2
77660,2
77661,2
77662,2
77663,2
77664,2
77665,2
77666,2
77667,2
77668,2
77669,2
77670,2
77671,2
77672,2
77673,2
77674,2
77675,2
77676,2
77677,2
77678,2
77679,2
77680,2
77681,2
77682,2
77683,2
77684,2
77685,2
77686,2
77687,2
77688,3
77689,2
77690,2
77691,2
77692,2
77693,3
77694,3
77695,2
77696,2
77697,2
77698,2
77699,2
77700,4
77701,2
77702,3
77703,2
77704,2
77705,2
77706,4
77707,2
77708,2
77709,4
77710,2
77711,2
77712,2
77713,2
77714,2
77715,2
77716,2
77717,3
77718,3
77719,3
77720,2
77721,3
77722,3
77723,2
77724,2
77725,2
77726,2
77727,2
77728,2
77729,3
77730,2
77731,2
77732,2
77733,2
77734,2
77735,2
77736,2
77737,2
77738,2
77739,2
77740,2
77741,2
77742,2
77743,2
77744,2
77745,2
77746,3
77747,2
77748,3
77749,2
77750,2
77751,3
77752,4
77753,3
77754,2
77755,3
77756,3
77757,2
77758,2
77759,2
77760,3
77761,3
77762,4
77763,3
77764,4
77765,2
77766,2
77767,4
77768,3
77769,2
77770,3
77771,2
77772,2
77773,4
77774,4
77775,2
77776,3
77777,2
77778,2
77779,3
77780,2
77781,4
77782,2
77783,2
77784,4
77785,3
77786,2
77787,2
77788,2
77789,2
77790,2
77791,4
77792,4
77793,4
77794,4
77795,4
77796,2
77797,2
77798,4
77799,2
77800,2
77801,2
77802,2
77803,2
77804,2
77805,4
77806,3
77807,2
77808,2
77809,2
77810,4
77811,3
77812,4
77813,4
77814,2
77815,4
77816,4
77817,3
77818,3
77819,4
77820,3
77821,4
77822,2
77823,4
77824,2
77825,3
77826,2
77827,2
77828,3
77829,3
77830,3
77831,2
77832,3
77833,2
77834,1
77835,3
77836,2
77837,2
77838,3
77839,3
77840,3
77841,2
77842,2
77843,2
77844,3
77845,2
77846,3
77847,2
77848,3
77849,3
77850,3
77851,2
77852,3
77853,2
77854,2
77855,2
77856,2
77857,2
77858,2
77859,2
77860,2
77861,2
77862,2
77863,2
77864,2
77865,2
77866,2
77867,3
77868,2
77869,2
77870,2
77871,2
77872,2
77873,4
77874,2
77875,2
77876,2
77877,2
77878,2
77879,2
77880,2
77881,2
77882,4
77883,2
77884,2
77885,2
77886,2
77887,2
77888,2
77889,2
77890,2
77891,2
77892,2
77893,2
77894,2
77895,4
77896,2
77897,2
77898,4
77899,2
77900,3
77901,3
77902,3
77903,4
77904,4
77905,2
77906,2
77907,2
77908,3
77909,1
77910,3
77911,2
77912,2
77913,4
77914,2
77915,2
77916,3
77917,2
77918,2
77919,2
77920,3
77921,2
77922,2
77923,4
77924,2
77925,2
77926,2
77927,2
77928,2
77929,3
77930,2
77931,3
77932,3
77933,2
77934,2
77935,3
77936,2
77937,2
77938,2
77939,2
77940,3
77941,2
77942,2
77943,2
77944,2
77945,3
77946,2
77947,2
77948,2
77949,2
77950,3
77951,4
77952,2
77953,3
77954,2
77955,2
77956,3
77957,2
77958,3
77959,3
77960,3
77961,3
77962,2
77963,3
77964,3
77965,2
77966,2
77967,2
77968,2
77969,2
77970,2
77971,2
77972,2
77973,3
77974,3
77975,3
77976,2
77977,2
77978,4
77979,4
77980,3
77981,2
77982,2
77983,2
77984,2
77985,2
77986,2
77987,2
77988,2
77989,2
77990,2
77991,2
77992,2
77993,2
77994,2
77995,2
77996,2
77997,2
77998,2
77999,2
78000,2
78001,2
78002,2
78003,2
78004,2
78005,2
78006,2
78007,2
78008,2
78009,2
78010,2
78011,2
78012,2
78013,2
78014,2
78015,2
78016,2
78017,2
78018,2
78019,3
78020,2
78021,2
78022,2
78023,2
78024,2
78025,2
78026,2
78027,2
78028,3
78029,2
78030,2
78031,2
78032,2
78033,2
78034,2
78035,2
78036,3
78037,2
78038,2
78039,2
78040,4
78041,2
78042,2
78043,4
78044,2
78045,2
78046,2
78047,2
78048,3
78049,2
78050,2
78051,2
78052,2
78053,2
78054,2
78055,2
78056,2
78057,3
78058,2
78059,2
78060,2
78061,2
78062,2
78063,2
78064,2
78065,2
78066,2
78067,2
78068,2
78069,3
78070,3
78071,4
78072,3
78073,3
78074,2
78075,0
78076,2
78077,2
78078,3
78079,3
78080,3
78081,3
78082,3
78083,2
78084,2
78085,4
78086,4
78087,2
78088,4
78089,4
78090,4
78091,3
78092,2
78093,2
78094,3
78095,2
78096,3
78097,3
78098,2
78099,2
78100,3
78101,4
78102,4
78103,4
78104,3
78105,4
78106,3
78107,3
78108,3
78109,2
78110,2
78111,2
78112,4
78113,4
78114,4
78115,4
78116,2
78117,4
78118,2
78119,2
78120,2
78121,3
78122,3
78123,2
78124,2
78125,2
78126,2
78127,2
78128,3
78129,3
78130,3
78131,2
78132,2
78133,2
78134,2
78135,4
78136,4
78137,3
78138,3
78139,4
78140,4
78141,2
78142,2
78143,2
78144,2
78145,4
78146,3
78147,4
78148,4
78149,4
78150,4
78151,4
78152,4
78153,2
78154,2
78155,2
78156,2
78157,2
78158,2
78159,2
78160,2
78161,2
78162,2
78163,2
78164,2
78165,2
78166,2
78167,2
78168,2
78169,2
78170,2
78171,2
78172,2
78173,2
78174,2
78175,2
78176,2
78177,2
78178,2
78179,2
78180,2
78181,2
78182,3
78183,2
78184,2
78185,2
78186,2
78187,2
78188,3
78189,2
78190,2
78191,2
78192,2
78193,2
78194,3
78195,2
78196,2
78197,2
78198,3
78199,2
78200,2
78201,2
78202,2
78203,2
78204,2
78205,2
78206,2
78207,2
78208,2
78209,2
78210,2
78211,2
78212,2
78213,2
78214,2
78215,2
78216,2
78217,2
78218,2
78219,2
78220,2
78221,2
78222,2
78223,2
78224,2
78225,2
78226,2
78227,2
78228,2
78229,2
78230,2
78231,3
78232,2
78233,2
78234,2
78235,3
78236,3
78237,3
78238,2
78239,2
78240,2
78241,2
78242,2
78243,2
78244,2
78245,2
78246,2
78247,2
78248,2
78249,2
78250,2
78251,2
78252,2
78253,2
78254,2
78255,2
78256,3
78257,2
78258,4
78259,2
78260,4
78261,2
78262,2
78263,2
78264,2
78265,2
78266,2
78267,2
78268,2
78269,2
78270,2
78271,2
78272,2
78273,2
78274,3
78275,2
78276,2
78277,2
78278,2
78279,2
78280,2
78281,2
78282,2
78283,2
78284,2
78285,2
78286,2
78287,2
78288,2
78289,2
78290,3
78291,2
78292,4
78293,3
78294,2
78295,2
78296,2
78297,2
78298,2
78299,2
78300,2
78301,2
78302,2
78303,2
78304,2
78305,2
78306,3
78307,2
78308,2
78309,3
78310,2
78311,2
78312,2
78313,2
78314,2
78315,2
78316,3
78317,3
78318,3
78319,2
78320,3
78321,2
78322,2
78323,3
78324,2
78325,2
78326,2
78327,2
78328,3
78329,2
78330,2
78331,2
78332,4
78333,2
78334,2
78335,2
78336,2
78337,2
78338,4
78339,2
78340,2
78341,2
78342,2
78343,3
78344,2
78345,2
78346,2
78347,2
78348,3
78349,2
78350,2
78351,2
78352,2
78353,2
78354,2
78355,2
78356,2
78357,3
78358,3
78359,3
78360,3
78361,2
78362,2
78363,3
78364,2
78365,2
78366,2
78367,2
78368,2
78369,2
78370,2
78371,2
78372,2
78373,2
78374,2
78375,2
78376,2
78377,2
78378,3
78379,2
78380,2
78381,2
78382,2
78383,2
78384,2
78385,2
78386,2
78387,2
78388,3
78389,2
78390,2
78391,2
78392,2
78393,2
78394,2
78395,2
78396,2
78397,2
78398,2
78399,2
78400,2
78401,2
78402,2
78403,2
78404,2
78405,2
78406,2
78407,2
78408,2
78409,2
78410,2
78411,3
78412,2
78413,2
78414,3
78415,3
78416,2
78417,2
78418,1
78419,2
78420,2
78421,2
78422,4
78423,4
78424,2
78425,4
78426,2
78427,3
78428,3
78429,2
78430,4
78431,2
78432,2
78433,2
78434,2
78435,2
78436,3
78437,2
78438,2
78439,2
78440,2
78441,2
78442,2
78443,2
78444,2
78445,2
78446,2
78447,2
78448,2
78449,3
78450,2
78451,2
78452,2
78453,2
78454,2
78455,3
78456,2
78457,2
78458,2
78459,2
78460,2
78461,2
78462,2
78463,2
78464,2
78465,2
78466,2
78467,2
78468,2
78469,2
78470,2
78471,2
78472,2
78473,2
78474,2
78475,2
78476,2
78477,2
78478,2
78479,2
78480,2
78481,2
78482,3
78483,2
78484,3
78485,2
78486,2
78487,2
78488,2
78489,2
78490,2
78491,2
78492,2
78493,2
78494,2
78495,3
78496,2
78497,2
78498,2
78499,2
78500,2
78501,3
78502,3
78503,2
78504,3
78505,2
78506,1
78507,3
78508,3
78509,2
78510,3
78511,2
78512,2
78513,2
78514,2
78515,3
78516,2
78517,2
78518,2
78519,2
78520,2
78521,2
78522,2
78523,2
78524,2
78525,2
78526,2
78527,2
78528,2
78529,2
78530,2
78531,2
78532,2
78533,2
78534,2
78535,2
78536,2
78537,2
78538,2
78539,2
78540,1
78541,4
78542,3
78543,2
78544,2
78545,2
78546,2
78547,2
78548,2
78549,2
78550,2
78551,2
78552,2
78553,2
78554,2
78555,2
78556,2
78557,2
78558,2
78559,2
78560,2
78561,2
78562,2
78563,2
78564,2
78565,2
78566,2
78567,2
78568,2
78569,2
78570,2
78571,2
78572,2
78573,2
78574,2
78575,2
78576,2
78577,2
78578,3
78579,2
78580,2
78581,2
78582,2
78583,2
78584,3
78585,3
78586,2
78587,2
78588,2
78589,2
78590,2
78591,2
78592,2
78593,2
78594,2
78595,2
78596,2
78597,2
78598,2
78599,2
78600,2
78601,2
78602,2
78603,2
78604,2
78605,2
78606,2
78607,2
78608,2
78609,2
78610,2
78611,2
78612,2
78613,2
78614,2
78615,2
78616,2
78617,2
78618,2
78619,2
78620,2
78621,2
78622,2
78623,2
78624,2
78625,2
78626,2
78627,3
78628,2
78629,2
78630,2
78631,2
78632,2
78633,2
78634,3
78635,2
78636,2
78637,2
78638,2
78639,2
78640,2
78641,2
78642,2
78643,3
78644,2
78645,2
78646,2
78647,2
78648,2
78649,2
78650,3
78651,2
78652,2
78653,2
78654,2
78655,3
78656,3
78657,2
78658,2
78659,2
78660,2
78661,3
78662,2
78663,2
78664,2
78665,2
78666,2
78667,2
78668,2
78669,2
78670,2
78671,2
78672,2
78673,2
78674,2
78675,2
78676,2
78677,2
78678,3
78679,3
78680,2
78681,2
78682,3
78683,1
78684,3
78685,2
78686,2
78687,2
78688,2
78689,2
78690,2
78691,3
78692,2
78693,2
78694,3
78695,2
78696,2
78697,2
78698,2
78699,2
78700,2
78701,2
78702,2
78703,2
78704,2
78705,2
78706,2
78707,2
78708,2
78709,2
78710,3
78711,2
78712,2
78713,2
78714,2
78715,2
78716,3
78717,2
78718,2
78719,2
78720,2
78721,2
78722,2
78723,2
78724,2
78725,2
78726,2
78727,2
78728,2
78729,2
78730,2
78731,2
78732,2
78733,2
78734,2
78735,2
78736,2
78737,2
78738,3
78739,3
78740,2
78741,3
78742,3
78743,1
78744,3
78745,3
78746,2
78747,4
78748,3
78749,2
78750,3
78751,2
78752,1
78753,4
78754,2
78755,4
78756,2
78757,2
78758,2
78759,2
78760,3
78761,2
78762,4
78763,2
78764,3
78765,2
78766,2
78767,2
78768,2
78769,2
78770,2
78771,2
78772,4
78773,2
78774,4
78775,2
78776,2
78777,3
78778,2
78779,2
78780,2
78781,2
78782,2
78783,2
78784,2
78785,2
78786,2
78787,2
78788,2
78789,2
78790,2
78791,2
78792,2
78793,2
78794,2
78795,2
78796,2
78797,2
78798,2
78799,2
78800,3
78801,2
78802,4
78803,2
78804,2
78805,4
78806,2
78807,2
78808,2
78809,2
78810,2
78811,2
78812,2
78813,2
78814,2
78815,2
78816,2
78817,2
78818,2
78819,2
78820,2
78821,2
78822,2
78823,2
78824,2
78825,3
78826,3
78827,2
78828,4
78829,2
78830,4
78831,2
78832,2
78833,2
78834,4
78835,3
78836,2
78837,2
78838,2
78839,2
78840,4
78841,2
78842,2
78843,2
78844,3
78845,2
78846,2
78847,2
78848,2
78849,2
78850,3
78851,2
78852,2
78853,2
78854,2
78855,2
78856,2
78857,2
78858,2
78859,2
78860,2
78861,4
78862,2
78863,2
78864,2
78865,2
78866,2
78867,2
78868,2
78869,2
78870,2
78871,2
78872,3
78873,4
78874,2
78875,2
78876,2
78877,2
78878,2
78879,2
78880,2
78881,2
78882,2
78883,2
78884,2
78885,2
78886,2
78887,3
78888,2
78889,2
78890,2
78891,2
78892,2
78893,3
78894,2
78895,2
78896,2
78897,2
78898,2
78899,2
78900,2
78901,2
78902,2
78903,2
78904,2
78905,2
78906,2
78907,2
78908,2
78909,2
78910,2
78911,2
78912,2
78913,2
78914,2
78915,3
78916,2
78917,2
78918,2
78919,2
78920,2
78921,2
78922,2
78923,2
78924,2
78925,2
78926,2
78927,2
78928,2
78929,2
78930,2
78931,2
78932,2
78933,3
78934,2
78935,2
78936,2
78937,2
78938,2
78939,2
78940,2
78941,2
78942,2
78943,2
78944,2
78945,4
78946,2
78947,3
78948,2
78949,2
78950,2
78951,2
78952,2
78953,2
78954,2
78955,2
78956,2
78957,2
78958,2
78959,2
78960,2
78961,2
78962,2
78963,2
78964,2
78965,2
78966,2
78967,2
78968,2
78969,2
78970,2
78971,3
78972,3
78973,3
78974,2
78975,2
78976,2
78977,2
78978,2
78979,2
78980,2
78981,2
78982,2
78983,2
78984,2
78985,2
78986,2
78987,2
78988,2
78989,2
78990,2
78991,2
78992,2
78993,2
78994,2
78995,2
78996,2
78997,3
78998,2
78999,4
79000,2
79001,2
79002,2
79003,3
79004,2
79005,2
79006,2
79007,2
79008,4
79009,2
79010,4
79011,2
79012,2
79013,2
79014,2
79015,2
79016,2
79017,2
79018,2
79019,3
79020,4
79021,3
79022,2
79023,2
79024,2
79025,2
79026,2
79027,2
79028,2
79029,2
79030,2
79031,2
79032,2
79033,2
79034,2
79035,2
79036,2
79037,2
79038,2
79039,2
79040,2
79041,3
79042,4
79043,4
79044,4
79045,4
79046,4
79047,2
79048,3
79049,2
79050,3
79051,4
79052,2
79053,4
79054,4
79055,2
79056,4
79057,2
79058,3
79059,2
79060,2
79061,2
79062,4
79063,2
79064,2
79065,3
79066,4
79067,2
79068,2
79069,2
79070,2
79071,4
79072,2
79073,3
79074,1
79075,2
79076,3
79077,2
79078,2
79079,4
79080,2
79081,2
79082,2
79083,2
79084,2
79085,2
79086,2
79087,2
79088,2
79089,2
79090,2
79091,2
79092,2
79093,2
79094,2
79095,2
79096,2
79097,2
79098,2
79099,2
79100,2
79101,2
79102,2
79103,2
79104,2
79105,2
79106,2
79107,2
79108,2
79109,2
79110,2
79111,2
79112,2
79113,2
79114,2
79115,2
79116,2
79117,2
79118,2
79119,2
79120,2
79121,2
79122,2
79123,2
79124,2
79125,2
79126,2
79127,2
79128,2
79129,2
79130,2
79131,2
79132,2
79133,2
79134,2
79135,2
79136,2
79137,2
79138,2
79139,2
79140,2
79141,2
79142,2
79143,2
79144,2
79145,2
79146,2
79147,2
79148,2
79149,3
79150,2
79151,2
79152,2
79153,2
79154,4
79155,2
79156,2
79157,4
79158,4
79159,3
79160,2
79161,2
79162,2
79163,2
79164,2
79165,2
79166,2
79167,2
79168,2
79169,2
79170,4
79171,2
79172,2
79173,3
79174,3
79175,4
79176,2
79177,2
79178,3
79179,3
79180,3
79181,4
79182,2
79183,3
79184,2
79185,2
79186,2
79187,2
79188,2
79189,2
79190,2
79191,2
79192,2
79193,3
79194,2
79195,2
79196,2
79197,2
79198,2
79199,3
79200,3
79201,2
79202,2
79203,2
79204,2
79205,2
79206,2
79207,2
79208,2
79209,4
79210,2
79211,2
79212,2
79213,4
79214,2
79215,2
79216,2
79217,2
79218,2
79219,2
79220,3
79221,2
79222,2
79223,2
79224,2
79225,2
79226,2
79227,3
79228,2
79229,2
79230,3
79231,2
79232,2
79233,2
79234,2
79235,2
79236,2
79237,2
79238,3
79239,2
79240,2
79241,2
79242,2
79243,2
79244,2
79245,2
79246,2
79247,2
79248,2
79249,2
79250,2
79251,3
79252,2
79253,2
79254,2
79255,3
79256,2
79257,3
79258,3
79259,3
79260,4
79261,2
79262,3
79263,1
79264,1
79265,2
79266,3
79267,2
79268,3
79269,3
79270,2
79271,3
79272,4
79273,2
79274,2
79275,2
79276,2
79277,2
79278,2
79279,2
79280,2
79281,2
79282,2
79283,2
79284,2
79285,2
79286,2
79287,4
79288,2
79289,2
79290,4
79291,2
79292,2
79293,2
79294,1
79295,2
79296,2
79297,2
79298,2
79299,2
79300,2
79301,3
79302,2
79303,2
79304,2
79305,3
79306,2
79307,2
79308,2
79309,2
79310,2
79311,2
79312,2
79313,2
79314,4
79315,2
79316,2
79317,2
79318,3
79319,3
79320,3
79321,3
79322,3
79323,3
79324,3
79325,3
79326,3
79327,3
79328,3
79329,3
79330,3
79331,3
79332,3
79333,3
79334,3
79335,3
79336,3
79337,3
79338,3
79339,3
79340,0
79341,3
79342,3
79343,3
79344,3
79345,3
79346,2
79347,3
79348,3
79349,3
79350,2
79351,0
79352,0
79353,0
79354,0
79355,2
79356,2
79357,3
79358,2
79359,2
79360,2
79361,2
79362,2
79363,3
79364,3
79365,3
79366,2
79367,2
79368,2
79369,2
79370,2
79371,2
79372,3
79373,2
79374,2
79375,3
79376,2
79377,2
79378,2
79379,2
79380,2
79381,2
79382,2
79383,2
79384,2
79385,2
79386,2
79387,2
79388,2
79389,2
79390,2
79391,3
79392,2
79393,2
79394,2
79395,2
79396,2
79397,2
79398,2
79399,2
79400,2
79401,2
79402,2
79403,2
79404,3
79405,2
79406,4
79407,2
79408,2
79409,2
79410,4
79411,2
79412,0
79413,2
79414,2
79415,2
79416,2
79417,2
79418,2
79419,2
79420,2
79421,0
79422,0
79423,0
79424,3
79425,3
79426,3
79427,2
79428,3
79429,2
79430,2
79431,2
79432,2
79433,2
79434,2
79435,3
79436,2
79437,2
79438,3
79439,3
79440,3
79441,3
79442,2
79443,2
79444,3
79445,3
79446,3
79447,3
79448,3
79449,3
79450,2
79451,3
79452,2
79453,3
79454,0
79455,2
79456,2
79457,3
79458,3
79459,3
79460,3
79461,3
79462,4
79463,3
79464,4
79465,3
79466,3
79467,3
79468,3
79469,3
79470,2
79471,3
79472,3
79473,3
79474,2
79475,2
79476,2
79477,2
79478,2
79479,3
79480,3
79481,3
79482,2
79483,3
79484,0
79485,0
79486,0
79487,0
79488,3
79489,3
79490,3
79491,3
79492,3
79493,3
79494,2
79495,3
79496,3
79497,3
79498,3
79499,3
79500,3
79501,3
79502,3
79503,3
79504,3
79505,3
79506,0
79507,0
79508,0
79509,0
79510,0
79511,0
79512,0
79513,2
79514,2
79515,2
79516,2
79517,2
79518,2
79519,2
79520,2
79521,2
79522,2
79523,2
79524,2
79525,2
79526,2
79527,2
79528,2
79529,0
79530,0
79531,0
79532,0
79533,0
79534,0
79535,0
79536,0
79537,0
79538,0
79539,2
79540,2
79541,2
79542,2
79543,2
79544,2
79545,2
79546,2
79547,2
79548,2
79549,2
79550,2
79551,2
79552,2
79553,2
79554,2
79555,2
79556,0
79557,0
79558,0
79559,0
79560,0
79561,0
79562,0
79563,0
79564,0
79565,0
79566,3
79567,2
79568,0
79569,2
79570,2
79571,4
79572,2
79573,2
79574,2
79575,2
79576,2
79577,2
79578,3
79579,3
79580,0
79581,0
79582,0
79583,0
79584,0
79585,2
79586,2
79587,2
79588,2
79589,2
79590,2
79591,2
79592,2
79593,2
79594,2
79595,2
79596,0
79597,0
79598,0
79599,0
79600,0
79601,0
79602,0
79603,0
79604,0
79605,0
79606,0
79607,0
79608,0
79609,0
79610,0
79611,0
79612,0
79613,0
79614,0
79615,0
79616,2
79617,2
79618,2
79619,2
79620,2
79621,2
79622,2
79623,2
79624,2
79625,2
79626,2
79627,2
79628,2
79629,2
79630,2
79631,2
79632,2
79633,2
79634,2
79635,2
79636,3
79637,2
79638,2
79639,3
79640,3
79641,3
79642,3
79643,2
79644,3
79645,2
79646,2
79647,2
79648,3
79649,1
79650,3
79651,3
79652,1
79653,3
79654,3
79655,1
79656,3
79657,3
79658,1
79659,1
79660,2
79661,0
79662,0
79663,2
79664,2
79665,0
79666,2
79667,0
79668,0
79669,0
79670,3
79671,0
79672,3
79673,1
79674,2
79675,1
79676,2
79677,1
79678,3
79679,1
79680,3
79681,1
79682,0
79683,0
79684,2
79685,3
79686,3
79687,3
79688,1
79689,1
79690,2
79691,2
79692,0
79693,1
79694,1
79695,0
79696,2
79697,2
79698,0
79699,0
79700,2
79701,0
79702,1
79703,0
79704,2
79705,0
79706,3
79707,3
79708,2
79709,2
79710,2
79711,2
79712,1
79713,0
79714,2
79715,2
79716,1
79717,2
79718,2
79719,1
79720,2
79721,0
79722,1
79723,3
79724,3
79725,1
79726,2
79727,2
79728,3
79729,1
79730,1
79731,2
79732,1
79733,3
79734,1
79735,1
79736,1
79737,1
79738,1
79739,1
79740,3
79741,3
79742,0
79743,0
79744,2
79745,0
79746,2
79747,2
79748,3
79749,2
79750,1
79751,0
79752,3
79753,1
79754,1
79755,1
79756,3
79757,1
79758,1
79759,0
79760,3
79761,1
79762,1
79763,1
79764,1
79765,2
79766,1
79767,1
79768,1
79769,2
79770,1
79771,3
79772,2
79773,3
79774,1
79775,3
79776,3
79777,2
79778,2
79779,3
79780,3
79781,1
79782,3
79783,3
79784,1
79785,2
79786,3
79787,0
79788,0
79789,0
79790,1
79791,1
79792,3
79793,1
79794,1
79795,1
79796,1
79797,3
79798,1
79799,1
79800,2
79801,1
79802,1
79803,1
79804,1
79805,1
79806,1
79807,1
79808,1
79809,3
79810,3
79811,3
79812,2
79813,3
79814,1
79815,2
79816,1
79817,3
79818,1
79819,3
79820,2
79821,1
79822,2
79823,1
79824,1
79825,2
79826,2
79827,2
79828,1
79829,1
79830,1
79831,3
79832,1
79833,1
79834,1
79835,1
79836,3
79837,1
79838,1
79839,1
79840,3
79841,1
79842,1
79843,1
79844,1
79845,2
79846,2
79847,2
79848,2
79849,3
79850,0
79851,0
79852,0
79853,1
79854,0
79855,0
79856,2
79857,2
79858,2
79859,2
79860,1
79861,0
79862,0
79863,0
79864,0
79865,0
79866,0
79867,0
79868,1
79869,1
79870,0
79871,3
79872,2
79873,3
79874,0
79875,2
79876,2
79877,3
79878,0
79879,3
79880,1
79881,0
79882,2
79883,0
79884,2
79885,2
79886,3
79887,2
79888,2
79889,3
79890,3
79891,2
79892,0
79893,2
79894,0
79895,2
79896,3
79897,2
79898,2
79899,3
79900,3
79901,3
79902,2
79903,2
79904,2
79905,2
79906,0
79907,1
79908,1
79909,2
79910,3
79911,1
79912,3
79913,2
79914,3
79915,0
79916,0
79917,0
79918,1
79919,1
79920,3
79921,0
79922,2
79923,3
79924,2
79925,2
79926,2
79927,2
79928,3
79929,0
79930,0
79931,0
79932,1
79933,0
79934,2
79935,0
79936,2
79937,3
79938,0
79939,0
79940,0
79941,2
79942,3
79943,1
79944,1
79945,2
79946,2
79947,0
79948,2
79949,2
79950,2
79951,2
79952,2
79953,2
79954,2
79955,0
79956,0
79957,2
79958,2
79959,1
79960,2
79961,3
79962,2
79963,2
79964,1
79965,3
79966,2
79967,2
79968,2
79969,2
79970,2
79971,2
79972,2
79973,2
79974,2
79975,0
79976,2
79977,2
79978,2
79979,3
79980,3
79981,3
79982,0
79983,3
79984,2
79985,0
79986,1
79987,2
79988,2
79989,2
79990,0
79991,3
79992,2
79993,0
79994,3
79995,3
79996,0
79997,3
79998,2
79999,2
80000,2
80001,2
80002,0
80003,0
80004,2
80005,1
80006,1
80007,1
80008,2
80009,2
80010,2
80011,3
80012,2
80013,4
80014,0
80015,3
80016,1
80017,3
80018,1
80019,3
80020,2
80021,3
80022,0
80023,0
80024,0
80025,2
80026,0
80027,2
80028,2
80029,3
80030,0
80031,2
80032,3
80033,2
80034,2
80035,2
80036,3
80037,2
80038,3
80039,2
80040,2
80041,0
80042,3
80043,1
80044,2
80045,1
80046,3
80047,1
80048,1
80049,3
80050,0
80051,2
80052,1
80053,3
80054,2
80055,3
80056,3
80057,3
80058,2
80059,0
80060,3
80061,1
80062,3
80063,2
80064,0
80065,3
80066,1
80067,1
80068,0
80069,1
80070,1
80071,2
80072,2
80073,0
80074,0
80075,0
80076,0
80077,2
80078,0
80079,0
80080,2
80081,0
80082,3
80083,0
80084,0
80085,0
80086,2
80087,2
80088,3
80089,0
80090,0
80091,2
80092,2
80093,2
80094,3
80095,0
80096,0
80097,0
80098,2
80099,0
80100,2
80101,2
80102,2
80103,2
80104,2
80105,1
80106,1
80107,3
80108,2
80109,1
80110,2
80111,1
80112,2
80113,0
80114,2
80115,1
80116,2
80117,3
80118,3
80119,2
80120,3
80121,4
80122,2
80123,2
80124,2
80125,3
80126,3
80127,2
80128,3
80129,3
80130,3
80131,3
80132,2
80133,3
80134,2
80135,3
80136,3
80137,3
80138,2
80139,3
80140,3
80141,2
80142,2
80143,3
80144,2
80145,3
80146,2
80147,3
80148,4
80149,2
80150,3
80151,3
80152,2
80153,3
80154,3
80155,2
80156,2
80157,2
80158,3
80159,3
80160,2
80161,2
80162,3
80163,3
80164,3
80165,3
80166,0
80167,3
80168,3
80169,2
80170,3
80171,4
80172,2
80173,3
80174,3
80175,2
80176,3
80177,3
80178,3
80179,3
80180,3
80181,4
80182,3
80183,1
80184,3
80185,3
80186,3
80187,3
80188,3
80189,3
80190,3
80191,3
80192,3
80193,2
80194,2
80195,2
80196,3
80197,2
80198,2
80199,3
80200,3
80201,0
80202,0
80203,2
80204,1
80205,2
80206,2
80207,2
80208,3
80209,2
80210,3
80211,2
80212,2
80213,2
80214,2
80215,2
80216,2
80217,3
80218,3
80219,2
80220,2
80221,3
80222,3
80223,0
80224,3
80225,0
80226,0
80227,0
80228,0
80229,0
80230,0
80231,0
80232,0
80233,0
80234,0
80235,0
80236,0
80237,0
80238,0
80239,0
80240,0
80241,0
80242,0
80243,0
80244,0
80245,0
80246,0
80247,0
80248,0
80249,0
80250,0
80251,0
80252,0
80253,0
80254,0
80255,0
80256,0
80257,0
80258,0
80259,0
80260,0
80261,0
80262,0
80263,0
80264,0
80265,0
80266,0
80267,0
80268,0
80269,0
80270,0
80271,0
80272,0
80273,0
80274,3
80275,2
80276,0
80277,0
80278,0
80279,0
80280,0
80281,0
80282,3
80283,0
80284,2
80285,0
80286,2
80287,2
80288,2
80289,2
80290,3
80291,2
80292,2
80293,3
80294,2
80295,3
80296,3
80297,3
80298,3
80299,2
80300,3
80301,3
80302,3
80303,3
80304,0
80305,0
80306,0
80307,0
80308,0
80309,0
80310,0
80311,0
80312,0
80313,3
80314,2
80315,3
80316,0
80317,2
80318,0
80319,0
80320,2
80321,0
80322,0
80323,0
80324,0
80325,3
80326,0
80327,0
80328,0
80329,0
80330,0
80331,0
80332,0
80333,3
80334,2
80335,0
80336,0
80337,0
80338,0
80339,3
80340,3
80341,3
80342,3
80343,3
80344,3
80345,3
80346,3
80347,3
80348,3
80349,3
80350,3
80351,3
80352,3
80353,3
80354,3
80355,1
80356,3
80357,3
80358,3
80359,2
80360,2
80361,3
80362,2
80363,2
80364,2
80365,2
80366,3
80367,3
80368,4
80369,2
80370,3
80371,3
80372,2
80373,1
80374,2
80375,1
80376,3
80377,3
80378,3
80379,3
80380,3
80381,2
80382,3
80383,2
80384,2
80385,2
80386,2
80387,3
80388,3
80389,2
80390,3
80391,3
80392,3
80393,3
80394,3
80395,3
80396,0
80397,2
80398,3
80399,2
80400,2
80401,2
80402,3
80403,2
80404,2
80405,3
80406,3
80407,1
80408,2
80409,2
80410,3
80411,2
80412,3
80413,3
80414,3
80415,2
80416,2
80417,2
80418,1
80419,1
80420,2
80421,0
80422,1
80423,2
80424,2
80425,3
80426,3
80427,2
80428,3
80429,2
80430,2
80431,0
80432,0
80433,0
80434,0
80435,0
80436,3
80437,0
80438,2
80439,2
80440,3
80441,2
80442,2
80443,2
80444,2
80445,2
80446,2
80447,3
80448,2
80449,2
80450,2
80451,2
80452,2
80453,2
80454,2
80455,2
80456,2
80457,2
80458,0
80459,2
80460,3
80461,2
80462,0
80463,2
80464,3
80465,3
80466,0
80467,0
80468,0
80469,2
80470,2
80471,0
80472,0
80473,0
80474,3
80475,2
80476,0
80477,0
80478,2
80479,0
80480,0
80481,3
80482,2
80483,3
80484,0
80485,0
80486,0
80487,0
80488,2
80489,3
80490,0
80491,0
80492,0
80493,2
80494,0
80495,3
80496,2
80497,0
80498,3
80499,2
80500,3
80501,2
80502,2
80503,0
80504,2
80505,3
80506,1
80507,1
80508,1
80509,3
80510,3
80511,0
80512,0
80513,0
80514,0
80515,3
80516,2
80517,3
80518,3
80519,3
80520,0
80521,0
80522,0
80523,2
80524,0
80525,3
80526,3
80527,3
80528,2
80529,0
80530,0
80531,0
80532,0
80533,0
80534,2
80535,0
80536,0
80537,0
80538,0
80539,0
80540,0
80541,0
80542,0
80543,0
80544,3
80545,2
80546,0
80547,3
80548,3
80549,0
80550,0
80551,3
80552,0
80553,0
80554,0
80555,0
80556,0
80557,0
80558,0
80559,0
80560,0
80561,0
80562,0
80563,0
80564,0
80565,0
80566,0
80567,0
80568,0
80569,0
80570,0
80571,0
80572,0
80573,0
80574,0
80575,0
80576,0
80577,0
80578,0
80579,0
80580,0
80581,0
80582,0
80583,0
80584,0
80585,0
80586,0
80587,0
80588,0
80589,0
80590,0
80591,0
80592,0
80593,0
80594,2
80595,0
80596,0
80597,0
80598,4
80599,0
80600,0
80601,0
80602,0
80603,0
80604,0
80605,0
80606,0
80607,0
80608,0
80609,0
80610,2
80611,2
80612,2
80613,0
80614,3
80615,3
80616,2
80617,0
80618,0
80619,0
80620,0
80621,3
80622,0
80623,0
80624,0
80625,0
80626,0
80627,0
80628,3
80629,2
80630,0
80631,0
80632,3
80633,0
80634,0
80635,0
80636,0
80637,0
80638,0
80639,3
80640,0
80641,0
80642,0
80643,0
80644,0
80645,0
80646,0
80647,0
80648,0
80649,0
80650,0
80651,0
80652,3
80653,2
80654,0
80655,0
80656,2
80657,0
80658,0
80659,0
80660,0
80661,3
80662,2
80663,0
80664,0
80665,0
80666,0
80667,0
80668,0
80669,0
80670,0
80671,0
80672,0
80673,0
80674,0
80675,0
80676,0
80677,0
80678,0
80679,0
80680,3
80681,2
80682,0
80683,0
80684,3
80685,0
80686,0
80687,0
80688,0
80689,0
80690,0
80691,0
80692,0
80693,3
80694,0
80695,0
80696,2
80697,0
80698,2
80699,2
80700,3
80701,0
80702,0
80703,0
80704,0
80705,0
80706,0
80707,0
80708,0
80709,0
80710,0
80711,0
80712,0
80713,0
80714,0
80715,0
80716,0
80717,0
80718,0
80719,0
80720,0
80721,0
80722,2
80723,0
80724,0
80725,0
80726,0
80727,0
80728,0
80729,0
80730,0
80731,0
80732,0
80733,2
80734,0
80735,0
80736,0
80737,2
80738,0
80739,0
80740,0
80741,0
80742,0
80743,3
80744,2
80745,0
80746,3
80747,0
80748,0
80749,0
80750,0
80751,3
80752,2
80753,2
80754,2
80755,3
80756,3
80757,3
80758,3
80759,3
80760,0
80761,0
80762,0
80763,0
80764,0
80765,0
80766,0
80767,0
80768,0
80769,0
80770,0
80771,3
80772,0
80773,3
80774,0
80775,0
80776,0
80777,0
80778,3
80779,3
80780,0
80781,0
80782,0
80783,0
80784,2
80785,0
80786,0
80787,0
80788,0
80789,0
80790,0
80791,0
80792,0
80793,0
80794,0
80795,0
80796,0
80797,2
80798,0
80799,0
80800,0
80801,0
80802,2
80803,0
80804,0
80805,0
80806,0
80807,3
80808,3
80809,0
80810,0
80811,2
80812,2
80813,2
80814,3
80815,2
80816,2
80817,2
80818,2
80819,2
80820,3
80821,2
80822,0
80823,3
80824,0
80825,0
80826,0
80827,0
80828,2
80829,3
80830,0
80831,3
80832,3
80833,3
80834,3
80835,3
80836,3
80837,3
80838,2
80839,2
80840,3
80841,3
80842,0
80843,0
80844,0
80845,2
80846,0
80847,2
80848,3
80849,3
80850,3
80851,0
80852,2
80853,3
80854,3
80855,2
80856,2
80857,0
80858,0
80859,0
80860,0
80861,0
80862,0
80863,0
80864,0
80865,0
80866,0
80867,1
80868,1
80869,1
80870,0
80871,0
80872,0
80873,1
80874,2
80875,0
80876,4
80877,3
80878,3
80879,3
80880,4
80881,3
80882,3
80883,3
80884,3
80885,3
80886,3
80887,3
80888,3
80889,3
80890,3
80891,3
80892,2
80893,3
80894,2
80895,3
80896,3
80897,3
80898,0
80899,0
80900,0
80901,0
80902,0
80903,0
80904,0
80905,0
80906,0
80907,0
80908,0
80909,0
80910,1
80911,1
80912,3
80913,0
80914,0
80915,3
80916,3
80917,1
80918,3
80919,0
80920,1
80921,1
80922,2
80923,2
80924,1
80925,2
80926,2
80927,1
80928,0
80929,1
80930,2
80931,3
80932,2
80933,3
80934,1
80935,2
80936,2
80937,1
80938,1
80939,1
80940,2
80941,1
80942,1
80943,1
80944,1
80945,1
80946,2
80947,1
80948,3
80949,3
80950,3
80951,2
80952,2
80953,3
80954,1
80955,1
80956,1
80957,3
80958,3
80959,1
80960,1
80961,3
80962,0
80963,2
80964,3
80965,3
80966,3
80967,3
80968,2
80969,2
80970,1
80971,1
80972,3
80973,2
80974,0
80975,0
80976,0
80977,1
80978,1
80979,1
80980,2
80981,3
80982,1
80983,1
80984,3
80985,2
80986,1
80987,1
80988,3
80989,0
80990,0
80991,0
80992,0
80993,0
80994,0
80995,0
80996,0
80997,0
80998,0
80999,0
81000,2
81001,0
81002,2
81003,3
81004,3
81005,2
81006,3
81007,3
81008,2
81009,3
81010,3
81011,3
81012,3
81013,3
81014,2
81015,3
81016,0
81017,0
81018,0
81019,0
81020,3
81021,3
81022,3
81023,1
81024,1
81025,3
81026,2
81027,2
81028,2
81029,2
81030,2
81031,4
81032,3
81033,2
81034,0
81035,0
81036,4
81037,2
81038,1
81039,2
81040,2
81041,0
81042,3
81043,3
81044,0
81045,3
81046,0
81047,0
81048,0
81049,0
81050,0
81051,3
81052,2
81053,2
81054,2
81055,3
81056,2
81057,3
81058,3
81059,1
81060,3
81061,2
81062,0
81063,0
81064,4
81065,4
81066,0
81067,0
81068,0
81069,0
81070,0
81071,0
81072,0
81073,0
81074,0
81075,2
81076,0
81077,0
81078,2
81079,3
81080,0
81081,0
81082,2
81083,0
81084,2
81085,4
81086,3
81087,0
81088,3
81089,3
81090,2
81091,2
81092,3
81093,3
81094,1
81095,1
81096,1
81097,2
81098,3
81099,3
81100,0
81101,2
81102,3
81103,2
81104,0
81105,2
81106,3
81107,2
81108,1
81109,2
81110,2
81111,1
81112,1
81113,1
81114,1
81115,2
81116,4
81117,2
81118,4
81119,4
81120,2
81121,4
81122,1
81123,2
81124,2
81125,4
81126,0
81127,1
81128,2
81129,1
81130,2
81131,4
81132,4
81133,4
81134,4
81135,4
81136,4
81137,0
81138,0
81139,1
81140,4
81141,2
81142,2
81143,4
81144,4
81145,1
81146,2
81147,4
81148,0
81149,0
81150,4
81151,4
81152,1
81153,0
81154,0
81155,0
81156,0
81157,0
81158,1
81159,1
81160,1
81161,4
81162,4
81163,0
81164,0
81165,0
81166,0
81167,0
81168,4
81169,4
81170,0
81171,1
81172,1
81173,4
81174,4
81175,1
81176,4
81177,1
81178,4
81179,2
81180,3
81181,2
81182,2
81183,0
81184,1
81185,1
81186,4
81187,1
81188,1
81189,4
81190,1
81191,1
81192,4
81193,4
81194,1
81195,0
81196,0
81197,0
81198,4
81199,0
81200,2
81201,2
81202,2
81203,1
81204,2
81205,1
81206,1
81207,1
81208,0
81209,2
81210,1
81211,1
81212,3
81213,1
81214,4
81215,1
81216,4
81217,1
81218,3
81219,4
81220,1
81221,3
81222,1
81223,1
81224,2
81225,2
81226,0
81227,0
81228,0
81229,0
81230,0
81231,4
81232,4
81233,1
81234,2
81235,2
81236,2
81237,2
81238,2
81239,4
81240,1
81241,2
81242,1
81243,1
81244,1
81245,2
81246,1
81247,2
81248,1
81249,1
81250,0
81251,1
81252,1
81253,2
81254,2
81255,1
81256,1
81257,1
81258,1
81259,1
81260,1
81261,1
81262,1
81263,1
81264,1
81265,1
81266,1
81267,1
81268,2
81269,1
81270,2
81271,1
81272,1
81273,2
81274,1
81275,2
81276,1
81277,1
81278,1
81279,1
81280,1
81281,4
81282,1
81283,1
81284,0
81285,0
81286,0
81287,4
81288,0
81289,0
81290,4
81291,1
81292,1
81293,0
81294,4
81295,0
81296,0
81297,0
81298,0
81299,0
81300,0
81301,0
81302,0
81303,4
81304,0
81305,2
81306,0
81307,0
81308,2
81309,0
81310,4
81311,0
81312,3
81313,1
81314,4
81315,1
81316,2
81317,0
81318,4
81319,1
81320,3
81321,3
81322,4
81323,4
81324,4
81325,4
81326,4
81327,2
81328,1
81329,1
81330,2
81331,1
81332,4
81333,4
81334,0
81335,4
81336,0
81337,0
81338,0
81339,0
81340,0
81341,0
81342,0
81343,2
81344,1
81345,2
81346,0
81347,1
81348,0
81349,0
81350,0
81351,4
81352,4
81353,4
81354,0
81355,0
81356,4
81357,1
81358,1
81359,1
81360,4
81361,1
81362,1
81363,0
81364,0
81365,1
81366,1
81367,1
81368,1
81369,1
81370,1
81371,2
81372,1
81373,1
81374,1
81375,2
81376,1
81377,1
81378,4
81379,0
81380,0
81381,0
81382,0
81383,4
81384,3
81385,1
81386,0
81387,1
81388,4
81389,4
81390,0
81391,0
81392,0
81393,0
81394,0
81395,0
81396,0
81397,0
81398,0
81399,0
81400,1
81401,0
81402,1
81403,1
81404,4
81405,1
81406,1
81407,1
81408,1
81409,1
81410,2
81411,4
81412,1
81413,1
81414,1
81415,4
81416,1
81417,0
81418,4
81419,1
81420,1
81421,2
81422,1
81423,0
81424,0
81425,0
81426,0
81427,0
81428,0
81429,4
81430,1
81431,4
81432,0
81433,0
81434,0
81435,0
81436,0
81437,0
81438,4
81439,4
81440,1
81441,0
81442,0
81443,0
81444,0
81445,0
81446,0
81447,0
81448,0
81449,0
81450,0
81451,0
81452,0
81453,0
81454,0
81455,0
81456,0
81457,0
81458,4
81459,0
81460,0
81461,0
81462,0
81463,0
81464,0
81465,0
81466,0
81467,0
81468,0
81469,0
81470,0
81471,0
81472,0
81473,0
81474,0
81475,4
81476,4
81477,0
81478,2
81479,1
81480,2
81481,1
81482,4
81483,4
81484,2
81485,1
81486,1
81487,4
81488,0
81489,4
81490,4
81491,0
81492,4
81493,0
81494,2
81495,0
81496,0
81497,0
81498,0
81499,4
81500,0
81501,1
81502,1
81503,1
81504,1
81505,2
81506,1
81507,1
81508,1
81509,1
81510,1
81511,1
81512,0
81513,0
81514,0
81515,0
81516,0
81517,3
81518,0
81519,0
81520,0
81521,0
81522,2
81523,0
81524,0
81525,1
81526,4
81527,1
81528,1
81529,1
81530,1
81531,4
81532,1
81533,1
81534,0
81535,0
81536,1
81537,1
81538,1
81539,4
81540,4
81541,4
81542,2
81543,1
81544,1
81545,4
81546,2
81547,1
81548,1
81549,1
81550,1
81551,1
81552,4
81553,4
81554,4
81555,1
81556,1
81557,1
81558,1
81559,1
81560,2
81561,1
81562,4
81563,1
81564,1
81565,4
81566,0
81567,4
81568,0
81569,0
81570,1
81571,1
81572,1
81573,2
81574,1
81575,4
81576,0
81577,0
81578,1
81579,1
81580,1
81581,4
81582,2
81583,1
81584,4
81585,4
81586,3
81587,0
81588,0
81589,0
81590,0
81591,2
81592,1
81593,4
81594,0
81595,4
81596,0
81597,1
81598,0
81599,0
81600,0
81601,0
81602,4
81603,0
81604,0
81605,0
81606,1
81607,1
81608,4
81609,1
81610,2
81611,1
81612,1
81613,4
81614,4
81615,1
81616,1
81617,2
81618,1
81619,1
81620,0
81621,1
81622,0
81623,4
81624,4
81625,2
81626,2
81627,4
81628,4
81629,4
81630,4
81631,4
81632,2
81633,4
81634,4
81635,4
81636,2
81637,2
81638,2
81639,2
81640,1
81641,1
81642,1
81643,1
81644,4
81645,4
81646,1
81647,4
81648,2
81649,1
81650,1
81651,1
81652,0
81653,0
81654,0
81655,0
81656,0
81657,0
81658,0
81659,0
81660,0
81661,0
81662,0
81663,0
81664,0
81665,0
81666,4
81667,0
81668,0
81669,4
81670,0
81671,0
81672,2
81673,1
81674,2
81675,1
81676,1
81677,1
81678,1
81679,4
81680,1
81681,1
81682,4
81683,3
81684,0
81685,0
81686,4
81687,1
81688,1
81689,2
81690,1
81691,1
81692,1
81693,2
81694,1
81695,1
81696,0
81697,1
81698,4
81699,4
81700,1
81701,4
81702,0
81703,0
81704,0
81705,4
81706,2
81707,1
81708,2
81709,1
81710,1
81711,1
81712,2
81713,0
81714,2
81715,0
81716,0
81717,0
81718,1
81719,0
81720,0
81721,0
81722,0
81723,0
81724,0
81725,0
81726,0
81727,0
81728,0
81729,0
81730,2
81731,0
81732,0
81733,0
81734,0
81735,0
81736,0
81737,0
81738,2
81739,2
81740,2
81741,1
81742,1
81743,1
81744,1
81745,1
81746,0
81747,0
81748,1
81749,1
81750,1
81751,1
81752,4
81753,1
81754,1
81755,4
81756,0
81757,2
81758,2
81759,1
81760,1
81761,2
81762,2
81763,4
81764,1
81765,4
81766,2
81767,1
81768,1
81769,1
81770,2
81771,4
81772,1
81773,1
81774,0
81775,4
81776,0
81777,0
81778,0
81779,0
81780,0
81781,0
81782,0
81783,0
81784,1
81785,1
81786,1
81787,4
81788,2
81789,1
81790,4
81791,2
81792,4
81793,4
81794,0
81795,0
81796,0
81797,2
81798,0
81799,0
81800,0
81801,0
81802,0
81803,4
81804,1
81805,1
81806,4
81807,4
81808,1
81809,1
81810,1
81811,1
81812,1
81813,0
81814,0
81815,1
81816,1
81817,4
81818,0
81819,0
81820,0
81821,0
81822,0
81823,4
81824,0
81825,4
81826,4
81827,0
81828,4
81829,1
81830,4
81831,4
81832,4
81833,0
81834,0
81835,0
81836,0
81837,0
81838,1
81839,1
81840,4
81841,1
81842,4
81843,0
81844,0
81845,0
81846,0
81847,0
81848,0
81849,0
81850,0
81851,1
81852,2
81853,1
81854,1
81855,4
81856,0
81857,4
81858,4
81859,1
81860,0
81861,0
81862,0
81863,0
81864,2
81865,1
81866,1
81867,4
81868,1
81869,1
81870,1
81871,0
81872,1
81873,1
81874,1
81875,4
81876,4
81877,4
81878,4
81879,1
81880,1
81881,1
81882,1
81883,1
81884,2
81885,1
81886,1
81887,1
81888,4
81889,1
81890,1
81891,1
81892,1
81893,4
81894,1
81895,1
81896,1
81897,4
81898,1
81899,1
81900,1
81901,1
81902,1
81903,1
81904,1
81905,1
81906,1
81907,1
81908,1
81909,1
81910,1
81911,4
81912,1
81913,1
81914,4
81915,1
81916,1
81917,4
81918,1
81919,1
81920,4
81921,1
81922,1
81923,4
81924,4
81925,1
81926,4
81927,1
81928,4
81929,1
81930,1
81931,4
81932,4
81933,4
81934,1
81935,1
81936,4
81937,4
81938,4
81939,1
81940,2
81941,1
81942,1
81943,1
81944,1
81945,4
81946,4
81947,2
81948,1
81949,1
81950,1
81951,0
81952,0
81953,1
81954,1
81955,4
81956,1
81957,2
81958,1
81959,1
81960,2
81961,1
81962,2
81963,2
81964,2
81965,2
81966,2
81967,2
81968,2
81969,2
81970,4
81971,2
81972,1
81973,4
81974,1
81975,4
81976,4
81977,2
81978,1
81979,1
81980,2
81981,2
81982,2
81983,4
81984,4
81985,4
81986,2
81987,4
81988,4
81989,4
81990,4
81991,4
81992,2
81993,4
81994,4
81995,2
81996,4
81997,2
81998,1
81999,1
82000,2
82001,1
82002,2
82003,1
82004,1
82005,4
82006,4
82007,4
82008,4
82009,1
82010,4
82011,1
82012,4
82013,2
82014,2
82015,1
82016,2
82017,1
82018,2
82019,4
82020,4
82021,2
82022,2
82023,1
82024,1
82025,1
82026,1
82027,2
82028,0
82029,4
82030,1
82031,2
82032,4
82033,0
82034,0
82035,3
82036,3
82037,2
82038,1
82039,1
82040,4
82041,1
82042,2
82043,1
82044,4
82045,1
82046,4
82047,1
82048,4
82049,4
82050,4
82051,3
82052,1
82053,4
82054,1
82055,1
82056,4
82057,1
82058,0
82059,0
82060,4
82061,4
82062,4
82063,4
82064,4
82065,4
82066,4
82067,4
82068,2
82069,2
82070,4
82071,2
82072,1
82073,2
82074,2
82075,2
82076,2
82077,1
82078,2
82079,2
82080,2
82081,2
82082,2
82083,1
82084,2
82085,4
82086,1
82087,2
82088,0
82089,0
82090,0
82091,0
82092,0
82093,0
82094,0
82095,0
82096,0
82097,0
82098,0
82099,0
82100,0
82101,0
82102,0
82103,2
82104,2
82105,1
82106,4
82107,4
82108,0
82109,0
82110,0
82111,0
82112,1
82113,1
82114,1
82115,4
82116,3
82117,4
82118,4
82119,2
82120,1
82121,0
82122,1
82123,0
82124,2
82125,0
82126,0
82127,0
82128,0
82129,0
82130,0
82131,0
82132,0
82133,0
82134,0
82135,0
82136,0
82137,0
82138,4
82139,0
82140,2
82141,0
82142,0
82143,0
82144,2
82145,4
82146,1
82147,2
82148,3
82149,4
82150,3
82151,3
82152,3
82153,1
82154,0
82155,4
82156,0
82157,0
82158,0
82159,0
82160,4
82161,1
82162,1
82163,4
82164,1
82165,4
82166,1
82167,1
82168,4
82169,3
82170,3
82171,2
82172,3
82173,3
82174,2
82175,2
82176,2
82177,2
82178,2
82179,3
82180,2
82181,2
82182,3
82183,3
82184,0
82185,0
82186,0
82187,3
82188,0
82189,0
82190,0
82191,3
82192,1
82193,0
82194,3
82195,2
82196,3
82197,2
82198,2
82199,2
82200,2
82201,3
82202,3
82203,0
82204,0
82205,0
82206,0
82207,0
82208,0
82209,0
82210,0
82211,3
82212,3
82213,3
82214,1
82215,0
82216,2
82217,1
82218,2
82219,2
82220,2
82221,2
82222,2
82223,2
82224,2
82225,2
82226,4
82227,1
82228,0
82229,3
82230,2
82231,2
82232,2
82233,2
82234,3
82235,2
82236,0
82237,2
82238,3
82239,2
82240,1
82241,2
82242,2
82243,2
82244,2
82245,2
82246,2
82247,3
82248,1
82249,2
82250,2
82251,2
82252,2
82253,1
82254,1
82255,3
82256,1
82257,1
82258,1
82259,1
82260,1
82261,3
82262,0
82263,0
82264,1
82265,1
82266,1
82267,1
82268,3
82269,3
82270,3
82271,3
82272,3
82273,3
82274,2
82275,2
82276,2
82277,3
82278,2
82279,2
82280,2
82281,3
82282,3
82283,1
82284,0
82285,0
82286,0
82287,0
82288,0
82289,1
82290,1
82291,1
82292,1
82293,0
82294,0
82295,0
82296,0
82297,0
82298,0
82299,0
82300,0
82301,0
82302,0
82303,0
82304,0
82305,0
82306,3
82307,2
82308,2
82309,2
82310,3
82311,3
82312,2
82313,2
82314,2
82315,3
82316,1
82317,1
82318,3
82319,0
82320,2
82321,3
82322,3
82323,0
82324,3
82325,2
82326,3
82327,2
82328,3
82329,3
82330,3
82331,2
82332,2
82333,2
82334,3
82335,2
82336,3
82337,3
82338,3
82339,3
82340,3
82341,3
82342,0
82343,0
82344,0
82345,0
82346,0
82347,0
82348,0
82349,0
82350,0
82351,0
82352,0
82353,0
82354,1
82355,3
82356,2
82357,2
82358,2
82359,2
82360,2
82361,2
82362,3
82363,2
82364,3
82365,2
82366,2
82367,2
82368,3
82369,0
82370,2
82371,2
82372,2
82373,2
82374,0
82375,2
82376,3
82377,1
82378,3
82379,1
82380,3
82381,3
82382,2
82383,1
82384,2
82385,2
82386,2
82387,2
82388,2
82389,2
82390,2
82391,2
82392,1
82393,3
82394,3
82395,3
82396,2
82397,2
82398,2
82399,3
82400,2
82401,3
82402,3
82403,1
82404,1
82405,2
82406,2
82407,1
82408,2
82409,2
82410,3
82411,2
82412,2
82413,2
82414,2
82415,2
82416,3
82417,3
82418,2
82419,2
82420,3
82421,1
82422,1
82423,1
82424,1
82425,1
82426,1
82427,2
82428,2
82429,3
82430,3
82431,0
82432,2
82433,3
82434,3
82435,2
82436,2
82437,2
82438,3
82439,3
82440,3
82441,3
82442,2
82443,2
82444,3
82445,2
82446,3
82447,3
82448,3
82449,3
82450,3
82451,3
82452,3
82453,2
82454,3
82455,3
82456,3
82457,2
82458,3
82459,3
82460,3
82461,3
82462,3
82463,3
82464,2
82465,3
82466,2
82467,2
82468,2
82469,2
82470,3
82471,3
82472,3
82473,2
82474,2
82475,2
82476,2
82477,3
82478,3
82479,2
82480,3
82481,3
82482,3
82483,3
82484,3
82485,2
82486,3
82487,3
82488,3
82489,3
82490,3
82491,3
82492,3
82493,1
82494,1
82495,3
82496,3
82497,2
82498,3
82499,3
82500,3
82501,3
82502,1
82503,3
82504,3
82505,3
82506,3
82507,2
82508,3
82509,0
82510,1
82511,3
82512,3
82513,3
82514,1
82515,3
82516,3
82517,3
82518,3
82519,2
82520,2
82521,3
82522,1
82523,2
82524,2
82525,3
82526,1
82527,3
82528,3
82529,3
82530,2
82531,2
82532,2
82533,0
82534,3
82535,3
82536,0
82537,3
82538,2
82539,3
82540,2
82541,0
82542,3
82543,2
82544,3
82545,3
82546,2
82547,1
82548,1
82549,1
82550,1
82551,1
82552,1
82553,1
82554,1
82555,1
82556,1
82557,3
82558,1
82559,1
82560,1
82561,1
82562,1
82563,1
82564,1
82565,1
82566,3
82567,3
82568,3
82569,3
82570,3
82571,3
82572,1
82573,1
82574,1
82575,3
82576,1
82577,1
82578,1
82579,2
82580,3
82581,2
82582,1
82583,3
82584,0
82585,3
82586,3
82587,3
82588,3
82589,3
82590,3
82591,3
82592,3
82593,3
82594,3
82595,3
82596,3
82597,3
82598,3
82599,3
82600,3
82601,3
82602,3
82603,3
82604,3
82605,3
82606,3
82607,3
82608,3
82609,3
82610,3
82611,3
82612,3
82613,3
82614,3
82615,3
82616,3
82617,3
82618,3
82619,3
82620,3
82621,3
82622,3
82623,3
82624,3
82625,3
82626,3
82627,3
82628,3
82629,3
82630,3
82631,3
82632,1
82633,1
82634,1
82635,1
82636,2
82637,1
82638,3
82639,1
82640,1
82641,1
82642,3
82643,3
82644,3
82645,3
82646,3
82647,3
82648,3
82649,3
82650,3
82651,3
82652,3
82653,2
82654,3
82655,3
82656,2
82657,3
82658,3
82659,3
82660,1
82661,3
82662,3
82663,3
82664,3
82665,3
82666,3
82667,3
82668,3
82669,2
82670,3
82671,3
82672,3
82673,3
82674,3
82675,1
82676,1
82677,1
82678,1
82679,3
82680,1
82681,3
82682,2
82683,1
82684,1
82685,1
82686,1
82687,1
82688,1
82689,1
82690,1
82691,3
82692,1
82693,3
82694,3
82695,3
82696,3
82697,3
82698,2
82699,3
82700,1
82701,3
82702,3
82703,3
82704,3
82705,3
82706,3
82707,2
82708,2
82709,3
82710,3
82711,3
82712,1
82713,1
82714,3
82715,3
82716,3
82717,3
82718,1
82719,3
82720,2
82721,2
82722,2
82723,2
82724,2
82725,2
82726,3
82727,2
82728,3
82729,3
82730,3
82731,3
82732,2
82733,3
82734,2
82735,3
82736,3
82737,2
82738,2
82739,3
82740,3
82741,3
82742,3
82743,3
82744,3
82745,1
82746,1
82747,1
82748,4
82749,4
82750,4
82751,4
82752,4
82753,4
82754,4
82755,4
82756,4
82757,4
82758,4
82759,4
82760,4
82761,4
82762,4
82763,4
82764,4
82765,4
82766,4
82767,4
82768,4
82769,1
82770,1
82771,1
82772,1
82773,1
82774,1
82775,1
82776,1
82777,1
82778,1
82779,1
82780,1
82781,1
82782,1
82783,1
82784,3
82785,2
82786,1
82787,1
82788,1
82789,1
82790,1
82791,1
82792,1
82793,1
82794,1
82795,1
82796,1
82797,1
82798,1
82799,1
82800,4
82801,1
82802,4
82803,1
82804,1
82805,1
82806,4
82807,4
82808,1
82809,4
82810,4
82811,4
82812,1
82813,1
82814,4
82815,4
82816,1
82817,1
82818,1
82819,4
82820,4
82821,1
82822,2
82823,1
82824,1
82825,2
82826,1
82827,1
82828,1
82829,4
82830,1
82831,1
82832,4
82833,4
82834,1
82835,1
82836,1
82837,4
82838,1
82839,1
82840,1
82841,1
82842,2
82843,2
82844,1
82845,1
82846,1
82847,1
82848,1
82849,1
82850,1
82851,4
82852,4
82853,4
82854,4
82855,4
82856,2
82857,4
82858,4
82859,1
82860,0
82861,1
82862,3
82863,2
82864,2
82865,1
82866,4
82867,4
82868,4
82869,4
82870,1
82871,1
82872,4
82873,4
82874,4
82875,4
82876,1
82877,4
82878,4
82879,1
82880,1
82881,1
82882,1
82883,1
82884,1
82885,1
82886,1
82887,4
82888,4
82889,1
82890,4
82891,1
82892,4
82893,4
82894,4
82895,4
82896,4
82897,2
82898,4
82899,4
82900,4
82901,4
82902,4
82903,4
82904,4
82905,4
82906,4
82907,4
82908,4
82909,4
82910,4
82911,4
82912,4
82913,2
82914,4
82915,4
82916,4
82917,4
82918,2
82919,4
82920,4
82921,4
82922,4
82923,4
82924,4
82925,4
82926,4
82927,4
82928,4
82929,4
82930,0
82931,2
82932,2
82933,4
82934,2
82935,4
82936,4
82937,4
82938,2
82939,4
82940,4
82941,4
82942,0
82943,2
82944,2
82945,2
82946,2
82947,4
82948,4
82949,2
82950,2
82951,4
82952,2
82953,2
82954,4
82955,4
82956,4
82957,4
82958,4
82959,1
82960,3
82961,0
82962,2
82963,2
82964,3
82965,0
82966,4
82967,3
82968,0
82969,0
82970,0
82971,0
82972,2
82973,2
82974,2
82975,1
82976,1
82977,3
82978,4
82979,2
82980,3
82981,1
82982,1
82983,1
82984,1
82985,4
82986,2
82987,1
82988,4
82989,4
82990,3
82991,3
82992,4
82993,1
82994,2
82995,1
82996,0
82997,1
82998,4
82999,1
83000,2
83001,4
83002,1
83003,4
83004,4
83005,0
83006,1
83007,3
83008,1
83009,0
83010,4
83011,1
83012,1
83013,3
83014,4
83015,1
83016,1
83017,4
83018,2
83019,2
83020,4
83021,2
83022,4
83023,4
83024,4
83025,2
83026,2
83027,2
83028,2
83029,2
83030,2
83031,1
83032,2
83033,2
83034,3
83035,4
83036,2
83037,4
83038,3
83039,2
83040,2
83041,1
83042,2
83043,2
83044,4
83045,3
83046,4
83047,2
83048,4
83049,2
83050,4
83051,2
83052,4
83053,0
83054,3
83055,0
83056,4
83057,2
83058,2
83059,2
83060,1
83061,4
83062,4
83063,4
83064,1
83065,2
83066,2
83067,1
83068,2
83069,2
83070,2
83071,2
83072,2
83073,2
83074,4
83075,1
83076,1
83077,0
83078,4
83079,1
83080,2
83081,1
83082,1
83083,1
83084,2
83085,1
83086,2
83087,2
83088,1
83089,0
83090,0
83091,3
83092,4
83093,4
83094,4
83095,4
83096,4
83097,2
83098,3
83099,4
83100,4
83101,1
83102,1
83103,1
83104,3
83105,4
83106,4
83107,4
83108,4
83109,4
83110,4
83111,4
83112,4
83113,4
83114,2
83115,4
83116,1
83117,2
83118,0
83119,0
83120,0
83121,0
83122,2
83123,1
83124,1
83125,3
83126,1
83127,4
83128,4
83129,4
83130,4
83131,1
83132,3
83133,4
83134,1
83135,4
83136,1
83137,1
83138,2
83139,4
83140,2
83141,2
83142,2
83143,2
83144,2
83145,4
83146,1
83147,2
83148,1
83149,0
83150,0
83151,0
83152,2
83153,0
83154,1
83155,1
83156,4
83157,1
83158,1
83159,1
83160,1
83161,1
83162,1
83163,2
83164,0
83165,1
83166,1
83167,1
83168,1
83169,1
83170,1
83171,4
83172,1
83173,0
83174,1
83175,4
83176,4
83177,1
83178,2
83179,1
83180,1
83181,1
83182,2
83183,4
83184,4
83185,4
83186,3
83187,2
83188,1
83189,4
83190,3
83191,1
83192,1
83193,4
83194,1
83195,4
83196,4
83197,2
83198,4
83199,0
83200,4
83201,4
83202,4
83203,4
83204,2
83205,4
83206,4
83207,2
83208,4
83209,4
83210,2
83211,4
83212,3
83213,1
83214,4
83215,4
83216,4
83217,1
83218,1
83219,4
83220,4
83221,2
83222,1
83223,2
83224,1
83225,1
83226,1
83227,4
83228,1
83229,1
83230,1
83231,2
83232,2
83233,1
83234,1
83235,2
83236,1
83237,2
83238,2
83239,2
83240,2
83241,2
83242,2
83243,4
83244,1
83245,1
83246,2
83247,2
83248,1
83249,2
83250,1
83251,2
83252,1
83253,1
83254,2
83255,1
83256,2
83257,2
83258,1
83259,2
83260,2
83261,2
83262,2
83263,2
83264,2
83265,1
83266,1
83267,2
83268,2
83269,1
83270,1
83271,1
83272,1
83273,1
83274,1
83275,2
83276,2
83277,1
83278,1
83279,1
83280,1
83281,4
83282,1
83283,1
83284,1
83285,0
83286,4
83287,1
83288,4
83289,1
83290,1
83291,1
83292,1
83293,1
83294,2
83295,1
83296,1
83297,1
83298,1
83299,1
83300,2
83301,1
83302,1
83303,2
83304,3
83305,4
83306,4
83307,1
83308,2
83309,1
83310,4
83311,2
83312,4
83313,1
83314,4
83315,2
83316,4
83317,1
83318,1
83319,1
83320,1
83321,1
83322,4
83323,4
83324,4
83325,4
83326,4
83327,4
83328,4
83329,4
83330,4
83331,4
83332,4
83333,4
83334,4
83335,3
83336,4
83337,1
83338,1
83339,2
83340,4
83341,2
83342,4
83343,1
83344,1
83345,1
83346,1
83347,4
83348,2
83349,2
83350,1
83351,1
83352,1
83353,1
83354,1
83355,1
83356,1
83357,1
83358,1
83359,1
83360,1
83361,2
83362,4
83363,4
83364,1
83365,1
83366,1
83367,1
83368,1
83369,1
83370,4
83371,1
83372,1
83373,1
83374,1
83375,1
83376,2
83377,1
83378,1
83379,1
83380,1
83381,1
83382,1
83383,1
83384,4
83385,2
83386,1
83387,1
83388,4
83389,4
83390,4
83391,4
83392,4
83393,4
83394,4
83395,4
83396,1
83397,4
83398,2
83399,1
83400,2
83401,1
83402,1
83403,2
83404,2
83405,1
83406,4
83407,1
83408,1
83409,1
83410,2
83411,2
83412,4
83413,4
83414,2
83415,1
83416,2
83417,2
83418,2
83419,2
83420,2
83421,3
83422,2
83423,2
83424,2
83425,2
83426,2
83427,3
83428,3
83429,3
83430,2
83431,2
83432,2
83433,2
83434,2
83435,2
83436,2
83437,2
83438,2
83439,3
83440,3
83441,2
83442,2
83443,2
83444,2
83445,2
83446,2
83447,2
83448,2
83449,2
83450,2
83451,3
83452,2
83453,2
83454,3
83455,2
83456,2
83457,2
83458,2
83459,2
83460,2
83461,2
83462,2
83463,2
83464,2
83465,2
83466,3
83467,2
83468,0
83469,4
83470,2
83471,2
83472,2
83473,3
83474,2
83475,2
83476,0
83477,2
83478,2
83479,2
83480,3
83481,2
83482,3
83483,3
83484,3
83485,0
83486,2
83487,1
83488,2
83489,2
83490,2
83491,0
83492,2
83493,0
83494,2
83495,2
83496,2
83497,2
83498,2
83499,2
83500,2
83501,3
83502,3
83503,2
83504,3
83505,1
83506,3
83507,3
83508,3
83509,2
83510,3
83511,2
83512,2
83513,3
83514,3
83515,2
83516,3
83517,3
83518,2
83519,2
83520,2
83521,2
83522,0
83523,2
83524,2
83525,2
83526,2
83527,2
83528,2
83529,2
83530,2
83531,2
83532,2
83533,2
83534,3
83535,3
83536,3
83537,2
83538,2
83539,3
83540,3
83541,2
83542,2
83543,2
83544,3
83545,3
83546,2
83547,0
83548,2
83549,3
83550,3
83551,2
83552,2
83553,3
83554,0
83555,2
83556,2
83557,2
83558,3
83559,3
83560,2
83561,3
83562,0
83563,0
83564,1
83565,2
83566,2
83567,3
83568,2
83569,2
83570,2
83571,2
83572,1
83573,2
83574,2
83575,2
83576,2
83577,2
83578,2
83579,3
83580,3
83581,2
83582,0
83583,2
83584,2
83585,0
83586,2
83587,0
83588,1
83589,3
83590,3
83591,2
83592,2
83593,2
83594,2
83595,2
83596,2
83597,2
83598,3
83599,0
83600,0
83601,0
83602,3
83603,2
83604,2
83605,3
83606,2
83607,2
83608,3
83609,2
83610,3
83611,2
83612,1
83613,2
83614,3
83615,2
83616,2
83617,3
83618,2
83619,3
83620,2
83621,1
83622,3
83623,1
83624,3
83625,3
83626,2
83627,2
83628,0
83629,0
83630,0
83631,0
83632,0
83633,0
83634,0
83635,0
83636,0
83637,0
83638,3
83639,3
83640,3
83641,0
83642,0
83643,0
83644,0
83645,0
83646,2
83647,0
83648,0
83649,0
83650,0
83651,0
83652,0
83653,0
83654,0
83655,0
83656,0
83657,0
83658,0
83659,0
83660,0
83661,0
83662,0
83663,0
83664,0
83665,0
83666,2
83667,2
83668,3
83669,3
83670,3
83671,3
83672,3
83673,2
83674,3
83675,3
83676,0
83677,3
83678,3
83679,0
83680,0
83681,0
83682,0
83683,2
83684,2
83685,2
83686,2
83687,1
83688,1
83689,3
83690,3
83691,3
83692,2
83693,0
83694,2
83695,2
83696,3
83697,2
83698,3
83699,3
83700,3
83701,2
83702,3
83703,0
83704,2
83705,3
83706,2
83707,2
83708,2
83709,2
83710,2
83711,2
83712,2
83713,2
83714,3
83715,2
83716,2
83717,0
83718,2
83719,2
83720,2
83721,2
83722,2
83723,2
83724,2
83725,2
83726,2
83727,3
83728,0
83729,0
83730,0
83731,0
83732,3
83733,0
83734,0
83735,3
83736,3
83737,0
83738,0
83739,0
83740,3
83741,3
83742,3
83743,2
83744,0
83745,0
83746,3
83747,3
83748,3
83749,0
83750,3
83751,2
83752,3
83753,3
83754,3
83755,2
83756,0
83757,3
83758,2
83759,3
83760,3
83761,2
83762,3
83763,3
83764,2
83765,2
83766,0
83767,0
83768,0
83769,0
83770,0
83771,0
83772,0
83773,0
83774,0
83775,0
83776,0
83777,0
83778,0
83779,0
83780,0
83781,0
83782,0
83783,0
83784,0
83785,0
83786,0
83787,0
83788,0
83789,0
83790,2
83791,0
83792,2
83793,0
83794,0
83795,0
83796,0
83797,0
83798,0
83799,0
83800,0
83801,0
83802,0
83803,0
83804,0
83805,0
83806,0
83807,0
83808,0
83809,0
83810,0
83811,0
83812,0
83813,0
83814,0
83815,0
83816,0
83817,0
83818,0
83819,0
83820,0
83821,0
83822,0
83823,0
83824,0
83825,0
83826,0
83827,0
83828,3
83829,0
83830,0
83831,3
83832,0
83833,0
83834,0
83835,2
83836,0
83837,0
83838,0
83839,0
83840,0
83841,0
83842,0
83843,3
83844,3
83845,3
83846,0
83847,0
83848,0
83849,0
83850,0
83851,3
83852,0
83853,0
83854,0
83855,0
83856,0
83857,0
83858,0
83859,0
83860,0
83861,0
83862,0
83863,0
83864,0
83865,3
83866,0
83867,0
83868,0
83869,0
83870,0
83871,0
83872,0
83873,3
83874,0
83875,0
83876,0
83877,0
83878,0
83879,0
83880,0
83881,0
83882,0
83883,0
83884,0
83885,0
83886,0
83887,0
83888,0
83889,0
83890,0
83891,0
83892,0
83893,0
83894,0
83895,0
83896,0
83897,0
83898,0
83899,0
83900,0
83901,0
83902,0
83903,0
83904,0
83905,0
83906,0
83907,3
83908,0
83909,3
83910,0
83911,2
83912,0
83913,0
83914,0
83915,0
83916,0
83917,3
83918,3
83919,3
83920,2
83921,2
83922,2
83923,3
83924,0
83925,0
83926,0
83927,0
83928,0
83929,0
83930,0
83931,2
83932,0
83933,0
83934,0
83935,0
83936,0
83937,0
83938,0
83939,2
83940,0
83941,0
83942,3
83943,2
83944,2
83945,0
83946,2
83947,0
83948,0
83949,2
83950,2
83951,0
83952,2
83953,2
83954,0
83955,0
83956,2
83957,0
83958,2
83959,0
83960,2
83961,0
83962,0
83963,2
83964,2
83965,2
83966,0
83967,2
83968,0
83969,2
83970,2
83971,2
83972,2
83973,0
83974,2
83975,0
83976,2
83977,2
83978,2
83979,2
83980,0
83981,2
83982,2
83983,2
83984,3
83985,3
83986,3
83987,2
83988,2
83989,0
83990,2
83991,2
83992,3
83993,2
83994,3
83995,0
83996,2
83997,2
83998,3
83999,3
84000,3
84001,3
84002,2
84003,2
84004,2
84005,0
84006,0
84007,0
84008,0
84009,0
84010,0
84011,0
84012,0
84013,0
84014,0
84015,0
84016,0
84017,0
84018,0
84019,0
84020,0
84021,0
84022,0
84023,0
84024,0
84025,0
84026,0
84027,0
84028,0
84029,0
84030,0
84031,0
84032,0
84033,0
84034,0
84035,0
84036,0
84037,0
84038,0
84039,0
84040,0
84041,0
84042,0
84043,3
84044,0
84045,0
84046,0
84047,0
84048,0
84049,0
84050,0
84051,0
84052,0
84053,0
84054,0
84055,3
84056,3
84057,3
84058,3
84059,3
84060,2
84061,2
84062,0
84063,0
84064,0
84065,0
84066,0
84067,0
84068,0
84069,0
84070,3
84071,2
84072,0
84073,0
84074,0
84075,0
84076,0
84077,0
84078,0
84079,0
84080,0
84081,0
84082,0
84083,0
84084,0
84085,0
84086,0
84087,0
84088,0
84089,0
84090,0
84091,0
84092,0
84093,0
84094,0
84095,0
84096,0
84097,0
84098,0
84099,0
84100,0
84101,0
84102,0
84103,0
84104,0
84105,0
84106,2
84107,0
84108,0
84109,0
84110,0
84111,0
84112,0
84113,0
84114,0
84115,0
84116,0
84117,3
84118,0
84119,0
84120,0
84121,0
84122,0
84123,0
84124,0
84125,0
84126,2
84127,0
84128,0
84129,0
84130,0
84131,0
84132,0
84133,0
84134,0
84135,0
84136,0
84137,0
84138,0
84139,0
84140,0
84141,0
84142,0
84143,0
84144,0
84145,0
84146,0
84147,0
84148,0
84149,0
84150,0
84151,0
84152,0
84153,0
84154,0
84155,0
84156,3
84157,0
84158,0
84159,0
84160,0
84161,0
84162,0
84163,0
84164,0
84165,0
84166,0
84167,0
84168,0
84169,0
84170,0
84171,0
84172,0
84173,0
84174,0
84175,0
84176,0
84177,0
84178,0
84179,0
84180,0
84181,0
84182,0
84183,0
84184,0
84185,0
84186,0
84187,0
84188,0
84189,0
84190,0
84191,0
84192,0
84193,0
84194,0
84195,0
84196,0
84197,0
84198,3
84199,0
84200,0
84201,0
84202,0
84203,0
84204,0
84205,0
84206,0
84207,0
84208,0
84209,0
84210,0
84211,0
84212,0
84213,0
84214,0
84215,0
84216,0
84217,0
84218,0
84219,0
84220,0
84221,0
84222,0
84223,0
84224,0
84225,0
84226,0
84227,0
84228,0
84229,0
84230,0
84231,0
84232,0
84233,0
84234,0
84235,0
84236,0
84237,0
84238,0
84239,0
84240,0
84241,0
84242,0
84243,0
84244,2
84245,2
84246,1
84247,3
84248,2
84249,3
84250,1
84251,3
84252,3
84253,3
84254,3
84255,3
84256,3
84257,1
84258,2
84259,3
84260,3
84261,2
84262,2
84263,2
84264,1
84265,2
84266,2
84267,2
84268,2
84269,2
84270,3
84271,2
84272,2
84273,2
84274,2
84275,2
84276,2
84277,2
84278,2
84279,2
84280,2
84281,2
84282,2
84283,2
84284,2
84285,2
84286,3
84287,3
84288,2
84289,3
84290,2
84291,3
84292,2
84293,2
84294,2
84295,2
84296,3
84297,2
84298,2
84299,0
84300,0
84301,0
84302,2
84303,3
84304,0
84305,0
84306,0
84307,0
84308,0
84309,0
84310,0
84311,0
84312,0
84313,0
84314,0
84315,0
84316,0
84317,0
84318,0
84319,0
84320,0
84321,0
84322,0
84323,0
84324,0
84325,0
84326,0
84327,0
84328,0
84329,0
84330,0
84331,2
84332,3
84333,3
84334,2
84335,2
84336,0
84337,0
84338,0
84339,3
84340,2
84341,0
84342,0
84343,0
84344,0
84345,0
84346,0
84347,0
84348,0
84349,2
84350,0
84351,0
84352,0
84353,0
84354,0
84355,0
84356,2
84357,2
84358,2
84359,2
84360,2
84361,2
84362,3
84363,2
84364,2
84365,2
84366,2
84367,2
84368,2
84369,2
84370,3
84371,3
84372,3
84373,2
84374,2
84375,2
84376,2
84377,3
84378,3
84379,2
84380,2
84381,0
84382,2
84383,3
84384,2
84385,2
84386,3
84387,3
84388,3
84389,2
84390,2
84391,2
84392,3
84393,2
84394,2
84395,2
84396,3
84397,2
84398,2
84399,2
84400,2
84401,2
84402,2
84403,2
84404,3
84405,3
84406,3
84407,2
84408,2
84409,3
84410,2
84411,2
84412,2
84413,2
84414,1
84415,2
84416,2
84417,0
84418,0
84419,0
84420,0
84421,3
84422,1
84423,0
84424,0
84425,0
84426,0
84427,0
84428,0
84429,0
84430,0
84431,0
84432,0
84433,0
84434,0
84435,0
84436,0
84437,0
84438,0
84439,0
84440,0
84441,0
84442,2
84443,0
84444,0
84445,0
84446,0
84447,0
84448,0
84449,0
84450,0
84451,0
84452,0
84453,0
84454,0
84455,0
84456,0
84457,0
84458,0
84459,3
84460,2
84461,0
84462,2
84463,2
84464,2
84465,2
84466,0
84467,0
84468,0
84469,0
84470,0
84471,0
84472,0
84473,0
84474,2
84475,3
84476,2
84477,0
84478,0
84479,0
84480,0
84481,0
84482,0
84483,0
84484,0
84485,0
84486,0
84487,0
84488,0
84489,0
84490,0
84491,0
84492,0
84493,0
84494,0
84495,0
84496,0
84497,0
84498,0
84499,0
84500,0
84501,0
84502,0
84503,0
84504,3
84505,0
84506,0
84507,0
84508,0
84509,0
84510,0
84511,0
84512,0
84513,3
84514,2
84515,1
84516,2
84517,1
84518,2
84519,0
84520,3
84521,3
84522,2
84523,1
84524,2
84525,3
84526,2
84527,1
84528,3
84529,3
84530,1
84531,1
84532,3
84533,2
84534,3
84535,2
84536,2
84537,2
84538,3
84539,3
84540,3
84541,2
84542,2
84543,2
84544,2
84545,0
84546,2
84547,3
84548,0
84549,0
84550,0
84551,0
84552,0
84553,0
84554,0
84555,0
84556,0
84557,0
84558,0
84559,0
84560,0
84561,0
84562,0
84563,0
84564,0
84565,0
84566,0
84567,0
84568,0
84569,0
84570,0
84571,0
84572,0
84573,0
84574,0
84575,2
84576,2
84577,1
84578,2
84579,3
84580,0
84581,1
84582,3
84583,0
84584,0
84585,0
84586,3
84587,2
84588,0
84589,0
84590,0
84591,0
84592,0
84593,0
84594,0
84595,2
84596,2
84597,2
84598,2
84599,2
84600,0
84601,0
84602,0
84603,0
84604,0
84605,0
84606,0
84607,2
84608,3
84609,0
84610,0
84611,0
84612,2
84613,0
84614,0
84615,0
84616,0
84617,0
84618,0
84619,0
84620,0
84621,0
84622,3
84623,2
84624,2
84625,0
84626,0
84627,2
84628,3
84629,2
84630,1
84631,3
84632,3
84633,3
84634,1
84635,3
84636,1
84637,3
84638,1
84639,3
84640,3
84641,3
84642,1
84643,1
84644,1
84645,1
84646,3
84647,3
84648,3
84649,3
84650,3
84651,3
84652,1
84653,3
84654,1
84655,1
84656,1
84657,3
84658,1
84659,3
84660,3
84661,3
84662,3
84663,3
84664,2
84665,2
84666,3
84667,4
84668,2
84669,2
84670,2
84671,2
84672,2
84673,4
84674,0
84675,4
84676,0
84677,3
84678,1
84679,1
84680,1
84681,3
84682,1
84683,1
84684,4
84685,3
84686,3
84687,3
84688,3
84689,3
84690,3
84691,4
84692,2
84693,3
84694,2
84695,3
84696,3
84697,3
84698,3
84699,2
84700,2
84701,3
84702,2
84703,3
84704,3
84705,2
84706,3
84707,3
84708,2
84709,2
84710,2
84711,2
84712,2
84713,2
84714,2
84715,0
84716,0
84717,2
84718,3
84719,2
84720,3
84721,3
84722,3
84723,3
84724,3
84725,3
84726,2
84727,2
84728,1
84729,0
84730,0
84731,1
84732,3
84733,3
84734,1
84735,2
84736,3
84737,3
84738,1
84739,3
84740,3
84741,2
84742,3
84743,3
84744,3
84745,1
84746,3
84747,2
84748,3
84749,2
84750,2
84751,3
84752,1
84753,3
84754,3
84755,2
84756,3
84757,3
84758,2
84759,2
84760,2
84761,2
84762,3
84763,3
84764,2
84765,0
84766,3
84767,3
84768,1
84769,2
84770,2
84771,3
84772,3
84773,0
84774,0
84775,0
84776,3
84777,0
84778,0
84779,2
84780,2
84781,3
84782,2
84783,2
84784,3
84785,3
84786,3
84787,2
84788,3
84789,2
84790,2
84791,3
84792,2
84793,3
84794,2
84795,2
84796,2
84797,2
84798,2
84799,2
84800,2
84801,2
84802,2
84803,1
84804,2
84805,2
84806,3
84807,3
84808,2
84809,3
84810,2
84811,2
84812,1
84813,2
84814,3
84815,3
84816,3
84817,2
84818,2
84819,2
84820,2
84821,3
84822,0
84823,2
84824,0
84825,0
84826,2
84827,0
84828,2
84829,2
84830,2
84831,2
84832,2
84833,2
84834,2
84835,2
84836,2
84837,2
84838,2
84839,1
84840,2
84841,2
84842,2
84843,2
84844,2
84845,2
84846,2
84847,2
84848,2
84849,2
84850,2
84851,2
84852,2
84853,2
84854,2
84855,2
84856,2
84857,2
84858,2
84859,2
84860,3
84861,2
84862,3
84863,2
84864,2
84865,2
84866,2
84867,2
84868,2
84869,2
84870,2
84871,2
84872,2
84873,2
84874,3
84875,3
84876,0
84877,0
84878,2
84879,2
84880,1
84881,2
84882,2
84883,2
84884,1
84885,3
84886,2
84887,2
84888,3
84889,3
84890,1
84891,1
84892,2
84893,2
84894,2
84895,3
84896,2
84897,2
84898,1
84899,4
84900,1
84901,1
84902,1
84903,2
84904,3
84905,3
84906,2
84907,2
84908,2
84909,1
84910,3
84911,2
84912,1
84913,2
84914,2
84915,1
84916,1
84917,1
84918,1
84919,3
84920,2
84921,2
84922,2
84923,0
84924,2
84925,2
84926,2
84927,3
84928,2
84929,2
84930,2
84931,2
84932,2
84933,2
84934,2
84935,2
84936,2
84937,2
84938,2
84939,2
84940,2
84941,2
84942,0
84943,0
84944,0
84945,0
84946,2
84947,3
84948,2
84949,2
84950,3
84951,3
84952,2
84953,3
84954,2
84955,2
84956,2
84957,3
84958,0
84959,2
84960,3
84961,1
84962,2
84963,1
84964,2
84965,1
84966,2
84967,2
84968,3
84969,2
84970,3
84971,2
84972,2
84973,2
84974,2
84975,2
84976,3
84977,2
84978,2
84979,2
84980,2
84981,2
84982,2
84983,2
84984,2
84985,2
84986,2
84987,2
84988,2
84989,0
84990,2
84991,3
84992,2
84993,3
84994,3
84995,2
84996,2
84997,3
84998,2
84999,2
85000,2
85001,3
85002,2
85003,2
85004,2
85005,2
85006,2
85007,2
85008,2
85009,2
85010,3
85011,3
85012,2
85013,2
85014,2
85015,2
85016,2
85017,3
85018,3
85019,2
85020,1
85021,2
85022,2
85023,2
85024,2
85025,2
85026,2
85027,2
85028,2
85029,1
85030,2
85031,2
85032,3
85033,3
85034,3
85035,2
85036,3
85037,2
85038,2
85039,2
85040,2
85041,2
85042,2
85043,2
85044,2
85045,2
85046,2
85047,3
85048,2
85049,3
85050,2
85051,2
85052,3
85053,2
85054,2
85055,2
85056,2
85057,2
85058,2
85059,3
85060,2
85061,2
85062,2
85063,2
85064,0
85065,0
85066,0
85067,0
85068,3
85069,3
85070,2
85071,2
85072,2
85073,2
85074,2
85075,2
85076,2
85077,2
85078,0
85079,0
85080,0
85081,0
85082,0
85083,0
85084,3
85085,2
85086,2
85087,2
85088,2
85089,2
85090,2
85091,2
85092,2
85093,2
85094,3
85095,3
85096,3
85097,3
85098,3
85099,2
85100,2
85101,2
85102,0
85103,2
85104,2
85105,2
85106,2
85107,3
85108,2
85109,3
85110,3
85111,3
85112,2
85113,0
85114,0
85115,0
85116,0
85117,0
85118,0
85119,0
85120,0
85121,2
85122,0
85123,0
85124,0
85125,3
85126,2
85127,2
85128,2
85129,3
85130,1
85131,2
85132,0
85133,0
85134,3
85135,2
85136,1
85137,1
85138,2
85139,2
85140,2
85141,1
85142,2
85143,1
85144,3
85145,2
85146,0
85147,2
85148,1
85149,2
85150,1
85151,2
85152,2
85153,2
85154,2
85155,2
85156,2
85157,2
85158,2
85159,2
85160,2
85161,2
85162,2
85163,2
85164,3
85165,2
85166,2
85167,2
85168,2
85169,2
85170,2
85171,2
85172,2
85173,3
85174,2
85175,1
85176,2
85177,1
85178,3
85179,2
85180,2
85181,2
85182,2
85183,3
85184,3
85185,2
85186,2
85187,2
85188,2
85189,2
85190,2
85191,2
85192,1
85193,3
85194,3
85195,2
85196,3
85197,1
85198,1
85199,3
85200,1
85201,1
85202,2
85203,3
85204,3
85205,3
85206,3
85207,3
85208,3
85209,1
85210,2
85211,1
85212,3
85213,3
85214,2
85215,2
85216,2
85217,2
85218,2
85219,2
85220,1
85221,2
85222,3
85223,3
85224,3
85225,1
85226,3
85227,3
85228,1
85229,2
85230,3
85231,1
85232,1
85233,2
85234,1
85235,3
85236,3
85237,2
85238,2
85239,2
85240,2
85241,2
85242,1
85243,1
85244,0
85245,0
85246,2
85247,2
85248,2
85249,3
85250,3
85251,2
85252,2
85253,2
85254,2
85255,3
85256,2
85257,3
85258,3
85259,2
85260,2
85261,2
85262,2
85263,2
85264,1
85265,1
85266,3
85267,3
85268,3
85269,2
85270,2
85271,2
85272,2
85273,1
85274,2
85275,3
85276,3
85277,2
85278,2
85279,1
85280,2
85281,1
85282,2
85283,2
85284,2
85285,3
85286,2
85287,2
85288,2
85289,2
85290,2
85291,2
85292,2
85293,3
85294,3
85295,3
85296,2
85297,3
85298,2
85299,3
85300,3
85301,2
85302,3
85303,1
85304,1
85305,3
85306,2
85307,2
85308,2
85309,2
85310,2
85311,2
85312,2
85313,2
85314,2
85315,2
85316,1
85317,3
85318,2
85319,2
85320,3
85321,2
85322,2
85323,1
85324,1
85325,3
85326,2
85327,2
85328,2
85329,3
85330,2
85331,2
85332,2
85333,2
85334,3
85335,2
85336,2
85337,1
85338,3
85339,3
85340,3
85341,3
85342,3
85343,2
85344,2
85345,1
85346,1
85347,4
85348,1
85349,1
85350,4
85351,4
85352,4
85353,4
85354,4
85355,4
85356,1
85357,4
85358,1
85359,1
85360,4
85361,4
85362,4
85363,4
85364,4
85365,4
85366,4
85367,4
85368,4
85369,4
85370,4
85371,4
85372,4
85373,1
85374,1
85375,4
85376,4
85377,3
85378,1
85379,1
85380,1
85381,3
85382,0
85383,3
85384,1
85385,1
85386,1
85387,1
85388,1
85389,1
85390,1
85391,1
85392,1
85393,1
85394,1
85395,1
85396,2
85397,1
85398,1
85399,1
85400,1
85401,4
85402,4
85403,4
85404,1
85405,3
85406,1
85407,1
85408,1
85409,1
85410,1
85411,3
85412,0
85413,1
85414,1
85415,4
85416,1
85417,1
85418,4
85419,4
85420,1
85421,1
85422,1
85423,1
85424,4
85425,1
85426,4
85427,1
85428,4
85429,1
85430,1
85431,1
85432,4
85433,1
85434,4
85435,4
85436,4
85437,4
85438,4
85439,4
85440,4
85441,4
85442,4
85443,4
85444,4
85445,4
85446,4
85447,4
85448,1
85449,1
85450,1
85451,1
85452,1
85453,4
85454,4
85455,0
85456,4
85457,4
85458,0
85459,1
85460,1
85461,1
85462,1
85463,4
85464,4
85465,1
85466,1
85467,1
85468,1
85469,4
85470,4
85471,4
85472,4
85473,4
85474,4
85475,4
85476,4
85477,4
85478,1
85479,4
85480,4
85481,4
85482,1
85483,1
85484,1
85485,1
85486,4
85487,1
85488,4
85489,1
85490,1
85491,4
85492,1
85493,4
85494,4
85495,4
85496,4
85497,4
85498,4
85499,4
85500,4
85501,4
85502,4
85503,4
85504,1
85505,4
85506,4
85507,4
85508,4
85509,3
85510,3
85511,2
85512,0
85513,0
85514,1
85515,0
85516,3
85517,3
85518,2
85519,1
85520,2
85521,0
85522,3
85523,0
85524,0
85525,1
85526,2
85527,2
85528,1
85529,1
85530,1
85531,2
85532,4
85533,4
85534,4
85535,4
85536,1
85537,2
85538,3
85539,3
85540,0
85541,0
85542,2
85543,2
85544,0
85545,0
85546,0
85547,3
85548,1
85549,2
85550,1
85551,4
85552,2
85553,4
85554,1
85555,2
85556,0
85557,0
85558,2
85559,1
85560,3
85561,3
85562,2
85563,3
85564,1
85565,3
85566,1
85567,4
85568,3
85569,0
85570,1
85571,0
85572,3
85573,1
85574,4
85575,1
85576,0
85577,0
85578,0
85579,2
85580,2
85581,0
85582,0
85583,1
85584,1
85585,1
85586,0
85587,0
85588,1
85589,1
85590,1
85591,1
85592,1
85593,1
85594,2
85595,1
85596,0
85597,1
85598,1
85599,1
85600,0
85601,0
85602,2
85603,1
85604,4
85605,4
85606,1
85607,1
85608,0
85609,1
85610,1
85611,0
85612,1
85613,2
85614,4
85615,1
85616,4
85617,4
85618,2
85619,3
85620,1
85621,4
85622,2
85623,4
85624,4
85625,1
85626,4
85627,4
85628,4
85629,0
85630,4
85631,1
85632,4
85633,1
85634,2
85635,1
85636,2
85637,1
85638,4
85639,0
85640,4
85641,4
85642,1
85643,1
85644,0
85645,1
85646,1
85647,3
85648,1
85649,1
85650,3
85651,4
85652,4
85653,0
85654,4
85655,4
85656,4
85657,4
85658,4
85659,1
85660,1
85661,1
85662,1
85663,4
85664,1
85665,4
85666,4
85667,1
85668,3
85669,0
85670,2
85671,4
85672,0
85673,4
85674,4
85675,1
85676,1
85677,4
85678,4
85679,1
85680,3
85681,1
85682,4
85683,1
85684,0
85685,3
85686,4
85687,4
85688,4
85689,4
85690,4
85691,1
85692,1
85693,1
85694,3
85695,1
85696,1
85697,0
85698,2
85699,1
85700,4
85701,2
85702,1
85703,1
85704,1
85705,1
85706,1
85707,1
85708,1
85709,1
85710,1
85711,1
85712,1
85713,1
85714,4
85715,1
85716,1
85717,1
85718,1
85719,1
85720,1
85721,4
85722,1
85723,1
85724,1
85725,1
85726,4
85727,4
85728,1
85729,1
85730,1
85731,1
85732,4
85733,1
85734,1
85735,4
85736,4
85737,4
85738,4
85739,1
85740,1
85741,4
85742,4
85743,4
85744,4
85745,4
85746,4
85747,1
85748,1
85749,4
85750,4
85751,4
85752,1
85753,1
85754,1
85755,1
85756,1
85757,1
85758,4
85759,4
85760,1
85761,1
85762,1
85763,1
85764,1
85765,1
85766,1
85767,1
85768,1
85769,1
85770,1
85771,1
85772,1
85773,4
85774,4
85775,2
85776,2
85777,2
85778,2
85779,2
85780,2
85781,3
85782,2
85783,2
85784,3
85785,3
85786,3
85787,3
85788,3
85789,3
85790,3
85791,2
85792,3
85793,3
85794,3
85795,2
85796,3
85797,3
85798,2
85799,0
85800,3
85801,2
85802,3
85803,2
85804,2
85805,2
85806,2
85807,2
85808,2
85809,2
85810,2
85811,2
85812,2
85813,2
85814,2
85815,2
85816,2
85817,2
85818,2
85819,2
85820,2
85821,3
85822,2
85823,2
85824,2
85825,2
85826,2
85827,2
85828,2
85829,2
85830,2
85831,2
85832,0
85833,3
85834,2
85835,2
85836,3
85837,2
85838,2
85839,2
85840,2
85841,2
85842,3
85843,2
85844,3
85845,2
85846,2
85847,2
85848,2
85849,2
85850,2
85851,2
85852,2
85853,2
85854,2
85855,2
85856,2
85857,2
85858,2
85859,3
85860,2
85861,2
85862,2
85863,2
85864,2
85865,2
85866,2
85867,2
85868,2
85869,2
85870,2
85871,2
85872,2
85873,2
85874,2
85875,2
85876,2
85877,2
85878,2
85879,2
85880,2
85881,2
85882,2
85883,2
85884,3
85885,2
85886,2
85887,2
85888,3
85889,2
85890,3
85891,2
85892,2
85893,0
85894,2
85895,2
85896,2
85897,2
85898,3
85899,0
85900,2
85901,2
85902,2
85903,2
85904,2
85905,1
85906,2
85907,2
85908,2
85909,2
85910,2
85911,3
85912,2
85913,2
85914,3
85915,3
85916,2
85917,2
85918,3
85919,3
85920,3
85921,2
85922,2
85923,2
85924,3
85925,3
85926,3
85927,2
85928,3
85929,3
85930,2
85931,2
85932,2
85933,2
85934,3
85935,2
85936,2
85937,3
85938,2
85939,2
85940,2
85941,2
85942,2
85943,2
85944,2
85945,2
85946,2
85947,2
85948,2
85949,2
85950,2
85951,2
85952,2
85953,2
85954,0
85955,2
85956,2
85957,2
85958,2
85959,2
85960,2
85961,2
85962,2
85963,2
85964,3
85965,3
85966,2
85967,0
85968,0
85969,0
85970,0
85971,0
85972,2
85973,2
85974,2
85975,2
85976,2
85977,2
85978,2
85979,2
85980,2
85981,2
85982,2
85983,2
85984,2
85985,2
85986,2
85987,2
85988,3
85989,2
85990,3
85991,2
85992,3
85993,2
85994,2
85995,2
85996,2
85997,2
85998,2
85999,3
86000,2
86001,2
86002,2
86003,2
86004,2
86005,2
86006,3
86007,2
86008,2
86009,3
86010,3
86011,3
86012,2
86013,3
86014,2
86015,3
86016,3
86017,3
86018,0
86019,2
86020,2
86021,3
86022,3
86023,2
86024,2
86025,3
86026,3
86027,2
86028,3
86029,2
86030,3
86031,3
86032,3
86033,2
86034,3
86035,2
86036,3
86037,3
86038,3
86039,3
86040,3
86041,3
86042,2
86043,3
86044,2
86045,3
86046,0
86047,2
86048,2
86049,2
86050,3
86051,2
86052,3
86053,2
86054,3
86055,2
86056,2
86057,2
86058,2
86059,2
86060,2
86061,3
86062,2
86063,2
86064,2
86065,2
86066,3
86067,3
86068,3
86069,2
86070,3
86071,3
86072,2
86073,2
86074,3
86075,3
86076,3
86077,2
86078,2
86079,3
86080,2
86081,3
86082,3
86083,3
86084,3
86085,2
86086,2
86087,3
86088,3
86089,2
86090,3
86091,3
86092,3
86093,3
86094,2
86095,2
86096,2
86097,2
86098,2
86099,3
86100,3
86101,3
86102,2
86103,3
86104,2
86105,2
86106,3
86107,2
86108,2
86109,0
86110,0
86111,2
86112,3
86113,3
86114,3
86115,2
86116,3
86117,2
86118,2
86119,3
86120,2
86121,2
86122,3
86123,0
86124,2
86125,2
86126,3
86127,2
86128,2
86129,3
86130,2
86131,2
86132,2
86133,2
86134,2
86135,2
86136,2
86137,2
86138,3
86139,2
86140,2
86141,2
86142,2
86143,2
86144,2
86145,2
86146,2
86147,2
86148,3
86149,2
86150,2
86151,2
86152,2
86153,2
86154,3
86155,3
86156,2
86157,2
86158,2
86159,2
86160,2
86161,2
86162,3
86163,3
86164,3
86165,2
86166,3
86167,3
86168,2
86169,2
86170,2
86171,2
86172,2
86173,2
86174,2
86175,3
86176,2
86177,2
86178,2
86179,3
86180,3
86181,3
86182,3
86183,2
86184,2
86185,2
86186,2
86187,2
86188,2
86189,3
86190,3
86191,3
86192,3
86193,3
86194,3
86195,2
86196,3
86197,3
86198,3
86199,2
86200,2
86201,3
86202,2
86203,2
86204,2
86205,2
86206,2
86207,2
86208,2
86209,2
86210,3
86211,3
86212,3
86213,3
86214,3
86215,3
86216,3
86217,2
86218,3
86219,2
86220,3
86221,2
86222,3
86223,3
86224,3
86225,2
86226,3
86227,2
86228,2
86229,2
86230,2
86231,2
86232,2
86233,3
86234,2
86235,3
86236,3
86237,2
86238,3
86239,1
86240,2
86241,2
86242,3
86243,3
86244,3
86245,2
86246,3
86247,2
86248,3
86249,3
86250,3
86251,3
86252,3
86253,3
86254,2
86255,3
86256,2
86257,3
86258,0
86259,3
86260,2
86261,2
86262,2
86263,2
86264,3
86265,3
86266,3
86267,3
86268,2
86269,2
86270,2
86271,2
86272,2
86273,2
86274,2
86275,2
86276,2
86277,3
86278,2
86279,2
86280,2
86281,2
86282,2
86283,2
86284,3
86285,2
86286,2
86287,3
86288,2
86289,3
86290,2
86291,2
86292,2
86293,2
86294,3
86295,2
86296,2
86297,3
86298,2
86299,3
86300,2
86301,3
86302,3
86303,3
86304,2
86305,3
86306,3
86307,3
86308,2
86309,2
86310,2
86311,3
86312,3
86313,2
86314,2
86315,2
86316,3
86317,2
86318,2
86319,3
86320,2
86321,2
86322,2
86323,2
86324,2
86325,3
86326,2
86327,0
86328,3
86329,2
86330,2
86331,2
86332,2
86333,2
86334,3
86335,2
86336,3
86337,3
86338,2
86339,2
86340,2
86341,2
86342,3
86343,2
86344,2
86345,2
86346,2
86347,2
86348,2
86349,2
86350,2
86351,2
86352,3
86353,2
86354,2
86355,2
86356,2
86357,2
86358,2
86359,2
86360,2
86361,2
86362,2
86363,2
86364,3
86365,3
86366,3
86367,2
86368,3
86369,3
86370,2
86371,3
86372,3
86373,2
86374,3
86375,3
86376,3
86377,2
86378,2
86379,2
86380,2
86381,2
86382,2
86383,2
86384,2
86385,2
86386,2
86387,2
86388,2
86389,2
86390,2
86391,2
86392,2
86393,3
86394,2
86395,2
86396,2
86397,2
86398,2
86399,2
86400,2
86401,2
86402,2
86403,2
86404,2
86405,2
86406,3
86407,2
86408,2
86409,2
86410,2
86411,3
86412,2
86413,3
86414,2
86415,2
86416,3
86417,2
86418,2
86419,3
86420,2
86421,2
86422,3
86423,3
86424,3
86425,2
86426,2
86427,3
86428,2
86429,2
86430,2
86431,2
86432,2
86433,3
86434,2
86435,2
86436,2
86437,3
86438,2
86439,2
86440,3
86441,2
86442,2
86443,2
86444,2
86445,2
86446,2
86447,2
86448,2
86449,2
86450,2
86451,2
86452,3
86453,3
86454,2
86455,2
86456,2
86457,2
86458,0
86459,2
86460,2
86461,2
86462,2
86463,2
86464,2
86465,2
86466,2
86467,2
86468,0
86469,2
86470,2
86471,2
86472,2
86473,2
86474,3
86475,2
86476,3
86477,0
86478,2
86479,2
86480,2
86481,0
86482,3
86483,2
86484,2
86485,2
86486,2
86487,3
86488,2
86489,2
86490,0
86491,2
86492,0
86493,3
86494,2
86495,2
86496,2
86497,2
86498,2
86499,2
86500,2
86501,2
86502,2
86503,2
86504,2
86505,2
86506,2
86507,2
86508,2
86509,2
86510,0
86511,3
86512,2
86513,2
86514,2
86515,2
86516,2
86517,2
86518,0
86519,2
86520,2
86521,2
86522,2
86523,2
86524,0
86525,0
86526,0
86527,0
86528,0
86529,0
86530,2
86531,2
86532,2
86533,2
86534,3
86535,3
86536,2
86537,3
86538,2
86539,2
86540,2
86541,2
86542,2
86543,2
86544,3
86545,2
86546,2
86547,2
86548,3
86549,2
86550,2
86551,2
86552,2
86553,2
86554,2
86555,3
86556,2
86557,2
86558,2
86559,3
86560,2
86561,2
86562,0
86563,2
86564,2
86565,2
86566,2
86567,2
86568,2
86569,2
86570,2
86571,2
86572,2
86573,2
86574,2
86575,2
86576,2
86577,2
86578,2
86579,2
86580,2
86581,2
86582,3
86583,3
86584,3
86585,3
86586,2
86587,2
86588,3
86589,3
86590,3
86591,0
86592,3
86593,2
86594,2
86595,3
86596,2
86597,3
86598,2
86599,3
86600,2
86601,2
86602,3
86603,2
86604,2
86605,0
86606,2
86607,2
86608,1
86609,2
86610,2
86611,2
86612,3
86613,2
86614,2
86615,2
86616,2
86617,2
86618,2
86619,2
86620,0
86621,0
86622,2
86623,2
86624,2
86625,2
86626,2
86627,2
86628,2
86629,2
86630,2
86631,2
86632,2
86633,2
86634,2
86635,2
86636,2
86637,1
86638,2
86639,2
86640,2
86641,2
86642,2
86643,3
86644,3
86645,3
86646,2
86647,2
86648,2
86649,2
86650,3
86651,2
86652,2
86653,2
86654,2
86655,2
86656,2
86657,2
86658,2
86659,2
86660,2
86661,2
86662,2
86663,2
86664,2
86665,3
86666,2
86667,2
86668,3
86669,2
86670,2
86671,2
86672,3
86673,3
86674,2
86675,2
86676,2
86677,2
86678,2
86679,2
86680,2
86681,2
86682,2
86683,2
86684,2
86685,2
86686,2
86687,2
86688,2
86689,2
86690,4
86691,2
86692,2
86693,3
86694,2
86695,2
86696,2
86697,2
86698,2
86699,2
86700,2
86701,2
86702,2
86703,2
86704,2
86705,2
86706,2
86707,2
86708,2
86709,2
86710,2
86711,2
86712,2
86713,3
86714,3
86715,2
86716,2
86717,2
86718,2
86719,2
86720,2
86721,2
86722,2
86723,2
86724,2
86725,2
86726,2
86727,2
86728,2
86729,3
86730,2
86731,2
86732,2
86733,2
86734,2
86735,2
86736,2
86737,2
86738,2
86739,2
86740,2
86741,2
86742,2
86743,2
86744,2
86745,2
86746,2
86747,2
86748,2
86749,2
86750,2
86751,2
86752,2
86753,2
86754,2
86755,3
86756,1
86757,2
86758,2
86759,2
86760,2
86761,2
86762,2
86763,2
86764,0
86765,2
86766,4
86767,2
86768,2
86769,2
86770,2
86771,2
86772,2
86773,2
86774,2
86775,2
86776,2
86777,4
86778,2
86779,3
86780,2
86781,2
86782,2
86783,2
86784,2
86785,2
86786,3
86787,2
86788,2
86789,2
86790,3
86791,3
86792,3
86793,3
86794,3
86795,2
86796,2
86797,3
86798,2
86799,2
86800,3
86801,3
86802,2
86803,3
86804,3
86805,3
86806,3
86807,3
86808,3
86809,3
86810,2
86811,3
86812,3
86813,3
86814,2
86815,2
86816,1
86817,3
86818,2
86819,2
86820,2
86821,2
86822,2
86823,2
86824,2
86825,2
86826,2
86827,2
86828,2
86829,2
86830,2
86831,2
86832,2
86833,2
86834,2
86835,2
86836,2
86837,2
86838,2
86839,2
86840,2
86841,2
86842,2
86843,2
86844,3
86845,2
86846,2
86847,2
86848,2
86849,2
86850,3
86851,0
86852,2
86853,2
86854,2
86855,2
86856,2
86857,2
86858,2
86859,2
86860,2
86861,2
86862,2
86863,3
86864,2
86865,3
86866,3
86867,2
86868,3
86869,3
86870,3
86871,2
86872,0
86873,0
86874,3
86875,2
86876,3
86877,2
86878,0
86879,0
86880,2
86881,2
86882,2
86883,2
86884,2
86885,2
86886,2
86887,2
86888,3
86889,2
86890,2
86891,2
86892,2
86893,2
86894,2
86895,2
86896,2
86897,2
86898,2
86899,2
86900,2
86901,2
86902,2
86903,2
86904,2
86905,2
86906,2
86907,2
86908,2
86909,3
86910,2
86911,3
86912,2
86913,2
86914,2
86915,2
86916,2
86917,3
86918,2
86919,2
86920,3
86921,1
86922,3
86923,2
86924,2
86925,3
86926,3
86927,3
86928,2
86929,3
86930,3
86931,2
86932,2
86933,0
86934,3
86935,0
86936,3
86937,3
86938,3
86939,3
86940,3
86941,3
86942,3
86943,3
86944,2
86945,3
86946,3
86947,2
86948,3
86949,2
86950,2
86951,2
86952,2
86953,2
86954,2
86955,2
86956,2
86957,2
86958,2
86959,2
86960,2
86961,2
86962,2
86963,2
86964,2
86965,2
86966,2
86967,3
86968,3
86969,3
86970,2
86971,2
86972,2
86973,2
86974,2
86975,2
86976,0
86977,2
86978,2
86979,2
86980,2
86981,2
86982,2
86983,2
86984,2
86985,2
86986,2
86987,2
86988,3
86989,3
86990,3
86991,1
86992,3
86993,3
86994,3
86995,3
86996,3
86997,3
86998,3
86999,3
87000,3
87001,3
87002,3
87003,3
87004,3
87005,2
87006,2
87007,2
87008,2
87009,2
87010,2
87011,2
87012,2
87013,2
87014,3
87015,2
87016,2
87017,2
87018,2
87019,3
87020,3
87021,3
87022,2
87023,0
87024,2
87025,2
87026,2
87027,2
87028,2
87029,1
87030,3
87031,2
87032,2
87033,2
87034,2
87035,2
87036,3
87037,3
87038,3
87039,2
87040,3
87041,3
87042,3
87043,2
87044,2
87045,3
87046,3
87047,3
87048,3
87049,2
87050,3
87051,2
87052,3
87053,3
87054,3
87055,3
87056,3
87057,3
87058,3
87059,3
87060,3
87061,3
87062,3
87063,3
87064,3
87065,3
87066,3
87067,2
87068,3
87069,3
87070,3
87071,2
87072,2
87073,2
87074,2
87075,2
87076,2
87077,2
87078,2
87079,2
87080,3
87081,0
87082,2
87083,3
87084,3
87085,3
87086,3
87087,2
87088,2
87089,2
87090,2
87091,2
87092,2
87093,2
87094,2
87095,2
87096,3
87097,3
87098,2
87099,3
87100,2
87101,3
87102,3
87103,2
87104,2
87105,2
87106,2
87107,2
87108,0
87109,0
87110,2
87111,2
87112,2
87113,2
87114,2
87115,0
87116,2
87117,0
87118,3
87119,2
87120,2
87121,2
87122,2
87123,3
87124,3
87125,3
87126,2
87127,3
87128,3
87129,3
87130,3
87131,2
87132,2
87133,2
87134,2
87135,2
87136,2
87137,3
87138,2
87139,2
87140,2
87141,2
87142,3
87143,2
87144,2
87145,2
87146,3
87147,2
87148,2
87149,2
87150,2
87151,2
87152,2
87153,2
87154,2
87155,2
87156,2
87157,2
87158,2
87159,2
87160,2
87161,2
87162,2
87163,2
87164,2
87165,2
87166,2
87167,2
87168,2
87169,2
87170,2
87171,3
87172,2
87173,2
87174,2
87175,2
87176,2
87177,2
87178,2
87179,2
87180,2
87181,2
87182,3
87183,3
87184,2
87185,3
87186,2
87187,2
87188,3
87189,2
87190,3
87191,3
87192,3
87193,3
87194,2
87195,3
87196,3
87197,2
87198,3
87199,2
87200,2
87201,2
87202,3
87203,2
87204,3
87205,2
87206,3
87207,2
87208,2
87209,2
87210,2
87211,3
87212,2
87213,3
87214,3
87215,3
87216,3
87217,3
87218,2
87219,2
87220,2
87221,2
87222,2
87223,2
87224,3
87225,3
87226,2
87227,2
87228,2
87229,2
87230,2
87231,2
87232,3
87233,0
87234,2
87235,2
87236,2
87237,3
87238,2
87239,2
87240,2
87241,2
87242,2
87243,2
87244,2
87245,2
87246,3
87247,2
87248,2
87249,2
87250,2
87251,2
87252,2
87253,2
87254,2
87255,2
87256,2
87257,2
87258,2
87259,2
87260,2
87261,2
87262,2
87263,2
87264,2
87265,3
87266,2
87267,2
87268,2
87269,2
87270,3
87271,2
87272,2
87273,2
87274,2
87275,2
87276,2
87277,2
87278,2
87279,2
87280,3
87281,2
87282,2
87283,2
87284,2
87285,2
87286,2
87287,2
87288,2
87289,2
87290,2
87291,2
87292,2
87293,2
87294,2
87295,2
87296,2
87297,2
87298,2
87299,4
87300,2
87301,2
87302,2
87303,3
87304,2
87305,3
87306,2
87307,2
87308,2
87309,2
87310,2
87311,2
87312,2
87313,3
87314,2
87315,2
87316,2
87317,2
87318,2
87319,2
87320,2
87321,2
87322,3
87323,3
87324,2
87325,2
87326,2
87327,2
87328,2
87329,2
87330,2
87331,2
87332,2
87333,2
87334,2
87335,2
87336,2
87337,2
87338,2
87339,2
87340,3
87341,2
87342,3
87343,2
87344,2
87345,2
87346,2
87347,2
87348,2
87349,2
87350,2
87351,2
87352,2
87353,2
87354,2
87355,2
87356,2
87357,2
87358,2
87359,2
87360,3
87361,3
87362,2
87363,2
87364,2
87365,2
87366,3
87367,2
87368,2
87369,2
87370,2
87371,2
87372,2
87373,3
87374,2
87375,3
87376,2
87377,2
87378,3
87379,3
87380,0
87381,2
87382,3
87383,2
87384,2
87385,2
87386,2
87387,2
87388,2
87389,3
87390,2
87391,2
87392,2
87393,2
87394,2
87395,2
87396,3
87397,3
87398,2
87399,2
87400,2
87401,2
87402,2
87403,2
87404,2
87405,3
87406,2
87407,2
87408,2
87409,2
87410,3
87411,2
87412,2
87413,2
87414,2
87415,3
87416,3
87417,2
87418,2
87419,0
87420,2
87421,0
87422,3
87423,2
87424,2
87425,2
87426,2
87427,2
87428,3
87429,2
87430,3
87431,3
87432,3
87433,3
87434,3
87435,2
87436,3
87437,3
87438,2
87439,2
87440,3
87441,2
87442,2
87443,3
87444,2
87445,3
87446,0
87447,2
87448,0
87449,0
87450,2
87451,3
87452,2
87453,3
87454,1
87455,1
87456,1
87457,1
87458,1
87459,1
87460,1
87461,1
87462,1
87463,1
87464,1
87465,2
87466,1
87467,3
87468,3
87469,1
87470,1
87471,1
87472,1
87473,1
87474,4
87475,1
87476,2
87477,1
87478,2
87479,3
87480,1
87481,1
87482,1
87483,1
87484,1
87485,1
87486,3
87487,1
87488,3
87489,2
87490,1
87491,2
87492,3
87493,2
87494,1
87495,2
87496,3
87497,3
87498,3
87499,1
87500,1
87501,1
87502,2
87503,2
87504,2
87505,2
87506,2
87507,2
87508,2
87509,2
87510,2
87511,2
87512,2
87513,1
87514,2
87515,2
87516,2
87517,1
87518,1
87519,2
87520,0
87521,1
87522,3
87523,3
87524,1
87525,1
87526,0
87527,2
87528,1
87529,0
87530,1
87531,2
87532,1
87533,1
87534,1
87535,1
87536,1
87537,1
87538,1
87539,1
87540,1
87541,1
87542,2
87543,2
87544,1
87545,1
87546,1
87547,1
87548,1
87549,2
87550,1
87551,2
87552,2
87553,2
87554,2
87555,2
87556,2
87557,2
87558,4
87559,2
87560,3
87561,2
87562,3
87563,2
87564,2
87565,2
87566,2
87567,2
87568,3
87569,2
87570,2
87571,1
87572,1
87573,1
87574,1
87575,0
87576,1
87577,1
87578,1
87579,3
87580,2
87581,1
87582,1
87583,2
87584,1
87585,2
87586,1
87587,0
87588,1
87589,0
87590,2
87591,1
87592,1
87593,1
87594,1
87595,1
87596,1
87597,2
87598,1
87599,3
87600,1
87601,3
87602,1
87603,1
87604,2
87605,2
87606,3
87607,1
87608,0
87609,2
87610,3
87611,2
87612,3
87613,3
87614,3
87615,3
87616,3
87617,3
87618,1
87619,1
87620,1
87621,1
87622,1
87623,1
87624,1
87625,1
87626,1
87627,1
87628,2
87629,2
87630,1
87631,2
87632,1
87633,1
87634,2
87635,2
87636,2
87637,2
87638,2
87639,2
87640,2
87641,1
87642,2
87643,3
87644,2
87645,2
87646,2
87647,2
87648,2
87649,2
87650,2
87651,2
87652,2
87653,3
87654,2
87655,2
87656,1
87657,1
87658,1
87659,1
87660,1
87661,1
87662,1
87663,0
87664,1
87665,1
87666,1
87667,1
87668,1
87669,3
87670,3
87671,2
87672,2
87673,1
87674,1
87675,1
87676,1
87677,1
87678,1
87679,1
87680,1
87681,1
87682,2
87683,1
87684,1
87685,1
87686,1
87687,0
87688,3
87689,1
87690,1
87691,1
87692,3
87693,1
87694,1
87695,3
87696,3
87697,1
87698,1
87699,1
87700,1
87701,2
87702,1
87703,1
87704,2
87705,1
87706,1
87707,1
87708,1
87709,1
87710,2
87711,1
87712,2
87713,2
87714,1
87715,2
87716,0
87717,0
87718,3
87719,3
87720,1
87721,1
87722,1
87723,2
87724,1
87725,1
87726,1
87727,1
87728,1
87729,1
87730,1
87731,3
87732,1
87733,1
87734,3
87735,2
87736,1
87737,1
87738,1
87739,1
87740,3
87741,1
87742,1
87743,2
87744,1
87745,1
87746,1
87747,1
87748,1
87749,1
87750,1
87751,1
87752,1
87753,1
87754,1
87755,1
87756,1
87757,1
87758,1
87759,2
87760,2
87761,2
87762,2
87763,2
87764,2
87765,2
87766,2
87767,2
87768,2
87769,2
87770,2
87771,2
87772,2
87773,2
87774,2
87775,2
87776,2
87777,2
87778,1
87779,2
87780,2
87781,2
87782,2
87783,2
87784,2
87785,2
87786,2
87787,2
87788,2
87789,2
87790,2
87791,2
87792,2
87793,2
87794,2
87795,2
87796,2
87797,2
87798,2
87799,2
87800,2
87801,2
87802,2
87803,2
87804,2
87805,2
87806,3
87807,1
87808,3
87809,2
87810,2
87811,2
87812,2
87813,2
87814,2
87815,0
87816,0
87817,2
87818,2
87819,0
87820,1
87821,0
87822,0
87823,0
87824,0
87825,1
87826,1
87827,2
87828,3
87829,2
87830,2
87831,2
87832,2
87833,1
87834,1
87835,0
87836,1
87837,1
87838,2
87839,1
87840,1
87841,1
87842,1
87843,1
87844,1
87845,1
87846,1
87847,1
87848,1
87849,1
87850,1
87851,1
87852,1
87853,1
87854,1
87855,1
87856,1
87857,1
87858,1
87859,1
87860,2
87861,2
87862,1
87863,2
87864,1
87865,1
87866,2
87867,2
87868,1
87869,1
87870,1
87871,1
87872,1
87873,3
87874,2
87875,3
87876,3
87877,2
87878,1
87879,1
87880,2
87881,2
87882,2
87883,1
87884,2
87885,2
87886,1
87887,2
87888,2
87889,2
87890,1
87891,1
87892,0
87893,1
87894,1
87895,1
87896,1
87897,1
87898,1
87899,1
87900,1
87901,1
87902,1
87903,1
87904,1
87905,3
87906,2
87907,2
87908,3
87909,3
87910,2
87911,3
87912,2
87913,1
87914,2
87915,1
87916,1
87917,1
87918,1
87919,2
87920,2
87921,1
87922,2
87923,3
87924,1
87925,1
87926,2
87927,3
87928,1
87929,1
87930,2
87931,2
87932,1
87933,2
87934,2
87935,2
87936,2
87937,2
87938,2
87939,1
87940,2
87941,2
87942,2
87943,1
87944,2
87945,1
87946,2
87947,1
87948,2
87949,1
87950,2
87951,1
87952,1
87953,2
87954,3
87955,1
87956,3
87957,2
87958,2
87959,1
87960,1
87961,2
87962,1
87963,1
87964,1
87965,1
87966,2
87967,1
87968,3
87969,3
87970,2
87971,2
87972,1
87973,1
87974,2
87975,1
87976,1
87977,1
87978,1
87979,2
87980,1
87981,1
87982,1
87983,1
87984,2
87985,2
87986,2
87987,1
87988,2
87989,2
87990,1
87991,1
87992,1
87993,1
87994,1
87995,1
87996,3
87997,1
87998,1
87999,1
88000,1
88001,1
88002,1
88003,1
88004,2
88005,1
88006,1
88007,1
88008,1
88009,2
88010,2
88011,2
88012,1
88013,2
88014,1
88015,1
88016,1
88017,1
88018,1
88019,3
88020,1
88021,1
88022,1
88023,1
88024,1
88025,2
88026,1
88027,1
88028,1
88029,2
88030,1
88031,3
88032,2
88033,3
88034,2
88035,2
88036,2
88037,2
88038,4
88039,2
88040,0
88041,0
88042,0
88043,0
88044,3
88045,0
88046,1
88047,1
88048,2
88049,2
88050,1
88051,1
88052,2
88053,2
88054,3
88055,3
88056,2
88057,2
88058,3
88059,1
88060,2
88061,1
88062,1
88063,1
88064,1
88065,1
88066,1
88067,1
88068,1
88069,1
88070,1
88071,1
88072,1
88073,1
88074,1
88075,1
88076,1
88077,2
88078,2
88079,1
88080,2
88081,1
88082,0
88083,0
88084,1
88085,0
88086,2
88087,2
88088,2
88089,1
88090,1
88091,1
88092,1
88093,2
88094,2
88095,2
88096,3
88097,3
88098,2
88099,2
88100,1
88101,3
88102,0
88103,0
88104,0
88105,1
88106,1
88107,0
88108,0
88109,0
88110,0
88111,1
88112,1
88113,2
88114,1
88115,1
88116,3
88117,0
88118,0
88119,2
88120,1
88121,1
88122,1
88123,1
88124,2
88125,1
88126,2
88127,1
88128,1
88129,0
88130,0
88131,1
88132,2
88133,1
88134,2
88135,3
88136,1
88137,1
88138,1
88139,1
88140,1
88141,1
88142,1
88143,0
88144,1
88145,1
88146,1
88147,1
88148,1
88149,1
88150,2
88151,2
88152,2
88153,2
88154,1
88155,1
88156,0
88157,0
88158,0
88159,1
88160,1
88161,1
88162,1
88163,1
88164,1
88165,1
88166,1
88167,1
88168,3
88169,1
88170,2
88171,1
88172,2
88173,2
88174,2
88175,2
88176,2
88177,1
88178,1
88179,1
88180,1
88181,1
88182,1
88183,3
88184,3
88185,2
88186,2
88187,2
88188,1
88189,1
88190,2
88191,3
88192,3
88193,3
88194,3
88195,3
88196,0
88197,2
88198,3
88199,2
88200,2
88201,2
88202,2
88203,2
88204,3
88205,0
88206,2
88207,3
88208,2
88209,2
88210,1
88211,3
88212,2
88213,0
88214,1
88215,1
88216,1
88217,0
88218,1
88219,0
88220,2
88221,1
88222,2
88223,2
88224,0
88225,0
88226,0
88227,0
88228,1
88229,2
88230,3
88231,1
88232,1
88233,3
88234,2
88235,3
88236,2
88237,2
88238,2
88239,2
88240,1
88241,3
88242,1
88243,3
88244,1
88245,2
88246,3
88247,1
88248,2
88249,3
88250,2
88251,2
88252,0
88253,0
88254,3
88255,0
88256,0
88257,2
88258,1
88259,2
88260,0
88261,0
88262,2
88263,2
88264,2
88265,2
88266,0
88267,2
88268,1
88269,2
88270,0
88271,0
88272,1
88273,0
88274,0
88275,0
88276,2
88277,2
88278,2
88279,0
88280,3
88281,0
88282,2
88283,2
88284,3
88285,2
88286,0
88287,0
88288,0
88289,0
88290,0
88291,1
88292,3
88293,2
88294,0
88295,0
88296,0
88297,0
88298,0
88299,0
88300,0
88301,0
88302,0
88303,0
88304,0
88305,0
88306,0
88307,0
88308,0
88309,0
88310,0
88311,0
88312,0
88313,0
88314,0
88315,0
88316,3
88317,1
88318,2
88319,0
88320,2
88321,2
88322,0
88323,3
88324,2
88325,3
88326,0
88327,0
88328,0
88329,3
88330,2
88331,3
88332,1
88333,0
88334,2
88335,2
88336,2
88337,0
88338,3
88339,2
88340,3
88341,2
88342,2
88343,2
88344,2
88345,0
88346,3
88347,2
88348,1
88349,2
88350,2
88351,2
88352,2
88353,2
88354,0
88355,1
88356,3
88357,2
88358,1
88359,1
88360,1
88361,1
88362,2
88363,2
88364,2
88365,1
88366,2
88367,2
88368,2
88369,0
88370,0
88371,0
88372,0
88373,2
88374,2
88375,0
88376,0
88377,0
88378,1
88379,0
88380,0
88381,0
88382,2
88383,0
88384,0
88385,1
88386,1
88387,0
88388,0
88389,2
88390,3
88391,2
88392,2
88393,2
88394,2
88395,2
88396,2
88397,2
88398,0
88399,2
88400,2
88401,0
88402,1
88403,0
88404,0
88405,2
88406,1
88407,2
88408,1
88409,0
88410,0
88411,2
88412,1
88413,2
88414,0
88415,2
88416,2
88417,1
88418,0
88419,0
88420,3
88421,0
88422,0
88423,0
88424,1
88425,3
88426,0
88427,0
88428,2
88429,2
88430,2
88431,1
88432,2
88433,1
88434,2
88435,2
88436,2
88437,2
88438,2
88439,1
88440,2
88441,0
88442,0
88443,0
88444,0
88445,0
88446,0
88447,0
88448,1
88449,0
88450,1
88451,1
88452,2
88453,2
88454,2
88455,1
88456,2
88457,1
88458,2
88459,3
88460,0
88461,0
88462,0
88463,3
88464,2
88465,2
88466,1
88467,0
88468,0
88469,0
88470,0
88471,3
88472,3
88473,0
88474,0
88475,0
88476,2
88477,0
88478,0
88479,0
88480,0
88481,0
88482,0
88483,0
88484,2
88485,3
88486,0
88487,3
88488,2
88489,2
88490,0
88491,2
88492,1
88493,0
88494,0
88495,0
88496,0
88497,0
88498,0
88499,2
88500,2
88501,2
88502,2
88503,2
88504,3
88505,2
88506,0
88507,0
88508,0
88509,0
88510,2
88511,2
88512,2
88513,0
88514,0
88515,0
88516,0
88517,0
88518,0
88519,0
88520,2
88521,3
88522,0
88523,0
88524,1
88525,1
88526,1
88527,1
88528,3
88529,1
88530,1
88531,3
88532,0
88533,1
88534,2
88535,3
88536,3
88537,0
88538,0
88539,0
88540,0
88541,0
88542,0
88543,0
88544,0
88545,0
88546,0
88547,0
88548,1
88549,3
88550,3
88551,0
88552,0
88553,0
88554,0
88555,3
88556,2
88557,2
88558,2
88559,1
88560,2
88561,2
88562,2
88563,0
88564,2
88565,2
88566,1
88567,3
88568,2
88569,2
88570,1
88571,3
88572,2
88573,1
88574,2
88575,0
88576,2
88577,2
88578,2
88579,2
88580,2
88581,3
88582,2
88583,2
88584,2
88585,0
88586,3
88587,0
88588,0
88589,0
88590,0
88591,0
88592,0
88593,0
88594,0
88595,1
88596,2
88597,2
88598,2
88599,3
88600,2
88601,2
88602,1
88603,2
88604,2
88605,2
88606,3
88607,3
88608,3
88609,3
88610,2
88611,2
88612,2
88613,2
88614,2
88615,2
88616,2
88617,2
88618,2
88619,2
88620,2
88621,2
88622,0
88623,3
88624,2
88625,3
88626,2
88627,0
88628,2
88629,1
88630,3
88631,3
88632,2
88633,2
88634,2
88635,2
88636,3
88637,3
88638,2
88639,2
88640,2
88641,1
88642,2
88643,2
88644,1
88645,0
88646,2
88647,0
88648,0
88649,0
88650,0
88651,0
88652,0
88653,0
88654,0
88655,2
88656,0
88657,2
88658,0
88659,0
88660,0
88661,0
88662,2
88663,0
88664,0
88665,2
88666,0
88667,0
88668,1
88669,2
88670,1
88671,0
88672,0
88673,0
88674,0
88675,0
88676,1
88677,0
88678,3
88679,2
88680,2
88681,3
88682,1
88683,3
88684,3
88685,2
88686,2
88687,3
88688,2
88689,3
88690,0
88691,1
88692,0
88693,0
88694,0
88695,0
88696,0
88697,2
88698,2
88699,0
88700,2
88701,1
88702,2
88703,3
88704,2
88705,2
88706,1
88707,0
88708,0
88709,2
88710,1
88711,2
88712,3
88713,3
88714,3
88715,0
88716,1
88717,2
88718,2
88719,0
88720,0
88721,1
88722,0
88723,2
88724,2
88725,2
88726,3
88727,2
88728,2
88729,2
88730,0
88731,2
88732,2
88733,2
88734,0
88735,2
88736,2
88737,2
88738,2
88739,0
88740,0
88741,2
88742,2
88743,2
88744,3
88745,2
88746,2
88747,3
88748,0
88749,0
88750,0
88751,0
88752,3
88753,1
88754,0
88755,0
88756,0
88757,2
88758,1
88759,0
88760,3
88761,3
88762,3
88763,2
88764,3
88765,0
88766,0
88767,0
88768,3
88769,0
88770,2
88771,1
88772,0
88773,1
88774,2
88775,3
88776,1
88777,1
88778,2
88779,0
88780,0
88781,3
88782,1
88783,3
88784,3
88785,1
88786,2
88787,1
88788,2
88789,1
88790,1
88791,2
88792,2
88793,1
88794,2
88795,2
88796,2
88797,2
88798,2
88799,2
88800,2
88801,3
88802,2
88803,3
88804,1
88805,1
88806,1
88807,2
88808,3
88809,2
88810,3
88811,1
88812,2
88813,3
88814,1
88815,2
88816,2
88817,2
88818,1
88819,2
88820,2
88821,1
88822,3
88823,3
88824,2
88825,2
88826,1
88827,3
88828,2
88829,2
88830,2
88831,1
88832,1
88833,1
88834,2
88835,1
88836,1
88837,1
88838,0
88839,0
88840,3
88841,2
88842,1
88843,2
88844,1
88845,2
88846,2
88847,2
88848,2
88849,2
88850,2
88851,0
88852,3
88853,2
88854,1
88855,2
88856,2
88857,2
88858,2
88859,0
88860,0
88861,0
88862,0
88863,3
88864,2
88865,1
88866,0
88867,2
88868,2
88869,2
88870,2
88871,3
88872,1
88873,1
88874,2
88875,2
88876,2
88877,2
88878,2
88879,2
88880,2
88881,2
88882,1
88883,1
88884,2
88885,0
88886,0
88887,1
88888,1
88889,1
88890,0
88891,2
88892,1
88893,0
88894,0
88895,1
88896,1
88897,0
88898,0
88899,0
88900,1
88901,1
88902,0
88903,3
88904,1
88905,2
88906,0
88907,0
88908,0
88909,3
88910,0
88911,0
88912,1
88913,1
88914,1
88915,0
88916,1
88917,1
88918,0
88919,0
88920,0
88921,2
88922,2
88923,2
88924,0
88925,2
88926,2
88927,2
88928,2
88929,2
88930,2
88931,2
88932,2
88933,2
88934,3
88935,2
88936,2
88937,2
88938,2
88939,2
88940,1
88941,2
88942,3
88943,2
88944,2
88945,0
88946,2
88947,2
88948,0
88949,0
88950,0
88951,2
88952,0
88953,2
88954,2
88955,2
88956,2
88957,2
88958,2
88959,2
88960,2
88961,0
88962,2
88963,2
88964,1
88965,0
88966,2
88967,3
88968,2
88969,1
88970,2
88971,0
88972,3
88973,0
88974,2
88975,2
88976,2
88977,0
88978,1
88979,0
88980,2
88981,2
88982,2
88983,0
88984,2
88985,3
88986,2
88987,2
88988,0
88989,0
88990,2
88991,2
88992,0
88993,2
88994,3
88995,2
88996,2
88997,2
88998,2
88999,2
89000,2
89001,2
89002,0
89003,2
89004,0
89005,2
89006,0
89007,1
89008,0
89009,3
89010,1
89011,1
89012,2
89013,1
89014,1
89015,3
89016,1
89017,1
89018,1
89019,3
89020,1
89021,1
89022,3
89023,0
89024,0
89025,0
89026,2
89027,1
89028,2
89029,2
89030,2
89031,1
89032,1
89033,1
89034,2
89035,1
89036,0
89037,1
89038,2
89039,3
89040,2
89041,3
89042,2
89043,2
89044,3
89045,2
89046,2
89047,2
89048,2
89049,2
89050,2
89051,3
89052,2
89053,2
89054,3
89055,3
89056,3
89057,2
89058,2
89059,2
89060,3
89061,2
89062,1
89063,3
89064,3
89065,0
89066,3
89067,3
89068,3
89069,3
89070,0
89071,0
89072,2
89073,2
89074,2
89075,3
89076,2
89077,1
89078,1
89079,1
89080,1
89081,1
89082,1
89083,1
89084,1
89085,2
89086,1
89087,1
89088,0
89089,0
89090,0
89091,0
89092,0
89093,0
89094,0
89095,0
89096,0
89097,0
89098,0
89099,0
89100,1
89101,3
89102,3
89103,1
89104,3
89105,1
89106,0
89107,1
89108,0
89109,1
89110,1
89111,2
89112,1
89113,2
89114,3
89115,1
89116,3
89117,1
89118,1
89119,1
89120,1
89121,2
89122,1
89123,1
89124,1
89125,1
89126,1
89127,1
89128,0
89129,0
89130,0
89131,1
89132,1
89133,3
89134,1
89135,2
89136,1
89137,0
89138,0
89139,0
89140,0
89141,0
89142,0
89143,0
89144,0
89145,1
89146,3
89147,2
89148,0
89149,3
89150,2
89151,3
89152,3
89153,3
89154,0
89155,0
89156,0
89157,0
89158,0
89159,0
89160,2
89161,2
89162,1
89163,3
89164,2
89165,2
89166,2
89167,0
89168,2
89169,2
89170,2
89171,3
89172,2
89173,1
89174,0
89175,1
89176,2
89177,0
89178,1
89179,2
89180,2
89181,2
89182,1
89183,0
89184,1
89185,0
89186,2
89187,2
89188,2
89189,2
89190,3
89191,2
89192,2
89193,2
89194,2
89195,2
89196,2
89197,2
89198,0
89199,2
89200,2
89201,2
89202,3
89203,2
89204,3
89205,2
89206,2
89207,2
89208,2
89209,2
89210,2
89211,2
89212,2
89213,2
89214,2
89215,2
89216,2
89217,2
89218,2
89219,2
89220,2
89221,2
89222,2
89223,2
89224,3
89225,2
89226,2
89227,2
89228,2
89229,1
89230,0
89231,3
89232,1
89233,2
89234,2
89235,2
89236,2
89237,3
89238,1
89239,0
89240,0
89241,0
89242,3
89243,2
89244,2
89245,1
89246,1
89247,2
89248,0
89249,0
89250,2
89251,3
89252,0
89253,1
89254,3
89255,3
89256,0
89257,2
89258,1
89259,0
89260,0
89261,0
89262,0
89263,0
89264,0
89265,0
89266,0
89267,0
89268,0
89269,0
89270,2
89271,2
89272,3
89273,2
89274,0
89275,2
89276,0
89277,0
89278,0
89279,1
89280,0
89281,2
89282,3
89283,1
89284,0
89285,3
89286,0
89287,1
89288,2
89289,2
89290,4
89291,2
89292,3
89293,4
89294,3
89295,3
89296,4
89297,2
89298,4
89299,3
89300,0
89301,4
89302,2
89303,2
89304,4
89305,4
89306,2
89307,4
89308,4
89309,2
89310,2
89311,2
89312,0
89313,2
89314,1
89315,2
89316,3
89317,2
89318,2
89319,0
89320,3
89321,1
89322,1
89323,2
89324,3
89325,3
89326,2
89327,4
89328,2
89329,3
89330,2
89331,2
89332,2
89333,4
89334,4
89335,4
89336,2
89337,4
89338,2
89339,2
89340,2
89341,2
89342,4
89343,4
89344,4
89345,4
89346,3
89347,2
89348,4
89349,2
89350,4
89351,2
89352,3
89353,2
89354,2
89355,2
89356,2
89357,2
89358,2
89359,2
89360,2
89361,4
89362,0
89363,2
89364,4
89365,4
89366,4
89367,4
89368,2
89369,2
89370,0
89371,2
89372,2
89373,4
89374,2
89375,2
89376,2
89377,2
89378,4
89379,2
89380,4
89381,2
89382,2
89383,2
89384,0
89385,2
89386,4
89387,3
89388,4
89389,4
89390,2
89391,3
89392,4
89393,2
89394,2
89395,2
89396,4
89397,2
89398,2
89399,2
89400,2
89401,4
89402,2
89403,2
89404,2
89405,4
89406,2
89407,2
89408,2
89409,4
89410,4
89411,4
89412,2
89413,4
89414,2
89415,4
89416,2
89417,4
89418,3
89419,2
89420,2
89421,4
89422,2
89423,2
89424,4
89425,3
89426,4
89427,4
89428,4
89429,4
89430,3
89431,2
89432,4
89433,2
89434,2
89435,2
89436,2
89437,4
89438,2
89439,2
89440,4
89441,2
89442,2
89443,4
89444,4
89445,4
89446,4
89447,3
89448,3
89449,4
89450,4
89451,4
89452,2
89453,2
89454,2
89455,2
89456,4
89457,2
89458,2
89459,2
89460,2
89461,4
89462,2
89463,2
89464,4
89465,2
89466,3
89467,2
89468,0
89469,2
89470,2
89471,4
89472,4
89473,0
89474,2
89475,2
89476,4
89477,2
89478,2
89479,2
89480,2
89481,4
89482,4
89483,2
89484,2
89485,2
89486,4
89487,2
89488,2
89489,4
89490,2
89491,2
89492,4
89493,4
89494,4
89495,2
89496,3
89497,2
89498,3
89499,2
89500,0
89501,3
89502,3
89503,3
89504,2
89505,2
89506,3
89507,4
89508,2
89509,2
89510,2
89511,2
89512,0
89513,4
89514,4
89515,2
89516,3
89517,2
89518,2
89519,2
89520,4
89521,2
89522,4
89523,4
89524,4
89525,2
89526,4
89527,2
89528,4
89529,2
89530,4
89531,2
89532,2
89533,2
89534,2
89535,4
89536,2
89537,2
89538,2
89539,2
89540,4
89541,4
89542,2
89543,4
89544,2
89545,2
89546,2
89547,2
89548,0
89549,2
89550,2
89551,2
89552,2
89553,2
89554,2
89555,2
89556,4
89557,2
89558,2
89559,2
89560,4
89561,2
89562,2
89563,4
89564,2
89565,4
89566,4
89567,2
89568,2
89569,4
89570,2
89571,2
89572,2
89573,4
89574,0
89575,2
89576,2
89577,4
89578,4
89579,2
89580,0
89581,2
89582,4
89583,2
89584,2
89585,4
89586,2
89587,4
89588,0
89589,2
89590,2
89591,2
89592,2
89593,2
89594,2
89595,4
89596,4
89597,2
89598,2
89599,4
89600,4
89601,0
89602,4
89603,2
89604,2
89605,2
89606,4
89607,2
89608,2
89609,4
89610,4
89611,4
89612,3
89613,2
89614,4
89615,2
89616,2
89617,2
89618,2
89619,2
89620,4
89621,0
89622,0
89623,2
89624,2
89625,0
89626,4
89627,2
89628,4
89629,4
89630,4
89631,2
89632,2
89633,4
89634,2
89635,2
89636,4
89637,4
89638,2
89639,2
89640,4
89641,2
89642,2
89643,4
89644,2
89645,4
89646,4
89647,4
89648,2
89649,2
89650,2
89651,4
89652,2
89653,4
89654,4
89655,2
89656,2
89657,2
89658,2
89659,2
89660,2
89661,2
89662,4
89663,2
89664,4
89665,2
89666,4
89667,2
89668,2
89669,2
89670,2
89671,2
89672,2
89673,3
89674,4
89675,3
89676,3
89677,2
89678,2
89679,4
89680,4
89681,2
89682,2
89683,4
89684,4
89685,4
89686,4
89687,3
89688,2
89689,4
89690,4
89691,0
89692,4
89693,2
89694,4
89695,2
89696,4
89697,4
89698,2
89699,2
89700,2
89701,2
89702,3
89703,4
89704,2
89705,3
89706,4
89707,4
89708,4
89709,0
89710,0
89711,4
89712,2
89713,2
89714,4
89715,4
89716,4
89717,4
89718,4
89719,3
89720,4
89721,4
89722,4
89723,2
89724,4
89725,2
89726,4
89727,4
89728,3
89729,4
89730,2
89731,4
89732,2
89733,2
89734,2
89735,2
89736,2
89737,2
89738,2
89739,4
89740,2
89741,2
89742,4
89743,2
89744,2
89745,4
89746,2
89747,3
89748,4
89749,4
89750,4
89751,2
89752,2
89753,4
89754,2
89755,2
89756,0
89757,2
89758,4
89759,4
89760,2
89761,4
89762,4
89763,2
89764,4
89765,2
89766,4
89767,4
89768,2
89769,2
89770,4
89771,4
89772,2
89773,2
89774,2
89775,2
89776,2
89777,4
89778,4
89779,2
89780,2
89781,4
89782,4
89783,4
89784,4
89785,4
89786,4
89787,4
89788,4
89789,2
89790,2
89791,2
89792,2
89793,2
89794,2
89795,0
89796,4
89797,2
89798,2
89799,4
89800,4
89801,0
89802,2
89803,2
89804,2
89805,2
89806,4
89807,4
89808,3
89809,4
89810,2
89811,4
89812,2
89813,0
89814,2
89815,0
89816,4
89817,4
89818,2
89819,2
89820,2
89821,2
89822,4
89823,0
89824,4
89825,0
89826,2
89827,2
89828,4
89829,2
89830,2
89831,2
89832,2
89833,2
89834,2
89835,2
89836,4
89837,4
89838,4
89839,4
89840,4
89841,2
89842,2
89843,4
89844,2
89845,2
89846,2
89847,4
89848,0
89849,2
89850,2
89851,2
89852,2
89853,4
89854,2
89855,2
89856,2
89857,2
89858,4
89859,2
89860,2
89861,2
89862,4
89863,4
89864,4
89865,2
89866,4
89867,4
89868,2
89869,2
89870,2
89871,2
89872,4
89873,4
89874,2
89875,2
89876,2
89877,4
89878,2
89879,3
89880,4
89881,4
89882,2
89883,4
89884,2
89885,0
89886,4
89887,4
89888,2
89889,4
89890,2
89891,2
89892,2
89893,4
89894,4
89895,4
89896,4
89897,2
89898,2
89899,2
89900,4
89901,4
89902,4
89903,2
89904,2
89905,2
89906,2
89907,4
89908,2
89909,2
89910,2
89911,4
89912,4
89913,2
89914,2
89915,2
89916,4
89917,4
89918,2
89919,2
89920,2
89921,4
89922,2
89923,2
89924,4
89925,2
89926,2
89927,2
89928,2
89929,4
89930,4
89931,2
89932,2
89933,2
89934,4
89935,2
89936,2
89937,2
89938,2
89939,4
89940,4
89941,2
89942,2
89943,2
89944,2
89945,0
89946,2
89947,2
89948,2
89949,0
89950,0
89951,2
89952,2
89953,4
89954,2
89955,2
89956,2
89957,2
89958,2
89959,2
89960,2
89961,2
89962,4
89963,4
89964,3
89965,2
89966,2
89967,2
89968,4
89969,4
89970,3
89971,2
89972,4
89973,4
89974,0
89975,4
89976,4
89977,0
89978,4
89979,2
89980,3
89981,4
89982,3
89983,3
89984,2
89985,2
89986,4
89987,2
89988,4
89989,4
89990,4
89991,2
89992,4
89993,4
89994,2
89995,0
89996,4
89997,4
89998,4
89999,2
90000,2
90001,4
90002,1
90003,3
90004,2
90005,4
90006,4
90007,2
90008,2
90009,4
90010,2
90011,4
90012,4
90013,4
90014,4
90015,2
90016,3
90017,4
90018,2
90019,4
90020,4
90021,4
90022,4
90023,3
90024,4
90025,4
90026,2
90027,2
90028,4
90029,2
90030,2
90031,4
90032,4
90033,2
90034,4
90035,4
90036,2
90037,2
90038,2
90039,2
90040,4
90041,4
90042,2
90043,3
90044,3
90045,2
90046,4
90047,4
90048,3
90049,3
90050,4
90051,2
90052,4
90053,3
90054,4
90055,4
90056,2
90057,1
90058,1
90059,3
90060,3
90061,0
90062,4
90063,3
90064,3
90065,3
90066,2
90067,2
90068,4
90069,4
90070,4
90071,2
90072,2
90073,2
90074,4
90075,0
90076,3
90077,4
90078,4
90079,2
90080,4
90081,2
90082,2
90083,4
90084,2
90085,3
90086,2
90087,2
90088,2
90089,2
90090,2
90091,2
90092,2
90093,2
90094,2
90095,0
90096,3
90097,3
90098,2
90099,4
90100,2
90101,2
90102,4
90103,2
90104,2
90105,4
90106,3
90107,4
90108,4
90109,2
90110,0
90111,3
90112,2
90113,4
90114,2
90115,4
90116,4
90117,2
90118,4
90119,3
90120,3
90121,4
90122,2
90123,3
90124,4
90125,3
90126,4
90127,4
90128,3
90129,2
90130,2
90131,2
90132,3
90133,4
90134,3
90135,4
90136,2
90137,2
90138,3
90139,2
90140,4
90141,2
90142,3
90143,2
90144,4
90145,4
90146,2
90147,4
90148,4
90149,2
90150,2
90151,4
90152,2
90153,4
90154,2
90155,4
90156,0
90157,2
90158,4
90159,4
90160,4
90161,4
90162,4
90163,2
90164,0
90165,2
90166,2
90167,4
90168,4
90169,4
90170,4
90171,4
90172,2
90173,2
90174,2
90175,2
90176,2
90177,2
90178,2
90179,2
90180,2
90181,2
90182,0
90183,2
90184,0
90185,3
90186,4
90187,4
90188,2
90189,2
90190,2
90191,4
90192,2
90193,4
90194,2
90195,4
90196,2
90197,2
90198,3
90199,4
90200,3
90201,2
90202,3
90203,4
90204,2
90205,2
90206,2
90207,2
90208,2
90209,2
90210,4
90211,2
90212,4
90213,2
90214,2
90215,4
90216,2
90217,2
90218,2
90219,4
90220,4
90221,4
90222,2
90223,3
90224,4
90225,4
90226,2
90227,2
90228,2
90229,2
90230,4
90231,2
90232,2
90233,4
90234,4
90235,4
90236,4
90237,4
90238,2
90239,2
90240,2
90241,4
90242,2
90243,4
90244,2
90245,2
90246,2
90247,0
90248,2
90249,0
90250,4
90251,2
90252,4
90253,2
90254,4
90255,4
90256,4
90257,2
90258,4
90259,2
90260,4
90261,0
90262,2
90263,4
90264,2
90265,2
90266,2
90267,4
90268,2
90269,4
90270,2
90271,4
90272,4
90273,0
90274,2
90275,3
90276,4
90277,4
90278,4
90279,2
90280,4
90281,4
90282,4
90283,4
90284,4
90285,4
90286,4
90287,2
90288,2
90289,4
90290,2
90291,2
90292,3
90293,4
90294,4
90295,2
90296,3
90297,2
90298,2
90299,4
90300,2
90301,4
90302,2
90303,2
90304,2
90305,4
90306,2
90307,3
90308,3
90309,3
90310,4
90311,4
90312,2
90313,2
90314,2
90315,4
90316,2
90317,4
90318,4
90319,4
90320,2
90321,2
90322,3
90323,4
90324,4
90325,4
90326,4
90327,4
90328,4
90329,2
90330,2
90331,2
90332,2
90333,0
90334,2
90335,4
90336,3
90337,4
90338,4
90339,4
90340,3
90341,4
90342,4
90343,4
90344,4
90345,4
90346,2
90347,2
90348,4
90349,2
90350,4
90351,4
90352,3
90353,2
90354,4
90355,2
90356,4
90357,2
90358,2
90359,4
90360,4
90361,3
90362,3
90363,2
90364,4
90365,4
90366,2
90367,2
90368,2
90369,4
90370,3
90371,3
90372,3
90373,2
90374,3
90375,3
90376,3
90377,2
90378,4
90379,4
90380,3
90381,3
90382,0
90383,3
90384,3
90385,3
90386,3
90387,3
90388,3
90389,2
90390,2
90391,3
90392,3
90393,3
90394,2
90395,0
90396,4
90397,2
90398,4
90399,2
90400,4
90401,2
90402,3
90403,3
90404,2
90405,2
90406,3
90407,3
90408,3
90409,3
90410,3
90411,3
90412,3
90413,2
90414,0
90415,4
90416,3
90417,2
90418,4
90419,4
90420,2
90421,2
90422,2
90423,0
90424,4
90425,4
90426,4
90427,0
90428,4
90429,2
90430,2
90431,2
90432,3
90433,4
90434,3
90435,3
90436,4
90437,4
90438,2
90439,4
90440,3
90441,4
90442,2
90443,2
90444,2
90445,2
90446,4
90447,4
90448,2
90449,2
90450,2
90451,4
90452,2
90453,2
90454,2
90455,4
90456,2
90457,4
90458,4
90459,2
90460,2
90461,2
90462,2
90463,2
90464,2
90465,4
90466,2
90467,2
90468,2
90469,4
90470,4
90471,3
90472,3
90473,2
90474,2
90475,3
90476,0
90477,3
90478,2
90479,2
90480,4
90481,4
90482,4
90483,4
90484,4
90485,4
90486,2
90487,2
90488,3
90489,3
90490,2
90491,2
90492,3
90493,3
90494,3
90495,3
90496,3
90497,4
90498,2
90499,2
90500,2
90501,2
90502,2
90503,4
90504,2
90505,3
90506,2
90507,2
90508,4
90509,2
90510,2
90511,4
90512,4
90513,2
90514,3
90515,4
90516,2
90517,2
90518,3
90519,0
90520,0
90521,2
90522,3
90523,3
90524,4
90525,4
90526,2
90527,2
90528,2
90529,2
90530,4
90531,2
90532,2
90533,4
90534,2
90535,4
90536,4
90537,4
90538,4
90539,4
90540,4
90541,2
90542,4
90543,4
90544,2
90545,4
90546,0
90547,4
90548,4
90549,4
90550,2
90551,4
90552,2
90553,2
90554,2
90555,2
90556,2
90557,4
90558,0
90559,2
90560,4
90561,4
90562,4
90563,4
90564,4
90565,4
90566,2
90567,4
90568,2
90569,2
90570,4
90571,2
90572,0
90573,2
90574,4
90575,2
90576,2
90577,3
90578,3
90579,2
90580,2
90581,2
90582,2
90583,4
90584,2
90585,2
90586,4
90587,3
90588,4
90589,0
90590,2
90591,3
90592,3
90593,2
90594,2
90595,2
90596,2
90597,2
90598,2
90599,2
90600,4
90601,3
90602,2
90603,2
90604,3
90605,2
90606,2
90607,2
90608,3
90609,2
90610,0
90611,2
90612,4
90613,2
90614,4
90615,4
90616,4
90617,4
90618,2
90619,2
90620,2
90621,4
90622,2
90623,2
90624,2
90625,2
90626,4
90627,0
90628,4
90629,2
90630,2
90631,2
90632,4
90633,4
90634,2
90635,4
90636,4
90637,4
90638,2
90639,2
90640,2
90641,4
90642,2
90643,2
90644,2
90645,0
90646,2
90647,2
90648,2
90649,2
90650,2
90651,2
90652,4
90653,2
90654,2
90655,2
90656,2
90657,2
90658,2
90659,2
90660,2
90661,2
90662,2
90663,4
90664,2
90665,2
90666,4
90667,4
90668,2
90669,2
90670,2
90671,2
90672,4
90673,2
90674,3
90675,2
90676,2
90677,2
90678,0
90679,3
90680,3
90681,4
90682,4
90683,3
90684,2
90685,2
90686,2
90687,2
90688,4
90689,2
90690,4
90691,2
90692,2
90693,2
90694,4
90695,3
90696,3
90697,4
90698,2
90699,3
90700,3
90701,3
90702,2
90703,2
90704,2
90705,2
90706,2
90707,2
90708,2
90709,4
90710,2
90711,3
90712,2
90713,4
90714,4
90715,2
90716,4
90717,2
90718,2
90719,2
90720,2
90721,4
90722,2
90723,2
90724,2
90725,4
90726,3
90727,3
90728,2
90729,2
90730,2
90731,2
90732,4
90733,2
90734,4
90735,4
90736,2
90737,4
90738,4
90739,3
90740,4
90741,4
90742,4
90743,4
90744,2
90745,3
90746,4
90747,2
90748,4
90749,4
90750,4
90751,4
90752,4
90753,2
90754,4
90755,2
90756,3
90757,2
90758,2
90759,4
90760,4
90761,2
90762,2
90763,3
90764,2
90765,2
90766,4
90767,2
90768,2
90769,2
90770,2
90771,2
90772,3
90773,3
90774,2
90775,2
90776,2
90777,2
90778,4
90779,2
90780,3
90781,4
90782,4
90783,0
90784,3
90785,4
90786,2
90787,0
90788,4
90789,2
90790,2
90791,4
90792,2
90793,2
90794,2
90795,4
90796,2
90797,4
90798,4
90799,4
90800,4
90801,2
90802,2
90803,2
90804,3
90805,4
90806,4
90807,4
90808,4
90809,2
90810,2
90811,4
90812,2
90813,4
90814,3
90815,4
90816,2
90817,2
90818,2
90819,2
90820,4
90821,4
90822,2
90823,4
90824,2
90825,2
90826,4
90827,2
90828,2
90829,2
90830,2
90831,2
90832,2
90833,2
90834,2
90835,4
90836,2
90837,3
90838,2
90839,4
90840,4
90841,2
90842,2
90843,2
90844,4
90845,4
90846,4
90847,4
90848,2
90849,4
90850,2
90851,0
90852,2
90853,4
90854,2
90855,4
90856,4
90857,2
90858,0
90859,4
90860,4
90861,2
90862,2
90863,4
90864,2
90865,2
90866,0
90867,2
90868,2
90869,2
90870,2
90871,4
90872,2
90873,4
90874,2
90875,2
90876,2
90877,2
90878,2
90879,4
90880,2
90881,0
90882,2
90883,3
90884,4
90885,4
90886,2
90887,2
90888,2
90889,2
90890,2
90891,4
90892,2
90893,2
90894,4
90895,4
90896,4
90897,2
90898,2
90899,2
90900,2
90901,4
90902,2
90903,2
90904,2
90905,4
90906,4
90907,4
90908,2
90909,3
90910,3
90911,4
90912,2
90913,4
90914,2
90915,3
90916,3
90917,3
90918,3
90919,4
90920,2
90921,4
90922,4
90923,4
90924,4
90925,3
90926,2
90927,2
90928,2
90929,4
90930,0
90931,4
90932,2
90933,2
90934,4
90935,2
90936,2
90937,2
90938,4
90939,2
90940,0
90941,4
90942,2
90943,3
90944,2
90945,4
90946,0
90947,2
90948,4
90949,4
90950,4
90951,4
90952,4
90953,4
90954,0
90955,2
90956,4
90957,2
90958,2
90959,2
90960,0
90961,4
90962,2
90963,0
90964,2
90965,4
90966,2
90967,3
90968,2
90969,4
90970,2
90971,2
90972,3
90973,4
90974,4
90975,4
90976,2
90977,4
90978,2
90979,2
90980,4
90981,2
90982,2
90983,4
90984,2
90985,2
90986,2
90987,4
90988,4
90989,4
90990,2
90991,4
90992,2
90993,4
90994,4
90995,2
90996,2
90997,4
90998,3
90999,4
91000,2
91001,4
91002,2
91003,2
91004,4
91005,2
91006,4
91007,2
91008,2
91009,4
91010,2
91011,2
91012,4
91013,3
91014,2
91015,2
91016,4
91017,4
91018,2
91019,4
91020,2
91021,4
91022,2
91023,2
91024,4
91025,2
91026,2
91027,4
91028,2
91029,0
91030,4
91031,2
91032,3
91033,4
91034,2
91035,2
91036,4
91037,2
91038,4
91039,2
91040,4
91041,4
91042,4
91043,2
91044,4
91045,3
91046,4
91047,2
91048,4
91049,2
91050,4
91051,4
91052,4
91053,2
91054,4
91055,4
91056,4
91057,4
91058,0
91059,3
91060,0
91061,2
91062,2
91063,4
91064,4
91065,4
91066,2
91067,2
91068,2
91069,4
91070,4
91071,4
91072,4
91073,0
91074,2
91075,2
91076,2
91077,2
91078,4
91079,2
91080,2
91081,4
91082,0
91083,0
91084,0
91085,4
91086,2
91087,2
91088,2
91089,2
91090,2
91091,2
91092,2
91093,2
91094,2
91095,4
91096,4
91097,4
91098,2
91099,4
91100,2
91101,2
91102,2
91103,2
91104,2
91105,2
91106,2
91107,3
91108,4
91109,4
91110,2
91111,2
91112,2
91113,2
91114,2
91115,4
91116,2
91117,2
91118,2
91119,2
91120,4
91121,4
91122,2
91123,4
91124,4
91125,4
91126,4
91127,2
91128,4
91129,2
91130,2
91131,2
91132,2
91133,4
91134,2
91135,4
91136,2
91137,2
91138,4
91139,4
91140,2
91141,2
91142,2
91143,2
91144,4
91145,0
91146,4
91147,2
91148,2
91149,2
91150,2
91151,4
91152,2
91153,4
91154,2
91155,4
91156,4
91157,2
91158,2
91159,2
91160,2
91161,2
91162,4
91163,2
91164,2
91165,2
91166,2
91167,2
91168,2
91169,2
91170,4
91171,0
91172,4
91173,2
91174,2
91175,2
91176,4
91177,2
91178,2
91179,2
91180,2
91181,4
91182,2
91183,4
91184,2
91185,2
91186,4
91187,2
91188,3
91189,2
91190,3
91191,2
91192,2
91193,2
91194,2
91195,2
91196,2
91197,4
91198,2
91199,4
91200,4
91201,4
91202,2
91203,3
91204,2
91205,2
91206,2
91207,0
91208,4
91209,2
91210,2
91211,2
91212,4
91213,4
91214,2
91215,2
91216,2
91217,4
91218,2
91219,4
91220,3
91221,4
91222,4
91223,4
91224,2
91225,4
91226,2
91227,2
91228,2
91229,2
91230,0
91231,2
91232,3
91233,2
91234,2
91235,2
91236,3
91237,2
91238,3
91239,2
91240,2
91241,0
91242,2
91243,4
91244,4
91245,2
91246,4
91247,4
91248,4
91249,3
91250,4
91251,4
91252,4
91253,3
91254,4
91255,2
91256,2
91257,2
91258,4
91259,4
91260,4
91261,4
91262,3
91263,2
91264,2
91265,3
91266,3
91267,2
91268,2
91269,2
91270,2
91271,2
91272,2
91273,2
91274,0
91275,2
91276,4
91277,4
91278,2
91279,2
91280,3
91281,2
91282,2
91283,4
91284,2
91285,4
91286,3
91287,3
91288,3
91289,2
91290,4
91291,2
91292,2
91293,2
91294,2
91295,3
91296,2
91297,2
91298,2
91299,2
91300,3
91301,2
91302,3
91303,0
91304,3
91305,3
91306,2
91307,2
91308,2
91309,4
91310,4
91311,4
91312,4
91313,4
91314,4
91315,2
91316,4
91317,2
91318,4
91319,4
91320,2
91321,2
91322,3
91323,4
91324,2
91325,2
91326,4
91327,3
91328,4
91329,4
91330,4
91331,4
91332,2
91333,3
91334,4
91335,4
91336,3
91337,2
91338,2
91339,0
91340,3
91341,4
91342,4
91343,2
91344,4
91345,4
91346,2
91347,2
91348,4
91349,2
91350,4
91351,2
91352,4
91353,2
91354,2
91355,2
91356,2
91357,4
91358,4
91359,4
91360,4
91361,3
91362,2
91363,2
91364,2
91365,2
91366,4
91367,4
91368,0
91369,2
91370,2
91371,2
91372,4
91373,1
91374,4
91375,4
91376,4
91377,2
91378,4
91379,2
91380,3
91381,3
91382,2
91383,4
91384,4
91385,2
91386,4
91387,4
91388,1
91389,4
91390,4
91391,4
91392,2
91393,4
91394,4
91395,2
91396,2
91397,2
91398,2
91399,2
91400,2
91401,4
91402,2
91403,4
91404,4
91405,4
91406,4
91407,4
91408,4
91409,4
91410,4
91411,2
91412,2
91413,3
91414,0
91415,2
91416,4
91417,3
91418,4
91419,4
91420,4
91421,2
91422,2
91423,3
91424,3
91425,3
91426,0
91427,3
91428,4
91429,4
91430,2
91431,3
91432,2
91433,4
91434,3
91435,3
91436,3
91437,3
91438,2
91439,4
91440,4
91441,2
91442,2
91443,1
91444,4
91445,4
91446,2
91447,4
91448,3
91449,0
91450,4
91451,3
91452,4
91453,4
91454,2
91455,2
91456,2
91457,2
91458,3
91459,3
91460,4
91461,3
91462,4
91463,4
91464,4
91465,3
91466,2
91467,3
91468,4
91469,4
91470,3
91471,2
91472,2
91473,4
91474,2
91475,4
91476,2
91477,2
91478,4
91479,2
91480,4
91481,4
91482,4
91483,2
91484,4
91485,4
91486,2
91487,2
91488,4
91489,4
91490,4
91491,2
91492,2
91493,4
91494,4
91495,3
91496,4
91497,4
91498,2
91499,4
91500,4
91501,4
91502,2
91503,4
91504,2
91505,2
91506,2
91507,3
91508,4
91509,2
91510,4
91511,2
91512,4
91513,2
91514,2
91515,2
91516,2
91517,2
91518,2
91519,2
91520,2
91521,2
91522,0
91523,0
91524,4
91525,2
91526,4
91527,2
91528,4
91529,4
91530,2
91531,2
91532,2
91533,4
91534,4
91535,4
91536,2
91537,2
91538,2
91539,4
91540,2
91541,3
91542,4
91543,4
91544,3
91545,4
91546,2
91547,2
91548,2
91549,0
91550,2
91551,3
91552,2
91553,2
91554,2
91555,2
91556,2
91557,4
91558,4
91559,2
91560,3
91561,2
91562,2
91563,4
91564,2
91565,2
91566,4
91567,2
91568,2
91569,2
91570,2
91571,2
91572,4
91573,4
91574,2
91575,3
91576,2
91577,4
91578,2
91579,4
91580,2
91581,4
91582,2
91583,4
91584,2
91585,0
91586,2
91587,2
91588,2
91589,2
91590,4
91591,2
91592,4
91593,4
91594,4
91595,2
91596,2
91597,2
91598,4
91599,2
91600,4
91601,2
91602,2
91603,4
91604,2
91605,4
91606,2
91607,4
91608,2
91609,2
91610,4
91611,2
91612,2
91613,2
91614,2
91615,4
91616,2
91617,2
91618,2
91619,2
91620,2
91621,2
91622,0
91623,2
91624,4
91625,2
91626,2
91627,2
91628,4
91629,2
91630,2
91631,2
91632,3
91633,2
91634,2
91635,2
91636,2
91637,2
91638,4
91639,4
91640,2
91641,2
91642,4
91643,4
91644,4
91645,2
91646,4
91647,4
91648,4
91649,2
91650,4
91651,2
91652,0
91653,4
91654,2
91655,4
91656,4
91657,4
91658,4
91659,2
91660,3
91661,4
91662,2
91663,3
91664,2
91665,2
91666,2
91667,4
91668,2
91669,4
91670,3
91671,2
91672,0
91673,4
91674,2
91675,2
91676,4
91677,2
91678,4
91679,2
91680,3
91681,2
91682,2
91683,2
91684,4
91685,4
91686,4
91687,2
91688,2
91689,4
91690,4
91691,4
91692,2
91693,3
91694,2
91695,4
91696,2
91697,2
91698,2
91699,4
91700,4
91701,4
91702,4
91703,3
91704,3
91705,2
91706,2
91707,2
91708,4
91709,4
91710,2
91711,2
91712,4
91713,4
91714,2
91715,4
91716,4
91717,2
91718,4
91719,0
91720,2
91721,2
91722,4
91723,2
91724,2
91725,4
91726,4
91727,4
91728,4
91729,2
91730,3
91731,2
91732,2
91733,4
91734,2
91735,2
91736,2
91737,4
91738,4
91739,4
91740,4
91741,2
91742,0
91743,2
91744,4
91745,2
91746,2
91747,0
91748,2
91749,2
91750,4
91751,2
91752,2
91753,2
91754,2
91755,3
91756,2
91757,4
91758,3
91759,4
91760,2
91761,2
91762,4
91763,3
91764,2
91765,4
91766,2
91767,2
91768,4
91769,2
91770,2
91771,2
91772,2
91773,2
91774,2
91775,2
91776,2
91777,2
91778,2
91779,2
91780,2
91781,4
91782,4
91783,2
91784,2
91785,2
91786,4
91787,3
91788,2
91789,2
91790,4
91791,4
91792,4
91793,2
91794,4
91795,2
91796,4
91797,2
91798,2
91799,2
91800,4
91801,2
91802,4
91803,3
91804,4
91805,4
91806,3
91807,3
91808,2
91809,4
91810,4
91811,2
91812,4
91813,4
91814,4
91815,4
91816,4
91817,2
91818,4
91819,2
91820,4
91821,4
91822,2
91823,4
91824,2
91825,2
91826,0
91827,2
91828,2
91829,2
91830,4
91831,4
91832,0
91833,2
91834,2
91835,4
91836,4
91837,2
91838,4
91839,4
91840,4
91841,2
91842,2
91843,2
91844,4
91845,2
91846,2
91847,4
91848,2
91849,2
91850,4
91851,2
91852,2
91853,2
91854,4
91855,4
91856,2
91857,4
91858,4
91859,2
91860,4
91861,4
91862,2
91863,2
91864,4
91865,2
91866,0
91867,2
91868,3
91869,4
91870,2
91871,4
91872,4
91873,2
91874,2
91875,4
91876,4
91877,3
91878,4
91879,2
91880,2
91881,2
91882,2
91883,2
91884,2
91885,4
91886,4
91887,4
91888,4
91889,2
91890,2
91891,2
91892,2
91893,4
91894,2
91895,2
91896,2
91897,4
91898,2
91899,0
91900,2
91901,2
91902,4
91903,4
91904,2
91905,2
91906,4
91907,2
91908,4
91909,4
91910,2
91911,0
91912,2
91913,2
91914,2
91915,0
91916,2
91917,4
91918,4
91919,2
91920,2
91921,4
91922,3
91923,2
91924,4
91925,2
91926,4
91927,2
91928,2
91929,4
91930,2
91931,0
91932,2
91933,4
91934,2
91935,2
91936,4
91937,2
91938,2
91939,2
91940,0
91941,2
91942,2
91943,4
91944,2
91945,4
91946,4
91947,2
91948,4
91949,2
91950,2
91951,4
91952,4
91953,4
91954,2
91955,4
91956,0
91957,3
91958,3
91959,4
91960,4
91961,4
91962,4
91963,2
91964,4
91965,2
91966,3
91967,2
91968,4
91969,3
91970,3
91971,3
91972,2
91973,2
91974,2
91975,0
91976,3
91977,3
91978,3
91979,4
91980,4
91981,2
91982,2
91983,2
91984,2
91985,4
91986,4
91987,2
91988,4
91989,4
91990,2
91991,3
91992,2
91993,2
91994,2
91995,2
91996,3
91997,4
91998,2
91999,2
92000,4
92001,4
92002,2
92003,2
92004,4
92005,2
92006,4
92007,4
92008,2
92009,2
92010,2
92011,4
92012,2
92013,2
92014,2
92015,4
92016,2
92017,2
92018,3
92019,2
92020,2
92021,2
92022,4
92023,4
92024,2
92025,4
92026,4
92027,4
92028,2
92029,2
92030,2
92031,4
92032,4
92033,0
92034,2
92035,2
92036,2
92037,2
92038,2
92039,2
92040,2
92041,3
92042,2
92043,4
92044,4
92045,4
92046,4
92047,4
92048,0
92049,4
92050,4
92051,4
92052,4
92053,2
92054,2
92055,2
92056,2
92057,4
92058,2
92059,4
92060,2
92061,4
92062,0
92063,2
92064,0
92065,2
92066,2
92067,4
92068,3
92069,2
92070,2
92071,4
92072,4
92073,2
92074,4
92075,4
92076,2
92077,2
92078,4
92079,2
92080,0
92081,2
92082,2
92083,3
92084,3
92085,4
92086,2
92087,2
92088,4
92089,2
92090,2
92091,4
92092,2
92093,4
92094,4
92095,2
92096,2
92097,2
92098,2
92099,0
92100,2
92101,4
92102,2
92103,4
92104,2
92105,4
92106,4
92107,4
92108,2
92109,2
92110,2
92111,4
92112,4
92113,2
92114,4
92115,2
92116,4
92117,2
92118,2
92119,2
92120,2
92121,2
92122,2
92123,2
92124,4
92125,4
92126,2
92127,2
92128,4
92129,2
92130,2
92131,4
92132,2
92133,4
92134,4
92135,2
92136,2
92137,2
92138,2
92139,2
92140,2
92141,2
92142,0
92143,2
92144,3
92145,3
92146,2
92147,2
92148,4
92149,0
92150,0
92151,2
92152,4
92153,2
92154,2
92155,4
92156,0
92157,2
92158,4
92159,2
92160,4
92161,2
92162,2
92163,2
92164,2
92165,2
92166,2
92167,3
92168,2
92169,2
92170,2
92171,2
92172,4
92173,2
92174,3
92175,4
92176,2
92177,4
92178,4
92179,2
92180,4
92181,2
92182,2
92183,2
92184,3
92185,2
92186,3
92187,3
92188,2
92189,2
92190,2
92191,4
92192,2
92193,3
92194,3
92195,2
92196,2
92197,2
92198,2
92199,2
92200,2
92201,4
92202,2
92203,2
92204,4
92205,2
92206,3
92207,2
92208,2
92209,2
92210,4
92211,4
92212,2
92213,0
92214,2
92215,2
92216,2
92217,3
92218,3
92219,2
92220,0
92221,2
92222,2
92223,3
92224,3
92225,3
92226,3
92227,3
92228,3
92229,2
92230,2
92231,3
92232,2
92233,0
92234,2
92235,3
92236,4
92237,4
92238,2
92239,2
92240,2
92241,3
92242,0
92243,3
92244,3
92245,2
92246,2
92247,4
92248,0
92249,4
92250,0
92251,2
92252,2
92253,3
92254,2
92255,4
92256,2
92257,2
92258,4
92259,2
92260,2
92261,2
92262,3
92263,2
92264,3
92265,2
92266,2
92267,2
92268,3
92269,2
92270,2
92271,2
92272,2
92273,2
92274,2
92275,3
92276,2
92277,4
92278,0
92279,3
92280,2
92281,2
92282,2
92283,4
92284,2
92285,3
92286,2
92287,2
92288,3
92289,2
92290,2
92291,2
92292,2
92293,0
92294,3
92295,3
92296,2
92297,0
92298,0
92299,2
92300,4
92301,0
92302,2
92303,2
92304,4
92305,4
92306,4
92307,4
92308,2
92309,2
92310,4
92311,3
92312,4
92313,2
92314,4
92315,4
92316,4
92317,2
92318,3
92319,4
92320,4
92321,4
92322,4
92323,2
92324,0
92325,2
92326,2
92327,4
92328,4
92329,4
92330,2
92331,4
92332,0
92333,0
92334,0
92335,4
92336,2
92337,4
92338,4
92339,0
92340,4
92341,3
92342,3
92343,4
92344,4
92345,2
92346,4
92347,4
92348,4
92349,0
92350,2
92351,0
92352,0
92353,4
92354,4
92355,4
92356,0
92357,2
92358,4
92359,4
92360,4
92361,4
92362,4
92363,2
92364,4
92365,2
92366,4
92367,4
92368,2
92369,0
92370,2
92371,2
92372,4
92373,0
92374,0
92375,4
92376,4
92377,4
92378,3
92379,0
92380,0
92381,0
92382,4
92383,4
92384,4
92385,4
92386,2
92387,0
92388,0
92389,2
92390,4
92391,4
92392,4
92393,4
92394,4
92395,4
92396,2
92397,2
92398,4
92399,3
92400,4
92401,2
92402,4
92403,0
92404,4
92405,4
92406,4
92407,3
92408,2
92409,4
92410,4
92411,4
92412,4
92413,4
92414,4
92415,3
92416,4
92417,3
92418,4
92419,3
92420,2
92421,4
92422,2
92423,4
92424,2
92425,2
92426,2
92427,4
92428,3
92429,2
92430,4
92431,3
92432,4
92433,3
92434,2
92435,4
92436,0
92437,4
92438,4
92439,4
92440,0
92441,2
92442,3
92443,2
92444,4
92445,2
92446,2
92447,3
92448,4
92449,2
92450,2
92451,3
92452,4
92453,2
92454,2
92455,3
92456,4
92457,3
92458,4
92459,2
92460,2
92461,3
92462,2
92463,4
92464,3
92465,2
92466,2
92467,2
92468,2
92469,4
92470,3
92471,4
92472,4
92473,2
92474,4
92475,4
92476,2
92477,4
92478,4
92479,2
92480,3
92481,4
92482,4
92483,4
92484,4
92485,2
92486,2
92487,2
92488,4
92489,4
92490,4
92491,4
92492,2
92493,2
92494,4
92495,2
92496,4
92497,4
92498,4
92499,2
92500,2
92501,3
92502,2
92503,0
92504,2
92505,3
92506,3
92507,4
92508,4
92509,4
92510,2
92511,4
92512,2
92513,3
92514,2
92515,3
92516,2
92517,4
92518,2
92519,4
92520,3
92521,2
92522,2
92523,2
92524,4
92525,4
92526,2
92527,3
92528,4
92529,4
92530,2
92531,4
92532,4
92533,4
92534,3
92535,4
92536,4
92537,4
92538,2
92539,2
92540,4
92541,4
92542,2
92543,4
92544,4
92545,2
92546,2
92547,0
92548,4
92549,4
92550,4
92551,4
92552,4
92553,0
92554,4
92555,4
92556,2
92557,2
92558,3
92559,0
92560,2
92561,3
92562,2
92563,2
92564,4
92565,4
92566,2
92567,2
92568,2
92569,2
92570,3
92571,2
92572,2
92573,2
92574,4
92575,4
92576,3
92577,4
92578,4
92579,4
92580,4
92581,4
92582,2
92583,4
92584,2
92585,2
92586,2
92587,2
92588,4
92589,4
92590,2
92591,2
92592,4
92593,4
92594,3
92595,4
92596,4
92597,4
92598,2
92599,3
92600,0
92601,2
92602,4
92603,4
92604,2
92605,2
92606,4
92607,2
92608,2
92609,4
92610,3
92611,4
92612,2
92613,4
92614,2
92615,2
92616,2
92617,2
92618,4
92619,4
92620,4
92621,2
92622,3
92623,4
92624,2
92625,2
92626,2
92627,4
92628,2
92629,2
92630,2
92631,2
92632,4
92633,3
92634,4
92635,2
92636,4
92637,3
92638,2
92639,2
92640,4
92641,4
92642,4
92643,4
92644,3
92645,2
92646,4
92647,4
92648,4
92649,3
92650,3
92651,2
92652,0
92653,4
92654,3
92655,3
92656,4
92657,2
92658,4
92659,2
92660,4
92661,4
92662,4
92663,4
92664,3
92665,4
92666,2
92667,4
92668,4
92669,2
92670,4
92671,4
92672,2
92673,2
92674,4
92675,2
92676,4
92677,4
92678,3
92679,4
92680,3
92681,4
92682,4
92683,4
92684,2
92685,2
92686,2
92687,2
92688,4
92689,2
92690,4
92691,4
92692,4
92693,2
92694,2
92695,3
92696,2
92697,0
92698,2
92699,4
92700,3
92701,4
92702,2
92703,2
92704,4
92705,2
92706,2
92707,4
92708,4
92709,4
92710,4
92711,2
92712,4
92713,4
92714,4
92715,0
92716,2
92717,4
92718,2
92719,2
92720,2
92721,4
92722,2
92723,2
92724,2
92725,2
92726,4
92727,2
92728,2
92729,2
92730,2
92731,2
92732,3
92733,4
92734,2
92735,2
92736,2
92737,2
92738,4
92739,2
92740,4
92741,2
92742,2
92743,4
92744,2
92745,4
92746,2
92747,2
92748,4
92749,4
92750,2
92751,2
92752,2
92753,4
92754,4
92755,2
92756,2
92757,0
92758,4
92759,4
92760,3
92761,4
92762,2
92763,4
92764,2
92765,2
92766,4
92767,4
92768,4
92769,3
92770,2
92771,4
92772,2
92773,2
92774,4
92775,2
92776,2
92777,2
92778,2
92779,4
92780,4
92781,4
92782,4
92783,4
92784,2
92785,2
92786,2
92787,2
92788,2
92789,2
92790,4
92791,4
92792,2
92793,2
92794,2
92795,4
92796,2
92797,2
92798,3
92799,2
92800,2
92801,2
92802,2
92803,2
92804,2
92805,2
92806,2
92807,0
92808,2
92809,4
92810,2
92811,2
92812,2
92813,2
92814,2
92815,2
92816,4
92817,2
92818,4
92819,4
92820,2
92821,3
92822,3
92823,2
92824,2
92825,4
92826,2
92827,4
92828,2
92829,2
92830,2
92831,2
92832,2
92833,2
92834,2
92835,4
92836,2
92837,0
92838,4
92839,4
92840,4
92841,2
92842,2
92843,2
92844,4
92845,2
92846,2
92847,2
92848,0
92849,2
92850,4
92851,2
92852,4
92853,2
92854,2
92855,2
92856,4
92857,3
92858,2
92859,4
92860,2
92861,2
92862,4
92863,2
92864,4
92865,4
92866,4
92867,2
92868,4
92869,4
92870,4
92871,4
92872,4
92873,2
92874,4
92875,4
92876,4
92877,2
92878,4
92879,2
92880,0
92881,2
92882,2
92883,2
92884,0
92885,2
92886,2
92887,2
92888,2
92889,4
92890,0
92891,4
92892,2
92893,2
92894,4
92895,2
92896,2
92897,4
92898,4
92899,4
92900,2
92901,2
92902,4
92903,4
92904,2
92905,0
92906,4
92907,4
92908,2
92909,2
92910,2
92911,2
92912,2
92913,4
92914,4
92915,2
92916,2
92917,0
92918,4
92919,0
92920,2
92921,2
92922,4
92923,2
92924,2
92925,2
92926,2
92927,2
92928,4
92929,0
92930,2
92931,4
92932,2
92933,4
92934,4
92935,4
92936,2
92937,2
92938,4
92939,2
92940,2
92941,3
92942,2
92943,2
92944,4
92945,2
92946,4
92947,2
92948,0
92949,2
92950,4
92951,4
92952,4
92953,2
92954,2
92955,2
92956,2
92957,2
92958,2
92959,2
92960,2
92961,4
92962,4
92963,4
92964,3
92965,2
92966,4
92967,2
92968,0
92969,4
92970,2
92971,2
92972,4
92973,2
92974,4
92975,4
92976,2
92977,4
92978,2
92979,2
92980,2
92981,3
92982,4
92983,2
92984,4
92985,2
92986,2
92987,2
92988,3
92989,3
92990,4
92991,2
92992,2
92993,2
92994,2
92995,2
92996,2
92997,2
92998,3
92999,2
93000,3
93001,4
93002,2
93003,2
93004,0
93005,2
93006,2
93007,2
93008,3
93009,2
93010,2
93011,4
93012,4
93013,2
93014,2
93015,2
93016,2
93017,2
93018,3
93019,3
93020,4
93021,2
93022,4
93023,2
93024,2
93025,4
93026,0
93027,4
93028,2
93029,2
93030,2
93031,2
93032,4
93033,2
93034,2
93035,2
93036,2
93037,2
93038,2
93039,3
93040,3
93041,2
93042,2
93043,0
93044,4
93045,3
93046,2
93047,4
93048,4
93049,4
93050,4
93051,4
93052,2
93053,3
93054,4
93055,4
93056,4
93057,2
93058,3
93059,4
93060,4
93061,4
93062,3
93063,4
93064,0
93065,2
93066,3
93067,2
93068,2
93069,2
93070,2
93071,4
93072,4
93073,3
93074,2
93075,2
93076,4
93077,3
93078,2
93079,2
93080,2
93081,0
93082,4
93083,2
93084,2
93085,2
93086,4
93087,2
93088,2
93089,0
93090,2
93091,2
93092,2
93093,2
93094,2
93095,2
93096,2
93097,2
93098,2
93099,4
93100,2
93101,2
93102,2
93103,2
93104,4
93105,4
93106,2
93107,2
93108,2
93109,2
93110,2
93111,2
93112,2
93113,4
93114,2
93115,2
93116,2
93117,2
93118,4
93119,2
93120,2
93121,2
93122,2
93123,0
93124,4
93125,2
93126,2
93127,4
93128,4
93129,2
93130,2
93131,4
93132,2
93133,2
93134,2
93135,2
93136,2
93137,2
93138,0
93139,4
93140,2
93141,2
93142,2
93143,2
93144,2
93145,2
93146,4
93147,2
93148,4
93149,2
93150,4
93151,4
93152,2
93153,4
93154,2
93155,2
93156,4
93157,0
93158,2
93159,2
93160,0
93161,2
93162,2
93163,4
93164,2
93165,2
93166,2
93167,4
93168,4
93169,2
93170,2
93171,4
93172,3
93173,4
93174,4
93175,2
93176,2
93177,3
93178,4
93179,2
93180,4
93181,0
93182,0
93183,4
93184,4
93185,2
93186,4
93187,4
93188,4
93189,2
93190,2
93191,2
93192,2
93193,2
93194,2
93195,2
93196,4
93197,4
93198,4
93199,2
93200,4
93201,2
93202,2
93203,2
93204,2
93205,2
93206,2
93207,4
93208,4
93209,2
93210,2
93211,2
93212,4
93213,4
93214,2
93215,2
93216,2
93217,4
93218,2
93219,4
93220,2
93221,4
93222,4
93223,2
93224,3
93225,2
93226,4
93227,4
93228,2
93229,2
93230,2
93231,4
93232,2
93233,4
93234,4
93235,4
93236,4
93237,4
93238,2
93239,2
93240,4
93241,2
93242,4
93243,4
93244,4
93245,4
93246,4
93247,2
93248,2
93249,2
93250,4
93251,0
93252,2
93253,2
93254,0
93255,2
93256,2
93257,2
93258,2
93259,4
93260,4
93261,2
93262,4
93263,4
93264,4
93265,2
93266,0
93267,2
93268,2
93269,2
93270,4
93271,4
93272,2
93273,4
93274,2
93275,4
93276,4
93277,4
93278,4
93279,2
93280,2
93281,2
93282,0
93283,2
93284,0
93285,3
93286,2
93287,4
93288,2
93289,4
93290,4
93291,0
93292,2
93293,0
93294,2
93295,4
93296,4
93297,4
93298,2
93299,4
93300,2
93301,4
93302,2
93303,4
93304,0
93305,0
93306,2
93307,4
93308,4
93309,4
93310,4
93311,4
93312,4
93313,4
93314,2
93315,0
93316,4
93317,2
93318,2
93319,0
93320,2
93321,2
93322,2
93323,2
93324,4
93325,4
93326,3
93327,2
93328,2
93329,2
93330,4
93331,2
93332,2
93333,2
93334,2
93335,4
93336,2
93337,2
93338,4
93339,2
93340,2
93341,4
93342,4
93343,4
93344,2
93345,2
93346,2
93347,2
93348,2
93349,4
93350,2
93351,4
93352,4
93353,4
93354,3
93355,2
93356,2
93357,2
93358,2
93359,4
93360,0
93361,3
93362,3
93363,2
93364,2
93365,4
93366,4
93367,2
93368,2
93369,4
93370,2
93371,4
93372,2
93373,2
93374,2
93375,4
93376,2
93377,4
93378,2
93379,2
93380,4
93381,4
93382,2
93383,4
93384,2
93385,4
93386,4
93387,2
93388,3
93389,4
93390,0
93391,4
93392,4
93393,2
93394,4
93395,0
93396,4
93397,3
93398,3
93399,4
93400,2
93401,3
93402,2
93403,2
93404,2
93405,2
93406,0
93407,3
93408,2
93409,4
93410,2
93411,2
93412,4
93413,3
93414,4
93415,2
93416,2
93417,4
93418,2
93419,2
93420,2
93421,4
93422,4
93423,4
93424,4
93425,4
93426,2
93427,2
93428,4
93429,0
93430,4
93431,4
93432,3
93433,2
93434,0
93435,2
93436,2
93437,2
93438,2
93439,2
93440,0
93441,4
93442,2
93443,2
93444,4
93445,3
93446,3
93447,2
93448,2
93449,2
93450,4
93451,2
93452,2
93453,4
93454,2
93455,2
93456,4
93457,2
93458,2
93459,2
93460,4
93461,0
93462,2
93463,2
93464,3
93465,3
93466,2
93467,4
93468,3
93469,4
93470,4
93471,3
93472,2
93473,4
93474,4
93475,4
93476,4
93477,4
93478,4
93479,4
93480,2
93481,4
93482,2
93483,4
93484,4
93485,2
93486,3
93487,2
93488,1
93489,1
93490,2
93491,4
93492,4
93493,4
93494,2
93495,2
93496,3
93497,4
93498,4
93499,2
93500,2
93501,2
93502,2
93503,1
93504,4
93505,3
93506,2
93507,4
93508,2
93509,4
93510,4
93511,4
93512,4
93513,4
93514,2
93515,3
93516,2
93517,2
93518,4
93519,4
93520,2
93521,3
93522,2
93523,2
93524,4
93525,2
93526,2
93527,4
93528,2
93529,2
93530,2
93531,2
93532,4
93533,2
93534,4
93535,0
93536,4
93537,2
93538,4
93539,4
93540,4
93541,4
93542,4
93543,4
93544,2
93545,2
93546,4
93547,4
93548,4
93549,2
93550,2
93551,3
93552,2
93553,3
93554,4
93555,2
93556,4
93557,2
93558,0
93559,2
93560,2
93561,4
93562,4
93563,4
93564,0
93565,4
93566,4
93567,4
93568,2
93569,3
93570,4
93571,2
93572,4
93573,2
93574,0
93575,2
93576,4
93577,2
93578,2
93579,4
93580,4
93581,4
93582,4
93583,4
93584,2
93585,2
93586,4
93587,0
93588,4
93589,4
93590,4
93591,3
93592,4
93593,4
93594,4
93595,2
93596,4
93597,4
93598,2
93599,2
93600,2
93601,0
93602,2
93603,2
93604,0
93605,4
93606,4
93607,2
93608,4
93609,2
93610,3
93611,2
93612,4
93613,2
93614,2
93615,2
93616,2
93617,2
93618,4
93619,4
93620,2
93621,2
93622,4
93623,4
93624,4
93625,4
93626,4
93627,4
93628,4
93629,3
93630,4
93631,2
93632,4
93633,0
93634,2
93635,3
93636,4
93637,4
93638,3
93639,2
93640,2
93641,2
93642,2
93643,2
93644,4
93645,4
93646,4
93647,0
93648,3
93649,4
93650,0
93651,2
93652,4
93653,4
93654,2
93655,4
93656,4
93657,4
93658,4
93659,4
93660,4
93661,4
93662,2
93663,4
93664,4
93665,3
93666,4
93667,2
93668,2
93669,4
93670,2
93671,0
93672,2
93673,4
93674,0
93675,2
93676,2
93677,2
93678,2
93679,4
93680,4
93681,4
93682,2
93683,2
93684,2
93685,2
93686,2
93687,3
93688,4
93689,3
93690,2
93691,4
93692,0
93693,2
93694,2
93695,4
93696,4
93697,4
93698,4
93699,4
93700,2
93701,2
93702,4
93703,4
93704,2
93705,4
93706,2
93707,2
93708,4
93709,2
93710,2
93711,2
93712,4
93713,2
93714,0
93715,2
93716,4
93717,2
93718,2
93719,2
93720,2
93721,4
93722,2
93723,4
93724,4
93725,2
93726,2
93727,2
93728,2
93729,4
93730,0
93731,2
93732,3
93733,4
93734,0
93735,0
93736,4
93737,2
93738,2
93739,2
93740,4
93741,2
93742,2
93743,2
93744,4
93745,4
93746,2
93747,2
93748,2
93749,4
93750,2
93751,4
93752,2
93753,2
93754,3
93755,4
93756,4
93757,2
93758,4
93759,4
93760,4
93761,2
93762,4
93763,2
93764,2
93765,2
93766,0
93767,4
93768,4
93769,4
93770,2
93771,4
93772,2
93773,2
93774,4
93775,4
93776,2
93777,2
93778,2
93779,0
93780,4
93781,4
93782,2
93783,4
93784,2
93785,4
93786,2
93787,2
93788,4
93789,2
93790,0
93791,2
93792,3
93793,2
93794,4
93795,4
93796,4
93797,2
93798,4
93799,2
93800,4
93801,2
93802,2
93803,4
93804,4
93805,2
93806,0
93807,2
93808,2
93809,2
93810,4
93811,4
93812,2
93813,2
93814,4
93815,4
93816,2
93817,2
93818,4
93819,4
93820,0
93821,4
93822,2
93823,2
93824,4
93825,2
93826,2
93827,2
93828,4
93829,0
93830,2
93831,1
93832,4
93833,2
93834,2
93835,4
93836,2
93837,0
93838,2
93839,4
93840,2
93841,2
93842,2
93843,2
93844,2
93845,4
93846,2
93847,4
93848,4
93849,2
93850,2
93851,2
93852,4
93853,2
93854,2
93855,2
93856,2
93857,4
93858,2
93859,4
93860,2
93861,4
93862,4
93863,2
93864,2
93865,4
93866,2
93867,2
93868,4
93869,2
93870,2
93871,2
93872,2
93873,4
93874,2
93875,2
93876,2
93877,4
93878,2
93879,4
93880,2
93881,4
93882,3
93883,2
93884,4
93885,2
93886,4
93887,2
93888,0
93889,4
93890,4
93891,2
93892,3
93893,4
93894,2
93895,2
93896,2
93897,4
93898,2
93899,4
93900,4
93901,4
93902,4
93903,2
93904,4
93905,4
93906,4
93907,2
93908,4
93909,2
93910,2
93911,2
93912,4
93913,0
93914,2
93915,4
93916,2
93917,2
93918,2
93919,3
93920,4
93921,2
93922,4
93923,2
93924,2
93925,2
93926,2
93927,2
93928,4
93929,4
93930,2
93931,4
93932,2
93933,2
93934,4
93935,4
93936,2
93937,2
93938,2
93939,4
93940,2
93941,4
93942,4
93943,2
93944,4
93945,2
93946,3
93947,4
93948,2
93949,2
93950,4
93951,2
93952,4
93953,4
93954,2
93955,2
93956,4
93957,4
93958,0
93959,4
93960,2
93961,4
93962,2
93963,2
93964,2
93965,2
93966,2
93967,4
93968,2
93969,4
93970,4
93971,4
93972,3
93973,2
93974,2
93975,4
93976,2
93977,4
93978,2
93979,2
93980,2
93981,4
93982,4
93983,2
93984,2
93985,0
93986,4
93987,2
93988,2
93989,0
93990,2
93991,3
93992,3
93993,4
93994,3
93995,4
93996,4
93997,4
93998,3
93999,4
94000,4
94001,4
94002,0
94003,4
94004,2
94005,4
94006,2
94007,4
94008,4
94009,4
94010,4
94011,2
94012,2
94013,2
94014,2
94015,2
94016,2
94017,4
94018,0
94019,4
94020,2
94021,2
94022,4
94023,2
94024,2
94025,4
94026,0
94027,4
94028,4
94029,3
94030,4
94031,4
94032,2
94033,0
94034,2
94035,2
94036,2
94037,2
94038,4
94039,0
94040,4
94041,4
94042,2
94043,2
94044,4
94045,2
94046,2
94047,2
94048,2
94049,4
94050,4
94051,2
94052,4
94053,2
94054,2
94055,2
94056,4
94057,4
94058,3
94059,3
94060,3
94061,2
94062,3
94063,0
94064,4
94065,4
94066,4
94067,3
94068,2
94069,4
94070,4
94071,2
94072,4
94073,4
94074,3
94075,2
94076,2
94077,4
94078,2
94079,2
94080,2
94081,4
94082,2
94083,4
94084,2
94085,2
94086,2
94087,4
94088,4
94089,4
94090,3
94091,2
94092,2
94093,2
94094,4
94095,2
94096,2
94097,2
94098,2
94099,2
94100,2
94101,2
94102,4
94103,4
94104,2
94105,4
94106,4
94107,4
94108,4
94109,4
94110,2
94111,2
94112,2
94113,3
94114,0
94115,2
94116,2
94117,2
94118,2
94119,4
94120,2
94121,2
94122,2
94123,2
94124,4
94125,4
94126,2
94127,2
94128,2
94129,4
94130,4
94131,0
94132,4
94133,4
94134,2
94135,2
94136,4
94137,4
94138,4
94139,2
94140,0
94141,4
94142,2
94143,4
94144,2
94145,3
94146,4
94147,2
94148,4
94149,2
94150,2
94151,2
94152,2
94153,4
94154,2
94155,4
94156,2
94157,2
94158,2
94159,2
94160,2
94161,0
94162,4
94163,2
94164,2
94165,4
94166,2
94167,2
94168,4
94169,4
94170,2
94171,2
94172,4
94173,2
94174,2
94175,4
94176,3
94177,2
94178,2
94179,4
94180,2
94181,2
94182,2
94183,2
94184,4
94185,4
94186,4
94187,2
94188,2
94189,2
94190,2
94191,2
94192,4
94193,4
94194,2
94195,4
94196,4
94197,2
94198,2
94199,4
94200,2
94201,2
94202,2
94203,4
94204,2
94205,2
94206,4
94207,2
94208,2
94209,4
94210,4
94211,4
94212,2
94213,2
94214,2
94215,4
94216,2
94217,4
94218,4
94219,3
94220,2
94221,2
94222,4
94223,2
94224,4
94225,2
94226,2
94227,2
94228,2
94229,4
94230,2
94231,4
94232,4
94233,2
94234,4
94235,4
94236,2
94237,3
94238,4
94239,0
94240,2
94241,2
94242,2
94243,4
94244,4
94245,4
94246,4
94247,4
94248,2
94249,4
94250,2
94251,2
94252,2
94253,4
94254,2
94255,2
94256,2
94257,2
94258,2
94259,2
94260,4
94261,4
94262,0
94263,4
94264,2
94265,2
94266,2
94267,4
94268,2
94269,2
94270,0
94271,4
94272,2
94273,4
94274,2
94275,2
94276,4
94277,2
94278,4
94279,4
94280,2
94281,3
94282,4
94283,4
94284,4
94285,2
94286,0
94287,2
94288,0
94289,4
94290,4
94291,0
94292,4
94293,4
94294,4
94295,2
94296,0
94297,2
94298,4
94299,2
94300,2
94301,4
94302,2
94303,4
94304,4
94305,4
94306,4
94307,4
94308,4
94309,4
94310,4
94311,3
94312,4
94313,4
94314,4
94315,2
94316,3
94317,2
94318,2
94319,3
94320,2
94321,4
94322,4
94323,4
94324,4
94325,4
94326,4
94327,4
94328,4
94329,4
94330,2
94331,4
94332,0
94333,4
94334,4
94335,4
94336,4
94337,4
94338,4
94339,0
94340,4
94341,2
94342,4
94343,2
94344,2
94345,2
94346,4
94347,4
94348,2
94349,2
94350,4
94351,3
94352,2
94353,4
94354,0
94355,2
94356,2
94357,2
94358,4
94359,4
94360,2
94361,3
94362,2
94363,4
94364,4
94365,4
94366,4
94367,0
94368,4
94369,4
94370,4
94371,2
94372,4
94373,4
94374,4
94375,4
94376,2
94377,2
94378,4
94379,4
94380,2
94381,4
94382,4
94383,4
94384,2
94385,4
94386,2
94387,4
94388,4
94389,2
94390,2
94391,3
94392,3
94393,2
94394,2
94395,2
94396,2
94397,2
94398,4
94399,3
94400,2
94401,2
94402,4
94403,4
94404,2
94405,2
94406,2
94407,3
94408,4
94409,2
94410,3
94411,2
94412,2
94413,3
94414,4
94415,4
94416,4
94417,3
94418,3
94419,3
94420,3
94421,2
94422,2
94423,2
94424,2
94425,2
94426,4
94427,3
94428,2
94429,2
94430,4
94431,4
94432,3
94433,0
94434,2
94435,0
94436,2
94437,4
94438,2
94439,4
94440,2
94441,2
94442,4
94443,4
94444,3
94445,4
94446,4
94447,2
94448,2
94449,0
94450,4
94451,2
94452,4
94453,2
94454,2
94455,3
94456,2
94457,2
94458,2
94459,3
94460,2
94461,2
94462,3
94463,2
94464,2
94465,2
94466,2
94467,2
94468,2
94469,4
94470,2
94471,2
94472,0
94473,4
94474,2
94475,2
94476,4
94477,2
94478,0
94479,3
94480,2
94481,3
94482,3
94483,3
94484,3
94485,2
94486,2
94487,2
94488,2
94489,2
94490,2
94491,4
94492,2
94493,4
94494,0
94495,2
94496,4
94497,2
94498,2
94499,0
94500,2
94501,4
94502,2
94503,4
94504,4
94505,2
94506,2
94507,0
94508,2
94509,2
94510,2
94511,2
94512,2
94513,2
94514,2
94515,2
94516,2
94517,2
94518,2
94519,2
94520,2
94521,4
94522,2
94523,4
94524,2
94525,2
94526,4
94527,2
94528,4
94529,4
94530,4
94531,4
94532,2
94533,2
94534,2
94535,4
94536,4
94537,4
94538,4
94539,4
94540,2
94541,2
94542,2
94543,2
94544,2
94545,2
94546,2
94547,3
94548,3
94549,2
94550,2
94551,2
94552,4
94553,3
94554,2
94555,2
94556,2
94557,2
94558,2
94559,3
94560,4
94561,2
94562,2
94563,2
94564,2
94565,4
94566,4
94567,2
94568,4
94569,2
94570,0
94571,0
94572,4
94573,4
94574,4
94575,2
94576,2
94577,2
94578,4
94579,2
94580,2
94581,2
94582,2
94583,0
94584,4
94585,2
94586,2
94587,4
94588,2
94589,2
94590,2
94591,2
94592,2
94593,4
94594,2
94595,2
94596,4
94597,2
94598,4
94599,4
94600,4
94601,2
94602,2
94603,2
94604,4
94605,4
94606,2
94607,4
94608,2
94609,4
94610,0
94611,4
94612,4
94613,4
94614,4
94615,4
94616,2
94617,4
94618,2
94619,4
94620,2
94621,4
94622,4
94623,2
94624,2
94625,2
94626,2
94627,4
94628,2
94629,4
94630,4
94631,4
94632,4
94633,4
94634,0
94635,4
94636,4
94637,4
94638,2
94639,4
94640,2
94641,2
94642,2
94643,4
94644,3
94645,4
94646,4
94647,2
94648,2
94649,4
94650,2
94651,2
94652,2
94653,4
94654,2
94655,4
94656,2
94657,2
94658,2
94659,4
94660,2
94661,3
94662,4
94663,0
94664,4
94665,4
94666,2
94667,4
94668,2
94669,2
94670,4
94671,4
94672,2
94673,4
94674,2
94675,2
94676,4
94677,4
94678,0
94679,2
94680,4
94681,4
94682,2
94683,2
94684,4
94685,2
94686,2
94687,2
94688,4
94689,4
94690,2
94691,4
94692,2
94693,4
94694,2
94695,4
94696,4
94697,2
94698,4
94699,4
94700,2
94701,0
94702,2
94703,4
94704,2
94705,4
94706,2
94707,4
94708,4
94709,4
94710,2
94711,0
94712,0
94713,4
94714,2
94715,2
94716,2
94717,4
94718,2
94719,2
94720,2
94721,2
94722,2
94723,2
94724,4
94725,4
94726,4
94727,2
94728,2
94729,4
94730,2
94731,2
94732,0
94733,2
94734,4
94735,4
94736,2
94737,4
94738,2
94739,4
94740,4
94741,4
94742,2
94743,2
94744,4
94745,2
94746,2
94747,4
94748,4
94749,2
94750,4
94751,2
94752,4
94753,2
94754,2
94755,2
94756,4
94757,4
94758,2
94759,2
94760,2
94761,2
94762,2
94763,2
94764,2
94765,2
94766,4
94767,2
94768,2
94769,2
94770,4
94771,2
94772,2
94773,2
94774,4
94775,4
94776,2
94777,2
94778,4
94779,0
94780,0
94781,3
94782,2
94783,2
94784,4
94785,2
94786,0
94787,2
94788,3
94789,0
94790,2
94791,4
94792,0
94793,0
94794,4
94795,2
94796,2
94797,2
94798,4
94799,3
94800,2
94801,4
94802,4
94803,3
94804,2
94805,4
94806,4
94807,3
94808,4
94809,4
94810,2
94811,4
94812,2
94813,4
94814,3
94815,4
94816,2
94817,0
94818,0
94819,3
94820,4
94821,0
94822,4
94823,3
94824,3
94825,3
94826,3
94827,3
94828,2
94829,2
94830,2
94831,3
94832,3
94833,4
94834,2
94835,0
94836,2
94837,4
94838,4
94839,4
94840,4
94841,2
94842,0
94843,2
94844,2
94845,2
94846,0
94847,3
94848,4
94849,0
94850,2
94851,0
94852,4
94853,2
94854,2
94855,2
94856,4
94857,4
94858,4
94859,2
94860,2
94861,2
94862,4
94863,2
94864,2
94865,3
94866,2
94867,2
94868,2
94869,2
94870,4
94871,2
94872,4
94873,4
94874,2
94875,4
94876,4
94877,2
94878,2
94879,4
94880,2
94881,4
94882,4
94883,4
94884,4
94885,4
94886,4
94887,4
94888,2
94889,2
94890,4
94891,4
94892,4
94893,2
94894,2
94895,2
94896,2
94897,2
94898,4
94899,4
94900,0
94901,4
94902,2
94903,4
94904,4
94905,4
94906,4
94907,3
94908,4
94909,4
94910,0
94911,2
94912,2
94913,0
94914,4
94915,4
94916,4
94917,4
94918,4
94919,2
94920,2
94921,4
94922,4
94923,4
94924,4
94925,4
94926,0
94927,2
94928,4
94929,2
94930,2
94931,4
94932,4
94933,3
94934,2
94935,2
94936,4
94937,4
94938,2
94939,0
94940,2
94941,4
94942,4
94943,4
94944,4
94945,4
94946,4
94947,2
94948,2
94949,2
94950,2
94951,2
94952,2
94953,2
94954,2
94955,4
94956,4
94957,4
94958,4
94959,4
94960,0
94961,2
94962,4
94963,4
94964,4
94965,4
94966,4
94967,0
94968,4
94969,4
94970,1
94971,1
94972,1
94973,2
94974,3
94975,4
94976,2
94977,2
94978,4
94979,2
94980,4
94981,2
94982,2
94983,4
94984,2
94985,2
94986,2
94987,2
94988,2
94989,2
94990,4
94991,4
94992,2
94993,2
94994,4
94995,2
94996,2
94997,2
94998,2
94999,2
95000,4
95001,2
95002,2
95003,0
95004,2
95005,3
95006,4
95007,3
95008,2
95009,4
95010,2
95011,4
95012,4
95013,2
95014,2
95015,4
95016,2
95017,2
95018,3
95019,4
95020,2
95021,2
95022,2
95023,2
95024,2
95025,2
95026,3
95027,4
95028,2
95029,4
95030,2
95031,4
95032,2
95033,0
95034,4
95035,2
95036,4
95037,4
95038,4
95039,2
95040,2
95041,4
95042,4
95043,4
95044,4
95045,4
95046,2
95047,4
95048,4
95049,4
95050,2
95051,2
95052,2
95053,2
95054,2
95055,2
95056,4
95057,2
95058,3
95059,2
95060,3
95061,2
95062,2
95063,2
95064,2
95065,3
95066,2
95067,2
95068,2
95069,2
95070,2
95071,2
95072,2
95073,2
95074,2
95075,3
95076,2
95077,2
95078,2
95079,2
95080,2
95081,2
95082,2
95083,3
95084,2
95085,2
95086,2
95087,4
95088,2
95089,2
95090,4
95091,2
95092,3
95093,2
95094,0
95095,3
95096,2
95097,2
95098,2
95099,3
95100,0
95101,3
95102,3
95103,3
95104,2
95105,2
95106,3
95107,3
95108,2
95109,3
95110,3
95111,2
95112,3
95113,3
95114,3
95115,2
95116,2
95117,2
95118,2
95119,2
95120,2
95121,3
95122,2
95123,2
95124,2
95125,2
95126,2
95127,2
95128,2
95129,2
95130,4
95131,2
95132,2
95133,3
95134,2
95135,2
95136,2
95137,3
95138,3
95139,2
95140,3
95141,2
95142,2
95143,2
95144,2
95145,3
95146,2
95147,3
95148,3
95149,3
95150,2
95151,2
95152,2
95153,3
95154,3
95155,2
95156,3
95157,2
95158,2
95159,3
95160,3
95161,3
95162,2
95163,2
95164,3
95165,2
95166,2
95167,3
95168,2
95169,2
95170,3
95171,2
95172,3
95173,2
95174,0
95175,3
95176,3
95177,2
95178,2
95179,2
95180,2
95181,2
95182,3
95183,4
95184,2
95185,4
95186,2
95187,0
95188,2
95189,4
95190,4
95191,2
95192,4
95193,4
95194,3
95195,3
95196,2
95197,4
95198,4
95199,2
95200,2
95201,2
95202,2
95203,2
95204,2
95205,2
95206,2
95207,2
95208,2
95209,2
95210,3
95211,4
95212,2
95213,4
95214,2
95215,2
95216,2
95217,2
95218,4
95219,2
95220,4
95221,4
95222,4
95223,4
95224,4
95225,2
95226,2
95227,2
95228,4
95229,4
95230,2
95231,2
95232,2
95233,4
95234,2
95235,0
95236,0
95237,2
95238,2
95239,2
95240,2
95241,0
95242,4
95243,2
95244,4
95245,4
95246,4
95247,2
95248,2
95249,2
95250,4
95251,2
95252,2
95253,4
95254,2
95255,0
95256,4
95257,2
95258,2
95259,4
95260,2
95261,4
95262,2
95263,2
95264,2
95265,4
95266,4
95267,2
95268,4
95269,4
95270,2
95271,2
95272,2
95273,4
95274,4
95275,4
95276,2
95277,4
95278,2
95279,2
95280,2
95281,4
95282,0
95283,2
95284,2
95285,2
95286,4
95287,2
95288,2
95289,4
95290,4
95291,4
95292,0
95293,4
95294,3
95295,0
95296,2
95297,3
95298,4
95299,2
95300,3
95301,4
95302,4
95303,4
95304,2
95305,2
95306,4
95307,4
95308,2
95309,4
95310,2
95311,4
95312,4
95313,4
95314,4
95315,4
95316,2
95317,4
95318,3
95319,2
95320,2
95321,4
95322,4
95323,4
95324,4
95325,2
95326,4
95327,4
95328,4
95329,4
95330,2
95331,4
95332,2
95333,4
95334,2
95335,2
95336,0
95337,2
95338,2
95339,2
95340,4
95341,2
95342,2
95343,4
95344,2
95345,2
95346,4
95347,4
95348,2
95349,2
95350,2
95351,2
95352,2
95353,2
95354,4
95355,2
95356,0
95357,2
95358,2
95359,2
95360,2
95361,4
95362,4
95363,4
95364,4
95365,4
95366,2
95367,2
95368,2
95369,4
95370,4
95371,4
95372,2
95373,4
95374,4
95375,2
95376,2
95377,2
95378,2
95379,4
95380,4
95381,4
95382,4
95383,0
95384,2
95385,2
95386,4
95387,4
95388,2
95389,2
95390,4
95391,2
95392,4
95393,2
95394,2
95395,2
95396,2
95397,2
95398,2
95399,2
95400,4
95401,4
95402,2
95403,4
95404,2
95405,4
95406,4
95407,2
95408,4
95409,2
95410,2
95411,4
95412,4
95413,4
95414,4
95415,4
95416,2
95417,4
95418,4
95419,4
95420,2
95421,2
95422,4
95423,2
95424,2
95425,2
95426,4
95427,2
95428,2
95429,2
95430,4
95431,2
95432,2
95433,4
95434,4
95435,4
95436,2
95437,4
95438,2
95439,4
95440,0
95441,2
95442,2
95443,4
95444,2
95445,4
95446,4
95447,2
95448,2
95449,4
95450,4
95451,4
95452,4
95453,4
95454,0
95455,4
95456,2
95457,2
95458,4
95459,4
95460,4
95461,0
95462,4
95463,4
95464,2
95465,4
95466,4
95467,2
95468,4
95469,4
95470,0
95471,4
95472,2
95473,1
95474,2
95475,2
95476,3
95477,2
95478,2
95479,3
95480,2
95481,2
95482,2
95483,2
95484,3
95485,3
95486,2
95487,3
95488,3
95489,3
95490,3
95491,1
95492,3
95493,2
95494,3
95495,0
95496,3
95497,3
95498,3
95499,3
95500,2
95501,2
95502,3
95503,3
95504,2
95505,3
95506,2
95507,2
95508,3
95509,3
95510,3
95511,2
95512,1
95513,3
95514,3
95515,3
95516,3
95517,3
95518,3
95519,3
95520,3
95521,3
95522,3
95523,3
95524,2
95525,3
95526,2
95527,3
95528,2
95529,2
95530,3
95531,2
95532,2
95533,2
95534,2
95535,3
95536,2
95537,2
95538,2
95539,2
95540,3
95541,2
95542,3
95543,2
95544,3
95545,2
95546,2
95547,3
95548,3
95549,2
95550,3
95551,2
95552,3
95553,3
95554,2
95555,2
95556,2
95557,3
95558,2
95559,2
95560,2
95561,3
95562,3
95563,2
95564,3
95565,1
95566,2
95567,3
95568,2
95569,2
95570,2
95571,2
95572,0
95573,0
95574,0
95575,0
95576,0
95577,3
95578,0
95579,0
95580,2
95581,3
95582,2
95583,2
95584,2
95585,2
95586,2
95587,2
95588,3
95589,2
95590,3
95591,2
95592,0
95593,3
95594,2
95595,2
95596,2
95597,2
95598,2
95599,3
95600,2
95601,2
95602,2
95603,2
95604,2
95605,2
95606,1
95607,1
95608,3
95609,4
95610,3
95611,1
95612,1
95613,2
95614,3
95615,2
95616,2
95617,3
95618,2
95619,2
95620,1
95621,1
95622,3
95623,3
95624,3
95625,1
95626,3
95627,3
95628,3
95629,2
95630,3
95631,2
95632,2
95633,3
95634,0
95635,3
95636,3
95637,3
95638,2
95639,2
95640,2
95641,0
95642,2
95643,2
95644,3
95645,2
95646,2
95647,2
95648,3
95649,3
95650,3
95651,3
95652,2
95653,0
95654,3
95655,3
95656,0
95657,0
95658,0
95659,2
95660,2
95661,2
95662,0
95663,2
95664,3
95665,3
95666,1
95667,3
95668,3
95669,3
95670,3
95671,2
95672,2
95673,2
95674,2
95675,2
95676,2
95677,3
95678,1
95679,3
95680,2
95681,2
95682,2
95683,3
95684,2
95685,2
95686,2
95687,2
95688,2
95689,3
95690,1
95691,1
95692,1
95693,1
95694,3
95695,3
95696,3
95697,1
95698,2
95699,1
95700,1
95701,3
95702,3
95703,3
95704,2
95705,3
95706,3
95707,2
95708,2
95709,2
95710,2
95711,2
95712,2
95713,2
95714,3
95715,0
95716,0
95717,0
95718,3
95719,2
95720,1
95721,2
95722,2
95723,2
95724,2
95725,2
95726,3
95727,2
95728,2
95729,0
95730,3
95731,2
95732,2
95733,3
95734,2
95735,3
95736,1
95737,1
95738,2
95739,2
95740,3
95741,2
95742,2
95743,2
95744,3
95745,0
95746,2
95747,3
95748,3
95749,4
95750,1
95751,3
95752,3
95753,1
95754,3
95755,3
95756,3
95757,3
95758,3
95759,3
95760,2
95761,2
95762,2
95763,3
95764,2
95765,3
95766,3
95767,0
95768,3
95769,3
95770,3
95771,3
95772,3
95773,3
95774,2
95775,3
95776,3
95777,3
95778,4
95779,3
95780,3
95781,3
95782,2
95783,1
95784,2
95785,3
95786,0
95787,3
95788,3
95789,3
95790,3
95791,3
95792,3
95793,2
95794,3
95795,3
95796,2
95797,2
95798,2
95799,2
95800,2
95801,2
95802,2
95803,2
95804,2
95805,2
95806,2
95807,3
95808,2
95809,2
95810,1
95811,3
95812,4
95813,2
95814,2
95815,3
95816,2
95817,0
95818,0
95819,0
95820,0
95821,0
95822,0
95823,0
95824,3
95825,3
95826,3
95827,2
95828,3
95829,2
95830,3
95831,3
95832,2
95833,1
95834,1
95835,0
95836,0
95837,3
95838,0
95839,0
95840,0
95841,0
95842,0
95843,3
95844,2
95845,3
95846,1
95847,3
95848,3
95849,2
95850,3
95851,3
95852,2
95853,3
95854,2
95855,2
95856,2
95857,2
95858,4
95859,3
95860,2
95861,3
95862,3
95863,2
95864,2
95865,3
95866,3
95867,3
95868,4
95869,2
95870,3
95871,3
95872,2
95873,2
95874,2
95875,3
95876,2
95877,3
95878,3
95879,4
95880,2
95881,2
95882,2
95883,2
95884,2
95885,3
95886,1
95887,3
95888,3
95889,3
95890,1
95891,3
95892,1
95893,3
95894,1
95895,3
95896,1
95897,3
95898,3
95899,3
95900,1
95901,1
95902,3
95903,3
95904,0
95905,0
95906,0
95907,2
95908,3
95909,3
95910,3
95911,3
95912,2
95913,3
95914,3
95915,2
95916,2
95917,2
95918,3
95919,2
95920,3
95921,2
95922,2
95923,3
95924,2
95925,3
95926,2
95927,2
95928,2
95929,2
95930,2
95931,2
95932,3
95933,2
95934,2
95935,3
95936,3
95937,2
95938,2
95939,1
95940,2
95941,2
95942,3
95943,3
95944,2
95945,2
95946,2
95947,2
95948,2
95949,2
95950,2
95951,2
95952,2
95953,3
95954,3
95955,2
95956,3
95957,2
95958,2
95959,2
95960,2
95961,1
95962,2
95963,2
95964,2
95965,4
95966,2
95967,3
95968,2
95969,3
95970,3
95971,3
95972,3
95973,2
95974,3
95975,3
95976,1
95977,3
95978,3
95979,2
95980,3
95981,3
95982,1
95983,1
95984,3
95985,3
95986,2
95987,3
95988,2
95989,2
95990,3
95991,4
95992,2
95993,1
95994,1
95995,2
95996,2
95997,1
95998,2
95999,2
96000,1
96001,2
96002,2
96003,3
96004,3
96005,2
96006,2
96007,2
96008,3
96009,2
96010,2
96011,2
96012,3
96013,2
96014,2
96015,3
96016,1
96017,2
96018,3
96019,3
96020,3
96021,0
96022,2
96023,2
96024,2
96025,2
96026,2
96027,2
96028,2
96029,2
96030,2
96031,2
96032,2
96033,2
96034,2
96035,3
96036,2
96037,3
96038,3
96039,2
96040,2
96041,2
96042,2
96043,2
96044,3
96045,3
96046,1
96047,3
96048,2
96049,3
96050,3
96051,3
96052,3
96053,2
96054,2
96055,3
96056,1
96057,2
96058,2
96059,3
96060,2
96061,1
96062,1
96063,1
96064,1
96065,3
96066,2
96067,3
96068,2
96069,3
96070,2
96071,2
96072,1
96073,2
96074,2
96075,2
96076,2
96077,2
96078,1
96079,2
96080,2
96081,2
96082,2
96083,0
96084,2
96085,3
96086,3
96087,3
96088,2
96089,1
96090,2
96091,1
96092,3
96093,2
96094,0
96095,0
96096,2
96097,1
96098,0
96099,3
96100,0
96101,0
96102,2
96103,2
96104,3
96105,3
96106,2
96107,2
96108,3
96109,2
96110,2
96111,2
96112,2
96113,2
96114,1
96115,3
96116,2
96117,2
96118,2
96119,1
96120,2
96121,2
96122,2
96123,0
96124,3
96125,1
96126,1
96127,4
96128,2
96129,1
96130,4
96131,2
96132,1
96133,2
96134,3
96135,2
96136,2
96137,2
96138,2
96139,2
96140,2
96141,2
96142,1
96143,1
96144,3
96145,1
96146,2
96147,1
96148,2
96149,2
96150,2
96151,2
96152,3
96153,2
96154,2
96155,2
96156,3
96157,3
96158,3
96159,0
96160,2
96161,3
96162,2
96163,1
96164,2
96165,3
96166,3
96167,2
96168,2
96169,2
96170,2
96171,2
96172,2
96173,3
96174,2
96175,3
96176,2
96177,1
96178,2
96179,3
96180,3
96181,3
96182,2
96183,3
96184,2
96185,2
96186,2
96187,2
96188,3
96189,3
96190,2
96191,3
96192,2
96193,3
96194,2
96195,2
96196,2
96197,2
96198,3
96199,2
96200,3
96201,3
96202,2
96203,2
96204,3
96205,2
96206,2
96207,2
96208,3
96209,3
96210,2
96211,2
96212,2
96213,2
96214,1
96215,2
96216,2
96217,3
96218,1
96219,2
96220,3
96221,3
96222,3
96223,3
96224,3
96225,1
96226,3
96227,2
96228,3
96229,2
96230,2
96231,2
96232,2
96233,2
96234,2
96235,2
96236,0
96237,2
96238,2
96239,2
96240,2
96241,3
96242,2
96243,3
96244,2
96245,1
96246,3
96247,2
96248,1
96249,3
96250,0
96251,3
96252,1
96253,1
96254,1
96255,1
96256,1
96257,0
96258,2
96259,1
96260,2
96261,2
96262,2
96263,2
96264,0
96265,3
96266,3
96267,3
96268,2
96269,1
96270,1
96271,1
96272,1
96273,1
96274,1
96275,2
96276,0
96277,1
96278,3
96279,2
96280,2
96281,2
96282,2
96283,3
96284,3
96285,2
96286,0
96287,2
96288,2
96289,0
96290,2
96291,3
96292,2
96293,2
96294,2
96295,4
96296,2
96297,2
96298,1
96299,1
96300,3
96301,3
96302,2
96303,3
96304,2
96305,2
96306,2
96307,3
96308,2
96309,3
96310,3
96311,3
96312,2
96313,3
96314,1
96315,3
96316,1
96317,1
96318,3
96319,3
96320,3
96321,2
96322,3
96323,3
96324,3
96325,3
96326,3
96327,2
96328,2
96329,3
96330,3
96331,2
96332,2
96333,1
96334,1
96335,1
96336,1
96337,3
96338,2
96339,2
96340,1
96341,2
96342,1
96343,3
96344,2
96345,2
96346,3
96347,2
96348,2
96349,3
96350,2
96351,2
96352,2
96353,1
96354,3
96355,3
96356,4
96357,2
96358,2
96359,3
96360,0
96361,2
96362,1
96363,3
96364,2
96365,0
96366,0
96367,3
96368,2
96369,2
96370,1
96371,2
96372,2
96373,2
96374,3
96375,3
96376,2
96377,3
96378,3
96379,2
96380,3
96381,3
96382,1
96383,1
96384,2
96385,3
96386,3
96387,2
96388,3
96389,2
96390,2
96391,2
96392,2
96393,3
96394,3
96395,3
96396,2
96397,3
96398,2
96399,3
96400,2
96401,3
96402,2
96403,2
96404,3
96405,3
96406,1
96407,3
96408,2
96409,2
96410,3
96411,2
96412,2
96413,2
96414,2
96415,2
96416,2
96417,2
96418,2
96419,2
96420,2
96421,2
96422,2
96423,3
96424,1
96425,2
96426,3
96427,0
96428,3
96429,3
96430,2
96431,1
96432,1
96433,2
96434,2
96435,1
96436,1
96437,1
96438,1
96439,1
96440,3
96441,1
96442,1
96443,2
96444,1
96445,2
96446,3
96447,1
96448,3
96449,3
96450,2
96451,2
96452,2
96453,2
96454,3
96455,2
96456,2
96457,2
96458,1
96459,2
96460,2
96461,0
96462,3
96463,2
96464,0
96465,1
96466,3
96467,2
96468,2
96469,2
96470,2
96471,1
96472,3
96473,2
96474,3
96475,3
96476,2
96477,2
96478,3
96479,3
96480,3
96481,3
96482,3
96483,4
96484,3
96485,2
96486,2
96487,0
96488,2
96489,3
96490,3
96491,3
96492,3
96493,3
96494,3
96495,1
96496,1
96497,1
96498,2
96499,3
96500,2
96501,1
96502,3
96503,3
96504,1
96505,1
96506,3
96507,3
96508,2
96509,3
96510,3
96511,2
96512,2
96513,3
96514,2
96515,3
96516,3
96517,2
96518,2
96519,3
96520,3
96521,2
96522,0
96523,1
96524,3
96525,2
96526,3
96527,1
96528,0
96529,1
96530,2
96531,2
96532,1
96533,1
96534,2
96535,1
96536,3
96537,2
96538,3
96539,3
96540,1
96541,2
96542,2
96543,2
96544,2
96545,2
96546,3
96547,3
96548,3
96549,2
96550,2
96551,2
96552,3
96553,2
96554,2
96555,2
96556,3
96557,1
96558,1
96559,1
96560,2
96561,1
96562,3
96563,3
96564,1
96565,1
96566,3
96567,1
96568,2
96569,3
96570,2
96571,2
96572,1
96573,0
96574,2
96575,1
96576,2
96577,3
96578,3
96579,2
96580,1
96581,3
96582,3
96583,2
96584,3
96585,3
96586,3
96587,1
96588,2
96589,2
96590,3
96591,3
96592,3
96593,3
96594,3
96595,2
96596,3
96597,3
96598,4
96599,0
96600,2
96601,3
96602,2
96603,3
96604,3
96605,2
96606,2
96607,2
96608,2
96609,3
96610,2
96611,2
96612,3
96613,1
96614,2
96615,3
96616,3
96617,3
96618,3
96619,3
96620,3
96621,2
96622,3
96623,3
96624,3
96625,3
96626,3
96627,3
96628,0
96629,2
96630,1
96631,2
96632,2
96633,3
96634,2
96635,2
96636,3
96637,3
96638,2
96639,2
96640,2
96641,3
96642,3
96643,3
96644,2
96645,2
96646,3
96647,2
96648,2
96649,3
96650,1
96651,1
96652,2
96653,2
96654,3
96655,3
96656,2
96657,3
96658,3
96659,2
96660,2
96661,2
96662,3
96663,2
96664,3
96665,2
96666,2
96667,3
96668,3
96669,2
96670,1
96671,3
96672,0
96673,2
96674,1
96675,1
96676,1
96677,1
96678,3
96679,3
96680,2
96681,3
96682,3
96683,2
96684,1
96685,2
96686,3
96687,3
96688,3
96689,3
96690,3
96691,2
96692,3
96693,2
96694,3
96695,3
96696,3
96697,3
96698,3
96699,3
96700,3
96701,3
96702,2
96703,2
96704,1
96705,2
96706,2
96707,2
96708,2
96709,0
96710,2
96711,2
96712,2
96713,1
96714,1
96715,1
96716,1
96717,3
96718,3
96719,3
96720,2
96721,3
96722,4
96723,2
96724,3
96725,3
96726,3
96727,3
96728,0
96729,3
96730,3
96731,3
96732,0
96733,3
96734,1
96735,3
96736,1
96737,1
96738,1
96739,1
96740,1
96741,2
96742,1
96743,3
96744,2
96745,2
96746,3
96747,2
96748,3
96749,2
96750,2
96751,3
96752,2
96753,0
96754,2
96755,3
96756,2
96757,2
96758,3
96759,3
96760,3
96761,3
96762,0
96763,3
96764,2
96765,3
96766,3
96767,2
96768,2
96769,2
96770,2
96771,2
96772,2
96773,3
96774,3
96775,2
96776,3
96777,2
96778,2
96779,1
96780,3
96781,1
96782,2
96783,2
96784,2
96785,3
96786,3
96787,2
96788,1
96789,3
96790,1
96791,2
96792,2
96793,2
96794,3
96795,2
96796,2
96797,2
96798,2
96799,3
96800,3
96801,1
96802,2
96803,3
96804,2
96805,2
96806,2
96807,2
96808,2
96809,2
96810,2
96811,2
96812,2
96813,2
96814,2
96815,2
96816,2
96817,3
96818,2
96819,2
96820,3
96821,3
96822,3
96823,2
96824,2
96825,3
96826,1
96827,3
96828,3
96829,2
96830,1
96831,2
96832,3
96833,3
96834,2
96835,3
96836,3
96837,1
96838,1
96839,2
96840,3
96841,1
96842,3
96843,3
96844,2
96845,2
96846,2
96847,2
96848,3
96849,3
96850,3
96851,0
96852,2
96853,2
96854,0
96855,2
96856,3
96857,2
96858,3
96859,3
96860,2
96861,3
96862,1
96863,3
96864,3
96865,3
96866,2
96867,3
96868,1
96869,2
96870,3
96871,3
96872,3
96873,0
96874,3
96875,0
96876,2
96877,2
96878,3
96879,3
96880,3
96881,3
96882,3
96883,3
96884,3
96885,1
96886,2
96887,2
96888,1
96889,2
96890,2
96891,0
96892,2
96893,3
96894,2
96895,2
96896,2
96897,2
96898,3
96899,2
96900,2
96901,2
96902,1
96903,2
96904,3
96905,3
96906,2
96907,2
96908,2
96909,2
96910,0
96911,2
96912,2
96913,3
96914,2
96915,3
96916,3
96917,2
96918,3
96919,3
96920,2
96921,3
96922,3
96923,3
96924,2
96925,3
96926,3
96927,3
96928,0
96929,0
96930,2
96931,3
96932,2
96933,2
96934,3
96935,2
96936,3
96937,3
96938,1
96939,2
96940,0
96941,2
96942,3
96943,3
96944,3
96945,3
96946,3
96947,2
96948,3
96949,3
96950,3
96951,3
96952,1
96953,2
96954,2
96955,3
96956,2
96957,2
96958,3
96959,3
96960,2
96961,2
96962,2
96963,2
96964,2
96965,2
96966,3
96967,2
96968,2
96969,3
96970,2
96971,3
96972,3
96973,1
96974,2
96975,3
96976,1
96977,3
96978,3
96979,3
96980,3
96981,3
96982,3
96983,3
96984,2
96985,2
96986,3
96987,3
96988,2
96989,2
96990,2
96991,2
96992,2
96993,3
96994,1
96995,3
96996,3
96997,3
96998,3
96999,3
97000,1
97001,2
97002,1
97003,1
97004,3
97005,1
97006,3
97007,3
97008,3
97009,3
97010,3
97011,3
97012,3
97013,3
97014,1
97015,3
97016,3
97017,1
97018,3
97019,1
97020,3
97021,3
97022,3
97023,3
97024,3
97025,1
97026,1
97027,3
97028,1
97029,3
97030,3
97031,2
97032,1
97033,3
97034,3
97035,1
97036,3
97037,3
97038,3
97039,3
97040,3
97041,2
97042,3
97043,3
97044,3
97045,3
97046,2
97047,3
97048,2
97049,1
97050,2
97051,1
97052,2
97053,2
97054,2
97055,3
97056,2
97057,2
97058,2
97059,1
97060,3
97061,0
97062,2
97063,0
97064,2
97065,2
97066,3
97067,3
97068,1
97069,2
97070,2
97071,2
97072,2
97073,2
97074,2
97075,2
97076,2
97077,1
97078,3
97079,2
97080,1
97081,3
97082,1
97083,2
97084,2
97085,2
97086,2
97087,3
97088,2
97089,2
97090,1
97091,2
97092,3
97093,2
97094,3
97095,2
97096,2
97097,3
97098,1
97099,2
97100,3
97101,2
97102,3
97103,3
97104,2
97105,2
97106,3
97107,3
97108,1
97109,0
97110,3
97111,1
97112,1
97113,3
97114,3
97115,3
97116,3
97117,3
97118,3
97119,3
97120,3
97121,3
97122,3
97123,1
97124,1
97125,1
97126,3
97127,3
97128,1
97129,2
97130,1
97131,1
97132,1
97133,1
97134,1
97135,1
97136,1
97137,3
97138,3
97139,3
97140,2
97141,2
97142,2
97143,1
97144,1
97145,2
97146,3
97147,3
97148,2
97149,1
97150,1
97151,2
97152,2
97153,2
97154,2
97155,0
97156,0
97157,0
97158,0
97159,0
97160,0
97161,0
97162,4
97163,2
97164,0
97165,0
97166,0
97167,0
97168,0
97169,0
97170,0
97171,0
97172,3
97173,2
97174,0
97175,0
97176,0
97177,0
97178,0
97179,0
97180,0
97181,0
97182,0
97183,2
97184,0
97185,2
97186,0
97187,0
97188,0
97189,0
97190,0
97191,0
97192,2
97193,0
97194,1
97195,1
97196,4
97197,1
97198,1
97199,1
97200,2
97201,1
97202,1
97203,1
97204,0
97205,0
97206,0
97207,3
97208,0
97209,1
97210,0
97211,1
97212,1
97213,1
97214,3
97215,3
97216,3
97217,3
97218,1
97219,4
97220,3
97221,0
97222,0
97223,3
97224,3
97225,0
97226,0
97227,3
97228,0
97229,0
97230,0
97231,0
97232,0
97233,0
97234,2
97235,1
97236,2
97237,2
97238,3
97239,3
97240,2
97241,2
97242,3
97243,0
97244,0
97245,0
97246,0
97247,0
97248,0
97249,2
97250,0
97251,2
97252,2
97253,0
97254,0
97255,0
97256,0
97257,0
97258,0
97259,0
97260,2
97261,0
97262,0
97263,0
97264,0
97265,3
97266,0
97267,0
97268,0
97269,0
97270,0
97271,0
97272,3
97273,3
97274,2
97275,2
97276,2
97277,0
97278,0
97279,0
97280,0
97281,0
97282,0
97283,0
97284,0
97285,3
97286,0
97287,0
97288,0
97289,0
97290,0
97291,0
97292,0
97293,0
97294,0
97295,0
97296,0
97297,0
97298,0
97299,0
97300,0
97301,0
97302,0
97303,0
97304,0
97305,0
97306,0
97307,0
97308,2
97309,0
97310,0
97311,0
97312,0
97313,0
97314,0
97315,0
97316,0
97317,0
97318,0
97319,0
97320,2
97321,0
97322,0
97323,0
97324,0
97325,0
97326,0
97327,0
97328,0
97329,0
97330,0
97331,0
97332,0
97333,0
97334,2
97335,2
97336,0
97337,2
97338,2
97339,3
97340,2
97341,3
97342,0
97343,0
97344,0
97345,0
97346,0
97347,2
97348,2
97349,2
97350,0
97351,0
97352,0
97353,3
97354,2
97355,2
97356,2
97357,2
97358,0
97359,0
97360,2
97361,3
97362,2
97363,2
97364,0
97365,2
97366,3
97367,2
97368,0
97369,0
97370,0
97371,0
97372,0
97373,0
97374,0
97375,0
97376,0
97377,3
97378,3
97379,3
97380,3
97381,2
97382,3
97383,3
97384,2
97385,2
97386,2
97387,3
97388,3
97389,3
97390,3
97391,2
97392,3
97393,2
97394,2
97395,2
97396,2
97397,1
97398,3
97399,1
97400,0
97401,1
97402,1
97403,1
97404,3
97405,2
97406,2
97407,1
97408,3
97409,2
97410,0
97411,0
97412,0
97413,1
97414,0
97415,1
97416,0
97417,0
97418,0
97419,0
97420,0
97421,0
97422,0
97423,1
97424,1
97425,1
97426,0
97427,0
97428,0
97429,2
97430,0
97431,2
97432,0
97433,0
97434,0
97435,1
97436,3
97437,1
97438,1
97439,1
97440,2
97441,2
97442,2
97443,2
97444,2
97445,2
97446,2
97447,1
97448,3
97449,1
97450,1
97451,2
97452,1
97453,1
97454,3
97455,3
97456,1
97457,1
97458,1
97459,3
97460,3
97461,3
97462,3
97463,3
97464,3
97465,3
97466,1
97467,2
97468,2
97469,1
97470,3
97471,1
97472,2
97473,2
97474,2
97475,3
97476,0
97477,0
97478,0
97479,3
97480,2
97481,2
97482,2
97483,3
97484,2
97485,3
97486,3
97487,1
97488,2
97489,1
97490,2
97491,1
97492,1
97493,1
97494,1
97495,2
97496,1
97497,1
97498,3
97499,3
97500,2
97501,2
97502,1
97503,2
97504,1
97505,1
97506,0
97507,2
97508,2
97509,1
97510,1
97511,1
97512,0
97513,1
97514,3
97515,1
97516,1
97517,1
97518,3
97519,2
97520,2
97521,3
97522,1
97523,1
97524,2
97525,2
97526,2
97527,0
97528,3
97529,3
97530,3
97531,0
97532,0
97533,0
97534,3
97535,2
97536,2
97537,0
97538,0
97539,0
97540,1
97541,0
97542,0
97543,0
97544,0
97545,0
97546,0
97547,0
97548,1
97549,0
97550,0
97551,0
97552,0
97553,0
97554,0
97555,1
97556,3
97557,1
97558,2
97559,2
97560,2
97561,1
97562,3
97563,2
97564,1
97565,2
97566,1
97567,0
97568,3
97569,0
97570,1
97571,3
97572,1
97573,2
97574,2
97575,2
97576,2
97577,3
97578,0
97579,2
97580,3
97581,1
97582,3
97583,3
97584,3
97585,2
97586,2
97587,2
97588,2
97589,2
97590,0
97591,2
97592,2
97593,1
97594,1
97595,3
97596,3
97597,3
97598,3
97599,1
97600,2
97601,2
97602,2
97603,3
97604,2
97605,2
97606,2
97607,2
97608,2
97609,2
97610,1
97611,1
97612,1
97613,2
97614,2
97615,2
97616,0
97617,2
97618,0
97619,2
97620,2
97621,2
97622,2
97623,2
97624,1
97625,2
97626,2
97627,0
97628,2
97629,0
97630,3
97631,2
97632,2
97633,3
97634,3
97635,2
97636,2
97637,3
97638,3
97639,3
97640,3
97641,0
97642,0
97643,3
97644,0
97645,0
97646,2
97647,2
97648,2
97649,2
97650,1
97651,3
97652,3
97653,1
97654,1
97655,1
97656,0
97657,1
97658,1
97659,1
97660,1
97661,1
97662,2
97663,3
97664,2
97665,3
97666,1
97667,0
97668,3
97669,3
97670,1
97671,1
97672,0
97673,3
97674,1
97675,2
97676,1
97677,3
97678,2
97679,2
97680,3
97681,3
97682,1
97683,3
97684,2
97685,2
97686,2
97687,2
97688,2
97689,2
97690,1
97691,1
97692,1
97693,3
97694,2
97695,1
97696,3
97697,3
97698,1
97699,3
97700,2
97701,2
97702,3
97703,2
97704,3
97705,2
97706,3
97707,3
97708,1
97709,1
97710,3
97711,1
97712,1
97713,1
97714,3
97715,2
97716,2
97717,3
97718,3
97719,2
97720,3
97721,3
97722,3
97723,3
97724,2
97725,2
97726,3
97727,2
97728,3
97729,3
97730,2
97731,2
97732,2
97733,2
97734,2
97735,2
97736,2
97737,2
97738,1
97739,2
97740,1
97741,3
97742,2
97743,2
97744,3
97745,3
97746,2
97747,2
97748,2
97749,2
97750,2
97751,3
97752,2
97753,2
97754,3
97755,3
97756,2
97757,2
97758,3
97759,2
97760,2
97761,2
97762,1
97763,1
97764,0
97765,2
97766,2
97767,3
97768,3
97769,2
97770,1
97771,2
97772,1
97773,1
97774,3
97775,1
97776,2
97777,1
97778,3
97779,1
97780,2
97781,3
97782,0
97783,3
97784,0
97785,1
97786,0
97787,0
97788,0
97789,0
97790,0
97791,0
97792,0
97793,0
97794,0
97795,0
97796,2
97797,0
97798,0
97799,1
97800,2
97801,2
97802,0
97803,0
97804,0
97805,0
97806,2
97807,3
97808,3
97809,2
97810,1
97811,1
97812,0
97813,3
97814,0
97815,3
97816,1
97817,1
97818,1
97819,2
97820,2
97821,1
97822,1
97823,1
97824,3
97825,1
97826,3
97827,1
97828,1
97829,1
97830,3
97831,3
97832,1
97833,1
97834,1
97835,1
97836,1
97837,1
97838,2
97839,2
97840,3
97841,2
97842,3
97843,2
97844,3
97845,3
97846,3
97847,1
97848,1
97849,2
97850,1
97851,2
97852,1
97853,1
97854,3
97855,2
97856,1
97857,3
97858,0
97859,2
97860,2
97861,2
97862,2
97863,2
97864,0
97865,3
97866,0
97867,1
97868,0
97869,2
97870,3
97871,2
97872,0
97873,2
97874,2
97875,3
97876,1
97877,1
97878,1
97879,1
97880,1
97881,1
97882,3
97883,2
97884,2
97885,3
97886,2
97887,0
97888,1
97889,0
97890,0
97891,0
97892,0
97893,0
97894,0
97895,1
97896,1
97897,2
97898,2
97899,2
97900,1
97901,1
97902,2
97903,1
97904,3
97905,1
97906,2
97907,0
97908,1
97909,1
97910,1
97911,3
97912,0
97913,2
97914,1
97915,1
97916,0
97917,1
97918,1
97919,2
97920,1
97921,1
97922,1
97923,3
97924,2
97925,1
97926,3
97927,1
97928,3
97929,3
97930,1
97931,2
97932,1
97933,3
97934,3
97935,1
97936,2
97937,3
97938,1
97939,3
97940,3
97941,3
97942,0
97943,1
97944,1
97945,1
97946,3
97947,2
97948,1
97949,1
97950,1
97951,2
97952,2
97953,2
97954,2
97955,3
97956,2
97957,2
97958,3
97959,3
97960,1
97961,1
97962,2
97963,2
97964,3
97965,3
97966,1
97967,1
97968,1
97969,1
97970,3
97971,1
97972,2
97973,3
97974,1
97975,2
97976,3
97977,2
97978,3
97979,2
97980,2
97981,1
97982,1
97983,1
97984,1
97985,1
97986,1
97987,1
97988,3
97989,1
97990,1
97991,1
97992,1
97993,1
97994,1
97995,3
97996,1
97997,1
97998,3
97999,1
98000,1
98001,2
98002,1
98003,1
98004,2
98005,2
98006,3
98007,1
98008,3
98009,3
98010,1
98011,3
98012,3
98013,1
98014,3
98015,2
98016,2
98017,2
98018,3
98019,3
98020,1
98021,3
98022,2
98023,2
98024,3
98025,3
98026,3
98027,3
98028,3
98029,1
98030,2
98031,0
98032,0
98033,2
98034,2
98035,2
98036,3
98037,2
98038,3
98039,2
98040,2
98041,2
98042,3
98043,3
98044,3
98045,2
98046,0
98047,2
98048,2
98049,4
98050,0
98051,0
98052,2
98053,2
98054,2
98055,2
98056,3
98057,3
98058,2
98059,2
98060,3
98061,2
98062,2
98063,3
98064,3
98065,2
98066,2
98067,3
98068,3
98069,0
98070,2
98071,3
98072,3
98073,0
98074,3
98075,3
98076,0
98077,3
98078,2
98079,2
98080,2
98081,3
98082,2
98083,3
98084,0
98085,2
98086,0
98087,0
98088,0
98089,0
98090,0
98091,3
98092,3
98093,3
98094,3
98095,3
98096,0
98097,2
98098,2
98099,2
98100,3
98101,3
98102,3
98103,3
98104,2
98105,2
98106,0
98107,3
98108,3
98109,0
98110,0
98111,0
98112,0
98113,2
98114,3
98115,3
98116,0
98117,0
98118,0
98119,0
98120,0
98121,0
98122,3
98123,0
98124,0
98125,0
98126,0
98127,0
98128,3
98129,3
98130,0
98131,2
98132,0
98133,3
98134,0
98135,2
98136,3
98137,0
98138,2
98139,0
98140,0
98141,0
98142,0
98143,0
98144,3
98145,0
98146,3
98147,2
98148,0
98149,2
98150,0
98151,2
98152,2
98153,0
98154,0
98155,2
98156,3
98157,3
98158,2
98159,2
98160,3
98161,3
98162,3
98163,2
98164,3
98165,3
98166,3
98167,2
98168,3
98169,2
98170,3
98171,0
98172,2
98173,2
98174,2
98175,2
98176,2
98177,2
98178,2
98179,2
98180,3
98181,3
98182,3
98183,3
98184,3
98185,3
98186,2
98187,2
98188,0
98189,2
98190,2
98191,2
98192,3
98193,2
98194,3
98195,2
98196,3
98197,2
98198,2
98199,3
98200,2
98201,3
98202,2
98203,2
98204,2
98205,2
98206,2
98207,2
98208,3
98209,2
98210,2
98211,2
98212,2
98213,2
98214,2
98215,2
98216,3
98217,2
98218,2
98219,3
98220,3
98221,3
98222,2
98223,2
98224,2
98225,3
98226,3
98227,3
98228,3
98229,3
98230,3
98231,2
98232,2
98233,2
98234,2
98235,2
98236,2
98237,2
98238,2
98239,2
98240,2
98241,2
98242,2
98243,2
98244,2
98245,2
98246,2
98247,3
98248,3
98249,3
98250,3
98251,1
98252,1
98253,3
98254,3
98255,3
98256,3
98257,2
98258,2
98259,2
98260,2
98261,2
98262,2
98263,3
98264,2
98265,3
98266,0
98267,3
98268,0
98269,3
98270,2
98271,3
98272,3
98273,2
98274,3
98275,2
98276,2
98277,0
98278,3
98279,3
98280,3
98281,2
98282,2
98283,2
98284,3
98285,3
98286,0
98287,2
98288,3
98289,3
98290,3
98291,3
98292,3
98293,3
98294,3
98295,3
98296,3
98297,3
98298,3
98299,3
98300,3
98301,0
98302,3
98303,2
98304,3
98305,3
98306,3
98307,0
98308,0
98309,3
98310,3
98311,0
98312,3
98313,3
98314,3
98315,0
98316,3
98317,3
98318,2
98319,3
98320,3
98321,2
98322,3
98323,3
98324,3
98325,3
98326,3
98327,3
98328,3
98329,3
98330,3
98331,3
98332,3
98333,2
98334,3
98335,3
98336,3
98337,3
98338,2
98339,2
98340,2
98341,3
98342,3
98343,3
98344,3
98345,3
98346,3
98347,3
98348,3
98349,2
98350,3
98351,3
98352,3
98353,3
98354,3
98355,2
98356,3
98357,3
98358,3
98359,3
98360,3
98361,2
98362,2
98363,2
98364,0
98365,0
98366,3
98367,3
98368,2
98369,3
98370,3
98371,3
98372,3
98373,3
98374,2
98375,2
98376,3
98377,2
98378,2
98379,0
98380,0
98381,3
98382,2
98383,3
98384,3
98385,2
98386,3
98387,2
98388,2
98389,3
98390,2
98391,3
98392,3
98393,0
98394,0
98395,0
98396,3
98397,3
98398,3
98399,3
98400,3
98401,3
98402,2
98403,3
98404,3
98405,3
98406,3
98407,3
98408,3
98409,3
98410,3
98411,3
98412,2
98413,3
98414,0
98415,3
98416,2
98417,3
98418,2
98419,3
98420,2
98421,2
98422,3
98423,3
98424,3
98425,3
98426,2
98427,3
98428,3
98429,3
98430,3
98431,0
98432,0
98433,0
98434,3
98435,3
98436,2
98437,3
98438,3
98439,3
98440,3
98441,3
98442,0
98443,3
98444,3
98445,3
98446,3
98447,3
98448,3
98449,3
98450,3
98451,3
98452,3
98453,3
98454,2
98455,3
98456,3
98457,3
98458,3
98459,3
98460,3
98461,3
98462,3
98463,3
98464,3
98465,3
98466,3
98467,3
98468,2
98469,2
98470,3
98471,3
98472,3
98473,2
98474,0
98475,3
98476,2
98477,3
98478,2
98479,2
98480,2
98481,2
98482,2
98483,2
98484,3
98485,3
98486,3
98487,3
98488,0
98489,3
98490,3
98491,3
98492,3
98493,3
98494,1
98495,3
98496,3
98497,3
98498,3
98499,3
98500,3
98501,3
98502,1
98503,3
98504,3
98505,3
98506,3
98507,3
98508,3
98509,3
98510,3
98511,2
98512,3
98513,3
98514,3
98515,3
98516,3
98517,3
98518,2
98519,2
98520,2
98521,3
98522,3
98523,3
98524,3
98525,3
98526,3
98527,2
98528,3
98529,3
98530,3
98531,3
98532,3
98533,3
98534,3
98535,3
98536,3
98537,3
98538,3
98539,2
98540,2
98541,2
98542,2
98543,3
98544,3
98545,2
98546,2
98547,2
98548,2
98549,3
98550,3
98551,0
98552,3
98553,3
98554,3
98555,3
98556,3
98557,2
98558,2
98559,2
98560,3
98561,3
98562,2
98563,2
98564,2
98565,3
98566,3
98567,3
98568,3
98569,3
98570,3
98571,3
98572,3
98573,3
98574,3
98575,2
98576,2
98577,3
98578,3
98579,3
98580,3
98581,3
98582,3
98583,2
98584,3
98585,3
98586,3
98587,3
98588,0
98589,3
98590,0
98591,2
98592,0
98593,3
98594,3
98595,1
98596,1
98597,2
98598,0
98599,2
98600,1
98601,3
98602,0
98603,0
98604,2
98605,2
98606,3
98607,2
98608,0
98609,0
98610,0
98611,3
98612,0
98613,2
98614,3
98615,2
98616,2
98617,0
98618,2
98619,1
98620,2
98621,0
98622,3
98623,0
98624,0
98625,3
98626,0
98627,1
98628,0
98629,3
98630,0
98631,0
98632,0
98633,2
98634,0
98635,0
98636,2
98637,0
98638,3
98639,3
98640,0
98641,0
98642,3
98643,0
98644,0
98645,0
98646,0
98647,0
98648,0
98649,0
98650,3
98651,2
98652,0
98653,0
98654,0
98655,0
98656,0
98657,0
98658,2
98659,2
98660,0
98661,3
98662,1
98663,1
98664,1
98665,3
98666,1
98667,1
98668,1
98669,3
98670,3
98671,3
98672,3
98673,2
98674,2
98675,2
98676,3
98677,1
98678,1
98679,1
98680,1
98681,1
98682,1
98683,0
98684,3
98685,3
98686,3
98687,3
98688,1
98689,3
98690,2
98691,3
98692,1
98693,2
98694,1
98695,3
98696,2
98697,1
98698,1
98699,0
98700,1
98701,0
98702,0
98703,0
98704,2
98705,2
98706,2
98707,1
98708,1
98709,1
98710,2
98711,3
98712,1
98713,2
98714,1
98715,1
98716,1
98717,3
98718,1
98719,3
98720,3
98721,3
98722,1
98723,3
98724,1
98725,3
98726,1
98727,1
98728,1
98729,1
98730,3
98731,1
98732,1
98733,1
98734,2
98735,1
98736,2
98737,1
98738,1
98739,3
98740,1
98741,1
98742,3
98743,3
98744,1
98745,2
98746,1
98747,1
98748,3
98749,2
98750,1
98751,3
98752,3
98753,0
98754,2
98755,0
98756,2
98757,2
98758,2
98759,1
98760,3
98761,0
98762,1
98763,1
98764,1
98765,2
98766,2
98767,2
98768,1
98769,1
98770,1
98771,2
98772,1
98773,1
98774,3
98775,2
98776,3
98777,3
98778,2
98779,2
98780,3
98781,3
98782,3
98783,1
98784,2
98785,2
98786,3
98787,3
98788,0
98789,2
98790,0
98791,0
98792,0
98793,0
98794,1
98795,1
98796,1
98797,1
98798,2
98799,1
98800,0
98801,0
98802,1
98803,1
98804,0
98805,0
98806,0
98807,0
98808,3
98809,1
98810,1
98811,2
98812,2
98813,1
98814,1
98815,1
98816,3
98817,0
98818,0
98819,0
98820,2
98821,0
98822,0
98823,1
98824,1
98825,2
98826,3
98827,0
98828,1
98829,0
98830,1
98831,2
98832,2
98833,1
98834,3
98835,1
98836,2
98837,3
98838,2
98839,0
98840,0
98841,0
98842,0
98843,3
98844,3
98845,3
98846,1
98847,1
98848,2
98849,0
98850,2
98851,2
98852,2
98853,2
98854,3
98855,0
98856,0
98857,0
98858,2
98859,0
98860,3
98861,0
98862,2
98863,1
98864,3
98865,3
98866,3
98867,1
98868,3
98869,1
98870,0
98871,2
98872,2
98873,0
98874,3
98875,3
98876,3
98877,0
98878,3
98879,3
98880,1
98881,3
98882,1
98883,1
98884,1
98885,2
98886,2
98887,1
98888,3
98889,3
98890,2
98891,3
98892,2
98893,1
98894,2
98895,3
98896,3
98897,3
98898,1
98899,1
98900,1
98901,1
98902,0
98903,0
98904,0
98905,0
98906,2
98907,1
98908,3
98909,1
98910,2
98911,2
98912,1
98913,3
98914,3
98915,0
98916,1
98917,3
98918,3
98919,2
98920,0
98921,2
98922,2
98923,1
98924,3
98925,2
98926,2
98927,2
98928,2
98929,2
98930,1
98931,1
98932,2
98933,2
98934,3
98935,1
98936,1
98937,0
98938,2
98939,3
98940,0
98941,3
98942,2
98943,3
98944,1
98945,1
98946,1
98947,0
98948,1
98949,1
98950,1
98951,1
98952,0
98953,2
98954,2
98955,2
98956,2
98957,3
98958,0
98959,2
98960,0
98961,0
98962,0
98963,0
98964,0
98965,0
98966,3
98967,1
98968,1
98969,1
98970,1
98971,0
98972,3
98973,0
98974,1
98975,1
98976,1
98977,3
98978,2
98979,3
98980,3
98981,2
98982,3
98983,1
98984,1
98985,2
98986,2
98987,0
98988,2
98989,2
98990,3
98991,1
98992,0
98993,2
98994,0
98995,3
98996,0
98997,3
98998,1
98999,1
99000,0
99001,0
99002,0
99003,1
99004,2
99005,2
99006,1
99007,1
99008,1
99009,1
99010,1
99011,1
99012,1
99013,1
99014,1
99015,1
99016,1
99017,1
99018,1
99019,3
99020,1
99021,1
99022,1
99023,3
99024,1
99025,3
99026,2
99027,3
99028,3
99029,1
99030,1
99031,1
99032,1
99033,0
99034,1
99035,1
99036,1
99037,3
99038,3
99039,1
99040,3
99041,2
99042,0
99043,2
99044,0
99045,0
99046,1
99047,1
99048,3
99049,1
99050,1
99051,0
99052,2
99053,1
99054,1
99055,2
99056,2
99057,2
99058,2
99059,2
99060,3
99061,2
99062,3
99063,0
99064,0
99065,0
99066,0
99067,0
99068,3
99069,0
99070,0
99071,1
99072,1
99073,2
99074,2
99075,2
99076,3
99077,1
99078,2
99079,2
99080,3
99081,0
99082,0
99083,0
99084,1
99085,0
99086,1
99087,0
99088,2
99089,2
99090,0
99091,2
99092,0
99093,2
99094,2
99095,3
99096,2
99097,1
99098,2
99099,2
99100,1
99101,1
99102,2
99103,3
99104,2
99105,1
99106,1
99107,0
99108,0
99109,3
99110,1
99111,3
99112,3
99113,3
99114,3
99115,0
99116,3
99117,3
99118,3
99119,3
99120,1
99121,1
99122,1
99123,3
99124,3
99125,2
99126,3
99127,3
99128,3
99129,3
99130,2
99131,3
99132,3
99133,3
99134,3
99135,2
99136,2
99137,1
99138,3
99139,1
99140,2
99141,2
99142,3
99143,3
99144,1
99145,1
99146,1
99147,1
99148,1
99149,1
99150,3
99151,3
99152,0
99153,1
99154,1
99155,1
99156,0
99157,1
99158,3
99159,1
99160,3
99161,1
99162,1
99163,3
99164,3
99165,2
99166,3
99167,3
99168,1
99169,3
99170,3
99171,1
99172,2
99173,2
99174,1
99175,3
99176,1
99177,1
99178,1
99179,2
99180,0
99181,0
99182,0
99183,0
99184,1
99185,0
99186,0
99187,0
99188,0
99189,0
99190,0
99191,0
99192,2
99193,1
99194,3
99195,1
99196,0
99197,0
99198,0
99199,0
99200,0
99201,0
99202,0
99203,0
99204,1
99205,0
99206,3
99207,2
99208,2
99209,1
99210,1
99211,1
99212,2
99213,0
99214,0
99215,0
99216,0
99217,0
99218,1
99219,0
99220,1
99221,1
99222,1
99223,0
99224,0
99225,0
99226,1
99227,3
99228,3
99229,0
99230,0
99231,0
99232,3
99233,3
99234,3
99235,3
99236,3
99237,2
99238,2
99239,2
99240,2
99241,2
99242,3
99243,1
99244,2
99245,2
99246,2
99247,0
99248,2
99249,2
99250,2
99251,3
99252,1
99253,2
99254,2
99255,2
99256,2
99257,2
99258,0
99259,0
99260,2
99261,2
99262,2
99263,2
99264,0
99265,2
99266,3
99267,0
99268,2
99269,0
99270,2
99271,0
99272,0
99273,0
99274,2
99275,2
99276,0
99277,0
99278,0
99279,0
99280,0
99281,0
99282,0
99283,0
99284,0
99285,2
99286,2
99287,2
99288,2
99289,2
99290,3
99291,0
99292,0
99293,2
99294,3
99295,2
99296,0
99297,0
99298,0
99299,0
99300,0
99301,0
99302,0
99303,0
99304,0
99305,0
99306,2
99307,0
99308,0
99309,0
99310,0
99311,0
99312,0
99313,0
99314,0
99315,0
99316,0
99317,2
99318,0
99319,0
99320,0
99321,2
99322,0
99323,0
99324,3
99325,2
99326,0
99327,0
99328,3
99329,0
99330,3
99331,1
99332,2
99333,3
99334,2
99335,2
99336,2
99337,2
99338,2
99339,1
99340,0
99341,0
99342,0
99343,1
99344,0
99345,0
99346,0
99347,0
99348,0
99349,0
99350,0
99351,0
99352,0
99353,0
99354,0
99355,0
99356,0
99357,0
99358,0
99359,2
99360,1
99361,2
99362,2
99363,2
99364,2
99365,2
99366,2
99367,2
99368,2
99369,1
99370,3
99371,1
99372,3
99373,2
99374,3
99375,0
99376,0
99377,2
99378,0
99379,3
99380,2
99381,0
99382,0
99383,0
99384,1
99385,3
99386,1
99387,0
99388,0
99389,0
99390,3
99391,0
99392,2
99393,0
99394,2
99395,2
99396,2
99397,2
99398,0
99399,2
99400,2
99401,1
99402,3
99403,2
99404,2
99405,2
99406,2
99407,2
99408,3
99409,2
99410,2
99411,2
99412,2
99413,3
99414,2
99415,2
99416,3
99417,0
99418,0
99419,2
99420,0
99421,3
99422,0
99423,2
99424,0
99425,0
99426,2
99427,2
99428,2
99429,0
99430,1
99431,3
99432,3
99433,1
99434,1
99435,1
99436,1
99437,1
99438,1
99439,3
99440,3
99441,2
99442,1
99443,1
99444,1
99445,1
99446,1
99447,1
99448,1
99449,2
99450,1
99451,1
99452,2
99453,2
99454,2
99455,2
99456,2
99457,2
99458,0
99459,2
99460,2
99461,2
99462,1
99463,3
99464,2
99465,2
99466,3
99467,0
99468,3
99469,0
99470,2
99471,3
99472,0
99473,0
99474,3
99475,2
99476,2
99477,3
99478,1
99479,1
99480,3
99481,2
99482,1
99483,2
99484,3
99485,2
99486,1
99487,1
99488,2
99489,1
99490,1
99491,1
99492,0
99493,3
99494,0
99495,0
99496,0
99497,3
99498,0
99499,0
99500,0
99501,0
99502,1
99503,1
99504,0
99505,0
99506,0
99507,1
99508,0
99509,0
99510,0
99511,0
99512,1
99513,2
99514,0
99515,0
99516,0
99517,0
99518,2
99519,1
99520,2
99521,2
99522,0
99523,0
99524,1
99525,1
99526,3
99527,2
99528,0
99529,0
99530,0
99531,1
99532,2
99533,2
99534,2
99535,3
99536,3
99537,3
99538,2
99539,0
99540,0
99541,0
99542,3
99543,2
99544,2
99545,2
99546,2
99547,2
99548,2
99549,2
99550,2
99551,2
99552,2
99553,2
99554,2
99555,2
99556,2
99557,2
99558,2
99559,2
99560,2
99561,2
99562,2
99563,3
99564,2
99565,3
99566,2
99567,0
99568,0
99569,0
99570,0
99571,0
99572,0
99573,0
99574,0
99575,0
99576,2
99577,3
99578,1
99579,2
99580,2
99581,0
99582,0
99583,0
99584,0
99585,0
99586,2
99587,0
99588,0
99589,0
99590,0
99591,0
99592,0
99593,0
99594,0
99595,0
99596,0
99597,0
99598,0
99599,0
99600,0
99601,0
99602,2
99603,0
99604,0
99605,0
99606,0
99607,2
99608,0
99609,2
99610,2
99611,0
99612,0
99613,0
99614,2
99615,2
99616,2
99617,0
99618,3
99619,1
99620,1
99621,1
99622,0
99623,0
99624,3
99625,0
99626,2
99627,2
99628,2
99629,3
99630,0
99631,0
99632,0
99633,2
99634,3
99635,0
99636,0
99637,2
99638,0
99639,3
99640,2
99641,0
99642,0
99643,0
99644,0
99645,0
99646,0
99647,0
99648,3
99649,3
99650,0
99651,0
99652,0
99653,2
99654,1
99655,3
99656,0
99657,2
99658,0
99659,0
99660,0
99661,0
99662,1
99663,0
99664,0
99665,0
99666,3
99667,3
99668,3
99669,1
99670,3
99671,2
99672,2
99673,2
99674,2
99675,2
99676,2
99677,2
99678,2
99679,3
99680,3
99681,0
99682,2
99683,0
99684,0
99685,0
99686,0
99687,0
99688,0
99689,0
99690,0
99691,0
99692,0
99693,2
99694,0
99695,0
99696,0
99697,0
99698,3
99699,0
99700,0
99701,3
99702,3
99703,2
99704,1
99705,3
99706,2
99707,0
99708,0
99709,0
99710,0
99711,0
99712,0
99713,1
99714,2
99715,0
99716,0
99717,0
99718,0
99719,0
99720,0
99721,0
99722,0
99723,0
99724,0
99725,0
99726,0
99727,2
99728,0
99729,1
99730,3
99731,2
99732,2
99733,2
99734,2
99735,2
99736,1
99737,2
99738,2
99739,2
99740,2
99741,2
99742,2
99743,1
99744,0
99745,0
99746,0
99747,0
99748,0
99749,0
99750,0
99751,2
99752,2
99753,0
99754,0
99755,1
99756,2
99757,0
99758,1
99759,3
99760,3
99761,3
99762,1
99763,1
99764,1
99765,2
99766,3
99767,1
99768,1
99769,1
99770,0
99771,2
99772,3
99773,0
99774,2
99775,0
99776,0
99777,0
99778,0
99779,0
99780,2
99781,0
99782,0
99783,0
99784,0
99785,0
99786,0
99787,0
99788,0
99789,0
99790,2
99791,2
99792,2
99793,2
99794,0
99795,0
99796,0
99797,0
99798,3
99799,0
99800,0
99801,0
99802,0
99803,0
99804,0
99805,0
99806,0
99807,0
99808,0
99809,0
99810,0
99811,0
99812,0
99813,0
99814,0
99815,0
99816,0
99817,0
99818,0
99819,0
99820,0
99821,0
99822,0
99823,0
99824,0
99825,0
99826,0
99827,0
99828,0
99829,0
99830,0
99831,0
99832,0
99833,0
99834,0
99835,0
99836,0
99837,0
99838,0
99839,0
99840,0
99841,0
99842,0
99843,0
99844,0
99845,0
99846,0
99847,0
99848,0
99849,0
99850,0
99851,0
99852,0
99853,0
99854,0
99855,0
99856,0
99857,0
99858,0
99859,0
99860,0
99861,0
99862,0
99863,0
99864,0
99865,0
99866,0
99867,0
99868,0
99869,0
99870,0
99871,0
99872,0
99873,0
99874,0
99875,0
99876,0
99877,0
99878,0
99879,0
99880,0
99881,0
99882,0
99883,0
99884,3
99885,0
99886,0
99887,0
99888,0
99889,0
99890,0
99891,0
99892,0
99893,0
99894,0
99895,0
99896,0
99897,0
99898,0
99899,0
99900,0
99901,0
99902,0
99903,0
99904,0
99905,0
99906,0
99907,0
99908,0
99909,0
99910,0
99911,0
99912,0
99913,0
99914,0
99915,0
99916,0
99917,0
99918,0
99919,0
99920,2
99921,1
99922,1
99923,0
99924,3
99925,0
99926,0
99927,0
99928,0
99929,0
99930,1
99931,1
99932,0
99933,0
99934,1
99935,3
99936,0
99937,0
99938,0
99939,0
99940,0
99941,0
99942,0
99943,0
99944,0
99945,0
99946,0
99947,0
99948,0
99949,0
99950,0
99951,0
99952,0
99953,0
99954,0
99955,0
99956,0
99957,1
99958,2
99959,0
99960,0
99961,0
99962,2
99963,0
99964,0
99965,2
99966,0
99967,0
99968,0
99969,0
99970,0
99971,0
99972,0
99973,0
99974,0
99975,0
99976,0
99977,0
99978,0
99979,0
99980,0
99981,0
99982,0
99983,0
99984,0
99985,2
99986,2
99987,0
99988,0
99989,0
99990,0
99991,0
99992,0
99993,0
99994,0
99995,0
99996,0
99997,0
99998,0
99999,0
100000,0
100001,0
100002,0
100003,0
100004,0
100005,0
100006,0
100007,0
100008,0
100009,0
100010,0
100011,0
100012,0
100013,1
100014,0
100015,0
100016,0
100017,0
100018,0
100019,0
100020,0
100021,0
100022,0
100023,0
100024,0
100025,0
100026,0
100027,0
100028,0
100029,0
100030,2
100031,0
100032,0
100033,0
100034,0
100035,0
100036,3
100037,2
100038,0
100039,0
100040,0
100041,0
100042,0
100043,0
100044,0
100045,0
100046,0
100047,0
100048,1
100049,1
100050,1
100051,3
100052,0
100053,0
100054,2
100055,0
100056,0
100057,0
100058,0
100059,0
100060,0
100061,0
100062,0
100063,0
100064,0
100065,0
100066,0
100067,0
100068,0
100069,0
100070,2
100071,0
100072,0
100073,0
100074,1
100075,3
100076,0
100077,0
100078,0
100079,0
100080,0
100081,0
100082,0
100083,0
100084,0
100085,0
100086,0
100087,0
100088,0
100089,0
100090,0
100091,2
100092,0
100093,0
100094,0
100095,0
100096,0
100097,0
100098,0
100099,0
100100,0
100101,0
100102,0
100103,2
100104,0
100105,0
100106,0
100107,0
100108,0
100109,0
100110,0
100111,0
100112,0
100113,0
100114,0
100115,0
100116,0
100117,0
100118,0
100119,0
100120,0
100121,0
100122,0
100123,0
100124,0
100125,0
100126,0
100127,0
100128,0
100129,0
100130,2
100131,0
100132,0
100133,0
100134,0
100135,0
100136,0
100137,0
100138,0
100139,0
100140,0
100141,0
100142,0
100143,0
100144,0
100145,0
100146,0
100147,0
100148,0
100149,0
100150,0
100151,0
100152,0
100153,0
100154,0
100155,0
100156,0
100157,0
100158,0
100159,0
100160,1
100161,3
100162,3
100163,0
100164,0
100165,0
100166,0
100167,0
100168,0
100169,3
100170,1
100171,0
100172,2
100173,0
100174,0
100175,0
100176,0
100177,0
100178,2
100179,0
100180,3
100181,3
100182,2
100183,3
100184,0
100185,0
100186,0
100187,0
100188,2
100189,0
100190,0
100191,0
100192,0
100193,0
100194,0
100195,0
100196,0
100197,0
100198,0
100199,0
100200,0
100201,0
100202,0
100203,0
100204,0
100205,0
100206,0
100207,0
100208,0
100209,2
100210,0
100211,2
100212,0
100213,0
100214,0
100215,0
100216,0
100217,0
100218,3
100219,0
100220,0
100221,0
100222,0
100223,0
100224,0
100225,0
100226,0
100227,0
100228,0
100229,2
100230,0
100231,0
100232,0
100233,0
100234,0
100235,0
100236,0
100237,0
100238,0
100239,0
100240,0
100241,0
100242,0
100243,0
100244,2
100245,0
100246,1
100247,0
100248,0
100249,0
100250,0
100251,0
100252,0
100253,0
100254,0
100255,0
100256,0
100257,2
100258,0
100259,0
100260,1
100261,1
100262,3
100263,1
100264,1
100265,0
100266,0
100267,0
100268,1
100269,0
100270,0
100271,0
100272,0
100273,0
100274,0
100275,0
100276,0
100277,0
100278,0
100279,0
100280,0
100281,0
100282,0
100283,0
100284,0
100285,0
100286,0
100287,0
100288,0
100289,0
100290,0
100291,0
100292,0
100293,0
100294,3
100295,0
100296,0
100297,0
100298,3
100299,2
100300,0
100301,0
100302,0
100303,0
100304,0
100305,0
100306,0
100307,0
100308,0
100309,0
100310,0
100311,0
100312,0
100313,0
100314,0
100315,0
100316,0
100317,0
100318,0
100319,0
100320,1
100321,0
100322,0
100323,0
100324,0
100325,0
100326,0
100327,3
100328,2
100329,1
100330,1
100331,1
100332,2
100333,2
100334,0
100335,0
100336,0
100337,0
100338,0
100339,0
100340,1
100341,1
100342,0
100343,2
100344,1
100345,1
100346,0
100347,1
100348,0
100349,0
100350,0
100351,2
100352,1
100353,0
100354,0
100355,1
100356,1
100357,2
100358,0
100359,3
100360,3
100361,2
100362,3
100363,2
100364,3
100365,1
100366,0
100367,0
100368,0
100369,0
100370,0
100371,0
100372,0
100373,0
100374,0
100375,0
100376,0
100377,0
100378,0
100379,0
100380,0
100381,0
100382,0
100383,0
100384,0
100385,0
100386,0
100387,0
100388,0
100389,0
100390,0
100391,0
100392,0
100393,2
100394,0
100395,2
100396,2
100397,0
100398,0
100399,0
100400,0
100401,3
100402,0
100403,2
100404,3
100405,1
100406,1
100407,1
100408,1
100409,0
100410,0
100411,1
100412,1
100413,0
100414,0
100415,1
100416,1
100417,0
100418,0
100419,0
100420,0
100421,0
100422,0
100423,0
100424,0
100425,0
100426,0
100427,0
100428,0
100429,0
100430,0
100431,0
100432,0
100433,0
100434,0
100435,0
100436,0
100437,0
100438,3
100439,0
100440,0
100441,0
100442,2
100443,0
100444,0
100445,0
100446,0
100447,0
100448,0
100449,0
100450,1
100451,1
100452,1
100453,0
100454,2
100455,1
100456,2
100457,2
100458,2
100459,2
100460,3
100461,2
100462,2
100463,1
100464,2
100465,0
100466,0
100467,3
100468,1
100469,0
100470,2
100471,1
100472,1
100473,0
100474,0
100475,0
100476,0
100477,0
100478,0
100479,0
100480,0
100481,0
100482,0
100483,1
100484,2
100485,1
100486,1
100487,2
100488,2
100489,0
100490,0
100491,2
100492,1
100493,1
100494,1
100495,3
100496,2
100497,3
100498,1
100499,0
100500,0
100501,0
100502,0
100503,0
100504,1
100505,1
100506,1
100507,1
100508,1
100509,0
100510,0
100511,2
100512,2
100513,1
100514,1
100515,0
100516,0
100517,2
100518,0
100519,1
100520,0
100521,0
100522,0
100523,0
100524,0
100525,0
100526,0
100527,0
100528,0
100529,1
100530,0
100531,0
100532,0
100533,0
100534,0
100535,2
100536,0
100537,2
100538,0
100539,0
100540,0
100541,0
100542,0
100543,0
100544,0
100545,0
100546,0
100547,0
100548,0
100549,0
100550,0
100551,0
100552,0
100553,0
100554,0
100555,0
100556,0
100557,0
100558,0
100559,0
100560,0
100561,0
100562,3
100563,0
100564,0
100565,0
100566,0
100567,0
100568,0
100569,0
100570,0
100571,0
100572,0
100573,0
100574,0
100575,0
100576,0
100577,0
100578,0
100579,0
100580,0
100581,1
100582,0
100583,0
100584,3
100585,0
100586,0
100587,0
100588,0
100589,0
100590,0
100591,0
100592,0
100593,0
100594,0
100595,0
100596,0
100597,0
100598,0
100599,0
100600,0
100601,0
100602,1
100603,0
100604,0
100605,0
100606,0
100607,0
100608,0
100609,0
100610,0
100611,0
100612,0
100613,0
100614,0
100615,0
100616,0
100617,0
100618,0
100619,0
100620,0
100621,0
100622,0
100623,1
100624,1
100625,0
100626,0
100627,0
100628,0
100629,0
100630,0
100631,2
100632,0
100633,0
100634,0
100635,0
100636,0
100637,0
100638,0
100639,0
100640,0
100641,0
100642,0
100643,0
100644,0
100645,0
100646,0
100647,0
100648,0
100649,0
100650,0
100651,1
100652,0
100653,1
100654,0
100655,2
100656,0
100657,0
100658,0
100659,0
100660,0
100661,0
100662,0
100663,0
100664,0
100665,0
100666,0
100667,0
100668,0
100669,0
100670,1
100671,1
100672,2
100673,2
100674,2
100675,1
100676,2
100677,2
100678,0
100679,0
100680,0
100681,0
100682,0
100683,0
100684,2
100685,0
100686,2
100687,2
100688,2
100689,1
100690,2
100691,0
100692,0
100693,0
100694,0
100695,0
100696,2
100697,0
100698,0
100699,0
100700,3
100701,0
100702,0
100703,2
100704,0
100705,0
100706,0
100707,0
100708,0
100709,0
100710,2
100711,0
100712,1
100713,0
100714,0
100715,0
100716,0
100717,0
100718,0
100719,0
100720,0
100721,0
100722,0
100723,0
100724,0
100725,0
100726,0
100727,0
100728,0
100729,0
100730,0
100731,0
100732,0
100733,0
100734,0
100735,0
100736,0
100737,0
100738,0
100739,0
100740,0
100741,0
100742,0
100743,0
100744,0
100745,0
100746,0
100747,0
100748,0
100749,0
100750,1
100751,1
100752,3
100753,3
100754,2
100755,2
100756,2
100757,2
100758,3
100759,2
100760,2
100761,2
100762,3
100763,1
100764,2
100765,2
100766,2
100767,0
100768,1
100769,2
100770,2
100771,2
100772,2
100773,2
100774,3
100775,3
100776,2
100777,1
100778,1
100779,1
100780,1
100781,1
100782,1
100783,0
100784,0
100785,1
100786,0
100787,0
100788,0
100789,0
100790,0
100791,0
100792,0
100793,0
100794,0
100795,0
100796,1
100797,1
100798,1
100799,0
100800,2
100801,1
100802,0
100803,0
100804,0
100805,3
100806,0
100807,3
100808,3
100809,1
100810,1
100811,1
100812,1
100813,1
100814,3
100815,2
100816,1
100817,1
100818,3
100819,0
100820,1
100821,1
100822,1
100823,0
100824,0
100825,0
100826,0
100827,0
100828,0
100829,0
100830,0
100831,0
100832,0
100833,0
100834,0
100835,0
100836,0
100837,0
100838,0
100839,0
100840,0
100841,0
100842,0
100843,1
100844,0
100845,1
100846,0
100847,0
100848,0
100849,0
100850,0
100851,0
100852,2
100853,0
100854,0
100855,0
100856,0
100857,0
100858,0
100859,0
100860,0
100861,0
100862,0
100863,0
100864,0
100865,0
100866,0
100867,0
100868,0
100869,0
100870,0
100871,0
100872,0
100873,0
100874,0
100875,0
100876,0
100877,0
100878,0
100879,0
100880,0
100881,0
100882,0
100883,0
100884,0
100885,0
100886,0
100887,0
100888,0
100889,0
100890,0
100891,0
100892,0
100893,0
100894,0
100895,0
100896,0
100897,0
100898,0
100899,0
100900,0
100901,0
100902,0
100903,0
100904,0
100905,0
100906,1
100907,1
100908,2
100909,1
100910,0
100911,0
100912,0
100913,0
100914,0
100915,0
100916,0
100917,0
100918,0
100919,0
100920,0
100921,0
100922,0
100923,0
100924,2
100925,0
100926,0
100927,0
100928,0
100929,0
100930,0
100931,0
100932,0
100933,0
100934,0
100935,0
100936,0
100937,0
100938,0
100939,0
100940,0
100941,0
100942,0
100943,0
100944,0
100945,0
100946,0
100947,0
100948,0
100949,0
100950,0
100951,0
100952,0
100953,0
100954,0
100955,0
100956,0
100957,0
100958,0
100959,0
100960,0
100961,0
100962,0
100963,0
100964,0
100965,1
100966,0
100967,2
100968,0
100969,0
100970,0
100971,0
100972,0
100973,1
100974,1
100975,3
100976,3
100977,1
100978,1
100979,1
100980,3
100981,2
100982,1
100983,1
100984,1
100985,3
100986,1
100987,3
100988,2
100989,2
100990,2
100991,2
100992,2
100993,2
100994,2
100995,2
100996,2
100997,2
100998,1
100999,2
101000,3
101001,2
101002,1
101003,3
101004,2
101005,3
101006,2
101007,2
101008,2
101009,2
101010,1
101011,2
101012,3
101013,0
101014,2
101015,0
101016,2
101017,2
101018,2
101019,3
101020,2
101021,2
101022,2
101023,2
101024,2
101025,3
101026,2
101027,3
101028,2
101029,2
101030,2
101031,2
101032,2
101033,1
101034,2
101035,1
101036,1
101037,2
101038,0
101039,2
101040,2
101041,2
101042,2
101043,2
101044,2
101045,1
101046,1
101047,1
101048,1
101049,2
101050,0
101051,1
101052,2
101053,3
101054,1
101055,3
101056,0
101057,2
101058,2
101059,2
101060,2
101061,3
101062,2
101063,2
101064,2
101065,3
101066,1
101067,2
101068,2
101069,0
101070,0
101071,0
101072,0
101073,0
101074,0
101075,0
101076,0
101077,0
101078,0
101079,0
101080,2
101081,0
101082,2
101083,2
101084,0
101085,0
101086,0
101087,0
101088,0
101089,0
101090,0
101091,0
101092,0
101093,0
101094,2
101095,0
101096,2
101097,3
101098,2
101099,3
101100,2
101101,3
101102,3
101103,3
101104,3
101105,1
101106,1
101107,3
101108,3
101109,3
101110,3
101111,2
101112,2
101113,2
101114,3
101115,3
101116,3
101117,1
101118,2
101119,3
101120,3
101121,0
101122,3
101123,3
101124,2
101125,3
101126,3
101127,3
101128,3
101129,0
101130,1
101131,1
101132,1
101133,1
101134,3
101135,1
101136,3
101137,1
101138,1
101139,1
101140,1
101141,1
101142,2
101143,3
101144,2
101145,1
101146,2
101147,1
101148,1
101149,1
101150,1
101151,1
101152,1
101153,2
101154,1
101155,1
101156,1
101157,1
101158,2
101159,1
101160,1
101161,1
101162,1
101163,1
101164,3
101165,1
101166,1
101167,1
101168,2
101169,1
101170,3
101171,1
101172,3
101173,1
101174,0
101175,1
101176,1
101177,1
101178,1
101179,2
101180,4
101181,3
101182,1
101183,0
101184,1
101185,1
101186,1
101187,1
101188,3
101189,1
101190,1
101191,1
101192,0
101193,1
101194,1
101195,1
101196,1
101197,1
101198,1
101199,1
101200,1
101201,1
101202,2
101203,1
101204,1
101205,1
101206,1
101207,1
101208,1
101209,1
101210,3
101211,1
101212,1
101213,1
101214,1
101215,1
101216,1
101217,1
101218,2
101219,1
101220,1
101221,1
101222,2
101223,1
101224,2
101225,1
101226,1
101227,1
101228,1
101229,1
101230,1
101231,1
101232,1
101233,1
101234,1
101235,4
101236,2
101237,4
101238,1
101239,3
101240,1
101241,3
101242,4
101243,2
101244,1
101245,1
101246,2
101247,0
101248,2
101249,1
101250,1
101251,1
101252,1
101253,2
101254,1
101255,1
101256,2
101257,1
101258,1
101259,1
101260,2
101261,2
101262,0
101263,1
101264,1
101265,2
101266,1
101267,2
101268,2
101269,1
101270,0
101271,1
101272,2
101273,1
101274,1
101275,1
101276,4
101277,1
101278,1
101279,1
101280,1
101281,3
101282,4
101283,1
101284,1
101285,3
101286,0
101287,0
101288,1
101289,1
101290,1
101291,1
101292,1
101293,1
101294,0
101295,0
101296,1
101297,1
101298,1
101299,0
101300,0
101301,3
101302,0
101303,1
101304,1
101305,1
101306,3
101307,1
101308,1
101309,0
101310,2
101311,1
101312,1
101313,3
101314,0
101315,1
101316,1
101317,1
101318,0
101319,3
101320,2
101321,2
101322,4
101323,2
101324,1
101325,4
101326,1
101327,1
101328,2
101329,1
101330,1
101331,2
101332,1
101333,1
101334,4
101335,0
101336,0
101337,0
101338,4
101339,1
101340,1
101341,1
101342,4
101343,0
101344,1
101345,0
101346,0
101347,2
101348,1
101349,1
101350,1
101351,3
101352,4
101353,1
101354,1
101355,1
101356,4
101357,1
101358,1
101359,1
101360,4
101361,4
101362,4
101363,1
101364,4
101365,4
101366,1
101367,1
101368,1
101369,1
101370,4
101371,1
101372,1
101373,1
101374,1
101375,4
101376,1
101377,1
101378,1
101379,1
101380,1
101381,0
101382,2
101383,1
101384,1
101385,4
101386,4
101387,1
101388,1
101389,4
101390,1
101391,1
101392,1
101393,2
101394,1
101395,1
101396,0
101397,0
101398,1
101399,4
101400,4
101401,1
101402,2
101403,0
101404,0
101405,1
101406,2
101407,2
101408,1
101409,1
101410,4
101411,1
101412,1
101413,4
101414,4
101415,1
101416,1
101417,1
101418,1
101419,1
101420,1
101421,4
101422,1
101423,4
101424,1
101425,1
101426,0
101427,1
101428,1
101429,1
101430,0
101431,1
101432,1
101433,1
101434,1
101435,1
101436,0
101437,1
101438,1
101439,1
101440,1
101441,1
101442,1
101443,1
101444,1
101445,1
101446,3
101447,1
101448,3
101449,2
101450,1
101451,2
101452,1
101453,0
101454,3
101455,3
101456,1
101457,0
101458,4
101459,4
101460,1
101461,4
101462,1
101463,4
101464,1
101465,1
101466,4
101467,1
101468,4
101469,4
101470,4
101471,4
101472,0
101473,1
101474,4
101475,1
101476,1
101477,1
101478,1
101479,1
101480,1
101481,1
101482,4
101483,4
101484,1
101485,3
101486,1
101487,2
101488,0
101489,1
101490,4
101491,1
101492,1
101493,2
101494,4
101495,1
101496,2
101497,2
101498,0
101499,2
101500,0
101501,1
101502,1
101503,2
101504,0
101505,1
101506,3
101507,1
101508,2
101509,2
101510,1
101511,1
101512,1
101513,4
101514,1
101515,2
101516,3
101517,1
101518,3
101519,1
101520,2
101521,1
101522,2
101523,0
101524,0
101525,1
101526,1
101527,2
101528,0
101529,1
101530,2
101531,1
101532,1
101533,4
101534,1
101535,1
101536,1
101537,1
101538,1
101539,1
101540,2
101541,2
101542,1
101543,0
101544,4
101545,4
101546,1
101547,1
101548,1
101549,1
101550,4
101551,4
101552,1
101553,1
101554,4
101555,4
101556,1
101557,4
101558,4
101559,1
101560,1
101561,1
101562,1
101563,1
101564,1
101565,4
101566,1
101567,1
101568,1
101569,1
101570,1
101571,2
101572,1
101573,1
101574,0
101575,1
101576,0
101577,1
101578,1
101579,1
101580,0
101581,3
101582,1
101583,1
101584,4
101585,4
101586,4
101587,2
101588,1
101589,2
101590,1
101591,1
101592,3
101593,1
101594,1
101595,1
101596,1
101597,1
101598,1
101599,2
101600,2
101601,2
101602,1
101603,1
101604,3
101605,3
101606,1
101607,1
101608,1
101609,1
101610,1
101611,3
101612,3
101613,1
101614,1
101615,1
101616,1
101617,1
101618,1
101619,4
101620,1
101621,2
101622,4
101623,4
101624,1
101625,4
101626,4
101627,2
101628,1
101629,1
101630,4
101631,4
101632,1
101633,2
101634,1
101635,1
101636,1
101637,1
101638,1
101639,3
101640,1
101641,3
101642,1
101643,4
101644,3
101645,1
101646,1
101647,1
101648,0
101649,3
101650,1
101651,4
101652,4
101653,1
101654,0
101655,1
101656,4
101657,3
101658,1
101659,1
101660,1
101661,1
101662,4
101663,2
101664,1
101665,1
101666,3
101667,1
101668,1
101669,1
101670,1
101671,1
101672,1
101673,1
101674,2
101675,1
101676,2
101677,2
101678,2
101679,0
101680,4
101681,0
101682,1
101683,2
101684,1
101685,2
101686,1
101687,1
101688,1
101689,1
101690,1
101691,1
101692,2
101693,2
101694,3
101695,3
101696,3
101697,4
101698,1
101699,4
101700,0
101701,1
101702,1
101703,1
101704,4
101705,4
101706,0
101707,4
101708,2
101709,0
101710,2
101711,1
101712,1
101713,0
101714,4
101715,2
101716,1
101717,1
101718,1
101719,2
101720,3
101721,3
101722,0
101723,0
101724,0
101725,1
101726,1
101727,1
101728,1
101729,4
101730,2
101731,4
101732,1
101733,0
101734,1
101735,1
101736,1
101737,1
101738,2
101739,2
101740,1
101741,1
101742,2
101743,1
101744,4
101745,2
101746,4
101747,1
101748,1
101749,2
101750,2
101751,2
101752,2
101753,2
101754,1
101755,1
101756,3
101757,3
101758,1
101759,2
101760,2
101761,4
101762,1
101763,0
101764,2
101765,1
101766,2
101767,0
101768,2
101769,1
101770,1
101771,2
101772,2
101773,3
101774,2
101775,1
101776,4
101777,0
101778,0
101779,2
101780,4
101781,1
101782,3
101783,1
101784,2
101785,1
101786,1
101787,1
101788,1
101789,1
101790,1
101791,4
101792,1
101793,1
101794,4
101795,1
101796,1
101797,1
101798,4
101799,1
101800,1
101801,1
101802,2
101803,1
101804,1
101805,1
101806,1
101807,1
101808,1
101809,1
101810,1
101811,1
101812,1
101813,1
101814,1
101815,1
101816,1
101817,1
101818,1
101819,1
101820,0
101821,1
101822,1
101823,1
101824,1
101825,0
101826,1
101827,1
101828,1
101829,1
101830,1
101831,1
101832,4
101833,2
101834,3
101835,2
101836,1
101837,1
101838,2
101839,3
101840,0
101841,2
101842,2
101843,2
101844,2
101845,2
101846,3
101847,2
101848,2
101849,2
101850,2
101851,2
101852,0
101853,2
101854,1
101855,2
101856,2
101857,2
101858,2
101859,3
101860,2
101861,2
101862,2
101863,2
101864,2
101865,2
101866,3
101867,2
101868,2
101869,2
101870,2
101871,1
101872,2
101873,2
101874,2
101875,2
101876,2
101877,2
101878,2
101879,1
101880,2
101881,2
101882,1
101883,1
101884,2
101885,1
101886,2
101887,2
101888,2
101889,2
101890,2
101891,2
101892,2
101893,2
101894,2
101895,2
101896,2
101897,2
101898,1
101899,2
101900,2
101901,2
101902,2
101903,2
101904,2
101905,2
101906,2
101907,2
101908,2
101909,2
101910,2
101911,1
101912,2
101913,2
101914,2
101915,2
101916,2
101917,1
101918,2
101919,2
101920,2
101921,1
101922,2
101923,2
101924,2
101925,2
101926,1
101927,1
101928,2
101929,2
101930,2
101931,2
101932,2
101933,1
101934,1
101935,2
101936,2
101937,1
101938,0
101939,2
101940,1
101941,2
101942,2
101943,2
101944,2
101945,2
101946,2
101947,2
101948,2
101949,1
101950,2
101951,2
101952,2
101953,2
101954,2
101955,2
101956,2
101957,2
101958,2
101959,2
101960,2
101961,1
101962,2
101963,3
101964,2
101965,2
101966,2
101967,2
101968,2
101969,2
101970,2
101971,2
101972,2
101973,0
101974,2
101975,2
101976,2
101977,2
101978,3
101979,2
101980,2
101981,0
101982,2
101983,2
101984,2
101985,2
101986,2
101987,2
101988,2
101989,2
101990,2
101991,2
101992,2
101993,2
101994,2
101995,2
101996,0
101997,2
101998,2
101999,2
102000,1
102001,2
102002,2
102003,2
102004,2
102005,1
102006,2
102007,2
102008,0
102009,3
102010,2
102011,2
102012,2
102013,2
102014,2
102015,2
102016,2
102017,2
102018,2
102019,0
102020,0
102021,0
102022,2
102023,2
102024,1
102025,2
102026,1
102027,2
102028,2
102029,2
102030,2
102031,2
102032,2
102033,2
102034,2
102035,2
102036,2
102037,2
102038,2
102039,2
102040,2
102041,2
102042,2
102043,2
102044,2
102045,2
102046,2
102047,2
102048,2
102049,2
102050,2
102051,2
102052,0
102053,2
102054,2
102055,2
102056,2
102057,2
102058,2
102059,2
102060,2
102061,2
102062,2
102063,2
102064,2
102065,2
102066,2
102067,0
102068,2
102069,2
102070,0
102071,2
102072,2
102073,2
102074,2
102075,2
102076,2
102077,0
102078,2
102079,3
102080,2
102081,2
102082,2
102083,2
102084,2
102085,2
102086,2
102087,2
102088,2
102089,2
102090,2
102091,2
102092,2
102093,2
102094,0
102095,2
102096,2
102097,2
102098,2
102099,3
102100,3
102101,2
102102,2
102103,2
102104,3
102105,2
102106,2
102107,2
102108,2
102109,2
102110,2
102111,2
102112,2
102113,3
102114,2
102115,2
102116,2
102117,2
102118,0
102119,1
102120,2
102121,2
102122,0
102123,2
102124,0
102125,2
102126,2
102127,2
102128,2
102129,2
102130,2
102131,2
102132,2
102133,1
102134,1
102135,2
102136,2
102137,1
102138,2
102139,2
102140,2
102141,2
102142,3
102143,3
102144,2
102145,2
102146,2
102147,2
102148,2
102149,2
102150,2
102151,2
102152,2
102153,2
102154,2
102155,2
102156,2
102157,2
102158,2
102159,2
102160,2
102161,2
102162,1
102163,2
102164,2
102165,2
102166,2
102167,2
102168,2
102169,2
102170,2
102171,2
102172,2
102173,2
102174,2
102175,2
102176,2
102177,1
102178,2
102179,2
102180,2
102181,2
102182,2
102183,2
102184,2
102185,2
102186,2
102187,2
102188,2
102189,0
102190,2
102191,2
102192,2
102193,2
102194,2
102195,2
102196,0
102197,2
102198,2
102199,2
102200,1
102201,3
102202,3
102203,2
102204,2
102205,2
102206,2
102207,2
102208,3
102209,2
102210,3
102211,1
102212,3
102213,1
102214,1
102215,1
102216,2
102217,1
102218,2
102219,2
102220,2
102221,0
102222,0
102223,0
102224,0
102225,0
102226,2
102227,1
102228,0
102229,0
102230,2
102231,2
102232,2
102233,1
102234,1
102235,2
102236,3
102237,1
102238,1
102239,1
102240,1
102241,2
102242,2
102243,2
102244,2
102245,2
102246,2
102247,2
102248,2
102249,2
102250,2
102251,2
102252,1
102253,2
102254,2
102255,1
102256,1
102257,2
102258,2
102259,3
102260,2
102261,1
102262,2
102263,1
102264,2
102265,1
102266,2
102267,1
102268,2
102269,1
102270,3
102271,1
102272,3
102273,2
102274,2
102275,2
102276,2
102277,2
102278,2
102279,1
102280,1
102281,3
102282,3
102283,0
102284,2
102285,1
102286,0
102287,0
102288,2
102289,0
102290,3
102291,1
102292,1
102293,0
102294,3
102295,1
102296,2
102297,2
102298,2
102299,1
102300,2
102301,2
102302,0
102303,3
102304,2
102305,2
102306,1
102307,2
102308,2
102309,2
102310,2
102311,2
102312,2
102313,2
102314,2
102315,2
102316,2
102317,2
102318,2
102319,2
102320,1
102321,2
102322,2
102323,1
102324,2
102325,2
102326,2
102327,0
102328,2
102329,4
102330,2
102331,2
102332,2
102333,2
102334,2
102335,2
102336,2
102337,2
102338,2
102339,3
102340,3
102341,2
102342,2
102343,2
102344,2
102345,0
102346,2
102347,2
102348,0
102349,2
102350,2
102351,2
102352,0
102353,2
102354,2
102355,2
102356,2
102357,2
102358,2
102359,0
102360,2
102361,2
102362,2
102363,1
102364,2
102365,2
102366,2
102367,3
102368,2
102369,2
102370,2
102371,3
102372,2
102373,2
102374,2
102375,2
102376,3
102377,3
102378,2
102379,2
102380,2
102381,2
102382,2
102383,2
102384,2
102385,2
102386,2
102387,2
102388,2
102389,0
102390,2
102391,2
102392,2
102393,2
102394,2
102395,2
102396,2
102397,2
102398,2
102399,2
102400,0
102401,2
102402,0
102403,2
102404,2
102405,3
102406,3
102407,2
102408,2
102409,3
102410,1
102411,2
102412,2
102413,3
102414,2
102415,3
102416,2
102417,2
102418,2
102419,2
102420,2
102421,3
102422,2
102423,1
102424,1
102425,2
102426,1
102427,1
102428,2
102429,1
102430,2
102431,1
102432,3
102433,0
102434,2
102435,2
102436,3
102437,1
102438,2
102439,2
102440,3
102441,1
102442,1
102443,2
102444,2
102445,2
102446,2
102447,2
102448,2
102449,2
102450,2
102451,2
102452,2
102453,2
102454,2
102455,2
102456,2
102457,1
102458,0
102459,2
102460,2
102461,2
102462,2
102463,2
102464,2
102465,2
102466,2
102467,2
102468,2
102469,2
102470,2
102471,2
102472,2
102473,2
102474,2
102475,2
102476,2
102477,2
102478,2
102479,2
102480,2
102481,2
102482,2
102483,1
102484,2
102485,1
102486,1
102487,1
102488,3
102489,2
102490,1
102491,1
102492,1
102493,2
102494,1
102495,1
102496,1
102497,1
102498,1
102499,2
102500,1
102501,2
102502,2
102503,1
102504,2
102505,1
102506,1
102507,1
102508,0
102509,2
102510,2
102511,1
102512,2
102513,2
102514,2
102515,1
102516,2
102517,2
102518,1
102519,1
102520,2
102521,1
102522,1
102523,1
102524,2
102525,1
102526,2
102527,2
102528,1
102529,2
102530,2
102531,2
102532,2
102533,2
102534,2
102535,1
102536,1
102537,1
102538,2
102539,2
102540,3
102541,1
102542,2
102543,2
102544,2
102545,2
102546,1
102547,1
102548,1
102549,2
102550,2
102551,2
102552,1
102553,3
102554,2
102555,1
102556,2
102557,2
102558,2
102559,2
102560,1
102561,2
102562,2
102563,2
102564,2
102565,2
102566,2
102567,2
102568,2
102569,2
102570,1
102571,1
102572,1
102573,2
102574,2
102575,2
102576,2
102577,2
102578,2
102579,2
102580,2
102581,2
102582,2
102583,2
102584,2
102585,2
102586,2
102587,2
102588,2
102589,2
102590,2
102591,2
102592,2
102593,1
102594,1
102595,2
102596,3
102597,2
102598,2
102599,2
102600,3
102601,3
102602,2
102603,2
102604,2
102605,2
102606,2
102607,2
102608,2
102609,2
102610,2
102611,2
102612,2
102613,2
102614,2
102615,3
102616,2
102617,2
102618,3
102619,2
102620,2
102621,3
102622,2
102623,3
102624,2
102625,2
102626,2
102627,2
102628,2
102629,1
102630,2
102631,2
102632,1
102633,2
102634,2
102635,2
102636,1
102637,2
102638,1
102639,1
102640,2
102641,1
102642,3
102643,1
102644,3
102645,2
102646,2
102647,2
102648,2
102649,3
102650,2
102651,2
102652,2
102653,2
102654,1
102655,3
102656,2
102657,2
102658,2
102659,2
102660,2
102661,2
102662,2
102663,2
102664,2
102665,2
102666,2
102667,2
102668,2
102669,2
102670,1
102671,2
102672,2
102673,2
102674,1
102675,2
102676,2
102677,2
102678,2
102679,2
102680,2
102681,2
102682,3
102683,1
102684,1
102685,2
102686,2
102687,1
102688,2
102689,3
102690,1
102691,1
102692,1
102693,2
102694,2
102695,3
102696,1
102697,1
102698,2
102699,2
102700,2
102701,3
102702,2
102703,2
102704,2
102705,2
102706,2
102707,2
102708,0
102709,2
102710,2
102711,2
102712,3
102713,2
102714,2
102715,2
102716,2
102717,1
102718,2
102719,1
102720,2
102721,2
102722,2
102723,1
102724,1
102725,2
102726,1
102727,1
102728,1
102729,3
102730,1
102731,2
102732,2
102733,2
102734,3
102735,2
102736,2
102737,2
102738,2
102739,2
102740,1
102741,1
102742,2
102743,1
102744,1
102745,2
102746,1
102747,1
102748,1
102749,1
102750,2
102751,1
102752,2
102753,2
102754,2
102755,3
102756,1
102757,2
102758,3
102759,1
102760,1
102761,1
102762,2
102763,1
102764,3
102765,1
102766,1
102767,3
102768,2
102769,2
102770,2
102771,2
102772,2
102773,2
102774,2
102775,2
102776,2
102777,2
102778,2
102779,2
102780,2
102781,2
102782,2
102783,2
102784,3
102785,2
102786,2
102787,2
102788,2
102789,2
102790,2
102791,2
102792,2
102793,2
102794,2
102795,2
102796,2
102797,2
102798,2
102799,2
102800,2
102801,2
102802,2
102803,2
102804,2
102805,2
102806,2
102807,2
102808,2
102809,2
102810,2
102811,2
102812,2
102813,2
102814,2
102815,2
102816,2
102817,2
102818,2
102819,2
102820,2
102821,2
102822,3
102823,2
102824,3
102825,3
102826,2
102827,2
102828,2
102829,2
102830,2
102831,2
102832,2
102833,2
102834,2
102835,2
102836,2
102837,2
102838,2
102839,2
102840,2
102841,2
102842,2
102843,2
102844,2
102845,2
102846,2
102847,2
102848,2
102849,3
102850,2
102851,2
102852,2
102853,3
102854,2
102855,2
102856,2
102857,2
102858,2
102859,2
102860,2
102861,2
102862,3
102863,2
102864,2
102865,2
102866,2
102867,3
102868,3
102869,2
102870,2
102871,2
102872,2
102873,2
102874,2
102875,2
102876,2
102877,2
102878,3
102879,2
102880,2
102881,2
102882,2
102883,2
102884,2
102885,2
102886,2
102887,2
102888,2
102889,2
102890,2
102891,2
102892,2
102893,2
102894,3
102895,2
102896,2
102897,2
102898,2
102899,2
102900,2
102901,2
102902,2
102903,2
102904,2
102905,2
102906,2
102907,2
102908,0
102909,2
102910,2
102911,2
102912,2
102913,2
102914,2
102915,0
102916,0
102917,2
102918,2
102919,2
102920,2
102921,0
102922,2
102923,2
102924,2
102925,2
102926,0
102927,2
102928,2
102929,2
102930,2
102931,2
102932,2
102933,2
102934,2
102935,2
102936,2
102937,2
102938,2
102939,2
102940,2
102941,2
102942,2
102943,2
102944,2
102945,2
102946,2
102947,2
102948,2
102949,2
102950,2
102951,2
102952,2
102953,2
102954,2
102955,2
102956,2
102957,2
102958,2
102959,2
102960,2
102961,2
102962,2
102963,2
102964,2
102965,2
102966,2
102967,2
102968,2
102969,2
102970,2
102971,2
102972,2
102973,3
102974,0
102975,2
102976,2
102977,2
102978,2
102979,2
102980,0
102981,2
102982,2
102983,2
102984,2
102985,2
102986,2
102987,2
102988,2
102989,2
102990,2
102991,2
102992,2
102993,2
102994,2
102995,2
102996,2
102997,2
102998,2
102999,2
103000,2
103001,2
103002,2
103003,2
103004,0
103005,2
103006,2
103007,2
103008,2
103009,2
103010,2
103011,2
103012,2
103013,2
103014,2
103015,2
103016,2
103017,2
103018,2
103019,2
103020,2
103021,2
103022,2
103023,2
103024,2
103025,2
103026,2
103027,2
103028,2
103029,2
103030,2
103031,2
103032,2
103033,2
103034,2
103035,2
103036,2
103037,2
103038,2
103039,0
103040,2
103041,2
103042,2
103043,2
103044,2
103045,2
103046,2
103047,2
103048,2
103049,2
103050,2
103051,2
103052,2
103053,2
103054,2
103055,2
103056,2
103057,2
103058,2
103059,2
103060,2
103061,2
103062,2
103063,2
103064,2
103065,2
103066,2
103067,2
103068,2
103069,2
103070,2
103071,2
103072,2
103073,2
103074,2
103075,2
103076,2
103077,0
103078,2
103079,2
103080,0
103081,2
103082,2
103083,2
103084,2
103085,2
103086,2
103087,2
103088,2
103089,2
103090,2
103091,2
103092,2
103093,2
103094,2
103095,2
103096,2
103097,2
103098,2
103099,2
103100,2
103101,2
103102,2
103103,2
103104,2
103105,2
103106,2
103107,2
103108,2
103109,2
103110,2
103111,2
103112,2
103113,2
103114,2
103115,2
103116,2
103117,2
103118,2
103119,2
103120,2
103121,2
103122,2
103123,2
103124,2
103125,2
103126,2
103127,2
103128,2
103129,2
103130,2
103131,2
103132,2
103133,2
103134,2
103135,2
103136,2
103137,2
103138,2
103139,2
103140,2
103141,2
103142,2
103143,2
103144,2
103145,2
103146,2
103147,2
103148,2
103149,2
103150,2
103151,2
103152,2
103153,2
103154,2
103155,2
103156,2
103157,2
103158,2
103159,2
103160,2
103161,2
103162,2
103163,2
103164,2
103165,2
103166,2
103167,2
103168,2
103169,2
103170,2
103171,2
103172,2
103173,2
103174,2
103175,2
103176,2
103177,2
103178,2
103179,2
103180,2
103181,2
103182,2
103183,2
103184,2
103185,2
103186,2
103187,2
103188,2
103189,2
103190,2
103191,2
103192,2
103193,2
103194,2
103195,2
103196,2
103197,2
103198,2
103199,2
103200,2
103201,2
103202,2
103203,2
103204,2
103205,2
103206,2
103207,2
103208,2
103209,0
103210,2
103211,2
103212,2
103213,2
103214,2
103215,2
103216,2
103217,2
103218,2
103219,0
103220,2
103221,2
103222,2
103223,3
103224,2
103225,2
103226,2
103227,2
103228,2
103229,2
103230,2
103231,2
103232,2
103233,2
103234,2
103235,2
103236,2
103237,2
103238,2
103239,2
103240,2
103241,2
103242,2
103243,2
103244,2
103245,2
103246,2
103247,2
103248,2
103249,2
103250,2
103251,2
103252,2
103253,2
103254,2
103255,2
103256,2
103257,2
103258,2
103259,2
103260,2
103261,2
103262,2
103263,2
103264,2
103265,2
103266,2
103267,2
103268,2
103269,2
103270,2
103271,2
103272,2
103273,2
103274,2
103275,2
103276,2
103277,2
103278,2
103279,2
103280,2
103281,2
103282,0
103283,2
103284,2
103285,2
103286,2
103287,2
103288,2
103289,2
103290,2
103291,2
103292,2
103293,2
103294,2
103295,0
103296,2
103297,2
103298,2
103299,2
103300,2
103301,2
103302,2
103303,2
103304,2
103305,3
103306,2
103307,2
103308,2
103309,3
103310,2
103311,2
103312,2
103313,2
103314,2
103315,2
103316,2
103317,2
103318,2
103319,2
103320,2
103321,2
103322,2
103323,2
103324,2
103325,2
103326,2
103327,2
103328,2
103329,2
103330,2
103331,2
103332,2
103333,2
103334,2
103335,2
103336,2
103337,2
103338,2
103339,2
103340,2
103341,2
103342,2
103343,2
103344,2
103345,2
103346,2
103347,2
103348,2
103349,2
103350,2
103351,2
103352,2
103353,2
103354,3
103355,2
103356,2
103357,2
103358,2
103359,2
103360,2
103361,2
103362,2
103363,2
103364,2
103365,0
103366,2
103367,2
103368,0
103369,2
103370,2
103371,3
103372,2
103373,2
103374,2
103375,2
103376,2
103377,2
103378,2
103379,0
103380,2
103381,2
103382,2
103383,2
103384,2
103385,2
103386,2
103387,2
103388,2
103389,2
103390,2
103391,2
103392,2
103393,3
103394,2
103395,2
103396,2
103397,2
103398,2
103399,2
103400,2
103401,2
103402,2
103403,2
103404,2
103405,2
103406,2
103407,2
103408,2
103409,2
103410,2
103411,2
103412,2
103413,2
103414,2
103415,2
103416,2
103417,2
103418,2
103419,2
103420,2
103421,2
103422,2
103423,2
103424,2
103425,2
103426,2
103427,2
103428,2
103429,2
103430,2
103431,2
103432,2
103433,2
103434,2
103435,2
103436,2
103437,2
103438,2
103439,2
103440,2
103441,2
103442,2
103443,2
103444,2
103445,2
103446,2
103447,2
103448,0
103449,3
103450,2
103451,2
103452,3
103453,2
103454,3
103455,2
103456,2
103457,2
103458,0
103459,2
103460,2
103461,2
103462,2
103463,2
103464,2
103465,2
103466,2
103467,2
103468,2
103469,2
103470,2
103471,2
103472,2
103473,2
103474,2
103475,2
103476,2
103477,2
103478,2
103479,2
103480,2
103481,2
103482,0
103483,2
103484,2
103485,2
103486,2
103487,2
103488,2
103489,2
103490,2
103491,2
103492,2
103493,2
103494,2
103495,2
103496,2
103497,2
103498,2
103499,2
103500,2
103501,2
103502,2
103503,2
103504,2
103505,2
103506,2
103507,2
103508,2
103509,2
103510,2
103511,2
103512,2
103513,2
103514,2
103515,2
103516,2
103517,2
103518,2
103519,2
103520,3
103521,2
103522,2
103523,2
103524,2
103525,2
103526,2
103527,2
103528,2
103529,2
103530,2
103531,2
103532,2
103533,2
103534,2
103535,2
103536,0
103537,2
103538,1
103539,3
103540,1
103541,1
103542,2
103543,2
103544,2
103545,2
103546,2
103547,3
103548,3
103549,2
103550,3
103551,3
103552,2
103553,2
103554,2
103555,3
103556,3
103557,2
103558,3
103559,3
103560,2
103561,3
103562,2
103563,0
103564,3
103565,2
103566,2
103567,3
103568,3
103569,2
103570,3
103571,1
103572,2
103573,2
103574,3
103575,2
103576,2
103577,3
103578,2
103579,0
103580,0
103581,3
103582,2
103583,2
103584,2
103585,2
103586,3
103587,3
103588,3
103589,0
103590,3
103591,2
103592,3
103593,2
103594,3
103595,3
103596,2
103597,0
103598,2
103599,2
103600,3
103601,2
103602,2
103603,2
103604,0
103605,2
103606,3
103607,3
103608,3
103609,3
103610,0
103611,0
103612,0
103613,0
103614,2
103615,2
103616,1
103617,2
103618,3
103619,3
103620,0
103621,2
103622,0
103623,3
103624,2
103625,3
103626,0
103627,2
103628,3
103629,3
103630,1
103631,2
103632,2
103633,2
103634,2
103635,3
103636,2
103637,2
103638,2
103639,3
103640,3
103641,3
103642,1
103643,1
103644,1
103645,1
103646,3
103647,3
103648,1
103649,1
103650,0
103651,2
103652,3
103653,3
103654,0
103655,3
103656,3
103657,3
103658,2
103659,1
103660,1
103661,3
103662,3
103663,3
103664,0
103665,1
103666,0
103667,0
103668,0
103669,2
103670,3
103671,3
103672,3
103673,3
103674,3
103675,0
103676,2
103677,2
103678,2
103679,3
103680,2
103681,2
103682,0
103683,0
103684,3
103685,3
103686,2
103687,2
103688,2
103689,2
103690,2
103691,2
103692,3
103693,1
103694,2
103695,2
103696,2
103697,2
103698,2
103699,0
103700,2
103701,2
103702,2
103703,2
103704,2
103705,0
103706,2
103707,0
103708,3
103709,0
103710,1
103711,1
103712,1
103713,1
103714,2
103715,3
103716,2
103717,2
103718,2
103719,2
103720,1
103721,2
103722,2
103723,0
103724,0
103725,2
103726,2
103727,1
103728,2
103729,3
103730,2
103731,0
103732,0
103733,0
103734,0
103735,0
103736,0
103737,2
103738,2
103739,0
103740,0
103741,0
103742,0
103743,0
103744,2
103745,0
103746,0
103747,2
103748,2
103749,2
103750,2
103751,3
103752,2
103753,0
103754,2
103755,0
103756,0
103757,0
103758,0
103759,2
103760,2
103761,2
103762,0
103763,2
103764,2
103765,2
103766,0
103767,2
103768,2
103769,0
103770,0
103771,0
103772,0
103773,0
103774,0
103775,0
103776,0
103777,0
103778,0
103779,0
103780,0
103781,0
103782,0
103783,0
103784,0
103785,0
103786,0
103787,0
103788,2
103789,0
103790,0
103791,0
103792,0
103793,0
103794,0
103795,0
103796,0
103797,0
103798,0
103799,3
103800,0
103801,0
103802,2
103803,2
103804,2
103805,2
103806,2
103807,0
103808,0
103809,0
103810,0
103811,0
103812,0
103813,0
103814,2
103815,2
103816,2
103817,2
103818,0
103819,0
103820,0
103821,0
103822,0
103823,0
103824,0
103825,0
103826,2
103827,2
103828,3
103829,2
103830,2
103831,0
103832,0
103833,0
103834,2
103835,0
103836,3
103837,3
103838,3
103839,2
103840,3
103841,3
103842,3
103843,3
103844,3
103845,0
103846,0
103847,0
103848,0
103849,0
103850,2
103851,2
103852,2
103853,3
103854,3
103855,0
103856,0
103857,3
103858,3
103859,3
103860,3
103861,3
103862,3
103863,0
103864,2
103865,0
103866,3
103867,0
103868,3
103869,3
103870,2
103871,2
103872,0
103873,2
103874,3
103875,0
103876,0
103877,0
103878,0
103879,0
103880,2
103881,0
103882,0
103883,2
103884,2
103885,0
103886,0
103887,0
103888,0
103889,0
103890,0
103891,0
103892,0
103893,0
103894,0
103895,0
103896,0
103897,0
103898,0
103899,0
103900,0
103901,0
103902,0
103903,0
103904,0
103905,0
103906,0
103907,0
103908,0
103909,0
103910,0
103911,0
103912,0
103913,0
103914,0
103915,0
103916,0
103917,0
103918,0
103919,0
103920,2
103921,0
103922,0
103923,0
103924,0
103925,0
103926,0
103927,0
103928,0
103929,0
103930,2
103931,3
103932,3
103933,2
103934,2
103935,3
103936,2
103937,3
103938,3
103939,3
103940,2
103941,2
103942,1
103943,1
103944,1
103945,1
103946,1
103947,0
103948,0
103949,0
103950,0
103951,0
103952,0
103953,3
103954,2
103955,0
103956,0
103957,3
103958,0
103959,0
103960,0
103961,0
103962,0
103963,0
103964,0
103965,0
103966,0
103967,0
103968,0
103969,3
103970,0
103971,2
103972,3
103973,2
103974,2
103975,3
103976,2
103977,2
103978,2
103979,2
103980,2
103981,3
103982,3
103983,3
103984,3
103985,1
103986,3
103987,0
103988,0
103989,0
103990,0
103991,0
103992,1
103993,3
103994,0
103995,0
103996,0
103997,0
103998,0
103999,0
104000,0
104001,0
104002,0
104003,0
104004,0
104005,0
104006,0
104007,2
104008,0
104009,0
104010,2
104011,2
104012,2
104013,0
104014,0
104015,0
104016,0
104017,3
104018,2
104019,2
104020,1
104021,1
104022,2
104023,2
104024,2
104025,1
104026,1
104027,2
104028,1
104029,3
104030,3
104031,3
104032,3
104033,2
104034,3
104035,1
104036,1
104037,2
104038,2
104039,2
104040,3
104041,3
104042,0
104043,3
104044,2
104045,2
104046,0
104047,2
104048,3
104049,2
104050,2
104051,0
104052,3
104053,0
104054,0
104055,2
104056,2
104057,0
104058,0
104059,0
104060,0
104061,0
104062,0
104063,0
104064,0
104065,0
104066,0
104067,0
104068,2
104069,0
104070,2
104071,0
104072,0
104073,0
104074,0
104075,2
104076,2
104077,3
104078,2
104079,2
104080,2
104081,3
104082,1
104083,1
104084,3
104085,2
104086,2
104087,3
104088,1
104089,3
104090,2
104091,3
104092,2
104093,1
104094,3
104095,2
104096,3
104097,2
104098,3
104099,3
104100,1
104101,3
104102,1
104103,1
104104,1
104105,3
104106,3
104107,3
104108,3
104109,3
104110,2
104111,2
104112,1
104113,0
104114,0
104115,3
104116,3
104117,1
104118,2
104119,3
104120,3
104121,0
104122,0
104123,0
104124,0
104125,0
104126,0
104127,0
104128,2
104129,0
104130,1
104131,0
104132,3
104133,0
104134,2
104135,2
104136,0
104137,3
104138,0
104139,0
104140,0
104141,0
104142,0
104143,0
104144,0
104145,0
104146,0
104147,2
104148,3
104149,2
104150,0
104151,2
104152,3
104153,0
104154,0
104155,0
104156,0
104157,0
104158,2
104159,2
104160,0
104161,0
104162,0
104163,2
104164,2
104165,2
104166,3
104167,0
104168,0
104169,0
104170,2
104171,3
104172,3
104173,3
104174,2
104175,2
104176,0
104177,0
104178,3
104179,2
104180,3
104181,1
104182,0
104183,2
104184,2
104185,0
104186,0
104187,3
104188,0
104189,3
104190,0
104191,2
104192,2
104193,3
104194,1
104195,1
104196,1
104197,3
104198,3
104199,3
104200,3
104201,1
104202,1
104203,1
104204,1
104205,3
104206,3
104207,1
104208,1
104209,3
104210,3
104211,3
104212,1
104213,3
104214,3
104215,3
104216,1
104217,1
104218,1
104219,3
104220,1
104221,1
104222,1
104223,0
104224,0
104225,3
104226,0
104227,0
104228,2
104229,1
104230,1
104231,1
104232,3
104233,1
104234,1
104235,1
104236,1
104237,1
104238,1
104239,1
104240,0
104241,2
104242,2
104243,0
104244,0
104245,1
104246,1
104247,1
104248,3
104249,3
104250,3
104251,1
104252,1
104253,1
104254,1
104255,1
104256,1
104257,1
104258,1
104259,1
104260,1
104261,2
104262,1
104263,2
104264,1
104265,2
104266,2
104267,1
104268,1
104269,0
104270,0
104271,0
104272,0
104273,2
104274,3
104275,3
104276,1
104277,1
104278,1
104279,1
104280,1
104281,2
104282,2
104283,3
104284,3
104285,2
104286,3
104287,2
104288,1
104289,3
104290,1
104291,3
104292,1
104293,1
104294,3
104295,2
104296,1
104297,2
104298,1
104299,1
104300,1
104301,3
104302,3
104303,3
104304,1
104305,2
104306,1
104307,3
104308,0
104309,1
104310,3
104311,3
104312,1
104313,1
104314,3
104315,2
104316,1
104317,2
104318,1
104319,1
104320,1
104321,1
104322,1
104323,1
104324,1
104325,1
104326,3
104327,3
104328,3
104329,2
104330,1
104331,1
104332,0
104333,0
104334,0
104335,0
104336,0
104337,0
104338,3
104339,0
104340,0
104341,0
104342,0
104343,0
104344,0
104345,0
104346,0
104347,0
104348,3
104349,2
104350,0
104351,0
104352,2
104353,1
104354,0
104355,0
104356,0
104357,1
104358,3
104359,3
104360,3
104361,2
104362,1
104363,2
104364,3
104365,2
104366,2
104367,2
104368,0
104369,0
104370,0
104371,0
104372,0
104373,0
104374,0
104375,0
104376,0
104377,2
104378,1
104379,3
104380,3
104381,2
104382,1
104383,3
104384,3
104385,1
104386,0
104387,1
104388,1
104389,3
104390,1
104391,1
104392,0
104393,3
104394,0
104395,0
104396,2
104397,0
104398,1
104399,0
104400,0
104401,0
104402,0
104403,0
104404,0
104405,0
104406,2
104407,1
104408,3
104409,3
104410,0
104411,1
104412,1
104413,2
104414,3
104415,3
104416,3
104417,3
104418,2
104419,2
104420,2
104421,2
104422,2
104423,2
104424,3
104425,3
104426,2
104427,2
104428,3
104429,3
104430,2
104431,3
104432,0
104433,3
104434,2
104435,3
104436,1
104437,3
104438,3
104439,3
104440,3
104441,3
104442,3
104443,3
104444,3
104445,1
104446,2
104447,2
104448,3
104449,3
104450,3
104451,2
104452,3
104453,2
104454,3
104455,2
104456,2
104457,1
104458,2
104459,2
104460,1
104461,2
104462,2
104463,2
104464,3
104465,3
104466,2
104467,2
104468,2
104469,2
104470,3
104471,3
104472,2
104473,2
104474,2
104475,2
104476,2
104477,2
104478,3
104479,2
104480,2
104481,2
104482,2
104483,2
104484,2
104485,2
104486,3
104487,3
104488,3
104489,2
104490,3
104491,3
104492,3
104493,2
104494,2
104495,3
104496,2
104497,2
104498,3
104499,1
104500,3
104501,3
104502,2
104503,2
104504,3
104505,3
104506,3
104507,3
104508,3
104509,2
104510,3
104511,2
104512,3
104513,2
104514,3
104515,3
104516,3
104517,3
104518,3
104519,3
104520,3
104521,3
104522,3
104523,3
104524,2
104525,3
104526,3
104527,3
104528,3
104529,3
104530,3
104531,3
104532,3
104533,2
104534,3
104535,2
104536,3
104537,3
104538,3
104539,3
104540,3
104541,3
104542,3
104543,3
104544,3
104545,3
104546,3
104547,3
104548,2
104549,3
104550,3
104551,3
104552,2
104553,3
104554,3
104555,3
104556,3
104557,3
104558,3
104559,3
104560,3
104561,3
104562,2
104563,2
104564,2
104565,3
104566,3
104567,3
104568,3
104569,3
104570,3
104571,3
104572,3
104573,2
104574,3
104575,3
104576,3
104577,3
104578,3
104579,3
104580,3
104581,3
104582,3
104583,2
104584,3
104585,3
104586,3
104587,3
104588,2
104589,4
104590,3
104591,2
104592,3
104593,3
104594,3
104595,3
104596,3
104597,3
104598,3
104599,3
104600,3
104601,3
104602,3
104603,3
104604,3
104605,2
104606,3
104607,3
104608,3
104609,2
104610,2
104611,3
104612,3
104613,3
104614,3
104615,2
104616,3
104617,2
104618,2
104619,2
104620,2
104621,2
104622,4
104623,4
104624,4
104625,4
104626,3
104627,4
104628,2
104629,2
104630,2
104631,2
104632,2
104633,2
104634,3
104635,3
104636,2
104637,2
104638,1
104639,3
104640,3
104641,3
104642,2
104643,3
104644,2
104645,2
104646,2
104647,2
104648,2
104649,2
104650,2
104651,2
104652,2
104653,2
104654,2
104655,2
104656,2
104657,3
104658,2
104659,2
104660,2
104661,2
104662,3
104663,2
104664,2
104665,2
104666,3
104667,2
104668,2
104669,2
104670,2
104671,0
104672,1
104673,2
104674,0
104675,0
104676,3
104677,2
104678,3
104679,1
104680,0
104681,0
104682,0
104683,1
104684,1
104685,1
104686,0
104687,2
104688,3
104689,1
104690,1
104691,3
104692,3
104693,1
104694,0
104695,2
104696,0
104697,2
104698,2
104699,3
104700,3
104701,3
104702,3
104703,3
104704,3
104705,3
104706,3
104707,3
104708,3
104709,2
104710,2
104711,2
104712,3
104713,3
104714,3
104715,3
104716,2
104717,2
104718,3
104719,2
104720,3
104721,3
104722,3
104723,2
104724,2
104725,3
104726,3
104727,3
104728,2
104729,2
104730,2
104731,2
104732,2
104733,2
104734,2
104735,2
104736,2
104737,2
104738,2
104739,2
104740,2
104741,3
104742,2
104743,3
104744,2
104745,3
104746,3
104747,3
104748,3
104749,3
104750,3
104751,3
104752,2
104753,3
104754,3
104755,2
104756,2
104757,3
104758,3
104759,3
104760,3
104761,3
104762,3
104763,2
104764,3
104765,3
104766,3
104767,3
104768,2
104769,2
104770,3
104771,3
104772,3
104773,3
104774,2
104775,2
104776,2
104777,2
104778,2
104779,3
104780,3
104781,2
104782,3
104783,2
104784,4
104785,3
104786,3
104787,2
104788,2
104789,3
104790,3
104791,2
104792,2
104793,3
104794,3
104795,3
104796,3
104797,1
104798,2
104799,1
104800,3
104801,3
104802,3
104803,3
104804,3
104805,3
104806,2
104807,2
104808,1
104809,3
104810,2
104811,2
104812,3
104813,3
104814,2
104815,3
104816,3
104817,3
104818,3
104819,2
104820,2
104821,3
104822,3
104823,3
104824,2
104825,2
104826,3
104827,3
104828,3
104829,2
104830,2
104831,2
104832,2
104833,2
104834,2
104835,2
104836,2
104837,2
104838,2
104839,2
104840,2
104841,2
104842,2
104843,2
104844,1
104845,1
104846,2
104847,2
104848,1
104849,0
104850,0
104851,0
104852,3
104853,3
104854,1
104855,2
104856,1
104857,0
104858,0
104859,3
104860,2
104861,3
104862,3
104863,2
104864,3
104865,3
104866,2
104867,2
104868,2
104869,3
104870,2
104871,3
104872,0
104873,1
104874,1
104875,1
104876,1
104877,3
104878,3
104879,1
104880,1
104881,0
104882,0
104883,0
104884,0
104885,1
104886,1
104887,1
104888,1
104889,0
104890,2
104891,2
104892,3
104893,3
104894,3
104895,3
104896,1
104897,1
104898,1
104899,3
104900,0
104901,0
104902,3
104903,3
104904,1
104905,2
104906,0
104907,0
104908,1
104909,2
104910,2
104911,1
104912,3
104913,0
104914,0
104915,1
104916,2
104917,1
104918,3
104919,3
104920,3
104921,3
104922,2
104923,3
104924,2
104925,3
104926,1
104927,4
104928,3
104929,2
104930,2
104931,3
104932,3
104933,2
104934,1
104935,0
104936,2
104937,2
104938,1
104939,2
104940,2
104941,2
104942,3
104943,2
104944,2
104945,2
104946,0
104947,3
104948,3
104949,2
104950,3
104951,2
104952,1
104953,1
104954,3
104955,2
104956,3
104957,2
104958,3
104959,2
104960,2
104961,3
104962,2
104963,2
104964,2
104965,3
104966,3
104967,2
104968,3
104969,2
104970,2
104971,2
104972,2
104973,3
104974,3
104975,3
104976,3
104977,3
104978,3
104979,3
104980,3
104981,3
104982,1
104983,3
104984,3
104985,3
104986,3
104987,3
104988,1
104989,3
104990,2
104991,3
104992,3
104993,3
104994,3
104995,2
104996,3
104997,0
104998,0
104999,1
105000,2
105001,3
105002,2
105003,3
105004,2
105005,3
105006,2
105007,3
105008,2
105009,3
105010,3
105011,1
105012,1
105013,3
105014,0
105015,0
105016,0
105017,0
105018,0
105019,3
105020,3
105021,2
105022,1
105023,2
105024,3
105025,3
105026,1
105027,1
105028,3
105029,4
105030,0
105031,0
105032,2
105033,3
105034,1
105035,1
105036,3
105037,0
105038,0
105039,1
105040,1
105041,3
105042,2
105043,2
105044,2
105045,3
105046,2
105047,2
105048,3
105049,4
105050,2
105051,2
105052,2
105053,3
105054,3
105055,3
105056,2
105057,3
105058,3
105059,3
105060,3
105061,3
105062,3
105063,3
105064,3
105065,3
105066,2
105067,3
105068,2
105069,4
105070,4
105071,4
105072,4
105073,4
105074,2
105075,2
105076,2
105077,2
105078,4
105079,3
105080,2
105081,2
105082,4
105083,3
105084,3
105085,4
105086,4
105087,3
105088,1
105089,3
105090,3
105091,3
105092,3
105093,2
105094,3
105095,3
105096,3
105097,2
105098,3
105099,3
105100,2
105101,3
105102,2
105103,3
105104,3
105105,2
105106,1
105107,1
105108,2
105109,3
105110,2
105111,3
105112,3
105113,2
105114,4
105115,3
105116,2
105117,2
105118,2
105119,3
105120,3
105121,4
105122,0
105123,3
105124,3
105125,2
105126,2
105127,2
105128,3
105129,2
105130,4
105131,2
105132,2
105133,2
105134,2
105135,2
105136,2
105137,4
105138,2
105139,4
105140,2
105141,4
105142,3
105143,3
105144,4
105145,2
105146,2
105147,2
105148,2
105149,3
105150,4
105151,2
105152,4
105153,3
105154,4
105155,2
105156,3
105157,3
105158,2
105159,2
105160,1
105161,3
105162,1
105163,1
105164,3
105165,3
105166,3
105167,2
105168,3
105169,2
105170,2
105171,4
105172,3
105173,3
105174,4
105175,3
105176,3
105177,3
105178,3
105179,3
105180,2
105181,3
105182,3
105183,1
105184,3
105185,3
105186,3
105187,3
105188,1
105189,1
105190,2
105191,4
105192,2
105193,4
105194,3
105195,2
105196,2
105197,3
105198,3
105199,3
105200,3
105201,3
105202,3
105203,3
105204,3
105205,3
105206,3
105207,3
105208,3
105209,3
105210,3
105211,2
105212,2
105213,3
105214,1
105215,4
105216,2
105217,4
105218,3
105219,4
105220,0
105221,0
105222,0
105223,0
105224,0
105225,0
105226,1
105227,4
105228,4
105229,4
105230,4
105231,1
105232,1
105233,4
105234,4
105235,4
105236,4
105237,4
105238,4
105239,1
105240,1
105241,1
105242,4
105243,2
105244,2
105245,2
105246,4
105247,4
105248,4
105249,2
105250,4
105251,4
105252,1
105253,4
105254,4
105255,4
105256,4
105257,4
105258,3
105259,2
105260,4
105261,4
105262,4
105263,4
105264,4
105265,4
105266,4
105267,4
105268,4
105269,4
105270,4
105271,2
105272,4
105273,3
105274,3
105275,3
105276,3
105277,1
105278,1
105279,2
105280,4
105281,1
105282,1
105283,1
105284,4
105285,4
105286,4
105287,4
105288,4
105289,4
105290,4
105291,1
105292,0
105293,0
105294,4
105295,4
105296,1
105297,4
105298,1
105299,4
105300,4
105301,4
105302,0
105303,1
105304,4
105305,1
105306,1
105307,1
105308,1
105309,1
105310,1
105311,4
105312,3
105313,3
105314,0
105315,2
105316,3
105317,2
105318,2
105319,1
105320,0
105321,3
105322,1
105323,4
105324,4
105325,4
105326,4
105327,4
105328,4
105329,3
105330,0
105331,4
105332,3
105333,4
105334,3
105335,1
105336,3
105337,4
105338,4
105339,3
105340,3
105341,3
105342,4
105343,4
105344,4
105345,3
105346,4
105347,4
105348,4
105349,1
105350,4
105351,4
105352,4
105353,1
105354,3
105355,4
105356,4
105357,4
105358,4
105359,3
105360,4
105361,2
105362,4
105363,1
105364,4
105365,4
105366,1
105367,4
105368,4
105369,4
105370,4
105371,4
105372,4
105373,4
105374,4
105375,4
105376,4
105377,4
105378,1
105379,4
105380,3
105381,4
105382,4
105383,4
105384,4
105385,1
105386,1
105387,4
105388,3
105389,4
105390,4
105391,4
105392,1
105393,1
105394,4
105395,1
105396,4
105397,1
105398,1
105399,1
105400,1
105401,1
105402,1
105403,1
105404,1
105405,1
105406,1
105407,1
105408,4
105409,4
105410,4
105411,4
105412,4
105413,4
105414,4
105415,4
105416,4
105417,4
105418,4
105419,4
105420,4
105421,4
105422,4
105423,4
105424,4
105425,4
105426,4
105427,4
105428,4
105429,4
105430,4
105431,4
105432,0
105433,4
105434,4
105435,4
105436,4
105437,4
105438,4
105439,4
105440,4
105441,4
105442,4
105443,3
105444,4
105445,4
105446,4
105447,4
105448,4
105449,4
105450,4
105451,4
105452,4
105453,4
105454,4
105455,2
105456,4
105457,4
105458,4
105459,4
105460,4
105461,4
105462,4
105463,0
105464,4
105465,4
105466,4
105467,3
105468,4
105469,4
105470,4
105471,4
105472,4
105473,4
105474,4
105475,4
105476,4
105477,4
105478,3
105479,0
105480,4
105481,2
105482,4
105483,4
105484,4
105485,4
105486,4
105487,2
105488,1
105489,2
105490,4
105491,3
105492,4
105493,4
105494,2
105495,2
105496,2
105497,2
105498,2
105499,2
105500,2
105501,4
105502,4
105503,4
105504,4
105505,4
105506,2
105507,4
105508,4
105509,4
105510,4
105511,4
105512,4
105513,4
105514,4
105515,4
105516,4
105517,4
105518,4
105519,4
105520,4
105521,4
105522,4
105523,2
105524,0
105525,0
105526,0
105527,0
105528,0
105529,0
105530,0
105531,0
105532,0
105533,0
105534,0
105535,0
105536,0
105537,0
105538,0
105539,0
105540,0
105541,0
105542,0
105543,0
105544,0
105545,0
105546,0
105547,0
105548,0
105549,0
105550,0
105551,0
105552,0
105553,0
105554,0
105555,4
105556,4
105557,4
105558,4
105559,3
105560,4
105561,4
105562,4
105563,4
105564,2
105565,4
105566,2
105567,4
105568,4
105569,4
105570,0
105571,2
105572,2
105573,0
105574,4
105575,4
105576,4
105577,4
105578,2
105579,4
105580,4
105581,2
105582,4
105583,4
105584,0
105585,4
105586,2
105587,4
105588,4
105589,4
105590,4
105591,4
105592,2
105593,2
105594,2
105595,4
105596,2
105597,2
105598,4
105599,4
105600,2
105601,2
105602,4
105603,4
105604,2
105605,4
105606,2
105607,4
105608,4
105609,4
105610,4
105611,4
105612,3
105613,4
105614,2
105615,2
105616,4
105617,4
105618,2
105619,2
105620,4
105621,4
105622,4
105623,2
105624,4
105625,4
105626,4
105627,2
105628,4
105629,4
105630,4
105631,3
105632,4
105633,1
105634,4
105635,4
105636,4
105637,4
105638,4
105639,4
105640,2
105641,2
105642,4
105643,2
105644,1
105645,2
105646,4
105647,3
105648,4
105649,4
105650,0
105651,0
105652,0
105653,0
105654,4
105655,4
105656,4
105657,4
105658,3
105659,2
105660,4
105661,2
105662,2
105663,4
105664,0
105665,2
105666,4
105667,4
105668,4
105669,4
105670,4
105671,4
105672,1
105673,4
105674,4
105675,0
105676,4
105677,4
105678,4
105679,4
105680,4
105681,4
105682,4
105683,4
105684,4
105685,4
105686,4
105687,4
105688,4
105689,4
105690,4
105691,4
105692,4
105693,4
105694,4
105695,4
105696,4
105697,4
105698,4
105699,1
105700,0
105701,4
105702,3
105703,4
105704,4
105705,4
105706,4
105707,4
105708,1
105709,1
105710,0
105711,4
105712,4
105713,4
105714,2
105715,4
105716,4
105717,2
105718,4
105719,4
105720,4
105721,0
105722,4
105723,4
105724,1
105725,4
105726,4
105727,4
105728,4
105729,4
105730,4
105731,4
105732,4
105733,4
105734,4
105735,4
105736,4
105737,2
105738,4
105739,4
105740,2
105741,4
105742,4
105743,4
105744,2
105745,4
105746,4
105747,4
105748,4
105749,1
105750,4
105751,4
105752,4
105753,4
105754,4
105755,4
105756,4
105757,0
105758,0
105759,4
105760,4
105761,4
105762,4
105763,4
105764,2
105765,4
105766,4
105767,4
105768,0
105769,2
105770,4
105771,4
105772,4
105773,4
105774,4
105775,4
105776,3
105777,4
105778,2
105779,1
105780,2
105781,0
105782,4
105783,4
105784,4
105785,4
105786,4
105787,4
105788,4
105789,4
105790,4
105791,4
105792,4
105793,4
105794,4
105795,4
105796,4
105797,2
105798,4
105799,4
105800,4
105801,4
105802,4
105803,4
105804,4
105805,2
105806,4
105807,4
105808,4
105809,4
105810,4
105811,4
105812,4
105813,2
105814,2
105815,4
105816,4
105817,4
105818,4
105819,4
105820,4
105821,4
105822,0
105823,2
105824,2
105825,4
105826,4
105827,2
105828,4
105829,4
105830,4
105831,4
105832,4
105833,0
105834,4
105835,2
105836,4
105837,4
105838,0
105839,2
105840,2
105841,2
105842,4
105843,2
105844,4
105845,4
105846,4
105847,4
105848,4
105849,2
105850,4
105851,4
105852,4
105853,4
105854,4
105855,4
105856,4
105857,4
105858,4
105859,0
105860,2
105861,4
105862,4
105863,4
105864,4
105865,4
105866,4
105867,4
105868,4
105869,4
105870,4
105871,4
105872,4
105873,4
105874,4
105875,4
105876,4
105877,4
105878,4
105879,4
105880,2
105881,4
105882,4
105883,4
105884,4
105885,4
105886,1
105887,4
105888,0
105889,0
105890,0
105891,0
105892,2
105893,2
105894,0
105895,0
105896,4
105897,4
105898,4
105899,4
105900,4
105901,4
105902,0
105903,2
105904,0
105905,0
105906,0
105907,0
105908,0
105909,0
105910,0
105911,0
105912,0
105913,0
105914,0
105915,0
105916,4
105917,0
105918,0
105919,0
105920,1
105921,4
105922,4
105923,2
105924,4
105925,1
105926,1
105927,1
105928,1
105929,4
105930,4
105931,4
105932,4
105933,1
105934,3
105935,0
105936,0
105937,0
105938,0
105939,0
105940,0
105941,1
105942,3
105943,3
105944,4
105945,4
105946,2
105947,4
105948,2
105949,4
105950,2
105951,2
105952,2
105953,4
105954,4
105955,4
105956,3
105957,2
105958,2
105959,2
105960,3
105961,4
105962,4
105963,4
105964,4
105965,2
105966,4
105967,2
105968,2
105969,4
105970,4
105971,4
105972,2
105973,4
105974,4
105975,4
105976,0
105977,4
105978,2
105979,2
105980,4
105981,2
105982,4
105983,2
105984,2
105985,2
105986,3
105987,4
105988,2
105989,4
105990,4
105991,2
105992,4
105993,2
105994,2
105995,2
105996,2
105997,4
105998,4
105999,4
106000,2
106001,2
106002,2
106003,3
106004,4
106005,0
106006,0
106007,0
106008,2
106009,3
106010,0
106011,0
106012,0
106013,0
106014,0
106015,0
106016,4
106017,4
106018,4
106019,4
106020,4
106021,4
106022,4
106023,4
106024,4
106025,4
106026,3
106027,0
106028,4
106029,2
106030,2
106031,4
106032,4
106033,0
106034,4
106035,0
106036,0
106037,0
106038,0
106039,0
106040,0
106041,0
106042,0
106043,0
106044,0
106045,0
106046,0
106047,0
106048,0
106049,0
106050,0
106051,0
106052,0
106053,0
106054,0
106055,0
106056,0
106057,2
106058,1
106059,2
106060,3
106061,2
106062,3
106063,1
106064,0
106065,2
106066,0
106067,2
106068,3
106069,2
106070,3
106071,3
106072,3
106073,3
106074,4
106075,2
106076,2
106077,0
106078,0
106079,3
106080,2
106081,1
106082,1
106083,1
106084,2
106085,2
106086,3
106087,3
106088,0
106089,1
106090,3
106091,3
106092,3
106093,0
106094,1
106095,2
106096,2
106097,2
106098,2
106099,3
106100,3
106101,0
106102,0
106103,0
106104,2
106105,0
106106,0
106107,0
106108,3
106109,0
106110,2
106111,1
106112,3
106113,3
106114,0
106115,1
106116,3
106117,3
106118,3
106119,0
106120,1
106121,1
106122,1
106123,2
106124,3
106125,0
106126,0
106127,0
106128,0
106129,0
106130,2
106131,3
106132,1
106133,3
106134,0
106135,0
106136,0
106137,1
106138,3
106139,1
106140,4
106141,1
106142,1
106143,2
106144,3
106145,1
106146,0
106147,3
106148,1
106149,0
106150,1
106151,0
106152,0
106153,0
106154,0
106155,3
106156,3
106157,3
106158,1
106159,1
106160,1
106161,3
106162,2
106163,1
106164,3
106165,0
106166,3
106167,1
106168,3
106169,2
106170,1
106171,3
106172,1
106173,0
106174,1
106175,1
106176,3
106177,3
106178,3
106179,3
106180,3
106181,3
106182,1
106183,2
106184,2
106185,3
106186,3
106187,3
106188,1
106189,0
106190,3
106191,0
106192,2
106193,1
106194,1
106195,1
106196,0
106197,0
106198,0
106199,1
106200,3
106201,0
106202,2
106203,3
106204,0
106205,3
106206,3
106207,3
106208,0
106209,0
106210,1
106211,0
106212,1
106213,1
106214,1
106215,3
106216,1
106217,1
106218,0
106219,0
106220,3
106221,1
106222,1
106223,1
106224,0
106225,3
106226,1
106227,1
106228,1
106229,1
106230,2
106231,1
106232,0
106233,0
106234,3
106235,3
106236,1
106237,3
106238,2
106239,0
106240,0
106241,3
106242,2
106243,0
106244,0
106245,2
106246,0
106247,3
106248,3
106249,3
106250,2
106251,2
106252,3
106253,2
106254,3
106255,3
106256,0
106257,2
106258,2
106259,1
106260,3
106261,0
106262,2
106263,2
106264,2
106265,1
106266,1
106267,1
106268,3
106269,2
106270,2
106271,3
106272,3
106273,1
106274,2
106275,2
106276,2
106277,1
106278,2
106279,2
106280,2
106281,2
106282,0
106283,0
106284,1
106285,2
106286,2
106287,4
106288,1
106289,0
106290,2
106291,2
106292,0
106293,3
106294,0
106295,2
106296,0
106297,2
106298,3
106299,3
106300,3
106301,0
106302,0
106303,2
106304,1
106305,2
106306,2
106307,2
106308,2
106309,2
106310,2
106311,2
106312,2
106313,3
106314,2
106315,3
106316,3
106317,1
106318,2
106319,1
106320,1
106321,1
106322,1
106323,3
106324,1
106325,0
106326,2
106327,3
106328,3
106329,2
106330,0
106331,3
106332,3
106333,0
106334,0
106335,2
106336,3
106337,3
106338,2
106339,3
106340,2
106341,2
106342,3
106343,3
106344,2
106345,2
106346,3
106347,3
106348,2
106349,0
106350,2
106351,1
106352,3
106353,3
106354,3
106355,0
106356,3
106357,0
106358,3
106359,3
106360,4
106361,2
106362,2
106363,0
106364,0
106365,2
106366,2
106367,3
106368,0
106369,3
106370,1
106371,3
106372,1
106373,2
106374,1
106375,2
106376,2
106377,1
106378,3
106379,1
106380,1
106381,3
106382,3
106383,3
106384,3
106385,2
106386,0
106387,0
106388,3
106389,2
106390,1
106391,2
106392,1
106393,2
106394,3
106395,3
106396,2
106397,2
106398,2
106399,2
106400,1
106401,4
106402,2
106403,2
106404,2
106405,0
106406,1
106407,2
106408,2
106409,3
106410,3
106411,1
106412,3
106413,2
106414,2
106415,2
106416,2
106417,2
106418,3
106419,2
106420,2
106421,3
106422,2
106423,4
106424,2
106425,2
106426,2
106427,2
106428,3
106429,2
106430,3
106431,2
106432,3
106433,3
106434,3
106435,3
106436,3
106437,2
106438,3
106439,3
106440,3
106441,0
106442,0
106443,2
106444,2
106445,2
106446,1
106447,3
106448,1
106449,3
106450,2
106451,2
106452,2
106453,3
106454,3
106455,3
106456,3
106457,3
106458,2
106459,3
106460,3
106461,3
106462,3
106463,1
106464,2
106465,2
106466,1
106467,2
106468,3
106469,3
106470,2
106471,3
106472,2
106473,1
106474,1
106475,1
106476,1
106477,2
106478,2
106479,2
106480,0
106481,0
106482,2
106483,3
106484,0
106485,3
106486,1
106487,2
106488,3
106489,3
106490,2
106491,2
106492,0
106493,3
106494,3
106495,0
106496,0
106497,0
106498,1
106499,1
106500,3
106501,1
106502,1
106503,3
106504,0
106505,3
106506,3
106507,2
106508,1
106509,1
106510,3
106511,1
106512,2
106513,2
106514,1
106515,2
106516,2
106517,1
106518,1
106519,2
106520,1
106521,2
106522,2
106523,3
106524,2
106525,3
106526,3
106527,0
106528,3
106529,2
106530,1
106531,3
106532,2
106533,3
106534,2
106535,4
106536,3
106537,1
106538,4
106539,2
106540,1
106541,2
106542,1
106543,1
106544,2
106545,3
106546,3
106547,1
106548,1
106549,3
106550,3
106551,3
106552,2
106553,0
106554,0
106555,2
106556,0
106557,1
106558,0
106559,1
106560,1
106561,3
106562,1
106563,2
106564,2
106565,3
106566,2
106567,1
106568,3
106569,1
106570,3
106571,1
106572,1
106573,1
106574,3
106575,1
106576,2
106577,1
106578,2
106579,1
106580,2
106581,2
106582,1
106583,1
106584,0
106585,0
106586,3
106587,2
106588,3
106589,2
106590,2
106591,3
106592,2
106593,3
106594,2
106595,1
106596,1
106597,1
106598,2
106599,1
106600,3
106601,3
106602,3
106603,1
106604,1
106605,1
106606,1
106607,1
106608,1
106609,3
106610,0
106611,3
106612,2
106613,1
106614,1
106615,0
106616,2
106617,3
106618,1
106619,3
106620,2
106621,0
106622,3
106623,3
106624,1
106625,2
106626,0
106627,1
106628,3
106629,1
106630,1
106631,1
106632,1
106633,1
106634,1
106635,1
106636,1
106637,1
106638,1
106639,1
106640,1
106641,1
106642,1
106643,1
106644,1
106645,1
106646,3
106647,1
106648,1
106649,1
106650,3
106651,1
106652,3
106653,1
106654,3
106655,2
106656,2
106657,2
106658,2
106659,1
106660,3
106661,1
106662,2
106663,2
106664,3
106665,1
106666,2
106667,2
106668,2
106669,1
106670,2
106671,1
106672,2
106673,2
106674,3
106675,2
106676,2
106677,4
106678,1
106679,2
106680,2
106681,2
106682,3
106683,3
106684,2
106685,1
106686,1
106687,1
106688,2
106689,3
106690,2
106691,1
106692,2
106693,3
106694,3
106695,2
106696,3
106697,2
106698,1
106699,1
106700,2
106701,1
106702,3
106703,1
106704,1
106705,2
106706,2
106707,3
106708,3
106709,1
106710,2
106711,2
106712,1
106713,2
106714,2
106715,2
106716,2
106717,2
106718,1
106719,0
106720,3
106721,2
106722,3
106723,1
106724,2
106725,2
106726,3
106727,3
106728,3
106729,1
106730,2
106731,4
106732,2
106733,1
106734,1
106735,3
106736,3
106737,3
106738,2
106739,3
106740,0
106741,1
106742,3
106743,1
106744,1
106745,1
106746,3
106747,0
106748,1
106749,1
106750,3
106751,1
106752,0
106753,1
106754,1
106755,1
106756,1
106757,0
106758,3
106759,1
106760,1
106761,3
106762,2
106763,1
106764,1
106765,2
106766,1
106767,1
106768,1
106769,2
106770,2
106771,0
106772,0
106773,3
106774,3
106775,3
106776,3
106777,2
106778,3
106779,1
106780,1
106781,3
106782,1
106783,0
106784,3
106785,1
106786,3
106787,3
106788,3
106789,3
106790,1
106791,1
106792,3
106793,2
106794,3
106795,3
106796,2
106797,3
106798,3
106799,0
106800,0
106801,3
106802,3
106803,2
106804,2
106805,3
106806,0
106807,3
106808,3
106809,1
106810,1
106811,3
106812,3
106813,3
106814,1
106815,2
106816,0
106817,3
106818,2
106819,3
106820,2
106821,3
106822,2
106823,0
106824,2
106825,2
106826,2
106827,2
106828,3
106829,1
106830,2
106831,2
106832,2
106833,1
106834,3
106835,1
106836,1
106837,1
106838,1
106839,1
106840,3
106841,3
106842,3
106843,2
106844,3
106845,3
106846,2
106847,3
106848,2
106849,3
106850,1
106851,3
106852,3
106853,0
106854,3
106855,2
106856,3
106857,2
106858,3
106859,1
106860,3
106861,3
106862,2
106863,3
106864,3
106865,3
106866,3
106867,2
106868,3
106869,3
106870,1
106871,3
106872,3
106873,2
106874,2
106875,1
106876,3
106877,3
106878,3
106879,3
106880,0
106881,1
106882,2
106883,3
106884,3
106885,2
106886,1
106887,2
106888,3
106889,2
106890,3
106891,1
106892,1
106893,2
106894,1
106895,3
106896,1
106897,2
106898,3
106899,3
106900,2
106901,3
106902,3
106903,3
106904,3
106905,2
106906,3
106907,2
106908,2
106909,3
106910,1
106911,2
106912,3
106913,2
106914,2
106915,2
106916,2
106917,2
106918,3
106919,0
106920,3
106921,2
106922,2
106923,3
106924,2
106925,2
106926,2
106927,2
106928,2
106929,1
106930,3
106931,1
106932,2
106933,2
106934,2
106935,2
106936,2
106937,2
106938,2
106939,3
106940,3
106941,3
106942,3
106943,3
106944,1
106945,3
106946,2
106947,3
106948,2
106949,2
106950,0
106951,3
106952,2
106953,2
106954,3
106955,3
106956,3
106957,3
106958,3
106959,3
106960,1
106961,1
106962,3
106963,2
106964,2
106965,2
106966,2
106967,2
106968,3
106969,1
106970,1
106971,2
106972,3
106973,1
106974,1
106975,3
106976,3
106977,1
106978,1
106979,3
106980,3
106981,2
106982,2
106983,2
106984,2
106985,1
106986,3
106987,0
106988,2
106989,2
106990,0
106991,2
106992,2
106993,2
106994,2
106995,1
106996,2
106997,0
106998,2
106999,1
107000,1
107001,3
107002,1
107003,1
107004,3
107005,3
107006,3
107007,3
107008,1
107009,1
107010,1
107011,1
107012,3
107013,3
107014,3
107015,3
107016,3
107017,1
107018,3
107019,3
107020,1
107021,1
107022,1
107023,1
107024,1
107025,2
107026,2
107027,1
107028,2
107029,1
107030,2
107031,3
107032,3
107033,2
107034,3
107035,2
107036,2
107037,3
107038,2
107039,3
107040,2
107041,1
107042,2
107043,3
107044,1
107045,1
107046,3
107047,3
107048,3
107049,3
107050,3
107051,1
107052,3
107053,1
107054,3
107055,3
107056,3
107057,2
107058,3
107059,3
107060,3
107061,2
107062,2
107063,1
107064,1
107065,2
107066,3
107067,3
107068,3
107069,3
107070,1
107071,3
107072,1
107073,0
107074,3
107075,3
107076,0
107077,2
107078,2
107079,2
107080,1
107081,3
107082,2
107083,3
107084,3
107085,2
107086,2
107087,3
107088,2
107089,2
107090,1
107091,1
107092,2
107093,3
107094,1
107095,3
107096,2
107097,3
107098,3
107099,0
107100,2
107101,2
107102,2
107103,2
107104,2
107105,3
107106,2
107107,2
107108,3
107109,2
107110,2
107111,2
107112,3
107113,2
107114,4
107115,2
107116,2
107117,2
107118,2
107119,2
107120,3
107121,3
107122,3
107123,2
107124,3
107125,2
107126,3
107127,2
107128,2
107129,2
107130,2
107131,2
107132,2
107133,3
107134,2
107135,2
107136,2
107137,2
107138,2
107139,2
107140,2
107141,2
107142,3
107143,2
107144,2
107145,2
107146,2
107147,3
107148,3
107149,3
107150,3
107151,3
107152,3
107153,3
107154,3
107155,3
107156,2
107157,2
107158,2
107159,3
107160,4
107161,3
107162,3
107163,3
107164,3
107165,3
107166,3
107167,3
107168,3
107169,3
107170,3
107171,2
107172,2
107173,2
107174,3
107175,3
107176,2
107177,2
107178,2
107179,4
107180,2
107181,2
107182,2
107183,3
107184,3
107185,2
107186,3
107187,3
107188,3
107189,2
107190,3
107191,3
107192,2
107193,3
107194,3
107195,3
107196,3
107197,3
107198,2
107199,2
107200,3
107201,2
107202,3
107203,4
107204,3
107205,3
107206,2
107207,3
107208,3
107209,3
107210,4
107211,3
107212,3
107213,3
107214,2
107215,3
107216,2
107217,3
107218,2
107219,3
107220,3
107221,3
107222,3
107223,3
107224,2
107225,3
107226,3
107227,2
107228,3
107229,2
107230,3
107231,3
107232,3
107233,3
107234,3
107235,3
107236,3
107237,3
107238,2
107239,3
107240,3
107241,3
107242,3
107243,2
107244,3
107245,3
107246,2
107247,3
107248,3
107249,2
107250,2
107251,2
107252,3
107253,3
107254,3
107255,3
107256,2
107257,2
107258,4
107259,3
107260,3
107261,3
107262,3
107263,3
107264,2
107265,2
107266,3
107267,3
107268,3
107269,3
107270,3
107271,3
107272,3
107273,3
107274,2
107275,3
107276,2
107277,3
107278,2
107279,3
107280,2
107281,3
107282,2
107283,3
107284,2
107285,2
107286,3
107287,2
107288,2
107289,2
107290,3
107291,2
107292,3
107293,3
107294,2
107295,2
107296,3
107297,3
107298,3
107299,2
107300,2
107301,2
107302,2
107303,3
107304,2
107305,2
107306,3
107307,2
107308,3
107309,3
107310,2
107311,3
107312,3
107313,3
107314,3
107315,3
107316,3
107317,2
107318,3
107319,3
107320,3
107321,3
107322,2
107323,3
107324,2
107325,2
107326,3
107327,2
107328,4
107329,3
107330,3
107331,2
107332,3
107333,2
107334,3
107335,3
107336,3
107337,4
107338,2
107339,4
107340,3
107341,3
107342,3
107343,2
107344,3
107345,2
107346,3
107347,3
107348,2
107349,3
107350,3
107351,3
107352,2
107353,3
107354,3
107355,2
107356,3
107357,3
107358,2
107359,2
107360,2
107361,2
107362,2
107363,2
107364,2
107365,2
107366,2
107367,2
107368,2
107369,2
107370,3
107371,4
107372,3
107373,2
107374,2
107375,2
107376,2
107377,2
107378,3
107379,2
107380,3
107381,2
107382,3
107383,2
107384,3
107385,2
107386,2
107387,3
107388,2
107389,2
107390,2
107391,3
107392,3
107393,2
107394,2
107395,2
107396,2
107397,3
107398,2
107399,3
107400,2
107401,2
107402,3
107403,3
107404,3
107405,3
107406,3
107407,3
107408,2
107409,3
107410,2
107411,3
107412,2
107413,2
107414,2
107415,3
107416,3
107417,3
107418,3
107419,2
107420,2
107421,2
107422,3
107423,2
107424,2
107425,2
107426,2
107427,2
107428,2
107429,2
107430,2
107431,2
107432,2
107433,2
107434,2
107435,2
107436,3
107437,2
107438,2
107439,2
107440,4
107441,2
107442,2
107443,2
107444,2
107445,2
107446,3
107447,3
107448,1
107449,2
107450,2
107451,2
107452,2
107453,2
107454,2
107455,2
107456,3
107457,3
107458,2
107459,2
107460,3
107461,2
107462,2
107463,3
107464,2
107465,2
107466,2
107467,2
107468,3
107469,4
107470,2
107471,2
107472,2
107473,2
107474,2
107475,2
107476,2
107477,2
107478,3
107479,2
107480,3
107481,2
107482,2
107483,2
107484,2
107485,2
107486,2
107487,2
107488,2
107489,2
107490,4
107491,4
107492,2
107493,4
107494,4
107495,2
107496,2
107497,2
107498,2
107499,2
107500,2
107501,2
107502,2
107503,2
107504,2
107505,2
107506,2
107507,3
107508,4
107509,3
107510,2
107511,2
107512,2
107513,2
107514,2
107515,3
107516,3
107517,2
107518,3
107519,3
107520,2
107521,2
107522,3
107523,3
107524,2
107525,2
107526,2
107527,3
107528,3
107529,3
107530,3
107531,3
107532,2
107533,3
107534,3
107535,3
107536,3
107537,2
107538,3
107539,2
107540,2
107541,3
107542,3
107543,2
107544,3
107545,3
107546,3
107547,3
107548,3
107549,3
107550,3
107551,3
107552,3
107553,2
107554,2
107555,3
107556,2
107557,3
107558,2
107559,2
107560,2
107561,2
107562,4
107563,2
107564,2
107565,2
107566,2
107567,2
107568,2
107569,3
107570,3
107571,2
107572,2
107573,2
107574,2
107575,2
107576,2
107577,3
107578,3
107579,3
107580,2
107581,2
107582,2
107583,2
107584,3
107585,2
107586,3
107587,2
107588,3
107589,3
107590,3
107591,3
107592,3
107593,2
107594,3
107595,2
107596,2
107597,2
107598,2
107599,2
107600,3
107601,3
107602,3
107603,2
107604,2
107605,3
107606,2
107607,2
107608,3
107609,3
107610,3
107611,2
107612,3
107613,2
107614,3
107615,2
107616,3
107617,2
107618,3
107619,3
107620,3
107621,3
107622,2
107623,3
107624,3
107625,3
107626,3
107627,2
107628,4
107629,2
107630,4
107631,4
107632,3
107633,3
107634,2
107635,2
107636,3
107637,3
107638,2
107639,3
107640,3
107641,3
107642,3
107643,2
107644,4
107645,2
107646,3
107647,2
107648,2
107649,3
107650,3
107651,3
107652,2
107653,2
107654,2
107655,2
107656,3
107657,2
107658,3
107659,2
107660,4
107661,3
107662,3
107663,3
107664,4
107665,3
107666,4
107667,3
107668,3
107669,1
107670,2
107671,2
107672,4
107673,2
107674,2
107675,3
107676,3
107677,3
107678,3
107679,2
107680,3
107681,2
107682,2
107683,3
107684,3
107685,3
107686,2
107687,4
107688,2
107689,2
107690,3
107691,2
107692,2
107693,3
107694,2
107695,2
107696,4
107697,3
107698,2
107699,2
107700,2
107701,2
107702,3
107703,2
107704,0
107705,2
107706,3
107707,3
107708,2
107709,2
107710,2
107711,3
107712,4
107713,3
107714,3
107715,2
107716,3
107717,3
107718,2
107719,3
107720,0
107721,2
107722,2
107723,2
107724,3
107725,3
107726,2
107727,2
107728,4
107729,4
107730,2
107731,3
107732,3
107733,2
107734,3
107735,3
107736,3
107737,3
107738,2
107739,2
107740,3
107741,4
107742,2
107743,2
107744,2
107745,2
107746,2
107747,2
107748,3
107749,2
107750,3
107751,2
107752,3
107753,3
107754,4
107755,3
107756,4
107757,3
107758,3
107759,3
107760,2
107761,3
107762,2
107763,3
107764,3
107765,2
107766,3
107767,3
107768,3
107769,3
107770,3
107771,3
107772,3
107773,2
107774,0
107775,3
107776,2
107777,0
107778,2
107779,3
107780,2
107781,0
107782,3
107783,3
107784,2
107785,0
107786,0
107787,3
107788,3
107789,3
107790,3
107791,3
107792,2
107793,3
107794,2
107795,0
107796,3
107797,3
107798,3
107799,3
107800,4
107801,3
107802,2
107803,3
107804,3
107805,2
107806,3
107807,3
107808,2
107809,2
107810,2
107811,2
107812,3
107813,3
107814,2
107815,3
107816,2
107817,2
107818,3
107819,3
107820,2
107821,3
107822,3
107823,3
107824,3
107825,3
107826,2
107827,3
107828,0
107829,0
107830,4
107831,3
107832,4
107833,3
107834,4
107835,3
107836,3
107837,3
107838,3
107839,3
107840,2
107841,2
107842,2
107843,3
107844,3
107845,3
107846,2
107847,3
107848,2
107849,2
107850,3
107851,3
107852,3
107853,2
107854,3
107855,2
107856,3
107857,3
107858,2
107859,3
107860,2
107861,2
107862,4
107863,3
107864,4
107865,2
107866,2
107867,2
107868,4
107869,3
107870,2
107871,3
107872,4
107873,2
107874,3
107875,3
107876,2
107877,3
107878,3
107879,2
107880,3
107881,2
107882,3
107883,3
107884,2
107885,2
107886,4
107887,3
107888,3
107889,3
107890,3
107891,3
107892,3
107893,3
107894,3
107895,3
107896,0
107897,3
107898,4
107899,3
107900,3
107901,3
107902,3
107903,0
107904,3
107905,3
107906,0
107907,3
107908,3
107909,3
107910,3
107911,3
107912,3
107913,3
107914,3
107915,3
107916,3
107917,3
107918,1
107919,3
107920,2
107921,2
107922,3
107923,2
107924,3
107925,3
107926,4
107927,4
107928,2
107929,2
107930,3
107931,4
107932,2
107933,3
107934,3
107935,2
107936,3
107937,3
107938,2
107939,2
107940,2
107941,3
107942,3
107943,2
107944,2
107945,3
107946,0
107947,2
107948,2
107949,3
107950,3
107951,3
107952,3
107953,3
107954,2
107955,3
107956,2
107957,3
107958,3
107959,3
107960,2
107961,2
107962,3
107963,3
107964,2
107965,3
107966,3
107967,4
107968,3
107969,2
107970,2
107971,3
107972,2
107973,3
107974,3
107975,4
107976,2
107977,3
107978,3
107979,3
107980,3
107981,3
107982,4
107983,3
107984,3
107985,2
107986,3
107987,3
107988,3
107989,3
107990,2
107991,3
107992,0
107993,3
107994,2
107995,3
107996,0
107997,3
107998,3
107999,3
108000,3
108001,3
108002,3
108003,3
108004,4
108005,3
108006,3
108007,2
108008,2
108009,3
108010,2
108011,3
108012,3
108013,3
108014,3
108015,3
108016,2
108017,0
108018,4
108019,3
108020,3
108021,3
108022,2
108023,3
108024,2
108025,2
108026,3
108027,2
108028,3
108029,2
108030,3
108031,3
108032,3
108033,3
108034,3
108035,4
108036,3
108037,3
108038,3
108039,3
108040,3
108041,3
108042,3
108043,3
108044,3
108045,2
108046,3
108047,3
108048,3
108049,3
108050,3
108051,2
108052,2
108053,2
108054,3
108055,2
108056,4
108057,2
108058,2
108059,2
108060,3
108061,3
108062,3
108063,3
108064,3
108065,2
108066,3
108067,3
108068,3
108069,2
108070,3
108071,3
108072,2
108073,2
108074,3
108075,2
108076,3
108077,3
108078,3
108079,4
108080,3
108081,0
108082,3
108083,3
108084,0
108085,0
108086,3
108087,3
108088,3
108089,3
108090,3
108091,3
108092,3
108093,4
108094,3
108095,0
108096,2
108097,3
108098,3
108099,3
108100,3
108101,4
108102,3
108103,0
108104,2
108105,3
108106,2
108107,4
108108,0
108109,3
108110,3
108111,4
108112,3
108113,3
108114,3
108115,2
108116,3
108117,2
108118,3
108119,3
108120,2
108121,3
108122,3
108123,3
108124,3
108125,3
108126,3
108127,4
108128,4
108129,3
108130,3
108131,3
108132,3
108133,3
108134,3
108135,2
108136,2
108137,3
108138,2
108139,2
108140,2
108141,2
108142,3
108143,3
108144,2
108145,3
108146,4
108147,4
108148,3
108149,2
108150,3
108151,3
108152,3
108153,3
108154,2
108155,3
108156,2
108157,3
108158,2
108159,3
108160,3
108161,3
108162,2
108163,3
108164,3
108165,3
108166,3
108167,3
108168,3
108169,2
108170,3
108171,2
108172,3
108173,3
108174,3
108175,3
108176,2
108177,3
108178,2
108179,2
108180,3
108181,3
108182,3
108183,3
108184,2
108185,3
108186,3
108187,0
108188,3
108189,3
108190,3
108191,2
108192,2
108193,3
108194,3
108195,3
108196,3
108197,3
108198,2
108199,3
108200,3
108201,2
108202,2
108203,2
108204,3
108205,3
108206,3
108207,3
108208,2
108209,3
108210,3
108211,2
108212,3
108213,3
108214,2
108215,3
108216,2
108217,3
108218,3
108219,3
108220,3
108221,4
108222,4
108223,3
108224,4
108225,4
108226,4
108227,3
108228,3
108229,2
108230,3
108231,3
108232,3
108233,3
108234,3
108235,3
108236,3
108237,3
108238,2
108239,3
108240,3
108241,2
108242,2
108243,3
108244,2
108245,3
108246,3
108247,3
108248,2
108249,3
108250,3
108251,2
108252,3
108253,2
108254,3
108255,2
108256,2
108257,3
108258,0
108259,3
108260,3
108261,3
108262,2
108263,3
108264,2
108265,3
108266,3
108267,3
108268,3
108269,3
108270,3
108271,2
108272,2
108273,3
108274,2
108275,3
108276,2
108277,3
108278,3
108279,0
108280,3
108281,3
108282,3
108283,3
108284,3
108285,3
108286,0
108287,2
108288,3
108289,3
108290,3
108291,3
108292,4
108293,4
108294,4
108295,3
108296,3
108297,3
108298,3
108299,3
108300,3
108301,3
108302,3
108303,4
108304,4
108305,4
108306,3
108307,4
108308,4
108309,3
108310,3
108311,4
108312,4
108313,4
108314,3
108315,4
108316,4
108317,3
108318,4
108319,4
108320,3
108321,4
108322,4
108323,2
108324,3
108325,3
108326,3
108327,3
108328,2
108329,2
108330,4
108331,4
108332,3
108333,3
108334,2
108335,3
108336,3
108337,3
108338,3
108339,2
108340,3
108341,3
108342,2
108343,3
108344,3
108345,3
108346,3
108347,2
108348,3
108349,3
108350,3
108351,2
108352,2
108353,3
108354,3
108355,3
108356,3
108357,3
108358,2
108359,3
108360,3
108361,3
108362,2
108363,2
108364,3
108365,2
108366,2
108367,2
108368,2
108369,3
108370,2
108371,2
108372,4
108373,4
108374,3
108375,4
108376,3
108377,3
108378,4
108379,3
108380,2
108381,3
108382,2
108383,3
108384,2
108385,3
108386,3
108387,3
108388,3
108389,3
108390,2
108391,3
108392,3
108393,3
108394,3
108395,3
108396,3
108397,3
108398,3
108399,3
108400,3
108401,3
108402,3
108403,3
108404,3
108405,3
108406,3
108407,3
108408,4
108409,2
108410,3
108411,2
108412,3
108413,2
108414,2
108415,3
108416,3
108417,4
108418,3
108419,4
108420,2
108421,4
108422,4
108423,4
108424,4
108425,2
108426,3
108427,3
108428,3
108429,3
108430,3
108431,3
108432,3
108433,4
108434,4
108435,3
108436,4
108437,4
108438,3
108439,4
108440,4
108441,4
108442,4
108443,4
108444,4
108445,4
108446,4
108447,4
108448,4
108449,4
108450,4
108451,4
108452,3
108453,3
108454,4
108455,3
108456,4
108457,2
108458,0
108459,2
108460,3
108461,3
108462,4
108463,4
108464,0
108465,4
108466,4
108467,3
108468,2
108469,3
108470,3
108471,3
108472,4
108473,2
108474,3
108475,2
108476,2
108477,3
108478,4
108479,3
108480,3
108481,2
108482,3
108483,4
108484,2
108485,2
108486,3
108487,3
108488,4
108489,2
108490,2
108491,2
108492,3
108493,2
108494,3
108495,2
108496,2
108497,3
108498,3
108499,2
108500,2
108501,2
108502,2
108503,3
108504,3
108505,2
108506,3
108507,3
108508,2
108509,2
108510,3
108511,2
108512,2
108513,2
108514,2
108515,2
108516,2
108517,3
108518,3
108519,2
108520,3
108521,3
108522,3
108523,2
108524,0
108525,2
108526,3
108527,4
108528,3
108529,3
108530,3
108531,3
108532,3
108533,2
108534,4
108535,2
108536,2
108537,3
108538,3
108539,3
108540,3
108541,3
108542,4
108543,3
108544,3
108545,3
108546,3
108547,4
108548,2
108549,3
108550,3
108551,3
108552,0
108553,3
108554,4
108555,3
108556,2
108557,3
108558,3
108559,3
108560,3
108561,3
108562,2
108563,4
108564,2
108565,3
108566,2
108567,2
108568,2
108569,2
108570,2
108571,2
108572,4
108573,3
108574,3
108575,3
108576,3
108577,4
108578,3
108579,3
108580,2
108581,3
108582,3
108583,2
108584,2
108585,2
108586,3
108587,2
108588,2
108589,3
108590,3
108591,2
108592,3
108593,3
108594,3
108595,3
108596,4
108597,3
108598,2
108599,2
108600,3
108601,2
108602,2
108603,3
108604,2
108605,4
108606,2
108607,3
108608,2
108609,3
108610,3
108611,2
108612,2
108613,3
108614,3
108615,2
108616,3
108617,3
108618,3
108619,3
108620,3
108621,3
108622,0
108623,3
108624,3
108625,3
108626,3
108627,2
108628,3
108629,2
108630,3
108631,3
108632,3
108633,2
108634,3
108635,3
108636,3
108637,3
108638,3
108639,3
108640,3
108641,3
108642,3
108643,3
108644,2
108645,2
108646,3
108647,4
108648,3
108649,3
108650,3
108651,3
108652,2
108653,3
108654,3
108655,2
108656,2
108657,2
108658,3
108659,4
108660,3
108661,2
108662,3
108663,4
108664,2
108665,4
108666,2
108667,3
108668,2
108669,2
108670,3
108671,3
108672,3
108673,3
108674,3
108675,3
108676,3
108677,4
108678,3
108679,4
108680,2
108681,3
108682,2
108683,4
108684,2
108685,2
108686,2
108687,2
108688,2
108689,3
108690,3
108691,2
108692,2
108693,1
108694,1
108695,1
108696,1
108697,1
108698,1
108699,1
108700,2
108701,1
108702,1
108703,1
108704,1
108705,1
108706,0
108707,1
108708,2
108709,2
108710,3
108711,3
108712,2
108713,2
108714,1
108715,3
108716,1
108717,2
108718,2
108719,3
108720,3
108721,1
108722,1
108723,3
108724,3
108725,2
108726,2
108727,2
108728,2
108729,2
108730,3
108731,2
108732,3
108733,3
108734,2
108735,4
108736,2
108737,1
108738,1
108739,1
108740,2
108741,1
108742,4
108743,2
108744,4
108745,3
108746,2
108747,1
108748,2
108749,2
108750,2
108751,2
108752,1
108753,2
108754,2
108755,2
108756,2
108757,3
108758,3
108759,3
108760,2
108761,2
108762,2
108763,2
108764,1
108765,3
108766,2
108767,3
108768,2
108769,2
108770,2
108771,2
108772,1
108773,2
108774,3
108775,2
108776,2
108777,2
108778,1
108779,1
108780,3
108781,2
108782,2
108783,2
108784,3
108785,3
108786,3
108787,3
108788,2
108789,1
108790,1
108791,1
108792,2
108793,3
108794,2
108795,2
108796,2
108797,2
108798,2
108799,2
108800,3
108801,2
108802,2
108803,2
108804,2
108805,2
108806,2
108807,3
108808,2
108809,2
108810,2
108811,2
108812,1
108813,2
108814,2
108815,2
108816,0
108817,0
108818,0
108819,0
108820,0
108821,0
108822,0
108823,0
108824,0
108825,0
108826,0
108827,0
108828,0
108829,0
108830,0
108831,0
108832,0
108833,0
108834,0
108835,0
108836,0
108837,0
108838,0
108839,0
108840,0
108841,0
108842,0
108843,0
108844,0
108845,2
108846,0
108847,0
108848,0
108849,0
108850,0
108851,0
108852,0
108853,0
108854,1
108855,0
108856,0
108857,0
108858,1
108859,0
108860,3
108861,3
108862,0
108863,0
108864,0
108865,0
108866,2
108867,0
108868,3
108869,0
108870,3
108871,0
108872,0
108873,0
108874,3
108875,3
108876,3
108877,3
108878,2
108879,2
108880,1
108881,1
108882,2
108883,2
108884,2
108885,2
108886,1
108887,1
108888,1
108889,3
108890,2
108891,3
108892,3
108893,3
108894,2
108895,2
108896,2
108897,2
108898,2
108899,2
108900,2
108901,2
108902,3
108903,2
108904,2
108905,3
108906,3
108907,3
108908,2
108909,3
108910,3
108911,3
108912,3
108913,3
108914,3
108915,3
108916,3
108917,3
108918,2
108919,1
108920,1
108921,3
108922,2
108923,3
108924,3
108925,3
108926,3
108927,3
108928,2
108929,2
108930,2
108931,3
108932,3
108933,3
108934,3
108935,3
108936,3
108937,2
108938,2
108939,3
108940,1
108941,3
108942,2
108943,1
108944,1
108945,3
108946,1
108947,3
108948,3
108949,3
108950,2
108951,2
108952,0
108953,0
108954,0
108955,0
108956,0
108957,0
108958,0
108959,0
108960,0
108961,0
108962,0
108963,0
108964,0
108965,0
108966,0
108967,0
108968,0
108969,0
108970,0
108971,0
108972,0
108973,0
108974,0
108975,0
108976,0
108977,0
108978,0
108979,0
108980,0
108981,0
108982,0
108983,0
108984,1
108985,1
108986,1
108987,0
108988,2
108989,1
108990,1
108991,1
108992,1
108993,2
108994,1
108995,2
108996,1
108997,1
108998,1
108999,1
109000,1
109001,0
109002,3
109003,2
109004,2
109005,0
109006,2
109007,1
109008,1
109009,1
109010,1
109011,1
109012,3
109013,1
109014,1
109015,1
109016,3
109017,0
109018,0
109019,0
109020,1
109021,0
109022,0
109023,2
109024,0
109025,0
109026,0
109027,0
109028,0
109029,0
109030,0
109031,0
109032,0
109033,1
109034,0
109035,0
109036,0
109037,0
109038,0
109039,0
109040,0
109041,2
109042,2
109043,2
109044,3
109045,2
109046,1
109047,1
109048,1
109049,1
109050,1
109051,1
109052,1
109053,1
109054,1
109055,1
109056,3
109057,1
109058,1
109059,1
109060,1
109061,1
109062,1
109063,1
109064,1
109065,2
109066,1
109067,1
109068,1
109069,3
109070,1
109071,0
109072,3
109073,1
109074,3
109075,2
109076,3
109077,2
109078,1
109079,1
109080,1
109081,1
109082,2
109083,2
109084,3
109085,0
109086,0
109087,3
109088,0
109089,3
109090,0
109091,3
109092,2
109093,2
109094,3
109095,3
109096,0
109097,3
109098,3
109099,3
109100,2
109101,2
109102,2
109103,1
109104,3
109105,3
109106,1
109107,1
109108,3
109109,3
109110,3
109111,2
109112,2
109113,2
109114,3
109115,3
109116,1
109117,2
109118,3
109119,3
109120,2
109121,2
109122,2
109123,2
109124,3
109125,2
109126,1
109127,3
109128,1
109129,1
109130,1
109131,1
109132,3
109133,3
109134,3
109135,2
109136,3
109137,2
109138,3
109139,0
109140,0
109141,0
109142,0
109143,0
109144,0
109145,1
109146,2
109147,0
109148,0
109149,0
109150,0
109151,0
109152,1
109153,3
109154,0
109155,3
109156,3
109157,2
109158,3
109159,3
109160,2
109161,3
109162,3
109163,1
109164,3
109165,3
109166,0
109167,0
109168,0
109169,0
109170,0
109171,0
109172,0
109173,0
109174,0
109175,0
109176,0
109177,0
109178,0
109179,0
109180,0
109181,0
109182,0
109183,0
109184,0
109185,0
109186,2
109187,0
109188,0
109189,2
109190,0
109191,0
109192,1
109193,1
109194,1
109195,1
109196,1
109197,1
109198,3
109199,3
109200,1
109201,1
109202,3
109203,0
109204,1
109205,1
109206,2
109207,2
109208,2
109209,2
109210,2
109211,2
109212,2
109213,3
109214,1
109215,2
109216,3
109217,3
109218,3
109219,2
109220,2
109221,2
109222,2
109223,3
109224,2
109225,2
109226,0
109227,0
109228,0
109229,0
109230,1
109231,3
109232,1
109233,2
109234,2
109235,3
109236,2
109237,2
109238,3
109239,1
109240,1
109241,2
109242,1
109243,1
109244,3
109245,1
109246,1
109247,3
109248,3
109249,3
109250,3
109251,3
109252,3
109253,1
109254,2
109255,3
109256,3
109257,3
109258,1
109259,1
109260,3
109261,1
109262,3
109263,3
109264,0
109265,0
109266,1
109267,2
109268,3
109269,3
109270,1
109271,0
109272,1
109273,3
109274,2
109275,3
109276,3
109277,3
109278,3
109279,2
109280,3
109281,3
109282,3
109283,1
109284,3
109285,0
109286,3
109287,3
109288,3
109289,3
109290,0
109291,3
109292,1
109293,3
109294,1
109295,1
109296,3
109297,3
109298,1
109299,0
109300,0
109301,0
109302,0
109303,0
109304,3
109305,0
109306,2
109307,0
109308,0
109309,0
109310,0
109311,1
109312,3
109313,1
109314,1
109315,3
109316,1
109317,1
109318,1
109319,1
109320,1
109321,3
109322,3
109323,2
109324,3
109325,2
109326,2
109327,3
109328,1
109329,1
109330,1
109331,1
109332,3
109333,2
109334,3
109335,2
109336,3
109337,1
109338,3
109339,2
109340,3
109341,1
109342,2
109343,2
109344,1
109345,2
109346,3
109347,3
109348,1
109349,1
109350,1
109351,1
109352,1
109353,1
109354,1
109355,3
109356,1
109357,1
109358,2
109359,3
109360,2
109361,3
109362,0
109363,3
109364,3
109365,2
109366,2
109367,2
109368,3
109369,2
109370,3
109371,3
109372,1
109373,1
109374,3
109375,1
109376,3
109377,2
109378,3
109379,3
109380,0
109381,0
109382,0
109383,3
109384,0
109385,3
109386,0
109387,0
109388,3
109389,2
109390,0
109391,2
109392,1
109393,1
109394,1
109395,3
109396,1
109397,3
109398,2
109399,3
109400,1
109401,1
109402,1
109403,2
109404,3
109405,1
109406,1
109407,1
109408,2
109409,1
109410,1
109411,3
109412,3
109413,1
109414,1
109415,1
109416,1
109417,1
109418,1
109419,1
109420,1
109421,3
109422,3
109423,1
109424,1
109425,1
109426,1
109427,3
109428,1
109429,3
109430,1
109431,1
109432,3
109433,1
109434,1
109435,2
109436,1
109437,1
109438,1
109439,3
109440,1
109441,1
109442,2
109443,3
109444,3
109445,3
109446,3
109447,1
109448,3
109449,2
109450,2
109451,1
109452,1
109453,3
109454,3
109455,1
109456,3
109457,3
109458,3
109459,3
109460,2
109461,1
109462,3
109463,3
109464,2
109465,3
109466,3
109467,3
109468,0
109469,3
109470,0
109471,0
109472,0
109473,0
109474,0
109475,1
109476,2
109477,2
109478,2
109479,3
109480,2
109481,1
109482,2
109483,3
109484,1
109485,1
109486,1
109487,3
109488,1
109489,2
109490,2
109491,3
109492,3
109493,3
109494,3
109495,2
109496,3
109497,1
109498,3
109499,3
109500,3
109501,3
109502,3
109503,3
109504,2
109505,2
109506,2
109507,2
109508,1
109509,2
109510,2
109511,3
109512,2
109513,2
109514,2
109515,3
109516,2
109517,3
109518,3
109519,3
109520,3
109521,1
109522,3
109523,3
109524,1
109525,3
109526,3
109527,3
109528,3
109529,3
109530,1
109531,3
109532,3
109533,2
109534,2
109535,1
109536,1
109537,2
109538,1
109539,1
109540,2
109541,1
109542,1
109543,1
109544,1
109545,1
109546,1
109547,1
109548,1
109549,1
109550,1
109551,1
109552,1
109553,1
109554,1
109555,1
109556,1
109557,1
109558,1
109559,1
109560,1
109561,1
109562,1
109563,3
109564,3
109565,1
109566,2
109567,3
109568,0
109569,0
109570,3
109571,0
109572,0
109573,0
109574,0
109575,0
109576,0
109577,0
109578,0
109579,0
109580,0
109581,0
109582,0
109583,0
109584,3
109585,0
109586,2
109587,0
109588,0
109589,0
109590,0
109591,0
109592,1
109593,2
109594,0
109595,2
109596,0
109597,0
109598,0
109599,0
109600,3
109601,3
109602,1
109603,3
109604,3
109605,3
109606,3
109607,3
109608,3
109609,0
109610,3
109611,3
109612,1
109613,3
109614,2
109615,2
109616,0
109617,0
109618,2
109619,0
109620,2
109621,3
109622,2
109623,3
109624,2
109625,2
109626,2
109627,2
109628,2
109629,2
109630,2
109631,2
109632,2
109633,2
109634,2
109635,0
109636,3
109637,2
109638,2
109639,3
109640,2
109641,3
109642,3
109643,3
109644,2
109645,3
109646,2
109647,2
109648,2
109649,1
109650,2
109651,2
109652,2
109653,2
109654,2
109655,2
109656,2
109657,2
109658,3
109659,2
109660,2
109661,0
109662,2
109663,2
109664,2
109665,2
109666,2
109667,3
109668,1
109669,2
109670,2
109671,2
109672,2
109673,3
109674,2
109675,2
109676,2
109677,3
109678,2
109679,2
109680,2
109681,2
109682,3
109683,3
109684,2
109685,2
109686,2
109687,2
109688,2
109689,2
109690,3
109691,2
109692,3
109693,3
109694,2
109695,2
109696,2
109697,3
109698,2
109699,2
109700,3
109701,2
109702,3
109703,2
109704,2
109705,2
109706,2
109707,2
109708,2
109709,2
109710,3
109711,2
109712,2
109713,2
109714,2
109715,3
109716,2
109717,2
109718,2
109719,2
109720,2
109721,2
109722,2
109723,2
109724,2
109725,2
109726,2
109727,3
109728,2
109729,2
109730,2
109731,2
109732,3
109733,2
109734,2
109735,2
109736,0
109737,0
109738,0
109739,3
109740,0
109741,2
109742,3
109743,2
109744,3
109745,2
109746,2
109747,2
109748,2
109749,2
109750,2
109751,2
109752,2
109753,2
109754,2
109755,2
109756,2
109757,2
109758,2
109759,2
109760,2
109761,2
109762,2
109763,2
109764,3
109765,2
109766,3
109767,2
109768,2
109769,2
109770,2
109771,2
109772,2
109773,2
109774,1
109775,0
109776,0
109777,0
109778,0
109779,0
109780,3
109781,2
109782,2
109783,3
109784,2
109785,0
109786,0
109787,3
109788,2
109789,2
109790,3
109791,2
109792,2
109793,2
109794,2
109795,2
109796,2
109797,2
109798,2
109799,2
109800,2
109801,2
109802,2
109803,2
109804,2
109805,2
109806,2
109807,2
109808,2
109809,2
109810,2
109811,2
109812,2
109813,2
109814,3
109815,2
109816,2
109817,2
109818,2
109819,2
109820,2
109821,2
109822,3
109823,2
109824,2
109825,2
109826,2
109827,2
109828,2
109829,2
109830,2
109831,2
109832,2
109833,2
109834,2
109835,2
109836,2
109837,3
109838,2
109839,2
109840,2
109841,2
109842,2
109843,2
109844,2
109845,2
109846,2
109847,2
109848,2
109849,2
109850,2
109851,2
109852,2
109853,2
109854,2
109855,3
109856,2
109857,2
109858,2
109859,2
109860,2
109861,2
109862,3
109863,3
109864,2
109865,2
109866,2
109867,3
109868,2
109869,3
109870,2
109871,2
109872,3
109873,2
109874,2
109875,2
109876,2
109877,3
109878,2
109879,2
109880,2
109881,2
109882,2
109883,3
109884,3
109885,2
109886,2
109887,2
109888,2
109889,2
109890,2
109891,2
109892,2
109893,2
109894,2
109895,2
109896,2
109897,2
109898,3
109899,2
109900,2
109901,3
109902,2
109903,2
109904,2
109905,2
109906,2
109907,2
109908,2
109909,2
109910,2
109911,2
109912,2
109913,2
109914,2
109915,2
109916,2
109917,2
109918,2
109919,2
109920,2
109921,2
109922,2
109923,2
109924,2
109925,2
109926,2
109927,3
109928,2
109929,2
109930,3
109931,2
109932,2
109933,3
109934,2
109935,3
109936,2
109937,2
109938,2
109939,2
109940,1
109941,1
109942,3
109943,1
109944,1
109945,1
109946,1
109947,1
109948,1
109949,1
109950,1
109951,1
109952,4
109953,1
109954,1
109955,1
109956,1
109957,4
109958,1
109959,1
109960,1
109961,1
109962,1
109963,1
109964,1
109965,1
109966,2
109967,1
109968,1
109969,4
109970,1
109971,1
109972,1
109973,4
109974,4
109975,4
109976,4
109977,4
109978,4
109979,4
109980,1
109981,4
109982,1
109983,4
109984,4
109985,4
109986,1
109987,1
109988,1
109989,2
109990,0
109991,1
109992,0
109993,0
109994,0
109995,4
109996,4
109997,1
109998,4
109999,1
110000,1
110001,1
110002,1
110003,1
110004,2
110005,4
110006,1
110007,0
110008,1
110009,2
110010,0
110011,4
110012,1
110013,1
110014,1
110015,4
110016,1
110017,1
110018,1
110019,1
110020,1
110021,1
110022,1
110023,1
110024,1
110025,1
110026,1
110027,1
110028,1
110029,4
110030,4
110031,4
110032,4
110033,1
110034,4
110035,1
110036,1
110037,1
110038,1
110039,0
110040,0
110041,1
110042,1
110043,1
110044,4
110045,4
110046,4
110047,1
110048,4
110049,1
110050,1
110051,1
110052,1
110053,2
110054,2
110055,2
110056,1
110057,4
110058,1
110059,1
110060,4
110061,4
110062,4
110063,0
110064,4
110065,0
110066,1
110067,1
110068,2
110069,1
110070,1
110071,4
110072,1
110073,1
110074,4
110075,4
110076,4
110077,1
110078,4
110079,4
110080,4
110081,4
110082,4
110083,3
110084,4
110085,4
110086,1
110087,1
110088,4
110089,4
110090,1
110091,1
110092,1
110093,4
110094,1
110095,1
110096,1
110097,1
110098,1
110099,4
110100,4
110101,4
110102,4
110103,1
110104,1
110105,4
110106,1
110107,2
110108,2
110109,2
110110,1
110111,1
110112,1
110113,1
110114,1
110115,1
110116,2
110117,1
110118,1
110119,1
110120,1
110121,1
110122,1
110123,1
110124,1
110125,1
110126,1
110127,2
110128,2
110129,1
110130,1
110131,2
110132,1
110133,1
110134,1
110135,1
110136,1
110137,4
110138,1
110139,2
110140,1
110141,0
110142,0
110143,0
110144,4
110145,4
110146,4
110147,4
110148,4
110149,4
110150,1
110151,4
110152,4
110153,4
110154,4
110155,4
110156,4
110157,4
110158,4
110159,4
110160,4
110161,4
110162,4
110163,4
110164,4
110165,4
110166,4
110167,4
110168,4
110169,4
110170,4
110171,4
110172,4
110173,4
110174,1
110175,4
110176,0
110177,0
110178,0
110179,1
110180,0
110181,0
110182,0
110183,0
110184,0
110185,0
110186,0
110187,0
110188,0
110189,0
110190,0
110191,0
110192,0
110193,0
110194,0
110195,0
110196,0
110197,0
110198,0
110199,0
110200,0
110201,0
110202,0
110203,0
110204,0
110205,0
110206,0
110207,0
110208,0
110209,4
110210,0
110211,0
110212,1
110213,1
110214,1
110215,0
110216,1
110217,1
110218,1
110219,1
110220,2
110221,0
110222,0
110223,1
110224,0
110225,4
110226,1
110227,0
110228,1
110229,1
110230,1
110231,1
110232,1
110233,4
110234,1
110235,4
110236,1
110237,1
110238,1
110239,4
110240,4
110241,1
110242,1
110243,1
110244,1
110245,4
110246,1
110247,1
110248,1
110249,1
110250,1
110251,4
110252,4
110253,1
110254,1
110255,1
110256,1
110257,1
110258,1
110259,1
110260,1
110261,1
110262,1
110263,1
110264,1
110265,1
110266,1
110267,0
110268,1
110269,1
110270,1
110271,1
110272,1
110273,1
110274,1
110275,1
110276,1
110277,1
110278,1
110279,1
110280,1
110281,1
110282,4
110283,1
110284,1
110285,1
110286,1
110287,1
110288,1
110289,1
110290,1
110291,1
110292,1
110293,4
110294,0
110295,1
110296,4
110297,1
110298,1
110299,1
110300,1
110301,1
110302,1
110303,1
110304,1
110305,1
110306,1
110307,1
110308,1
110309,1
110310,1
110311,1
110312,1
110313,1
110314,1
110315,1
110316,1
110317,1
110318,1
110319,1
110320,1
110321,3
110322,4
110323,4
110324,4
110325,4
110326,2
110327,0
110328,0
110329,3
110330,2
110331,3
110332,4
110333,4
110334,4
110335,4
110336,4
110337,4
110338,4
110339,4
110340,4
110341,4
110342,4
110343,4
110344,4
110345,4
110346,0
110347,3
110348,4
110349,4
110350,4
110351,4
110352,4
110353,4
110354,3
110355,3
110356,2
110357,3
110358,4
110359,4
110360,4
110361,4
110362,4
110363,4
110364,4
110365,4
110366,4
110367,4
110368,4
110369,4
110370,4
110371,4
110372,4
110373,2
110374,2
110375,2
110376,4
110377,2
110378,2
110379,4
110380,2
110381,2
110382,3
110383,3
110384,3
110385,2
110386,4
110387,4
110388,4
110389,3
110390,4
110391,4
110392,4
110393,4
110394,4
110395,4
110396,4
110397,2
110398,4
110399,4
110400,4
110401,3
110402,1
110403,4
110404,4
110405,4
110406,1
110407,4
110408,4
110409,4
110410,3
110411,3
110412,3
110413,3
110414,3
110415,4
110416,3
110417,1
110418,1
110419,3
110420,3
110421,2
110422,2
110423,1
110424,2
110425,1
110426,3
110427,1
110428,1
110429,3
110430,2
110431,4
110432,4
110433,4
110434,4
110435,4
110436,4
110437,0
110438,0
110439,0
110440,2
110441,2
110442,2
110443,4
110444,4
110445,2
110446,2
110447,4
110448,2
110449,2
110450,2
110451,4
110452,4
110453,4
110454,4
110455,4
110456,2
110457,4
110458,4
110459,4
110460,4
110461,4
110462,4
110463,4
110464,4
110465,4
110466,4
110467,4
110468,4
110469,4
110470,4
110471,2
110472,4
110473,4
110474,4
110475,4
110476,4
110477,4
110478,4
110479,4
110480,4
110481,4
110482,4
110483,4
110484,4
110485,3
110486,4
110487,4
110488,4
110489,4
110490,4
110491,2
110492,4
110493,4
110494,2
110495,4
110496,4
110497,0
110498,2
110499,4
110500,4
110501,4
110502,2
110503,4
110504,4
110505,4
110506,4
110507,4
110508,2
110509,4
110510,2
110511,4
110512,4
110513,4
110514,4
110515,2
110516,2
110517,4
110518,4
110519,2
110520,4
110521,4
110522,2
110523,4
110524,4
110525,4
110526,4
110527,4
110528,4
110529,4
110530,4
110531,4
110532,4
110533,4
110534,4
110535,4
110536,4
110537,2
110538,4
110539,4
110540,4
110541,4
110542,2
110543,2
110544,4
110545,2
110546,4
110547,4
110548,4
110549,4
110550,2
110551,4
110552,4
110553,4
110554,4
110555,4
110556,4
110557,4
110558,4
110559,2
110560,2
110561,4
110562,4
110563,4
110564,2
110565,4
110566,2
110567,4
110568,4
110569,4
110570,4
110571,4
110572,4
110573,2
110574,4
110575,4
110576,2
110577,4
110578,4
110579,4
110580,4
110581,4
110582,4
110583,4
110584,4
110585,4
110586,4
110587,2
110588,4
110589,4
110590,4
110591,4
110592,3
110593,3
110594,3
110595,4
110596,1
110597,2
110598,1
110599,2
110600,2
110601,3
110602,2
110603,2
110604,2
110605,2
110606,2
110607,3
110608,2
110609,2
110610,2
110611,0
110612,2
110613,2
110614,2
110615,2
110616,2
110617,3
110618,2
110619,2
110620,2
110621,2
110622,2
110623,2
110624,3
110625,2
110626,3
110627,2
110628,2
110629,2
110630,3
110631,1
110632,2
110633,3
110634,2
110635,2
110636,3
110637,2
110638,3
110639,2
110640,2
110641,2
110642,2
110643,2
110644,2
110645,1
110646,3
110647,3
110648,0
110649,2
110650,3
110651,2
110652,3
110653,3
110654,0
110655,2
110656,2
110657,2
110658,3
110659,2
110660,2
110661,2
110662,2
110663,2
110664,3
110665,3
110666,1
110667,2
110668,3
110669,3
110670,2
110671,3
110672,2
110673,2
110674,3
110675,2
110676,0
110677,0
110678,0
110679,0
110680,0
110681,0
110682,0
110683,0
110684,0
110685,0
110686,0
110687,0
110688,0
110689,0
110690,3
110691,2
110692,3
110693,0
110694,0
110695,0
110696,0
110697,3
110698,3
110699,2
110700,3
110701,2
110702,3
110703,3
110704,3
110705,2
110706,2
110707,3
110708,3
110709,3
110710,3
110711,3
110712,3
110713,2
110714,3
110715,2
110716,2
110717,2
110718,2
110719,3
110720,3
110721,2
110722,3
110723,3
110724,2
110725,2
110726,2
110727,3
110728,3
110729,2
110730,3
110731,3
110732,3
110733,3
110734,3
110735,2
110736,3
110737,2
110738,3
110739,2
110740,3
110741,3
110742,2
110743,3
110744,3
110745,2
110746,3
110747,3
110748,2
110749,2
110750,3
110751,3
110752,3
110753,2
110754,0
110755,0
110756,0
110757,0
110758,0
110759,0
110760,0
110761,0
110762,0
110763,0
110764,0
110765,0
110766,0
110767,0
110768,0
110769,0
110770,0
110771,0
110772,0
110773,0
110774,2
110775,0
110776,0
110777,0
110778,0
110779,0
110780,0
110781,2
110782,0
110783,0
110784,0
110785,0
110786,0
110787,0
110788,0
110789,0
110790,0
110791,0
110792,0
110793,0
110794,0
110795,0
110796,0
110797,0
110798,0
110799,3
110800,2
110801,2
110802,3
110803,0
110804,0
110805,3
110806,2
110807,2
110808,3
110809,3
110810,3
110811,3
110812,2
110813,3
110814,3
110815,0
110816,3
110817,3
110818,2
110819,3
110820,3
110821,2
110822,2
110823,3
110824,3
110825,3
110826,3
110827,2
110828,3
110829,3
110830,0
110831,2
110832,0
110833,3
110834,3
110835,2
110836,3
110837,3
110838,3
110839,2
110840,2
110841,3
110842,2
110843,1
110844,2
110845,2
110846,1
110847,2
110848,1
110849,2
110850,1
110851,1
110852,4
110853,1
110854,2
110855,3
110856,3
110857,4
110858,2
110859,1
110860,2
110861,1
110862,1
110863,1
110864,3
110865,3
110866,2
110867,1
110868,3
110869,3
110870,1
110871,3
110872,1
110873,1
110874,1
110875,3
110876,2
110877,3
110878,2
110879,2
110880,2
110881,2
110882,2
110883,1
110884,1
110885,2
110886,1
110887,1
110888,1
110889,1
110890,3
110891,3
110892,1
110893,1
110894,2
110895,1
110896,3
110897,2
110898,3
110899,2
110900,2
110901,3
110902,1
110903,2
110904,1
110905,3
110906,3
110907,1
110908,3
110909,3
110910,2
110911,3
110912,2
110913,3
110914,2
110915,3
110916,3
110917,3
110918,2
110919,1
110920,1
110921,1
110922,2
110923,2
110924,3
110925,2
110926,2
110927,2
110928,2
110929,2
110930,2
110931,2
110932,2
110933,2
110934,2
110935,2
110936,1
110937,2
110938,2
110939,2
110940,2
110941,2
110942,2
110943,2
110944,2
110945,2
110946,1
110947,1
110948,2
110949,3
110950,2
110951,1
110952,1
110953,1
110954,3
110955,2
110956,3
110957,2
110958,3
110959,2
110960,2
110961,3
110962,2
110963,2
110964,3
110965,1
110966,2
110967,2
110968,2
110969,3
110970,3
110971,2
110972,3
110973,2
110974,2
110975,2
110976,3
110977,3
110978,2
110979,2
110980,2
110981,2
110982,2
110983,3
110984,2
110985,2
110986,2
110987,2
110988,2
110989,2
110990,2
110991,2
110992,2
110993,2
110994,3
110995,2
110996,2
110997,2
110998,2
110999,2
111000,2
111001,2
111002,1
111003,3
111004,3
111005,1
111006,2
111007,2
111008,3
111009,3
111010,2
111011,2
111012,2
111013,2
111014,0
111015,1
111016,1
111017,2
111018,0
111019,0
111020,0
111021,0
111022,0
111023,0
111024,0
111025,0
111026,0
111027,0
111028,0
111029,0
111030,0
111031,0
111032,0
111033,0
111034,0
111035,1
111036,1
111037,0
111038,0
111039,2
111040,3
111041,1
111042,3
111043,0
111044,3
111045,2
111046,3
111047,2
111048,0
111049,0
111050,0
111051,0
111052,0
111053,0
111054,0
111055,2
111056,2
111057,2
111058,2
111059,2
111060,2
111061,2
111062,2
111063,1
111064,1
111065,2
111066,3
111067,1
111068,2
111069,3
111070,1
111071,0
111072,0
111073,0
111074,2
111075,3
111076,3
111077,2
111078,3
111079,3
111080,3
111081,2
111082,2
111083,3
111084,3
111085,2
111086,2
111087,2
111088,3
111089,2
111090,2
111091,3
111092,2
111093,3
111094,2
111095,3
111096,3
111097,2
111098,3
111099,3
111100,3
111101,2
111102,3
111103,3
111104,2
111105,3
111106,1
111107,3
111108,3
111109,3
111110,3
111111,3
111112,2
111113,2
111114,3
111115,3
111116,2
111117,2
111118,3
111119,3
111120,2
111121,2
111122,0
111123,0
111124,0
111125,3
111126,0
111127,3
111128,2
111129,2
111130,3
111131,0
111132,0
111133,0
111134,0
111135,0
111136,0
111137,0
111138,0
111139,0
111140,0
111141,3
111142,0
111143,0
111144,0
111145,0
111146,0
111147,0
111148,0
111149,0
111150,0
111151,0
111152,0
111153,0
111154,0
111155,0
111156,0
111157,0
111158,0
111159,0
111160,0
111161,0
111162,0
111163,0
111164,0
111165,0
111166,3
111167,2
111168,2
111169,2
111170,3
111171,2
111172,2
111173,2
111174,3
111175,2
111176,2
111177,2
111178,3
111179,3
111180,3
111181,0
111182,2
111183,2
111184,0
111185,0
111186,0
111187,0
111188,0
111189,0
111190,0
111191,0
111192,2
111193,2
111194,2
111195,1
111196,3
111197,1
111198,2
111199,2
111200,1
111201,2
111202,3
111203,3
111204,1
111205,0
111206,0
111207,0
111208,0
111209,0
111210,0
111211,0
111212,0
111213,0
111214,0
111215,0
111216,2
111217,3
111218,3
111219,1
111220,2
111221,2
111222,3
111223,3
111224,2
111225,3
111226,3
111227,3
111228,2
111229,4
111230,2
111231,3
111232,3
111233,4
111234,1
111235,3
111236,1
111237,1
111238,1
111239,2
111240,3
111241,0
111242,3
111243,0
111244,0
111245,0
111246,3
111247,1
111248,2
111249,3
111250,3
111251,3
111252,2
111253,3
111254,1
111255,3
111256,0
111257,2
111258,0
111259,0
111260,0
111261,3
111262,0
111263,0
111264,0
111265,0
111266,0
111267,0
111268,1
111269,3
111270,3
111271,1
111272,3
111273,1
111274,4
111275,3
111276,4
111277,3
111278,3
111279,3
111280,3
111281,4
111282,4
111283,3
111284,3
111285,4
111286,3
111287,3
111288,4
111289,4
111290,3
111291,3
111292,3
111293,4
111294,3
111295,2
111296,2
111297,3
111298,3
111299,3
111300,3
111301,3
111302,3
111303,3
111304,3
111305,3
111306,4
111307,3
111308,3
111309,2
111310,3
111311,1
111312,1
111313,3
111314,3
111315,3
111316,3
111317,3
111318,3
111319,1
111320,3
111321,2
111322,0
111323,0
111324,0
111325,0
111326,0
111327,0
111328,0
111329,0
111330,0
111331,0
111332,0
111333,0
111334,0
111335,0
111336,0
111337,0
111338,0
111339,0
111340,2
111341,2
111342,2
111343,3
111344,3
111345,3
111346,4
111347,3
111348,3
111349,3
111350,0
111351,0
111352,0
111353,1
111354,2
111355,3
111356,3
111357,3
111358,2
111359,3
111360,3
111361,0
111362,0
111363,0
111364,0
111365,0
111366,3
111367,1
111368,1
111369,1
111370,0
111371,2
111372,3
111373,2
111374,3
111375,3
111376,3
111377,2
111378,3
111379,3
111380,4
111381,2
111382,0
111383,0
111384,0
111385,3
111386,1
111387,0
111388,0
111389,0
111390,0
111391,0
111392,0
111393,4
111394,0
111395,3
111396,3
111397,3
111398,3
111399,4
111400,0
111401,1
111402,3
111403,1
111404,0
111405,2
111406,1
111407,3
111408,3
111409,4
111410,3
111411,1
111412,1
111413,1
111414,1
111415,1
111416,1
111417,0
111418,1
111419,0
111420,0
111421,4
111422,1
111423,0
111424,1
111425,1
111426,3
111427,3
111428,4
111429,3
111430,2
111431,3
111432,4
111433,2
111434,2
111435,3
111436,2
111437,3
111438,1
111439,2
111440,2
111441,3
111442,3
111443,2
111444,2
111445,2
111446,4
111447,2
111448,1
111449,3
111450,3
111451,2
111452,2
111453,2
111454,2
111455,2
111456,3
111457,2
111458,2
111459,2
111460,2
111461,2
111462,3
111463,2
111464,3
111465,3
111466,3
111467,3
111468,1
111469,1
111470,1
111471,2
111472,2
111473,1
111474,2
111475,2
111476,2
111477,3
111478,2
111479,2
111480,2
111481,1
111482,3
111483,1
111484,3
111485,1
111486,2
111487,2
111488,3
111489,2
111490,2
111491,3
111492,2
111493,2
111494,3
111495,2
111496,3
111497,2
111498,2
111499,2
111500,2
111501,2
111502,2
111503,2
111504,3
111505,2
111506,1
111507,2
111508,2
111509,3
111510,1
111511,2
111512,2
111513,2
111514,2
111515,2
111516,2
111517,2
111518,2
111519,1
111520,2
111521,2
111522,2
111523,2
111524,2
111525,2
111526,2
111527,2
111528,2
111529,2
111530,2
111531,2
111532,2
111533,2
111534,2
111535,2
111536,2
111537,2
111538,0
111539,2
111540,2
111541,2
111542,2
111543,2
111544,2
111545,3
111546,2
111547,0
111548,2
111549,2
111550,2
111551,2
111552,2
111553,2
111554,1
111555,2
111556,1
111557,2
111558,1
111559,2
111560,2
111561,1
111562,2
111563,3
111564,2
111565,2
111566,2
111567,3
111568,3
111569,2
111570,2
111571,3
111572,2
111573,2
111574,2
111575,3
111576,1
111577,3
111578,2
111579,2
111580,3
111581,2
111582,3
111583,2
111584,3
111585,2
111586,3
111587,2
111588,2
111589,2
111590,3
111591,3
111592,3
111593,3
111594,3
111595,3
111596,3
111597,2
111598,3
111599,3
111600,2
111601,2
111602,3
111603,2
111604,3
111605,3
111606,2
111607,2
111608,2
111609,2
111610,2
111611,3
111612,0
111613,0
111614,0
111615,2
111616,2
111617,2
111618,2
111619,2
111620,3
111621,2
111622,2
111623,2
111624,2
111625,3
111626,2
111627,1
111628,2
111629,3
111630,2
111631,2
111632,2
111633,2
111634,2
111635,3
111636,2
111637,1
111638,2
111639,2
111640,2
111641,2
111642,2
111643,2
111644,2
111645,3
111646,2
111647,3
111648,2
111649,3
111650,2
111651,3
111652,0
111653,0
111654,3
111655,0
111656,2
111657,0
111658,2
111659,0
111660,3
111661,0
111662,3
111663,0
111664,3
111665,3
111666,3
111667,3
111668,3
111669,3
111670,3
111671,3
111672,2
111673,3
111674,2
111675,2
111676,2
111677,2
111678,2
111679,1
111680,2
111681,2
111682,2
111683,0
111684,2
111685,3
111686,3
111687,3
111688,3
111689,2
111690,2
111691,2
111692,2
111693,2
111694,2
111695,3
111696,2
111697,2
111698,3
111699,3
111700,3
111701,3
111702,3
111703,2
111704,3
111705,3
111706,2
111707,3
111708,2
111709,2
111710,2
111711,2
111712,3
111713,2
111714,2
111715,2
111716,2
111717,3
111718,2
111719,2
111720,3
111721,2
111722,3
111723,3
111724,3
111725,3
111726,3
111727,3
111728,3
111729,3
111730,3
111731,3
111732,2
111733,3
111734,3
111735,3
111736,3
111737,3
111738,2
111739,2
111740,2
111741,2
111742,3
111743,3
111744,3
111745,3
111746,2
111747,3
111748,3
111749,2
111750,3
111751,3
111752,2
111753,3
111754,2
111755,2
111756,0
111757,3
111758,2
111759,2
111760,2
111761,2
111762,2
111763,2
111764,2
111765,2
111766,2
111767,2
111768,2
111769,2
111770,2
111771,2
111772,2
111773,2
111774,0
111775,2
111776,2
111777,2
111778,2
111779,2
111780,2
111781,2
111782,2
111783,3
111784,2
111785,2
111786,2
111787,2
111788,2
111789,2
111790,2
111791,2
111792,0
111793,2
111794,2
111795,2
111796,2
111797,2
111798,1
111799,2
111800,2
111801,1
111802,2
111803,1
111804,2
111805,2
111806,2
111807,2
111808,2
111809,2
111810,2
111811,0
111812,3
111813,2
111814,2
111815,2
111816,2
111817,2
111818,2
111819,3
111820,2
111821,2
111822,2
111823,2
111824,2
111825,2
111826,2
111827,1
111828,2
111829,3
111830,2
111831,2
111832,2
111833,2
111834,2
111835,2
111836,2
111837,2
111838,2
111839,2
111840,2
111841,3
111842,2
111843,2
111844,2
111845,2
111846,2
111847,2
111848,3
111849,3
111850,2
111851,1
111852,3
111853,4
111854,1
111855,1
111856,2
111857,1
111858,1
111859,1
111860,1
111861,2
111862,2
111863,3
111864,1
111865,2
111866,2
111867,1
111868,2
111869,2
111870,2
111871,2
111872,1
111873,2
111874,2
111875,1
111876,2
111877,3
111878,0
111879,3
111880,3
111881,1
111882,1
111883,1
111884,1
111885,2
111886,2
111887,2
111888,1
111889,2
111890,1
111891,1
111892,1
111893,1
111894,2
111895,2
111896,1
111897,2
111898,2
111899,1
111900,2
111901,2
111902,2
111903,3
111904,2
111905,3
111906,2
111907,3
111908,1
111909,0
111910,0
111911,1
111912,1
111913,2
111914,3
111915,2
111916,2
111917,3
111918,2
111919,3
111920,3
111921,3
111922,3
111923,0
111924,2
111925,3
111926,3
111927,2
111928,2
111929,2
111930,2
111931,3
111932,2
111933,2
111934,2
111935,2
111936,2
111937,2
111938,3
111939,3
111940,2
111941,3
111942,2
111943,3
111944,2
111945,2
111946,2
111947,3
111948,2
111949,2
111950,3
111951,0
111952,2
111953,2
111954,3
111955,3
111956,2
111957,3
111958,3
111959,2
111960,2
111961,3
111962,3
111963,3
111964,2
111965,2
111966,3
111967,3
111968,0
111969,3
111970,2
111971,3
111972,2
111973,2
111974,2
111975,2
111976,2
111977,3
111978,2
111979,2
111980,0
111981,0
111982,3
111983,3
111984,3
111985,2
111986,2
111987,2
111988,2
111989,3
111990,1
111991,1
111992,2
111993,2
111994,1
111995,1
111996,1
111997,3
111998,3
111999,2
112000,2
112001,2
112002,3
112003,2
112004,3
112005,0
112006,1
112007,0
112008,2
112009,2
112010,2
112011,1
112012,2
112013,1
112014,2
112015,1
112016,2
112017,3
112018,3
112019,2
112020,2
112021,2
112022,1
112023,1
112024,1
112025,2
112026,1
112027,1
112028,2
112029,1
112030,1
112031,2
112032,1
112033,1
112034,1
112035,2
112036,2
112037,3
112038,3
112039,3
112040,3
112041,3
112042,3
112043,3
112044,3
112045,3
112046,2
112047,3
112048,2
112049,2
112050,1
112051,3
112052,3
112053,2
112054,2
112055,1
112056,1
112057,2
112058,3
112059,2
112060,2
112061,2
112062,2
112063,3
112064,2
112065,2
112066,3
112067,2
112068,2
112069,2
112070,2
112071,2
112072,2
112073,2
112074,3
112075,1
112076,2
112077,3
112078,2
112079,3
112080,1
112081,3
112082,2
112083,3
112084,3
112085,3
112086,3
112087,1
112088,1
112089,1
112090,2
112091,1
112092,1
112093,2
112094,3
112095,3
112096,3
112097,2
112098,2
112099,1
112100,2
112101,2
112102,3
112103,3
112104,2
112105,2
112106,2
112107,3
112108,3
112109,0
112110,0
112111,0
112112,3
112113,2
112114,2
112115,0
112116,2
112117,2
112118,2
112119,0
112120,2
112121,3
112122,2
112123,2
112124,1
112125,3
112126,3
112127,3
112128,3
112129,3
112130,3
112131,3
112132,1
112133,2
112134,3
112135,3
112136,3
112137,2
112138,3
112139,2
112140,1
112141,3
112142,1
112143,1
112144,1
112145,3
112146,3
112147,3
112148,3
112149,3
112150,3
112151,3
112152,2
112153,3
112154,2
112155,1
112156,3
112157,3
112158,3
112159,2
112160,3
112161,2
112162,2
112163,2
112164,2
112165,2
112166,3
112167,3
112168,3
112169,3
112170,3
112171,3
112172,3
112173,3
112174,3
112175,3
112176,3
112177,3
112178,2
112179,3
112180,3
112181,0
112182,2
112183,2
112184,2
112185,1
112186,2
112187,2
112188,2
112189,2
112190,0
112191,2
112192,2
112193,3
112194,0
112195,3
112196,2
112197,2
112198,2
112199,2
112200,2
112201,2
112202,2
112203,2
112204,2
112205,2
112206,2
112207,2
112208,2
112209,2
112210,2
112211,2
112212,2
112213,2
112214,2
112215,2
112216,2
112217,2
112218,2
112219,2
112220,0
112221,2
112222,3
112223,2
112224,3
112225,2
112226,2
112227,0
112228,0
112229,0
112230,2
112231,2
112232,2
112233,2
112234,2
112235,1
112236,2
112237,1
112238,2
112239,2
112240,2
112241,2
112242,3
112243,3
112244,2
112245,3
112246,3
112247,3
112248,2
112249,3
112250,3
112251,3
112252,3
112253,3
112254,3
112255,2
112256,2
112257,2
112258,2
112259,2
112260,2
112261,2
112262,1
112263,3
112264,2
112265,2
112266,2
112267,2
112268,2
112269,3
112270,2
112271,3
112272,2
112273,2
112274,3
112275,3
112276,3
112277,2
112278,2
112279,2
112280,1
112281,0
112282,3
112283,2
112284,3
112285,2
112286,1
112287,1
112288,3
112289,2
112290,2
112291,2
112292,2
112293,2
112294,2
112295,0
112296,2
112297,0
112298,2
112299,2
112300,2
112301,2
112302,2
112303,3
112304,2
112305,2
112306,2
112307,2
112308,2
112309,3
112310,2
112311,2
112312,3
112313,3
112314,2
112315,2
112316,3
112317,3
112318,2
112319,3
112320,2
112321,2
112322,3
112323,2
112324,2
112325,2
112326,2
112327,2
112328,2
112329,2
112330,2
112331,2
112332,2
112333,2
112334,2
112335,2
112336,2
112337,2
112338,3
112339,2
112340,3
112341,2
112342,2
112343,2
112344,2
112345,3
112346,2
112347,2
112348,3
112349,2
112350,2
112351,2
112352,2
112353,3
112354,3
112355,2
112356,2
112357,2
112358,2
112359,2
112360,2
112361,2
112362,2
112363,3
112364,2
112365,3
112366,3
112367,2
112368,2
112369,1
112370,1
112371,2
112372,2
112373,3
112374,2
112375,1
112376,2
112377,2
112378,2
112379,2
112380,1
112381,2
112382,1
112383,3
112384,1
112385,3
112386,3
112387,2
112388,3
112389,3
112390,2
112391,1
112392,2
112393,2
112394,1
112395,1
112396,3
112397,2
112398,2
112399,1
112400,2
112401,2
112402,1
112403,2
112404,3
112405,2
112406,2
112407,3
112408,2
112409,2
112410,2
112411,3
112412,3
112413,2
112414,2
112415,2
112416,3
112417,2
112418,3
112419,1
112420,4
112421,2
112422,2
112423,2
112424,2
112425,2
112426,2
112427,2
112428,2
112429,2
112430,2
112431,3
112432,3
112433,2
112434,2
112435,2
112436,2
112437,2
112438,2
112439,2
112440,2
112441,1
112442,1
112443,2
112444,2
112445,2
112446,2
112447,1
112448,2
112449,3
112450,2
112451,2
112452,3
112453,1
112454,2
112455,1
112456,2
112457,3
112458,1
112459,1
112460,2
112461,3
112462,1
112463,3
112464,2
112465,2
112466,2
112467,2
112468,2
112469,3
112470,3
112471,2
112472,2
112473,3
112474,3
112475,3
112476,3
112477,2
112478,1
112479,2
112480,3
112481,1
112482,3
112483,2
112484,3
112485,3
112486,1
112487,3
112488,1
112489,3
112490,3
112491,1
112492,1
112493,2
112494,1
112495,1
112496,1
112497,1
112498,2
112499,2
112500,3
112501,2
112502,1
112503,2
112504,2
112505,2
112506,2
112507,2
112508,3
112509,2
112510,2
112511,2
112512,2
112513,2
112514,2
112515,2
112516,2
112517,2
112518,2
112519,1
112520,2
112521,2
112522,2
112523,2
112524,2
112525,2
112526,3
112527,2
112528,2
112529,1
112530,2
112531,2
112532,2
112533,2
112534,3
112535,1
112536,2
112537,2
112538,2
112539,2
112540,2
112541,2
112542,2
112543,2
112544,1
112545,1
112546,2
112547,1
112548,2
112549,3
112550,1
112551,1
112552,2
112553,3
112554,1
112555,1
112556,1
112557,1
112558,1
112559,2
112560,2
112561,1
112562,2
112563,2
112564,2
112565,1
112566,2
112567,2
112568,2
112569,2
112570,2
112571,2
112572,2
112573,3
112574,2
112575,2
112576,2
112577,3
112578,3
112579,2
112580,3
112581,2
112582,3
112583,2
112584,3
112585,3
112586,3
112587,3
112588,3
112589,3
112590,3
112591,3
112592,2
112593,2
112594,3
112595,3
112596,2
112597,2
112598,2
112599,2
112600,1
112601,1
112602,2
112603,2
112604,2
112605,2
112606,2
112607,3
112608,2
112609,2
112610,3
112611,3
112612,2
112613,2
112614,2
112615,2
112616,2
112617,2
112618,2
112619,2
112620,2
112621,2
112622,2
112623,2
112624,2
112625,2
112626,2
112627,2
112628,2
112629,0
112630,2
112631,2
112632,2
112633,2
112634,2
112635,2
112636,2
112637,1
112638,1
112639,1
112640,2
112641,2
112642,2
112643,2
112644,2
112645,2
112646,2
112647,2
112648,2
112649,2
112650,2
112651,2
112652,2
112653,2
112654,1
112655,3
112656,2
112657,2
112658,2
112659,1
112660,1
112661,2
112662,2
112663,1
112664,2
112665,2
112666,2
112667,2
112668,2
112669,1
112670,2
112671,2
112672,2
112673,2
112674,2
112675,0
112676,2
112677,2
112678,2
112679,2
112680,2
112681,2
112682,2
112683,2
112684,2
112685,2
112686,2
112687,2
112688,2
112689,2
112690,2
112691,2
112692,2
112693,2
112694,2
112695,2
112696,2
112697,2
112698,1
112699,2
112700,2
112701,2
112702,2
112703,2
112704,2
112705,2
112706,2
112707,2
112708,2
112709,2
112710,2
112711,2
112712,2
112713,2
112714,2
112715,2
112716,2
112717,1
112718,2
112719,1
112720,2
112721,2
112722,0
112723,2
112724,1
112725,2
112726,2
112727,2
112728,2
112729,2
112730,2
112731,2
112732,2
112733,2
112734,2
112735,2
112736,2
112737,2
112738,2
112739,2
112740,2
112741,2
112742,2
112743,2
112744,2
112745,2
112746,2
112747,2
112748,2
112749,2
112750,2
112751,2
112752,2
112753,2
112754,2
112755,2
112756,2
112757,2
112758,2
112759,2
112760,2
112761,2
112762,2
112763,2
112764,2
112765,2
112766,3
112767,2
112768,2
112769,2
112770,3
112771,2
112772,2
112773,2
112774,2
112775,0
112776,0
112777,2
112778,2
112779,2
112780,2
112781,2
112782,2
112783,2
112784,1
112785,1
112786,1
112787,2
112788,1
112789,2
112790,2
112791,2
112792,2
112793,2
112794,2
112795,2
112796,2
112797,2
112798,2
112799,2
112800,2
112801,2
112802,2
112803,0
112804,2
112805,2
112806,1
112807,2
112808,1
112809,2
112810,2
112811,2
112812,2
112813,3
112814,2
112815,3
112816,2
112817,2
112818,3
112819,2
112820,3
112821,2
112822,2
112823,3
112824,3
112825,2
112826,2
112827,2
112828,2
112829,2
112830,3
112831,2
112832,2
112833,2
112834,2
112835,2
112836,2
112837,2
112838,3
112839,3
112840,3
112841,2
112842,2
112843,1
112844,1
112845,2
112846,2
112847,2
112848,2
112849,3
112850,2
112851,2
112852,2
112853,2
112854,2
112855,2
112856,2
112857,2
112858,2
112859,3
112860,2
112861,2
112862,2
112863,2
112864,2
112865,3
112866,2
112867,2
112868,3
112869,0
112870,2
112871,3
112872,2
112873,1
112874,2
112875,2
112876,3
112877,2
112878,2
112879,2
112880,2
112881,2
112882,2
112883,1
112884,2
112885,2
112886,2
112887,2
112888,2
112889,2
112890,2
112891,2
112892,2
112893,2
112894,2
112895,2
112896,3
112897,2
112898,0
112899,2
112900,2
112901,2
112902,2
112903,2
112904,2
112905,2
112906,2
112907,2
112908,2
112909,2
112910,2
112911,2
112912,2
112913,2
112914,2
112915,2
112916,2
112917,2
112918,2
112919,3
112920,1
112921,2
112922,3
112923,2
112924,1
112925,2
112926,3
112927,2
112928,2
112929,2
112930,2
112931,2
112932,2
112933,2
112934,2
112935,2
112936,2
112937,2
112938,2
112939,1
112940,2
112941,2
112942,1
112943,2
112944,2
112945,2
112946,2
112947,2
112948,3
112949,2
112950,2
112951,0
112952,2
112953,2
112954,0
112955,2
112956,2
112957,0
112958,0
112959,0
112960,0
112961,2
112962,2
112963,2
112964,2
112965,2
112966,1
112967,2
112968,2
112969,0
112970,2
112971,2
112972,0
112973,0
112974,3
112975,2
112976,1
112977,2
112978,2
112979,2
112980,2
112981,1
112982,3
112983,3
112984,2
112985,2
112986,2
112987,2
112988,2
112989,2
112990,2
112991,2
112992,2
112993,2
112994,2
112995,2
112996,2
112997,2
112998,2
112999,2
113000,2
113001,2
113002,2
113003,2
113004,2
113005,2
113006,2
113007,2
113008,2
113009,2
113010,2
113011,2
113012,2
113013,2
113014,2
113015,2
113016,2
113017,2
113018,2
113019,2
113020,3
113021,2
113022,3
113023,2
113024,2
113025,2
113026,2
113027,2
113028,2
113029,2
113030,2
113031,2
113032,2
113033,2
113034,2
113035,2
113036,2
113037,2
113038,2
113039,2
113040,2
113041,2
113042,2
113043,2
113044,2
113045,2
113046,2
113047,2
113048,2
113049,2
113050,2
113051,2
113052,2
113053,2
113054,2
113055,2
113056,2
113057,2
113058,2
113059,2
113060,3
113061,2
113062,2
113063,2
113064,2
113065,2
113066,2
113067,2
113068,2
113069,3
113070,2
113071,2
113072,2
113073,2
113074,1
113075,1
113076,3
113077,3
113078,3
113079,3
113080,3
113081,3
113082,3
113083,3
113084,2
113085,3
113086,3
113087,2
113088,2
113089,2
113090,3
113091,3
113092,3
113093,3
113094,2
113095,3
113096,2
113097,1
113098,2
113099,3
113100,2
113101,2
113102,2
113103,2
113104,3
113105,1
113106,2
113107,3
113108,2
113109,3
113110,3
113111,2
113112,3
113113,0
113114,1
113115,0
113116,3
113117,3
113118,2
113119,2
113120,1
113121,2
113122,3
113123,1
113124,3
113125,3
113126,3
113127,3
113128,2
113129,2
113130,0
113131,3
113132,2
113133,2
113134,3
113135,2
113136,3
113137,0
113138,2
113139,2
113140,3
113141,2
113142,2
113143,3
113144,3
113145,3
113146,2
113147,3
113148,3
113149,3
113150,1
113151,3
113152,3
113153,2
113154,3
113155,2
113156,2
113157,3
113158,2
113159,3
113160,2
113161,3
113162,3
113163,3
113164,2
113165,2
113166,3
113167,2
113168,3
113169,2
113170,2
113171,2
113172,0
113173,3
113174,3
113175,3
113176,3
113177,1
113178,1
113179,3
113180,1
113181,2
113182,2
113183,2
113184,2
113185,2
113186,2
113187,3
113188,2
113189,2
113190,2
113191,2
113192,2
113193,2
113194,2
113195,2
113196,2
113197,2
113198,2
113199,2
113200,2
113201,2
113202,2
113203,3
113204,0
113205,2
113206,2
113207,2
113208,2
113209,2
113210,2
113211,2
113212,3
113213,2
113214,2
113215,2
113216,3
113217,1
113218,3
113219,3
113220,3
113221,3
113222,2
113223,2
113224,2
113225,3
113226,1
113227,3
113228,2
113229,2
113230,2
113231,2
113232,2
113233,2
113234,2
113235,3
113236,3
113237,3
113238,1
113239,2
113240,2
113241,3
113242,2
113243,2
113244,0
113245,0
113246,2
113247,2
113248,2
113249,2
113250,2
113251,2
113252,0
113253,3
113254,2
113255,2
113256,3
113257,2
113258,1
113259,3
113260,1
113261,3
113262,1
113263,3
113264,3
113265,1
113266,2
113267,1
113268,2
113269,3
113270,3
113271,3
113272,2
113273,3
113274,2
113275,3
113276,1
113277,2
113278,3
113279,0
113280,3
113281,1
113282,3
113283,3
113284,2
113285,2
113286,3
113287,2
113288,3
113289,2
113290,2
113291,3
113292,2
113293,2
113294,3
113295,2
113296,3
113297,3
113298,3
113299,2
113300,0
113301,2
113302,3
113303,3
113304,2
113305,2
113306,3
113307,0
113308,0
113309,0
113310,3
113311,3
113312,3
113313,3
113314,3
113315,2
113316,3
113317,2
113318,2
113319,3
113320,0
113321,1
113322,3
113323,0
113324,2
113325,0
113326,2
113327,2
113328,2
113329,3
113330,0
113331,0
113332,3
113333,3
113334,0
113335,0
113336,3
113337,3
113338,3
113339,3
113340,2
113341,3
113342,2
113343,3
113344,3
113345,2
113346,3
113347,2
113348,2
113349,3
113350,3
113351,0
113352,0
113353,3
113354,2
113355,3
113356,0
113357,3
113358,2
113359,3
113360,1
113361,3
113362,1
113363,3
113364,3
113365,0
113366,2
113367,0
113368,2
113369,3
113370,3
113371,3
113372,2
113373,0
113374,3
113375,1
113376,1
113377,3
113378,0
113379,0
113380,0
113381,3
113382,2
113383,3
113384,1
113385,1
113386,3
113387,1
113388,3
113389,0
113390,3
113391,2
113392,3
113393,2
113394,1
113395,1
113396,1
113397,1
113398,2
113399,3
113400,2
113401,3
113402,1
113403,0
113404,1
113405,0
113406,1
113407,3
113408,1
113409,1
113410,1
113411,1
113412,2
113413,2
113414,2
113415,1
113416,2
113417,0
113418,3
113419,3
113420,3
113421,1
113422,3
113423,2
113424,2
113425,3
113426,3
113427,3
113428,3
113429,3
113430,2
113431,3
113432,3
113433,1
113434,2
113435,3
113436,3
113437,2
113438,2
113439,3
113440,2
113441,3
113442,2
113443,3
113444,0
113445,3
113446,3
113447,2
113448,3
113449,2
113450,2
113451,3
113452,3
113453,2
113454,3
113455,3
113456,3
113457,2
113458,3
113459,3
113460,2
113461,4
113462,2
113463,3
113464,3
113465,2
113466,4
113467,3
113468,3
113469,3
113470,3
113471,1
113472,2
113473,4
113474,2
113475,3
113476,0
113477,0
113478,3
113479,4
113480,4
113481,1
113482,4
113483,3
113484,4
113485,4
113486,3
113487,3
113488,2
113489,2
113490,0
113491,3
113492,4
113493,0
113494,0
113495,0
113496,4
113497,0
113498,1
113499,4
113500,0
113501,4
113502,3
113503,1
113504,4
113505,2
113506,0
113507,0
113508,0
113509,3
113510,0
113511,4
113512,4
113513,2
113514,0
113515,0
113516,0
113517,0
113518,0
113519,0
113520,0
113521,0
113522,0
113523,0
113524,0
113525,0
113526,2
113527,0
113528,0
113529,0
113530,2
113531,0
113532,0
113533,0
113534,3
113535,4
113536,2
113537,2
113538,2
113539,2
113540,4
113541,3
113542,2
113543,3
113544,2
113545,4
113546,1
113547,2
113548,3
113549,3
113550,2
113551,4
113552,0
113553,0
113554,0
113555,0
113556,0
113557,0
113558,0
113559,0
113560,0
113561,0
113562,2
113563,3
113564,2
113565,0
113566,0
113567,1
113568,3
113569,1
113570,1
113571,1
113572,3
113573,1
113574,1
113575,2
113576,1
113577,4
113578,3
113579,4
113580,3
113581,1
113582,2
113583,3
113584,2
113585,1
113586,4
113587,2
113588,4
113589,1
113590,4
113591,2
113592,4
113593,4
113594,0
113595,0
113596,2
113597,0
113598,0
113599,0
113600,2
113601,2
113602,2
113603,2
113604,2
113605,2
113606,2
113607,2
113608,2
113609,3
113610,3
113611,2
113612,3
113613,2
113614,2
113615,2
113616,0
113617,2
113618,2
113619,4
113620,4
113621,2
113622,3
113623,4
113624,0
113625,0
113626,0
113627,4
113628,4
113629,0
113630,3
113631,1
113632,0
113633,0
113634,0
113635,0
113636,0
113637,0
113638,0
113639,0
113640,0
113641,0
113642,0
113643,0
113644,0
113645,0
113646,0
113647,0
113648,0
113649,0
113650,0
113651,0
113652,0
113653,0
113654,0
113655,0
113656,0
113657,0
113658,0
113659,0
113660,0
113661,0
113662,0
113663,0
113664,0
113665,0
113666,3
113667,2
113668,2
113669,2
113670,2
113671,4
113672,4
113673,2
113674,3
113675,3
113676,2
113677,2
113678,2
113679,2
113680,0
113681,4
113682,4
113683,3
113684,3
113685,4
113686,2
113687,4
113688,4
113689,4
113690,2
113691,2
113692,3
113693,2
113694,3
113695,3
113696,2
113697,1
113698,2
113699,2
113700,2
113701,4
113702,4
113703,2
113704,3
113705,4
113706,0
113707,2
113708,2
113709,2
113710,4
113711,4
113712,3
113713,2
113714,2
113715,3
113716,1
113717,3
113718,2
113719,2
113720,3
113721,3
113722,0
113723,3
113724,3
113725,2
113726,2
113727,0
113728,0
113729,0
113730,2
113731,2
113732,4
113733,2
113734,2
113735,0
113736,0
113737,2
113738,1
113739,3
113740,3
113741,2
113742,2
113743,3
113744,2
113745,3
113746,4
113747,3
113748,3
113749,3
113750,4
113751,3
113752,1
113753,2
113754,2
113755,2
113756,2
113757,3
113758,2
113759,0
113760,2
113761,3
113762,2
113763,3
113764,2
113765,2
113766,3
113767,4
113768,3
113769,2
113770,2
113771,2
113772,3
113773,2
113774,3
113775,2
113776,4
113777,2
113778,2
113779,2
113780,4
113781,4
113782,2
113783,0
113784,2
113785,3
113786,3
113787,2
113788,0
113789,4
113790,2
113791,3
113792,0
113793,4
113794,3
113795,4
113796,0
113797,0
113798,0
113799,4
113800,4
113801,0
113802,0
113803,0
113804,0
113805,0
113806,0
113807,0
113808,2
113809,4
113810,0
113811,2
113812,0
113813,0
113814,4
113815,2
113816,2
113817,0
113818,2
113819,2
113820,2
113821,2
113822,2
113823,2
113824,2
113825,2
113826,2
113827,3
113828,0
113829,2
113830,0
113831,2
113832,2
113833,2
113834,2
113835,2
113836,0
113837,1
113838,2
113839,2
113840,2
113841,1
113842,2
113843,2
113844,4
113845,1
113846,4
113847,4
113848,4
113849,0
113850,1
113851,1
113852,0
113853,1
113854,3
113855,2
113856,3
113857,3
113858,3
113859,2
113860,2
113861,2
113862,2
113863,1
113864,1
113865,1
113866,2
113867,1
113868,0
113869,0
113870,0
113871,0
113872,0
113873,1
113874,3
113875,1
113876,1
113877,2
113878,4
113879,2
113880,3
113881,4
113882,3
113883,4
113884,3
113885,1
113886,1
113887,4
113888,4
113889,2
113890,1
113891,4
113892,4
113893,2
113894,2
113895,2
113896,0
113897,2
113898,1
113899,2
113900,1
113901,2
113902,3
113903,4
113904,3
113905,0
113906,0
113907,0
113908,0
113909,0
113910,0
113911,0
113912,0
113913,2
113914,0
113915,0
113916,2
113917,0
113918,0
113919,0
113920,3
113921,3
113922,3
113923,2
113924,1
113925,2
113926,0
113927,0
113928,0
113929,0
113930,0
113931,0
113932,0
113933,0
113934,0
113935,2
113936,0
113937,2
113938,2
113939,2
113940,2
113941,2
113942,2
113943,2
113944,2
113945,2
113946,2
113947,1
113948,2
113949,2
113950,3
113951,3
113952,3
113953,3
113954,2
113955,2
113956,3
113957,4
113958,2
113959,4
113960,4
113961,2
113962,2
113963,4
113964,2
113965,2
113966,2
113967,3
113968,2
113969,2
113970,3
113971,2
113972,3
113973,3
113974,2
113975,2
113976,2
113977,2
113978,2
113979,2
113980,2
113981,4
113982,3
113983,2
113984,2
113985,2
113986,2
113987,2
113988,2
113989,1
113990,2
113991,1
113992,3
113993,2
113994,3
113995,3
113996,3
113997,3
113998,3
113999,3
114000,3
114001,3
114002,3
114003,3
114004,2
114005,2
114006,2
114007,2
114008,3
114009,3
114010,2
114011,2
114012,3
114013,2
114014,2
114015,3
114016,2
114017,3
114018,3
114019,2
114020,2
114021,4
114022,3
114023,3
114024,3
114025,2
114026,3
114027,3
114028,3
114029,2
114030,2
114031,3
114032,2
114033,2
114034,4
114035,2
114036,3
114037,2
114038,0
114039,2
114040,3
114041,3
114042,3
114043,4
114044,3
114045,2
114046,3
114047,3
114048,3
114049,3
114050,3
114051,3
114052,3
114053,2
114054,2
114055,3
114056,2
114057,3
114058,2
114059,3
114060,2
114061,3
114062,3
114063,3
114064,2
114065,2
114066,2
114067,2
114068,2
114069,3
114070,2
114071,2
114072,3
114073,2
114074,2
114075,3
114076,4
114077,3
114078,3
114079,0
114080,2
114081,2
114082,2
114083,3
114084,3
114085,3
114086,2
114087,3
114088,2
114089,4
114090,3
114091,3
114092,2
114093,3
114094,3
114095,3
114096,3
114097,3
114098,3
114099,2
114100,2
114101,2
114102,3
114103,3
114104,3
114105,2
114106,2
114107,3
114108,1
114109,2
114110,2
114111,3
114112,2
114113,3
114114,2
114115,2
114116,3
114117,3
114118,3
114119,3
114120,3
114121,3
114122,4
114123,0
114124,3
114125,4
114126,3
114127,3
114128,3
114129,2
114130,4
114131,3
114132,2
114133,2
114134,2
114135,2
114136,1
114137,2
114138,4
114139,3
114140,2
114141,1
114142,2
114143,3
114144,3
114145,3
114146,3
114147,3
114148,2
114149,3
114150,3
114151,3
114152,3
114153,1
114154,2
114155,1
114156,1
114157,2
114158,2
114159,2
114160,2
114161,2
114162,3
114163,4
114164,2
114165,2
114166,2
114167,3
114168,0
114169,2
114170,3
114171,3
114172,3
114173,2
114174,2
114175,2
114176,2
114177,4
114178,3
114179,3
114180,2
114181,2
114182,3
114183,3
114184,2
114185,3
114186,3
114187,3
114188,3
114189,2
114190,3
114191,3
114192,2
114193,3
114194,4
114195,2
114196,3
114197,1
114198,3
114199,4
114200,3
114201,3
114202,2
114203,2
114204,3
114205,1
114206,2
114207,3
114208,1
114209,1
114210,0
114211,1
114212,1
114213,0
114214,0
114215,0
114216,3
114217,2
114218,0
114219,0
114220,0
114221,0
114222,0
114223,2
114224,3
114225,0
114226,0
114227,0
114228,0
114229,2
114230,1
114231,2
114232,2
114233,3
114234,3
114235,4
114236,3
114237,2
114238,2
114239,2
114240,3
114241,2
114242,3
114243,2
114244,2
114245,3
114246,3
114247,2
114248,3
114249,3
114250,2
114251,2
114252,2
114253,3
114254,2
114255,2
114256,2
114257,3
114258,3
114259,3
114260,3
114261,2
114262,2
114263,3
114264,0
114265,3
114266,3
114267,3
114268,3
114269,3
114270,2
114271,0
114272,3
114273,3
114274,3
114275,2
114276,3
114277,2
114278,2
114279,2
114280,2
114281,3
114282,3
114283,3
114284,3
114285,3
114286,2
114287,3
114288,2
114289,3
114290,2
114291,2
114292,3
114293,2
114294,2
114295,3
114296,2
114297,2
114298,3
114299,0
114300,3
114301,3
114302,2
114303,1
114304,0
114305,0
114306,3
114307,2
114308,0
114309,2
114310,2
114311,3
114312,3
114313,3
114314,3
114315,2
114316,2
114317,3
114318,2
114319,3
114320,3
114321,3
114322,2
114323,3
114324,3
114325,3
114326,2
114327,2
114328,2
114329,2
114330,2
114331,2
114332,2
114333,2
114334,2
114335,3
114336,3
114337,2
114338,3
114339,3
114340,2
114341,2
114342,3
114343,3
114344,2
114345,3
114346,2
114347,2
114348,3
114349,3
114350,3
114351,3
114352,3
114353,3
114354,3
114355,3
114356,1
114357,2
114358,2
114359,2
114360,3
114361,3
114362,2
114363,2
114364,3
114365,2
114366,3
114367,3
114368,2
114369,2
114370,2
114371,2
114372,1
114373,2
114374,2
114375,3
114376,0
114377,3
114378,3
114379,3
114380,3
114381,3
114382,3
114383,2
114384,0
114385,2
114386,2
114387,2
114388,3
114389,0
114390,3
114391,3
114392,3
114393,3
114394,1
114395,4
114396,2
114397,1
114398,3
114399,3
114400,2
114401,2
114402,3
114403,3
114404,2
114405,2
114406,2
114407,1
114408,2
114409,3
114410,2
114411,3
114412,2
114413,2
114414,2
114415,2
114416,2
114417,2
114418,2
114419,2
114420,3
114421,2
114422,2
114423,2
114424,2
114425,2
114426,2
114427,2
114428,2
114429,2
114430,2
114431,2
114432,2
114433,2
114434,2
114435,2
114436,3
114437,2
114438,1
114439,2
114440,1
114441,2
114442,3
114443,3
114444,3
114445,3
114446,3
114447,2
114448,0
114449,2
114450,0
114451,2
114452,1
114453,3
114454,4
114455,3
114456,2
114457,2
114458,0
114459,3
114460,2
114461,3
114462,0
114463,2
114464,2
114465,2
114466,3
114467,3
114468,3
114469,2
114470,2
114471,2
114472,2
114473,2
114474,2
114475,3
114476,2
114477,3
114478,3
114479,3
114480,3
114481,3
114482,3
114483,2
114484,3
114485,2
114486,3
114487,1
114488,2
114489,1
114490,3
114491,2
114492,0
114493,0
114494,3
114495,2
114496,4
114497,3
114498,4
114499,4
114500,2
114501,1
114502,1
114503,1
114504,3
114505,3
114506,3
114507,2
114508,3
114509,4
114510,2
114511,3
114512,3
114513,2
114514,3
114515,1
114516,3
114517,1
114518,2
114519,3
114520,1
114521,3
114522,1
114523,1
114524,1
114525,1
114526,1
114527,2
114528,2
114529,1
114530,3
114531,3
114532,2
114533,2
114534,1
114535,2
114536,1
114537,1
114538,1
114539,3
114540,2
114541,2
114542,3
114543,2
114544,2
114545,2
114546,3
114547,3
114548,3
114549,2
114550,3
114551,1
114552,3
114553,2
114554,2
114555,3
114556,2
114557,2
114558,2
114559,1
114560,1
114561,3
114562,1
114563,1
114564,3
114565,3
114566,1
114567,1
114568,2
114569,2
114570,3
114571,1
114572,2
114573,2
114574,2
114575,3
114576,3
114577,1
114578,4
114579,1
114580,1
114581,1
114582,4
114583,3
114584,2
114585,2
114586,2
114587,2
114588,2
114589,1
114590,2
114591,2
114592,3
114593,3
114594,2
114595,2
114596,2
114597,3
114598,1
114599,1
114600,2
114601,4
114602,2
114603,3
114604,2
114605,1
114606,1
114607,3
114608,3
114609,0
114610,3
114611,1
114612,1
114613,2
114614,4
114615,3
114616,4
114617,0
114618,4
114619,2
114620,3
114621,3
114622,2
114623,3
114624,4
114625,2
114626,3
114627,2
114628,3
114629,0
114630,2
114631,2
114632,0
114633,3
114634,2
114635,0
114636,2
114637,2
114638,2
114639,2
114640,3
114641,4
114642,3
114643,3
114644,1
114645,2
114646,3
114647,3
114648,1
114649,3
114650,4
114651,4
114652,4
114653,4
114654,0
114655,4
114656,3
114657,4
114658,3
114659,0
114660,3
114661,4
114662,3
114663,3
114664,3
114665,3
114666,3
114667,4
114668,3
114669,3
114670,3
114671,3
114672,3
114673,3
114674,3
114675,3
114676,3
114677,4
114678,4
114679,2
114680,3
114681,3
114682,3
114683,3
114684,4
114685,3
114686,4
114687,4
114688,4
114689,4
114690,4
114691,3
114692,4
114693,4
114694,4
114695,4
114696,4
114697,4
114698,0
114699,3
114700,4
114701,4
114702,3
114703,4
114704,0
114705,3
114706,3
114707,4
114708,4
114709,4
114710,3
114711,4
114712,4
114713,4
114714,3
114715,4
114716,3
114717,4
114718,4
114719,2
114720,3
114721,3
114722,3
114723,3
114724,3
114725,3
114726,3
114727,3
114728,3
114729,3
114730,3
114731,3
114732,3
114733,3
114734,3
114735,4
114736,4
114737,4
114738,4
114739,4
114740,4
114741,4
114742,4
114743,4
114744,0
114745,4
114746,0
114747,3
114748,3
114749,2
114750,3
114751,0
114752,4
114753,3
114754,3
114755,3
114756,3
114757,0
114758,2
114759,0
114760,0
114761,4
114762,3
114763,0
114764,3
114765,1
114766,3
114767,3
114768,3
114769,3
114770,3
114771,3
114772,3
114773,3
114774,4
114775,3
114776,3
114777,4
114778,4
114779,3
114780,3
114781,3
114782,3
114783,4
114784,3
114785,4
114786,3
114787,3
114788,3
114789,3
114790,3
114791,3
114792,3
114793,2
114794,4
114795,3
114796,3
114797,3
114798,4
114799,3
114800,3
114801,1
114802,2
114803,3
114804,4
114805,3
114806,4
114807,3
114808,4
114809,3
114810,3
114811,3
114812,3
114813,4
114814,3
114815,3
114816,3
114817,3
114818,0
114819,3
114820,3
114821,3
114822,4
114823,4
114824,3
114825,4
114826,3
114827,3
114828,3
114829,3
114830,3
114831,3
114832,4
114833,0
114834,3
114835,4
114836,0
114837,3
114838,3
114839,4
114840,0
114841,3
114842,3
114843,0
114844,4
114845,0
114846,4
114847,3
114848,3
114849,3
114850,3
114851,4
114852,2
114853,1
114854,2
114855,3
114856,3
114857,0
114858,4
114859,4
114860,3
114861,3
114862,3
114863,0
114864,3
114865,3
114866,3
114867,4
114868,3
114869,3
114870,3
114871,4
114872,3
114873,3
114874,3
114875,0
114876,3
114877,3
114878,2
114879,1
114880,3
114881,1
114882,3
114883,3
114884,3
114885,2
114886,1
114887,2
114888,3
114889,0
114890,2
114891,4
114892,2
114893,2
114894,2
114895,3
114896,2
114897,0
114898,3
114899,0
114900,3
114901,2
114902,3
114903,3
114904,0
114905,3
114906,2
114907,2
114908,3
114909,2
114910,0
114911,0
114912,3
114913,3
114914,2
114915,2
114916,2
114917,3
114918,3
114919,2
114920,2
114921,2
114922,3
114923,2
114924,2
114925,2
114926,2
114927,0
114928,3
114929,2
114930,2
114931,1
114932,2
114933,3
114934,2
114935,2
114936,0
114937,2
114938,4
114939,2
114940,3
114941,0
114942,0
114943,2
114944,2
114945,2
114946,3
114947,3
114948,3
114949,2
114950,0
114951,2
114952,0
114953,0
114954,4
114955,2
114956,2
114957,3
114958,3
114959,4
114960,2
114961,0
114962,0
114963,2
114964,2
114965,3
114966,2
114967,4
114968,2
114969,2
114970,2
114971,2
114972,2
114973,2
114974,2
114975,2
114976,2
114977,2
114978,2
114979,2
114980,3
114981,2
114982,0
114983,2
114984,2
114985,2
114986,0
114987,2
114988,2
114989,2
114990,2
114991,2
114992,2
114993,2
114994,2
114995,2
114996,4
114997,0
114998,0
114999,1
115000,2
115001,2
115002,2
115003,3
115004,0
115005,3
115006,0
115007,0
115008,2
115009,2
115010,2
115011,2
115012,2
115013,2
115014,2
115015,2
115016,2
115017,2
115018,2
115019,2
115020,0
115021,2
115022,3
115023,2
115024,4
115025,0
115026,2
115027,2
115028,0
115029,0
115030,2
115031,2
115032,1
115033,1
115034,0
115035,4
115036,2
115037,2
115038,2
115039,2
115040,2
115041,3
115042,3
115043,0
115044,3
115045,3
115046,1
115047,2
115048,1
115049,2
115050,2
115051,1
115052,2
115053,2
115054,2
115055,2
115056,2
115057,0
115058,3
115059,1
115060,3
115061,3
115062,2
115063,4
115064,0
115065,0
115066,0
115067,0
115068,2
115069,3
115070,2
115071,2
115072,3
115073,0
115074,2
115075,3
115076,2
115077,3
115078,1
115079,3
115080,0
115081,2
115082,2
115083,3
115084,3
115085,2
115086,2
115087,2
115088,3
115089,3
115090,2
115091,2
115092,2
115093,2
115094,1
115095,2
115096,2
115097,0
115098,2
115099,3
115100,4
115101,3
115102,0
115103,0
115104,3
115105,3
115106,2
115107,3
115108,1
115109,0
115110,3
115111,3
115112,2
115113,3
115114,3
115115,1
115116,3
115117,3
115118,3
115119,3
115120,3
115121,2
115122,3
115123,2
115124,3
115125,3
115126,3
115127,3
115128,3
115129,2
115130,0
115131,3
115132,2
115133,2
115134,0
115135,1
115136,2
115137,3
115138,3
115139,3
115140,1
115141,1
115142,2
115143,2
115144,3
115145,3
115146,2
115147,1
115148,2
115149,3
115150,3
115151,3
115152,2
115153,2
115154,1
115155,3
115156,3
115157,3
115158,3
115159,3
115160,3
115161,3
115162,1
115163,3
115164,3
115165,3
115166,2
115167,0
115168,2
115169,2
115170,3
115171,2
115172,0
115173,2
115174,2
115175,2
115176,2
115177,0
115178,1
115179,2
115180,2
115181,2
115182,3
115183,3
115184,2
115185,2
115186,2
115187,2
115188,2
115189,2
115190,3
115191,2
115192,2
115193,2
115194,2
115195,2
115196,3
115197,2
115198,2
115199,2
115200,2
115201,2
115202,2
115203,1
115204,2
115205,2
115206,2
115207,2
115208,2
115209,2
115210,2
115211,2
115212,4
115213,2
115214,2
115215,2
115216,3
115217,2
115218,2
115219,2
115220,4
115221,3
115222,2
115223,2
115224,3
115225,4
115226,2
115227,3
115228,2
115229,2
115230,2
115231,2
115232,2
115233,2
115234,2
115235,3
115236,2
115237,2
115238,2
115239,3
115240,3
115241,3
115242,2
115243,3
115244,3
115245,3
115246,3
115247,3
115248,3
115249,3
115250,0
115251,3
115252,1
115253,1
115254,1
115255,0
115256,0
115257,2
115258,2
115259,2
115260,2
115261,2
115262,2
115263,2
115264,2
115265,0
115266,1
115267,0
115268,3
115269,2
115270,4
115271,2
115272,2
115273,2
115274,2
115275,3
115276,4
115277,0
115278,2
115279,3
115280,4
115281,0
115282,2
115283,2
115284,0
115285,0
115286,1
115287,2
115288,4
115289,2
115290,4
115291,2
115292,2
115293,2
115294,2
115295,2
115296,2
115297,0
115298,0
115299,3
115300,2
115301,3
115302,2
115303,2
115304,2
115305,3
115306,2
115307,0
115308,1
115309,1
115310,2
115311,1
115312,2
115313,3
115314,2
115315,0
115316,3
115317,3
115318,3
115319,3
115320,2
115321,4
115322,3
115323,4
115324,3
115325,2
115326,3
115327,4
115328,3
115329,4
115330,0
115331,0
115332,1
115333,1
115334,3
115335,1
115336,3
115337,0
115338,0
115339,2
115340,1
115341,1
115342,0
115343,0
115344,0
115345,2
115346,3
115347,2
115348,3
115349,0
115350,3
115351,2
115352,2
115353,2
115354,2
115355,2
115356,2
115357,3
115358,2
115359,2
115360,2
115361,0
115362,0
115363,2
115364,2
115365,0
115366,2
115367,2
115368,2
115369,0
115370,2
115371,2
115372,3
115373,1
115374,3
115375,0
115376,2
115377,2
115378,0
115379,3
115380,2
115381,2
115382,2
115383,2
115384,2
115385,2
115386,2
115387,0
115388,2
115389,2
115390,2
115391,2
115392,2
115393,2
115394,2
115395,2
115396,2
115397,4
115398,2
115399,2
115400,2
115401,1
115402,2
115403,3
115404,1
115405,1
115406,2
115407,2
115408,4
115409,2
115410,3
115411,4
115412,4
115413,3
115414,2
115415,1
115416,1
115417,3
115418,2
115419,2
115420,2
115421,4
115422,2
115423,2
115424,2
115425,2
115426,2
115427,2
115428,3
115429,3
115430,3
115431,2
115432,2
115433,2
115434,4
115435,2
115436,2
115437,2
115438,1
115439,1
115440,2
115441,4
115442,2
115443,2
115444,2
115445,3
115446,2
115447,3
115448,2
115449,4
115450,2
115451,2
115452,3
115453,4
115454,2
115455,4
115456,4
115457,3
115458,2
115459,3
115460,4
115461,4
115462,3
115463,4
115464,2
115465,3
115466,3
115467,2
115468,4
115469,4
115470,2
115471,3
115472,3
115473,2
115474,2
115475,3
115476,2
115477,3
115478,3
115479,3
115480,3
115481,3
115482,3
115483,3
115484,0
115485,0
115486,3
115487,2
115488,2
115489,3
115490,3
115491,3
115492,3
115493,2
115494,3
115495,0
115496,3
115497,0
115498,4
115499,0
115500,4
115501,2
115502,2
115503,0
115504,2
115505,2
115506,3
115507,1
115508,1
115509,1
115510,3
115511,2
115512,3
115513,2
115514,2
115515,1
115516,0
115517,2
115518,3
115519,2
115520,2
115521,3
115522,2
115523,2
115524,2
115525,2
115526,0
115527,0
115528,3
115529,1
115530,2
115531,2
115532,3
115533,2
115534,3
115535,0
115536,2
115537,2
115538,2
115539,3
115540,2
115541,0
115542,2
115543,2
115544,2
115545,2
115546,2
115547,2
115548,2
115549,2
115550,1
115551,2
115552,3
115553,3
115554,2
115555,1
115556,2
115557,1
115558,4
115559,4
115560,2
115561,1
115562,2
115563,2
115564,1
115565,0
115566,4
115567,3
115568,2
115569,3
115570,3
115571,2
115572,3
115573,3
115574,3
115575,3
115576,4
115577,3
115578,3
115579,4
115580,4
115581,4
115582,3
115583,2
115584,3
115585,3
115586,3
115587,4
115588,4
115589,2
115590,3
115591,3
115592,3
115593,3
115594,2
115595,3
115596,3
115597,1
115598,1
115599,0
115600,2
115601,1
115602,1
115603,0
115604,0
115605,3
115606,2
115607,2
115608,4
115609,3
115610,3
115611,3
115612,4
115613,3
115614,0
115615,0
115616,2
115617,0
115618,2
115619,2
115620,3
115621,2
115622,3
115623,3
115624,0
115625,2
115626,2
115627,2
115628,2
115629,2
115630,2
115631,2
115632,3
115633,0
115634,4
115635,0
115636,0
115637,3
115638,0
115639,0
115640,2
115641,0
115642,1
115643,1
115644,1
115645,2
115646,2
115647,4
115648,3
115649,2
115650,3
115651,3
115652,2
115653,2
115654,2
115655,2
115656,3
115657,3
115658,2
115659,1
115660,0
115661,1
115662,3
115663,3
115664,3
115665,2
115666,2
115667,1
115668,2
115669,0
115670,2
115671,3
115672,4
115673,3
115674,3
115675,0
115676,2
115677,3
115678,0
115679,4
115680,2
115681,3
115682,2
115683,2
115684,2
115685,2
115686,0
115687,4
115688,3
115689,3
115690,3
115691,0
115692,1
115693,2
115694,2
115695,4
115696,3
115697,2
115698,2
115699,2
115700,3
115701,2
115702,0
115703,3
115704,2
115705,3
115706,2
115707,2
115708,3
115709,2
115710,3
115711,3
115712,2
115713,2
115714,2
115715,2
115716,4
115717,2
115718,3
115719,3
115720,0
115721,2
115722,2
115723,3
115724,0
115725,2
115726,2
115727,3
115728,2
115729,2
115730,0
115731,2
115732,3
115733,1
115734,2
115735,1
115736,4
115737,3
115738,2
115739,3
115740,3
115741,3
115742,0
115743,1
115744,0
115745,2
115746,0
115747,0
115748,3
115749,2
115750,0
115751,2
115752,2
115753,2
115754,2
115755,0
115756,2
115757,2
115758,2
115759,0
115760,2
115761,2
115762,2
115763,4
115764,2
115765,1
115766,0
115767,0
115768,1
115769,1
115770,2
115771,0
115772,2
115773,0
115774,0
115775,0
115776,1
115777,1
115778,2
115779,2
115780,4
115781,4
115782,2
115783,0
115784,4
115785,0
115786,2
115787,2
115788,2
115789,1
115790,2
115791,2
115792,2
115793,2
115794,0
115795,4
115796,2
115797,2
115798,2
115799,0
115800,4
115801,4
115802,0
115803,0
115804,0
115805,2
115806,2
115807,0
115808,2
115809,0
115810,0
115811,2
115812,0
115813,2
115814,0
115815,0
115816,0
115817,0
115818,0
115819,0
115820,3
115821,2
115822,1
115823,2
115824,0
115825,0
115826,0
115827,3
115828,1
115829,3
115830,3
115831,1
115832,2
115833,3
115834,3
115835,1
115836,3
115837,2
115838,2
115839,3
115840,1
115841,2
115842,2
115843,2
115844,2
115845,0
115846,1
115847,1
115848,3
115849,0
115850,3
115851,2
115852,3
115853,3
115854,2
115855,1
115856,3
115857,3
115858,0
115859,0
115860,0
115861,1
115862,0
115863,3
115864,3
115865,1
115866,3
115867,0
115868,3
115869,3
115870,2
115871,0
115872,0
115873,3
115874,1
115875,1
115876,3
115877,0
115878,0
115879,0
115880,0
115881,0
115882,0
115883,0
115884,3
115885,1
115886,0
115887,2
115888,0
115889,0
115890,0
115891,3
115892,2
115893,1
115894,2
115895,2
115896,2
115897,2
115898,2
115899,2
115900,3
115901,0
115902,2
115903,0
115904,2
115905,0
115906,0
115907,0
115908,2
115909,1
115910,0
115911,2
115912,3
115913,0
115914,2
115915,2
115916,0
115917,2
115918,0
115919,2
115920,3
115921,0
115922,3
115923,2
115924,2
115925,1
115926,1
115927,1
115928,2
115929,3
115930,2
115931,2
115932,2
115933,0
115934,3
115935,2
115936,2
115937,0
115938,2
115939,3
115940,0
115941,2
115942,2
115943,1
115944,3
115945,0
115946,2
115947,2
115948,2
115949,2
115950,2
115951,2
115952,3
115953,4
115954,0
115955,2
115956,0
115957,0
115958,0
115959,2
115960,2
115961,2
115962,0
115963,0
115964,2
115965,3
115966,2
115967,2
115968,2
115969,3
115970,2
115971,2
115972,2
115973,4
115974,2
115975,3
115976,2
115977,3
115978,0
115979,2
115980,3
115981,2
115982,2
115983,0
115984,2
115985,3
115986,3
115987,2
115988,0
115989,2
115990,2
115991,2
115992,0
115993,0
115994,0
115995,3
115996,0
115997,2
115998,0
115999,2
116000,2
116001,2
116002,2
116003,0
116004,2
116005,2
116006,2
116007,0
116008,2
116009,0
116010,2
116011,2
116012,0
116013,2
116014,0
116015,0
116016,0
116017,2
116018,2
116019,2
116020,3
116021,2
116022,2
116023,2
116024,2
116025,3
116026,3
116027,3
116028,0
116029,2
116030,2
116031,0
116032,1
116033,3
116034,0
116035,3
116036,2
116037,1
116038,2
116039,3
116040,2
116041,3
116042,2
116043,0
116044,4
116045,2
116046,0
116047,3
116048,4
116049,2
116050,0
116051,2
116052,2
116053,2
116054,3
116055,3
116056,3
116057,2
116058,2
116059,2
116060,0
116061,2
116062,2
116063,0
116064,3
116065,2
116066,2
116067,0
116068,0
116069,3
116070,3
116071,2
116072,4
116073,2
116074,3
116075,3
116076,3
116077,2
116078,3
116079,2
116080,2
116081,0
116082,0
116083,0
116084,3
116085,2
116086,2
116087,0
116088,3
116089,3
116090,3
116091,3
116092,3
116093,0
116094,3
116095,4
116096,0
116097,3
116098,1
116099,3
116100,3
116101,0
116102,2
116103,2
116104,2
116105,2
116106,3
116107,2
116108,0
116109,1
116110,3
116111,4
116112,2
116113,0
116114,2
116115,2
116116,0
116117,3
116118,2
116119,0
116120,2
116121,2
116122,0
116123,2
116124,0
116125,2
116126,0
116127,2
116128,2
116129,2
116130,2
116131,2
116132,2
116133,2
116134,2
116135,2
116136,2
116137,0
116138,0
116139,2
116140,2
116141,2
116142,2
116143,3
116144,0
116145,2
116146,0
116147,2
116148,0
116149,2
116150,0
116151,2
116152,2
116153,0
116154,2
116155,2
116156,2
116157,4
116158,2
116159,4
116160,2
116161,2
116162,0
116163,0
116164,2
116165,2
116166,2
116167,2
116168,0
116169,2
116170,3
116171,2
116172,0
116173,0
116174,0
116175,0
116176,2
116177,2
116178,2
116179,0
116180,2
116181,0
116182,2
116183,0
116184,2
116185,0
116186,1
116187,2
116188,0
116189,1
116190,0
116191,0
116192,3
116193,3
116194,2
116195,2
116196,2
116197,3
116198,2
116199,2
116200,2
116201,2
116202,2
116203,2
116204,0
116205,2
116206,3
116207,0
116208,2
116209,2
116210,2
116211,0
116212,2
116213,3
116214,2
116215,0
116216,0
116217,2
116218,0
116219,2
116220,0
116221,0
116222,0
116223,3
116224,3
116225,0
116226,2
116227,2
116228,0
116229,0
116230,2
116231,2
116232,2
116233,3
116234,0
116235,0
116236,2
116237,2
116238,0
116239,2
116240,0
116241,1
116242,2
116243,0
116244,2
116245,0
116246,3
116247,2
116248,0
116249,2
116250,1
116251,0
116252,4
116253,2
116254,0
116255,2
116256,0
116257,2
116258,0
116259,2
116260,2
116261,2
116262,1
116263,2
116264,1
116265,2
116266,0
116267,2
116268,2
116269,3
116270,2
116271,0
116272,2
116273,2
116274,2
116275,2
116276,2
116277,0
116278,2
116279,0
116280,2
116281,2
116282,2
116283,2
116284,2
116285,2
116286,2
116287,0
116288,2
116289,3
116290,2
116291,3
116292,0
116293,3
116294,2
116295,2
116296,2
116297,1
116298,2
116299,2
116300,2
116301,3
116302,0
116303,0
116304,2
116305,0
116306,0
116307,2
116308,2
116309,1
116310,2
116311,0
116312,2
116313,2
116314,0
116315,2
116316,2
116317,0
116318,1
116319,2
116320,1
116321,1
116322,2
116323,0
116324,0
116325,0
116326,3
116327,2
116328,2
116329,0
116330,2
116331,2
116332,1
116333,1
116334,3
116335,0
116336,2
116337,2
116338,0
116339,1
116340,2
116341,3
116342,2
116343,3
116344,0
116345,2
116346,3
116347,2
116348,2
116349,2
116350,2
116351,3
116352,2
116353,2
116354,2
116355,2
116356,0
116357,0
116358,2
116359,0
116360,4
116361,0
116362,0
116363,4
116364,0
116365,0
116366,2
116367,2
116368,2
116369,2
116370,2
116371,0
116372,2
116373,2
116374,3
116375,2
116376,2
116377,0
116378,2
116379,0
116380,2
116381,2
116382,2
116383,2
116384,3
116385,2
116386,0
116387,2
116388,2
116389,0
116390,3
116391,0
116392,2
116393,2
116394,2
116395,3
116396,0
116397,0
116398,2
116399,2
116400,2
116401,0
116402,4
116403,1
116404,2
116405,3
116406,1
116407,2
116408,2
116409,3
116410,2
116411,2
116412,0
116413,0
116414,1
116415,2
116416,2
116417,2
116418,2
116419,2
116420,2
116421,2
116422,1
116423,1
116424,3
116425,0
116426,4
116427,1
116428,0
116429,2
116430,3
116431,2
116432,2
116433,2
116434,3
116435,2
116436,0
116437,0
116438,3
116439,2
116440,2
116441,2
116442,0
116443,0
116444,0
116445,0
116446,2
116447,2
116448,3
116449,1
116450,4
116451,0
116452,2
116453,2
116454,2
116455,2
116456,0
116457,2
116458,3
116459,2
116460,0
116461,0
116462,2
116463,4
116464,0
116465,0
116466,3
116467,2
116468,3
116469,3
116470,0
116471,2
116472,3
116473,3
116474,2
116475,2
116476,4
116477,2
116478,2
116479,2
116480,2
116481,2
116482,0
116483,0
116484,0
116485,2
116486,2
116487,2
116488,2
116489,1
116490,4
116491,0
116492,0
116493,2
116494,0
116495,1
116496,0
116497,2
116498,2
116499,2
116500,2
116501,2
116502,0
116503,4
116504,2
116505,2
116506,2
116507,0
116508,0
116509,2
116510,2
116511,3
116512,0
116513,0
116514,3
116515,0
116516,2
116517,2
116518,0
116519,0
116520,2
116521,3
116522,2
116523,2
116524,2
116525,3
116526,2
116527,2
116528,0
116529,2
116530,2
116531,3
116532,2
116533,0
116534,3
116535,3
116536,3
116537,0
116538,0
116539,0
116540,0
116541,2
116542,1
116543,3
116544,2
116545,3
116546,2
116547,3
116548,0
116549,2
116550,2
116551,2
116552,0
116553,0
116554,2
116555,2
116556,3
116557,2
116558,2
116559,2
116560,2
116561,2
116562,0
116563,2
116564,2
116565,2
116566,0
116567,3
116568,2
116569,0
116570,2
116571,0
116572,3
116573,2
116574,2
116575,2
116576,0
116577,2
116578,2
116579,0
116580,3
116581,2
116582,0
116583,1
116584,2
116585,0
116586,2
116587,2
116588,2
116589,2
116590,4
116591,3
116592,2
116593,2
116594,3
116595,4
116596,4
116597,4
116598,3
116599,2
116600,3
116601,0
116602,2
116603,2
116604,2
116605,2
116606,2
116607,3
116608,3
116609,2
116610,0
116611,0
116612,2
116613,0
116614,0
116615,0
116616,0
116617,0
116618,0
116619,0
116620,2
116621,2
116622,0
116623,2
116624,2
116625,4
116626,2
116627,2
116628,2
116629,2
116630,0
116631,2
116632,0
116633,0
116634,0
116635,0
116636,0
116637,0
116638,0
116639,0
116640,0
116641,0
116642,0
116643,0
116644,0
116645,2
116646,2
116647,2
116648,0
116649,0
116650,0
116651,0
116652,0
116653,0
116654,2
116655,2
116656,2
116657,2
116658,2
116659,2
116660,1
116661,1
116662,1
116663,1
116664,1
116665,1
116666,1
116667,1
116668,3
116669,1
116670,1
116671,3
116672,3
116673,1
116674,3
116675,3
116676,1
116677,1
116678,1
116679,1
116680,3
116681,2
116682,2
116683,1
116684,1
116685,4
116686,2
116687,3
116688,1
116689,3
116690,1
116691,1
116692,1
116693,3
116694,3
116695,3
116696,1
116697,3
116698,3
116699,3
116700,2
116701,2
116702,2
116703,3
116704,1
116705,3
116706,4
116707,1
116708,1
116709,3
116710,3
116711,1
116712,3
116713,1
116714,1
116715,1
116716,1
116717,1
116718,1
116719,3
116720,1
116721,1
116722,3
116723,3
116724,2
116725,3
116726,1
116727,1
116728,1
116729,1
116730,1
116731,1
116732,1
116733,1
116734,1
116735,1
116736,3
116737,1
116738,1
116739,1
116740,1
116741,1
116742,1
116743,1
116744,1
116745,1
116746,1
116747,1
116748,1
116749,4
116750,1
116751,3
116752,1
116753,1
116754,1
116755,3
116756,3
116757,3
116758,3
116759,1
116760,1
116761,1
116762,3
116763,1
116764,3
116765,3
116766,3
116767,3
116768,2
116769,1
116770,1
116771,1
116772,1
116773,1
116774,3
116775,2
116776,1
116777,2
116778,3
116779,1
116780,1
116781,1
116782,1
116783,1
116784,1
116785,3
116786,1
116787,1
116788,1
116789,1
116790,1
116791,1
116792,1
116793,1
116794,1
116795,1
116796,1
116797,1
116798,1
116799,1
116800,3
116801,1
116802,3
116803,1
116804,3
116805,3
116806,3
116807,1
116808,1
116809,1
116810,1
116811,3
116812,3
116813,1
116814,1
116815,1
116816,1
116817,1
116818,3
116819,3
116820,1
116821,3
116822,3
116823,3
116824,3
116825,3
116826,3
116827,3
116828,3
116829,3
116830,3
116831,3
116832,3
116833,3
116834,3
116835,3
116836,3
116837,1
116838,2
116839,1
116840,1
116841,3
116842,3
116843,2
116844,1
116845,0
116846,2
116847,2
116848,2
116849,3
116850,4
116851,3
116852,3
116853,3
116854,3
116855,3
116856,2
116857,2
116858,3
116859,3
116860,2
116861,3
116862,1
116863,3
116864,2
116865,2
116866,1
116867,1
116868,3
116869,3
116870,3
116871,3
116872,1
116873,3
116874,3
116875,3
116876,0
116877,3
116878,3
116879,2
116880,2
116881,3
116882,2
116883,3
116884,2
116885,3
116886,3
116887,2
116888,2
116889,2
116890,3
116891,2
116892,4
116893,2
116894,2
116895,3
116896,3
116897,2
116898,3
116899,3
116900,0
116901,0
116902,2
116903,0
116904,3
116905,2
116906,3
116907,3
116908,2
116909,3
116910,3
116911,3
116912,3
116913,3
116914,3
116915,3
116916,3
116917,3
116918,3
116919,3
116920,3
116921,3
116922,3
116923,3
116924,3
116925,3
116926,2
116927,3
116928,3
116929,3
116930,3
116931,3
116932,2
116933,2
116934,2
116935,3
116936,3
116937,3
116938,2
116939,1
116940,1
116941,3
116942,2
116943,2
116944,4
116945,1
116946,3
116947,3
116948,4
116949,3
116950,2
116951,3
116952,3
116953,0
116954,3
116955,2
116956,3
116957,0
116958,3
116959,3
116960,3
116961,3
116962,3
116963,2
116964,3
116965,1
116966,3
116967,3
116968,3
116969,3
116970,3
116971,3
116972,3
116973,3
116974,3
116975,2
116976,2
116977,3
116978,3
116979,3
116980,2
116981,2
116982,2
116983,3
116984,2
116985,3
116986,2
116987,2
116988,2
116989,3
116990,3
116991,3
116992,4
116993,3
116994,3
116995,3
116996,2
116997,4
116998,1
116999,1
117000,3
117001,3
117002,3
117003,1
117004,2
117005,3
117006,3
117007,3
117008,3
117009,3
117010,2
117011,2
117012,3
117013,3
117014,3
117015,3
117016,3
117017,3
117018,1
117019,3
117020,3
117021,2
117022,3
117023,2
117024,3
117025,2
117026,3
117027,3
117028,3
117029,1
117030,1
117031,1
117032,3
117033,3
117034,3
117035,1
117036,2
117037,3
117038,1
117039,1
117040,1
117041,1
117042,1
117043,2
117044,1
117045,1
117046,1
117047,1
117048,1
117049,1
117050,2
117051,2
117052,1
117053,2
117054,0
117055,0
117056,0
117057,0
117058,0
117059,0
117060,0
117061,0
117062,1
117063,1
117064,0
117065,2
117066,2
117067,1
117068,1
117069,0
117070,1
117071,1
117072,1
117073,1
117074,2
117075,2
117076,1
117077,1
117078,0
117079,2
117080,0
117081,2
117082,3
117083,0
117084,0
117085,1
117086,1
117087,1
117088,2
117089,2
117090,2
117091,1
117092,1
117093,2
117094,2
117095,1
117096,1
117097,2
117098,1
117099,2
117100,1
117101,2
117102,1
117103,1
117104,1
117105,0
117106,0
117107,1
117108,2
117109,2
117110,1
117111,0
117112,1
117113,1
117114,2
117115,1
117116,2
117117,1
117118,3
117119,1
117120,1
117121,1
117122,3
117123,1
117124,0
117125,2
117126,1
117127,2
117128,1
117129,1
117130,1
117131,1
117132,1
117133,3
117134,1
117135,1
117136,1
117137,1
117138,1
117139,1
117140,1
117141,1
117142,1
117143,1
117144,2
117145,3
117146,2
117147,1
117148,2
117149,1
117150,1
117151,1
117152,1
117153,1
117154,1
117155,1
117156,1
117157,1
117158,1
117159,1
117160,1
117161,1
117162,1
117163,1
117164,2
117165,3
117166,3
117167,1
117168,1
117169,2
117170,1
117171,1
117172,1
117173,3
117174,3
117175,1
117176,3
117177,2
117178,1
117179,1
117180,1
117181,1
117182,1
117183,1
117184,1
117185,1
117186,1
117187,1
117188,1
117189,2
117190,1
117191,1
117192,0
117193,2
117194,0
117195,0
117196,0
117197,0
117198,0
117199,0
117200,0
117201,0
117202,0
117203,0
117204,0
117205,1
117206,0
117207,1
117208,0
117209,0
117210,0
117211,0
117212,2
117213,0
117214,0
117215,0
117216,0
117217,0
117218,0
117219,0
117220,0
117221,0
117222,1
117223,0
117224,3
117225,0
117226,0
117227,0
117228,0
117229,1
117230,1
117231,1
117232,1
117233,1
117234,1
117235,1
117236,1
117237,1
117238,0
117239,0
117240,1
117241,0
117242,0
117243,3
117244,0
117245,1
117246,1
117247,1
117248,0
117249,1
117250,1
117251,2
117252,0
117253,0
117254,0
117255,1
117256,0
117257,3
117258,0
117259,0
117260,0
117261,2
117262,0
117263,3
117264,0
117265,0
117266,1
117267,2
117268,1
117269,2
117270,2
117271,2
117272,1
117273,1
117274,1
117275,1
117276,1
117277,1
117278,1
117279,2
117280,1
117281,0
117282,1
117283,1
117284,1
117285,2
117286,2
117287,1
117288,1
117289,1
117290,2
117291,1
117292,0
117293,0
117294,0
117295,0
117296,0
117297,0
117298,0
117299,0
117300,0
117301,0
117302,0
117303,0
117304,0
117305,0
117306,0
117307,0
117308,0
117309,2
117310,2
117311,2
117312,2
117313,0
117314,2
117315,2
117316,2
117317,1
117318,1
117319,2
117320,2
117321,2
117322,1
117323,2
117324,2
117325,2
117326,2
117327,0
117328,3
117329,1
117330,2
117331,2
117332,1
117333,1
117334,1
117335,1
117336,1
117337,2
117338,3
117339,1
117340,2
117341,1
117342,2
117343,2
117344,0
117345,0
117346,0
117347,2
117348,0
117349,2
117350,2
117351,2
117352,2
117353,1
117354,3
117355,2
117356,1
117357,1
117358,1
117359,1
117360,1
117361,1
117362,1
117363,1
117364,1
117365,2
117366,2
117367,1
117368,1
117369,1
117370,1
117371,1
117372,1
117373,3
117374,1
117375,1
117376,1
117377,1
117378,3
117379,2
117380,1
117381,1
117382,1
117383,0
117384,1
117385,1
117386,2
117387,1
117388,2
117389,2
117390,0
117391,0
117392,0
117393,2
117394,0
117395,0
117396,0
117397,3
117398,0
117399,0
117400,0
117401,0
117402,0
117403,0
117404,0
117405,0
117406,0
117407,0
117408,0
117409,0
117410,0
117411,0
117412,0
117413,0
117414,2
117415,1
117416,2
117417,3
117418,1
117419,1
117420,1
117421,3
117422,2
117423,1
117424,1
117425,1
117426,2
117427,2
117428,2
117429,2
117430,1
117431,1
117432,2
117433,3
117434,3
117435,3
117436,3
117437,2
117438,3
117439,2
117440,3
117441,2
117442,1
117443,3
117444,2
117445,2
117446,3
117447,3
117448,2
117449,3
117450,2
117451,3
117452,1
117453,3
117454,1
117455,3
117456,1
117457,3
117458,3
117459,2
117460,2
117461,3
117462,3
117463,3
117464,2
117465,1
117466,3
117467,3
117468,2
117469,2
117470,2
117471,1
117472,1
117473,1
117474,1
117475,1
117476,1
117477,1
117478,1
117479,2
117480,1
117481,1
117482,1
117483,1
117484,1
117485,1
117486,1
117487,1
117488,1
117489,1
117490,3
117491,3
117492,2
117493,3
117494,3
117495,2
117496,3
117497,1
117498,2
117499,2
117500,1
117501,3
117502,2
117503,2
117504,3
117505,1
117506,1
117507,1
117508,1
117509,1
117510,1
117511,1
117512,2
117513,1
117514,3
117515,3
117516,3
117517,3
117518,1
117519,1
117520,3
117521,1
117522,1
117523,2
117524,1
117525,3
117526,0
117527,1
117528,1
117529,2
117530,2
117531,3
117532,2
117533,2
117534,2
117535,1
117536,1
117537,1
117538,2
117539,3
117540,1
117541,3
117542,2
117543,2
117544,2
117545,2
117546,2
117547,2
117548,3
117549,2
117550,3
117551,3
117552,2
117553,3
117554,2
117555,3
117556,2
117557,3
117558,3
117559,3
117560,1
117561,2
117562,2
117563,3
117564,1
117565,2
117566,2
117567,2
117568,1
117569,2
117570,1
117571,1
117572,2
117573,1
117574,2
117575,2
117576,1
117577,1
117578,2
117579,1
117580,2
117581,1
117582,1
117583,2
117584,1
117585,1
117586,1
117587,1
117588,1
117589,1
117590,1
117591,1
117592,1
117593,0
117594,2
117595,1
117596,1
117597,2
117598,3
117599,1
117600,1
117601,2
117602,3
117603,2
117604,3
117605,1
117606,2
117607,2
117608,1
117609,2
117610,3
117611,1
117612,1
117613,1
117614,1
117615,3
117616,1
117617,2
117618,2
117619,2
117620,1
117621,3
117622,1
117623,1
117624,0
117625,3
117626,1
117627,3
117628,3
117629,3
117630,3
117631,2
117632,1
117633,3
117634,3
117635,0
117636,3
117637,3
117638,0
117639,2
117640,1
117641,1
117642,3
117643,1
117644,2
117645,2
117646,2
117647,2
117648,2
117649,2
117650,2
117651,1
117652,3
117653,2
117654,2
117655,2
117656,2
117657,1
117658,2
117659,2
117660,0
117661,0
117662,0
117663,0
117664,0
117665,1
117666,2
117667,1
117668,1
117669,3
117670,3
117671,2
117672,2
117673,3
117674,3
117675,2
117676,3
117677,3
117678,3
117679,1
117680,2
117681,2
117682,1
117683,1
117684,1
117685,2
117686,2
117687,3
117688,1
117689,1
117690,1
117691,3
117692,1
117693,1
117694,1
117695,2
117696,2
117697,1
117698,2
117699,2
117700,2
117701,3
117702,2
117703,2
117704,2
117705,3
117706,2
117707,3
117708,4
117709,2
117710,3
117711,1
117712,2
117713,3
117714,3
117715,3
117716,3
117717,2
117718,3
117719,1
117720,0
117721,2
117722,0
117723,0
117724,3
117725,0
117726,1
117727,0
117728,3
117729,2
117730,2
117731,2
117732,2
117733,2
117734,2
117735,2
117736,2
117737,2
117738,2
117739,2
117740,2
117741,2
117742,4
117743,1
117744,0
117745,0
117746,0
117747,0
117748,0
117749,1
117750,3
117751,1
117752,1
117753,1
117754,1
117755,1
117756,3
117757,2
117758,2
117759,2
117760,2
117761,2
117762,2
117763,2
117764,2
117765,2
117766,1
117767,1
117768,1
117769,1
117770,1
117771,3
117772,1
117773,2
117774,3
117775,3
117776,3
117777,1
117778,1
117779,2
117780,2
117781,2
117782,2
117783,0
117784,0
117785,4
117786,3
117787,2
117788,2
117789,2
117790,1
117791,1
117792,3
117793,3
117794,2
117795,1
117796,2
117797,2
117798,3
117799,4
117800,2
117801,2
117802,3
117803,1
117804,3
117805,1
117806,3
117807,1
117808,1
117809,3
117810,1
117811,1
117812,1
117813,3
117814,1
117815,3
117816,2
117817,2
117818,2
117819,2
117820,2
117821,2
117822,3
117823,2
117824,2
117825,2
117826,2
117827,2
117828,1
117829,2
117830,1
117831,1
117832,1
117833,1
117834,1
117835,1
117836,3
117837,1
117838,1
117839,1
117840,1
117841,1
117842,3
117843,1
117844,1
117845,2
117846,2
117847,2
117848,2
117849,2
117850,1
117851,1
117852,2
117853,2
117854,3
117855,1
117856,2
117857,1
117858,3
117859,3
117860,2
117861,2
117862,1
117863,1
117864,1
117865,2
117866,2
117867,2
117868,1
117869,2
117870,2
117871,1
117872,2
117873,2
117874,1
117875,1
117876,4
117877,1
117878,1
117879,2
117880,2
117881,2
117882,1
117883,2
117884,4
117885,1
117886,4
117887,3
117888,2
117889,2
117890,2
117891,2
117892,2
117893,3
117894,1
117895,2
117896,2
117897,2
117898,3
117899,3
117900,2
117901,2
117902,2
117903,2
117904,3
117905,1
117906,2
117907,2
117908,2
117909,1
117910,1
117911,1
117912,2
117913,3
117914,1
117915,2
117916,2
117917,1
117918,2
117919,3
117920,2
117921,2
117922,1
117923,2
117924,2
117925,1
117926,1
117927,2
117928,2
117929,2
117930,1
117931,2
117932,4
117933,2
117934,1
117935,1
117936,1
117937,1
117938,1
117939,3
117940,1
117941,1
117942,4
117943,2
117944,2
117945,2
117946,2
117947,2
117948,3
117949,1
117950,3
117951,1
117952,1
117953,3
117954,2
117955,1
117956,2
117957,1
117958,1
117959,3
117960,2
117961,1
117962,2
117963,3
117964,1
117965,3
117966,1
117967,1
117968,1
117969,1
117970,3
117971,3
117972,3
117973,1
117974,3
117975,1
117976,2
117977,3
117978,3
117979,2
117980,3
117981,2
117982,3
117983,2
117984,1
117985,2
117986,1
117987,3
117988,1
117989,1
117990,4
117991,2
117992,3
117993,3
117994,1
117995,4
117996,1
117997,3
117998,1
117999,2
118000,3
118001,2
118002,2
118003,2
118004,1
118005,1
118006,1
118007,1
118008,1
118009,3
118010,0
118011,4
118012,1
118013,1
118014,3
118015,1
118016,1
118017,1
118018,1
118019,3
118020,3
118021,1
118022,2
118023,2
118024,2
118025,2
118026,2
118027,1
118028,2
118029,2
118030,2
118031,3
118032,4
118033,2
118034,2
118035,2
118036,2
118037,2
118038,3
118039,2
118040,3
118041,3
118042,2
118043,3
118044,3
118045,2
118046,2
118047,4
118048,2
118049,2
118050,0
118051,3
118052,0
118053,3
118054,0
118055,2
118056,4
118057,2
118058,2
118059,1
118060,4
118061,1
118062,2
118063,1
118064,1
118065,1
118066,2
118067,1
118068,2
118069,3
118070,2
118071,1
118072,1
118073,1
118074,4
118075,1
118076,2
118077,2
118078,2
118079,2
118080,1
118081,2
118082,2
118083,2
118084,1
118085,2
118086,2
118087,2
118088,3
118089,0
118090,0
118091,0
118092,0
118093,0
118094,0
118095,0
118096,2
118097,0
118098,0
118099,0
118100,0
118101,0
118102,0
118103,0
118104,0
118105,0
118106,0
118107,0
118108,0
118109,0
118110,4
118111,0
118112,3
118113,0
118114,0
118115,2
118116,1
118117,1
118118,4
118119,1
118120,4
118121,2
118122,1
118123,1
118124,3
118125,3
118126,3
118127,3
118128,2
118129,2
118130,3
118131,1
118132,0
118133,0
118134,3
118135,1
118136,1
118137,2
118138,2
118139,2
118140,1
118141,1
118142,1
118143,1
118144,3
118145,2
118146,2
118147,2
118148,1
118149,1
118150,1
118151,1
118152,3
118153,2
118154,2
118155,2
118156,2
118157,1
118158,2
118159,2
118160,2
118161,2
118162,3
118163,3
118164,3
118165,3
118166,3
118167,2
118168,2
118169,1
118170,2
118171,3
118172,3
118173,2
118174,2
118175,1
118176,1
118177,2
118178,2
118179,2
118180,2
118181,2
118182,2
118183,2
118184,2
118185,2
118186,2
118187,2
118188,2
118189,2
118190,1
118191,4
118192,1
118193,2
118194,2
118195,3
118196,1
118197,2
118198,2
118199,3
118200,2
118201,3
118202,3
118203,0
118204,0
118205,0
118206,3
118207,0
118208,0
118209,0
118210,3
118211,0
118212,0
118213,3
118214,0
118215,0
118216,0
118217,3
118218,2
118219,0
118220,0
118221,2
118222,0
118223,0
118224,0
118225,0
118226,0
118227,0
118228,1
118229,1
118230,2
118231,3
118232,1
118233,2
118234,2
118235,3
118236,2
118237,2
118238,2
118239,2
118240,3
118241,2
118242,2
118243,0
118244,0
118245,3
118246,0
118247,3
118248,0
118249,2
118250,0
118251,0
118252,2
118253,0
118254,0
118255,0
118256,3
118257,0
118258,0
118259,3
118260,3
118261,0
118262,0
118263,0
118264,0
118265,3
118266,3
118267,3
118268,3
118269,3
118270,1
118271,1
118272,1
118273,1
118274,1
118275,1
118276,1
118277,1
118278,1
118279,1
118280,2
118281,2
118282,1
118283,1
118284,2
118285,2
118286,1
118287,1
118288,1
118289,1
118290,1
118291,1
118292,1
118293,2
118294,2
118295,2
118296,3
118297,1
118298,2
118299,1
118300,2
118301,1
118302,3
118303,4
118304,2
118305,1
118306,2
118307,3
118308,2
118309,2
118310,1
118311,4
118312,1
118313,1
118314,3
118315,1
118316,2
118317,2
118318,2
118319,2
118320,1
118321,1
118322,1
118323,2
118324,2
118325,1
118326,3
118327,3
118328,2
118329,1
118330,2
118331,2
118332,2
118333,2
118334,1
118335,2
118336,1
118337,2
118338,2
118339,4
118340,2
118341,2
118342,2
118343,1
118344,1
118345,2
118346,1
118347,2
118348,3
118349,1
118350,2
118351,2
118352,1
118353,1
118354,3
118355,1
118356,1
118357,4
118358,3
118359,3
118360,1
118361,1
118362,1
118363,1
118364,1
118365,4
118366,3
118367,2
118368,3
118369,4
118370,2
118371,2
118372,2
118373,2
118374,2
118375,2
118376,4
118377,4
118378,2
118379,3
118380,2
118381,2
118382,2
118383,2
118384,2
118385,3
118386,2
118387,2
118388,3
118389,3
118390,4
118391,1
118392,1
118393,2
118394,2
118395,4
118396,1
118397,0
118398,0
118399,0
118400,3
118401,2
118402,3
118403,3
118404,3
118405,2
118406,2
118407,2
118408,2
118409,2
118410,2
118411,2
118412,3
118413,2
118414,2
118415,2
118416,2
118417,2
118418,3
118419,3
118420,2
118421,2
118422,3
118423,2
118424,1
118425,2
118426,1
118427,3
118428,0
118429,0
118430,0
118431,0
118432,0
118433,0
118434,0
118435,0
118436,3
118437,0
118438,0
118439,0
118440,0
118441,0
118442,0
118443,0
118444,0
118445,0
118446,0
118447,2
118448,2
118449,2
118450,2
118451,0
118452,2
118453,2
118454,0
118455,0
118456,2
118457,0
118458,3
118459,3
118460,0
118461,0
118462,2
118463,0
118464,2
118465,0
118466,0
118467,0
118468,0
118469,2
118470,3
118471,1
118472,1
118473,1
118474,1
118475,1
118476,2
118477,1
118478,3
118479,1
118480,3
118481,1
118482,1
118483,1
118484,1
118485,1
118486,1
118487,1
118488,1
118489,1
118490,1
118491,1
118492,3
118493,1
118494,1
118495,1
118496,2
118497,1
118498,1
118499,1
118500,1
118501,1
118502,1
118503,1
118504,1
118505,1
118506,1
118507,1
118508,1
118509,3
118510,1
118511,1
118512,1
118513,1
118514,1
118515,3
118516,2
118517,3
118518,3
118519,3
118520,3
118521,2
118522,2
118523,3
118524,2
118525,3
118526,2
118527,2
118528,3
118529,2
118530,3
118531,2
118532,1
118533,3
118534,3
118535,1
118536,1
118537,1
118538,1
118539,1
118540,1
118541,4
118542,3
118543,1
118544,1
118545,3
118546,1
118547,1
118548,0
118549,0
118550,0
118551,1
118552,0
118553,3
118554,0
118555,3
118556,0
118557,0
118558,0
118559,0
118560,0
118561,0
118562,0
118563,0
118564,0
118565,2
118566,2
118567,2
118568,0
118569,0
118570,0
118571,0
118572,3
118573,0
118574,0
118575,0
118576,0
118577,2
118578,2
118579,2
118580,2
118581,0
118582,0
118583,0
118584,0
118585,0
118586,0
118587,0
118588,0
118589,0
118590,0
118591,0
118592,2
118593,2
118594,0
118595,2
118596,0
118597,0
118598,0
118599,2
118600,0
118601,0
118602,0
118603,0
118604,2
118605,0
118606,0
118607,2
118608,0
118609,2
118610,0
118611,0
118612,1
118613,3
118614,1
118615,0
118616,0
118617,2
118618,2
118619,2
118620,3
118621,2
118622,3
118623,2
118624,2
118625,2
118626,3
118627,2
118628,3
118629,2
118630,2
118631,1
118632,1
118633,3
118634,2
118635,1
118636,0
118637,3
118638,0
118639,0
118640,0
118641,0
118642,1
118643,1
118644,3
118645,3
118646,1
118647,1
118648,2
118649,1
118650,1
118651,1
118652,1
118653,2
118654,1
118655,1
118656,3
118657,3
118658,3
118659,3
118660,3
118661,1
118662,3
118663,1
118664,2
118665,3
118666,3
118667,1
118668,2
118669,3
118670,3
118671,1
118672,2
118673,2
118674,2
118675,1
118676,1
118677,0
118678,0
118679,1
118680,1
118681,1
118682,1
118683,2
118684,1
118685,3
118686,2
118687,2
118688,1
118689,0
118690,1
118691,0
118692,0
118693,0
118694,1
118695,2
118696,2
118697,2
118698,2
118699,2
118700,2
118701,2
118702,2
118703,0
118704,2
118705,3
118706,3
118707,2
118708,3
118709,2
118710,2
118711,2
118712,3
118713,2
118714,2
118715,2
118716,2
118717,3
118718,2
118719,3
118720,3
118721,2
118722,2
118723,2
118724,2
118725,2
118726,2
118727,2
118728,2
118729,2
118730,0
118731,2
118732,3
118733,2
118734,2
118735,3
118736,2
118737,2
118738,2
118739,2
118740,3
118741,3
118742,3
118743,2
118744,2
118745,2
118746,1
118747,2
118748,2
118749,2
118750,2
118751,2
118752,2
118753,2
118754,3
118755,2
118756,3
118757,3
118758,3
118759,2
118760,0
118761,0
118762,0
118763,0
118764,0
118765,0
118766,0
118767,3
118768,3
118769,0
118770,0
118771,2
118772,2
118773,0
118774,0
118775,2
118776,2
118777,3
118778,2
118779,3
118780,3
118781,2
118782,3
118783,3
118784,2
118785,3
118786,3
118787,3
118788,0
118789,3
118790,2
118791,3
118792,3
118793,3
118794,3
118795,2
118796,1
118797,3
118798,2
118799,3
118800,2
118801,3
118802,3
118803,2
118804,2
118805,2
118806,3
118807,3
118808,2
118809,2
118810,2
118811,1
118812,3
118813,2
118814,2
118815,2
118816,2
118817,3
118818,3
118819,2
118820,1
118821,1
118822,3
118823,2
118824,3
118825,3
118826,2
118827,1
118828,1
118829,1
118830,1
118831,3
118832,1
118833,1
118834,3
118835,1
118836,1
118837,1
118838,3
118839,1
118840,3
118841,1
118842,1
118843,2
118844,2
118845,2
118846,3
118847,0
118848,0
118849,2
118850,1
118851,0
118852,0
118853,3
118854,0
118855,0
118856,1
118857,1
118858,3
118859,3
118860,2
118861,3
118862,3
118863,1
118864,3
118865,1
118866,1
118867,2
118868,3
118869,2
118870,3
118871,1
118872,2
118873,2
118874,3
118875,3
118876,3
118877,2
118878,1
118879,1
118880,1
118881,1
118882,2
118883,3
118884,3
118885,1
118886,1
118887,1
118888,3
118889,3
118890,1
118891,3
118892,3
118893,3
118894,3
118895,3
118896,2
118897,3
118898,2
118899,3
118900,1
118901,1
118902,3
118903,1
118904,3
118905,2
118906,1
118907,1
118908,1
118909,2
118910,3
118911,1
118912,3
118913,3
118914,2
118915,3
118916,3
118917,1
118918,1
118919,3
118920,1
118921,3
118922,0
118923,0
118924,1
118925,1
118926,1
118927,2
118928,2
118929,2
118930,1
118931,1
118932,1
118933,2
118934,2
118935,3
118936,1
118937,2
118938,2
118939,2
118940,3
118941,2
118942,1
118943,2
118944,2
118945,3
118946,2
118947,2
118948,2
118949,2
118950,2
118951,3
118952,2
118953,1
118954,2
118955,1
118956,3
118957,3
118958,3
118959,2
118960,2
118961,0
118962,0
118963,0
118964,2
118965,2
118966,2
118967,2
118968,2
118969,0
118970,1
118971,1
118972,0
118973,0
118974,1
118975,3
118976,2
118977,1
118978,0
118979,0
118980,0
118981,3
118982,0
118983,0
118984,0
118985,0
118986,3
118987,2
118988,2
118989,2
118990,3
118991,3
118992,3
118993,2
118994,2
118995,4
118996,3
118997,3
118998,2
118999,2
119000,3
119001,1
119002,1
119003,2
119004,2
119005,1
119006,3
119007,1
119008,0
119009,0
119010,1
119011,3
119012,0
119013,0
119014,3
119015,3
119016,2
119017,1
119018,0
119019,0
119020,0
119021,0
119022,0
119023,0
119024,0
119025,0
119026,0
119027,3
119028,0
119029,0
119030,0
119031,0
119032,0
119033,0
119034,2
119035,3
119036,3
119037,0
119038,0
119039,0
119040,0
119041,0
119042,0
119043,0
119044,0
119045,0
119046,0
119047,0
119048,0
119049,0
119050,0
119051,0
119052,0
119053,0
119054,2
119055,0
119056,0
119057,0
119058,2
119059,1
119060,1
119061,0
119062,0
119063,0
119064,0
119065,0
119066,0
119067,0
119068,0
119069,0
119070,0
119071,0
119072,2
119073,3
119074,3
119075,3
119076,1
119077,3
119078,3
119079,3
119080,3
119081,3
119082,3
119083,3
119084,1
119085,2
119086,0
119087,3
119088,1
119089,2
119090,2
119091,3
119092,1
119093,1
119094,3
119095,1
119096,3
119097,1
119098,3
119099,2
119100,3
119101,1
119102,2
119103,1
119104,1
119105,1
119106,2
119107,1
119108,2
119109,2
119110,2
119111,2
119112,2
119113,2
119114,2
119115,2
119116,1
119117,3
119118,1
119119,3
119120,2
119121,3
119122,1
119123,3
119124,3
119125,1
119126,2
119127,1
119128,2
119129,3
119130,2
119131,1
119132,0
119133,0
119134,2
119135,3
119136,0
119137,0
119138,0
119139,3
119140,0
119141,2
119142,2
119143,0
119144,2
119145,3
119146,2
119147,3
119148,2
119149,0
119150,2
119151,3
119152,2
119153,2
119154,0
119155,0
119156,2
119157,2
119158,0
119159,2
119160,0
119161,3
119162,1
119163,3
119164,3
119165,2
119166,3
119167,1
119168,1
119169,2
119170,0
119171,0
119172,1
119173,0
119174,2
119175,2
119176,1
119177,1
119178,2
119179,2
119180,2
119181,2
119182,1
119183,1
119184,1
119185,1
119186,2
119187,1
119188,1
119189,2
119190,1
119191,1
119192,0
119193,1
119194,1
119195,2
119196,3
119197,2
119198,3
119199,1
119200,3
119201,3
119202,3
119203,1
119204,1
119205,3
119206,1
119207,1
119208,3
119209,3
119210,3
119211,3
119212,3
119213,2
119214,2
119215,3
119216,2
119217,2
119218,2
119219,2
119220,3
119221,2
119222,2
119223,2
119224,2
119225,2
119226,0
119227,2
119228,3
119229,2
119230,0
119231,2
119232,2
119233,2
119234,3
119235,3
119236,3
119237,3
119238,2
119239,1
119240,3
119241,3
119242,1
119243,3
119244,1
119245,2
119246,2
119247,1
119248,3
119249,2
119250,3
119251,0
119252,1
119253,3
119254,1
119255,1
119256,2
119257,1
119258,0
119259,1
119260,1
119261,2
119262,1
119263,1
119264,3
119265,1
119266,2
119267,2
119268,3
119269,2
119270,3
119271,3
119272,1
119273,3
119274,1
119275,3
119276,3
119277,1
119278,2
119279,3
119280,3
119281,2
119282,0
119283,3
119284,1
119285,2
119286,3
119287,2
119288,2
119289,2
119290,2
119291,2
119292,2
119293,2
119294,2
119295,2
119296,3
119297,3
119298,2
119299,1
119300,0
119301,3
119302,1
119303,0
119304,0
119305,0
119306,0
119307,0
119308,0
119309,1
119310,3
119311,1
119312,2
119313,2
119314,2
119315,2
119316,3
119317,1
119318,2
119319,2
119320,2
119321,2
119322,3
119323,3
119324,2
119325,0
119326,3
119327,3
119328,3
119329,2
119330,3
119331,3
119332,2
119333,3
119334,2
119335,3
119336,3
119337,3
119338,2
119339,2
119340,3
119341,2
119342,2
119343,2
119344,3
119345,2
119346,3
119347,2
119348,3
119349,2
119350,3
119351,2
119352,2
119353,3
119354,3
119355,3
119356,3
119357,2
119358,2
119359,2
119360,2
119361,2
119362,0
119363,3
119364,2
119365,2
119366,2
119367,3
119368,2
119369,0
119370,1
119371,1
119372,2
119373,1
119374,3
119375,3
119376,2
119377,2
119378,2
119379,3
119380,2
119381,3
119382,2
119383,2
119384,2
119385,2
119386,2
119387,1
119388,0
119389,2
119390,2
119391,2
119392,3
119393,2
119394,3
119395,2
119396,2
119397,2
119398,3
119399,2
119400,3
119401,3
119402,2
119403,3
119404,2
119405,3
119406,2
119407,2
119408,2
119409,2
119410,2
119411,2
119412,2
119413,3
119414,3
119415,3
119416,3
119417,0
119418,1
119419,1
119420,1
119421,3
119422,1
119423,3
119424,1
119425,1
119426,1
119427,0
119428,3
119429,3
119430,1
119431,1
119432,2
119433,2
119434,2
119435,3
119436,3
119437,1
119438,0
119439,1
119440,1
119441,3
119442,1
119443,1
119444,1
119445,1
119446,1
119447,4
119448,1
119449,1
119450,4
119451,1
119452,3
119453,3
119454,1
119455,3
119456,3
119457,1
119458,2
119459,1
119460,1
119461,1
119462,4
119463,4
119464,0
119465,4
119466,1
119467,1
119468,1
119469,1
119470,1
119471,1
119472,1
119473,1
119474,1
119475,1
119476,1
119477,3
119478,3
119479,4
119480,1
119481,3
119482,3
119483,3
119484,4
119485,1
119486,3
119487,2
119488,1
119489,1
119490,3
119491,1
119492,1
119493,1
119494,3
119495,3
119496,1
119497,1
119498,2
119499,2
119500,2
119501,2
119502,2
119503,3
119504,1
119505,2
119506,2
119507,3
119508,4
119509,1
119510,1
119511,4
119512,4
119513,1
119514,0
119515,4
119516,4
119517,4
119518,4
119519,1
119520,1
119521,1
119522,1
119523,1
119524,1
119525,1
119526,2
119527,0
119528,3
119529,1
119530,1
119531,1
119532,3
119533,4
119534,1
119535,3
119536,3
119537,1
119538,4
119539,1
119540,4
119541,1
119542,3
119543,4
119544,4
119545,1
119546,1
119547,1
119548,4
119549,4
119550,4
119551,1
119552,1
119553,1
119554,1
119555,1
119556,1
119557,1
119558,1
119559,1
119560,4
119561,1
119562,1
119563,4
119564,1
119565,4
119566,1
119567,4
119568,3
119569,3
119570,3
119571,1
119572,1
119573,1
119574,1
119575,4
119576,3
119577,2
119578,4
119579,1
119580,1
119581,1
119582,1
119583,4
119584,4
119585,1
119586,1
119587,3
119588,3
119589,4
119590,1
119591,0
119592,0
119593,1
119594,1
119595,1
119596,1
119597,4
119598,1
119599,4
119600,1
119601,1
119602,4
119603,2
119604,1
119605,1
119606,1
119607,1
119608,4
119609,1
119610,4
119611,4
119612,1
119613,4
119614,1
119615,4
119616,4
119617,4
119618,4
119619,1
119620,4
119621,1
119622,1
119623,1
119624,1
119625,1
119626,4
119627,4
119628,1
119629,2
119630,1
119631,1
119632,1
119633,1
119634,4
119635,1
119636,4
119637,1
119638,1
119639,1
119640,1
119641,4
119642,4
119643,0
119644,1
119645,0
119646,2
119647,0
119648,0
119649,0
119650,2
119651,0
119652,3
119653,3
119654,2
119655,1
119656,1
119657,1
119658,1
119659,1
119660,1
119661,4
119662,1
119663,1
119664,1
119665,1
119666,1
119667,1
119668,4
119669,4
119670,4
119671,4
119672,4
119673,4
119674,4
119675,1
119676,1
119677,4
119678,4
119679,1
119680,1
119681,4
119682,4
119683,4
119684,4
119685,4
119686,4
119687,4
119688,3
119689,3
119690,3
119691,1
119692,1
119693,1
119694,3
119695,1
119696,1
119697,4
119698,0
119699,0
119700,0
119701,0
119702,0
119703,3
119704,1
119705,1
119706,4
119707,4
119708,4
119709,1
119710,0
119711,4
119712,4
119713,2
119714,1
119715,4
119716,1
119717,4
119718,0
119719,0
119720,0
119721,0
119722,0
119723,0
119724,0
119725,3
119726,0
119727,3
119728,0
119729,0
119730,0
119731,0
119732,0
119733,0
119734,0
119735,0
119736,0
119737,0
119738,0
119739,0
119740,0
119741,0
119742,0
119743,4
119744,0
119745,1
119746,0
119747,4
119748,0
119749,0
119750,0
119751,0
119752,0
119753,0
119754,0
119755,0
119756,0
119757,0
119758,0
119759,0
119760,0
119761,0
119762,0
119763,0
119764,0
119765,1
119766,1
119767,0
119768,1
119769,1
119770,0
119771,1
119772,1
119773,1
119774,1
119775,1
119776,1
119777,1
119778,1
119779,4
119780,1
119781,1
119782,4
119783,4
119784,1
119785,1
119786,0
119787,0
119788,1
119789,1
119790,1
119791,2
119792,4
119793,4
119794,4
119795,1
119796,1
119797,4
119798,4
119799,4
119800,1
119801,3
119802,1
119803,4
119804,1
119805,4
119806,4
119807,2
119808,1
119809,4
119810,4
119811,1
119812,4
119813,4
119814,4
119815,1
119816,4
119817,4
119818,4
119819,4
119820,4
119821,1
119822,4
119823,1
119824,4
119825,4
119826,4
119827,1
119828,1
119829,1
119830,1
119831,4
119832,1
119833,4
119834,4
119835,4
119836,4
119837,4
119838,4
119839,4
119840,4
119841,3
119842,1
119843,4
119844,4
119845,4
119846,4
119847,1
119848,1
119849,1
119850,2
119851,1
119852,3
119853,3
119854,3
119855,3
119856,1
119857,2
119858,4
119859,4
119860,3
119861,3
119862,3
119863,1
119864,3
119865,1
119866,4
119867,4
119868,4
119869,1
119870,0
119871,1
119872,4
119873,1
119874,4
119875,1
119876,1
119877,1
119878,4
119879,4
119880,4
119881,1
119882,1
119883,4
119884,1
119885,4
119886,4
119887,2
119888,2
119889,1
119890,3
119891,1
119892,1
119893,1
119894,1
119895,1
119896,3
119897,3
119898,3
119899,1
119900,3
119901,4
119902,3
119903,3
119904,1
119905,1
119906,1
119907,4
119908,1
119909,3
119910,0
119911,4
119912,1
119913,1
119914,1
119915,1
119916,1
119917,1
119918,1
119919,1
119920,1
119921,1
119922,1
119923,4
119924,1
119925,1
119926,1
119927,4
119928,4
119929,4
119930,4
119931,4
119932,4
119933,4
119934,4
119935,4
119936,1
119937,4
119938,1
119939,4
119940,2
119941,4
119942,1
119943,1
119944,2
119945,3
119946,4
119947,1
119948,1
119949,4
119950,4
119951,4
119952,0
119953,4
119954,4
119955,4
119956,1
119957,1
119958,3
119959,3
119960,3
119961,3
119962,4
119963,4
119964,4
119965,4
119966,4
119967,4
119968,4
119969,0
119970,0
119971,0
119972,0
119973,1
119974,0
119975,4
119976,4
119977,0
119978,4
119979,4
119980,2
119981,0
119982,4
119983,4
119984,0
119985,1
119986,1
119987,0
119988,0
119989,0
119990,3
119991,3
119992,3
119993,3
119994,1
119995,1
119996,3
119997,1
119998,1
119999,1
120000,1
120001,4
120002,3
120003,1
120004,4
120005,2
120006,4
120007,1
120008,1
120009,1
120010,1
120011,1
120012,1
120013,1
120014,1
120015,1
120016,1
120017,3
120018,2
120019,1
120020,1
120021,3
120022,1
120023,1
120024,4
120025,1
120026,4
120027,1
120028,4
120029,1
120030,4
120031,1
120032,1
120033,1
120034,1
120035,3
120036,3
120037,0
120038,0
120039,1
120040,1
120041,3
120042,1
120043,0
120044,1
120045,1
120046,1
120047,2
120048,1
120049,1
120050,4
120051,2
120052,4
120053,4
120054,2
120055,1
120056,0
120057,4
120058,1
120059,1
120060,1
120061,1
120062,1
120063,1
120064,4
120065,1
120066,4
120067,4
120068,1
120069,4
120070,4
120071,1
120072,4
120073,4
120074,4
120075,4
120076,2
120077,1
120078,1
120079,1
120080,4
120081,4
120082,4
120083,4
120084,4
120085,4
120086,4
120087,4
120088,4
120089,1
120090,1
120091,4
120092,1
120093,1
120094,2
120095,1
120096,4
120097,4
120098,3
120099,4
120100,1
120101,0
120102,0
120103,0
120104,0
120105,0
120106,0
120107,0
120108,0
120109,0
120110,0
120111,0
120112,0
120113,0
120114,0
120115,0
120116,0
120117,0
120118,0
120119,0
120120,3
120121,0
120122,3
120123,0
120124,0
120125,0
120126,0
120127,0
120128,0
120129,0
120130,0
120131,0
120132,0
120133,0
120134,0
120135,0
120136,0
120137,0
120138,3
120139,0
120140,0
120141,3
120142,0
120143,0
120144,0
120145,0
120146,0
120147,0
120148,0
120149,0
120150,0
120151,0
120152,0
120153,0
120154,0
120155,0
120156,0
120157,0
120158,0
120159,0
120160,0
120161,0
120162,0
120163,0
120164,0
120165,0
120166,0
120167,0
120168,0
120169,0
120170,0
120171,0
120172,0
120173,0
120174,0
120175,0
120176,0
120177,0
120178,0
120179,0
120180,0
120181,0
120182,0
120183,0
120184,0
120185,0
120186,0
120187,0
120188,0
120189,0
120190,0
120191,0
120192,0
120193,0
120194,3
120195,0
120196,0
120197,0
120198,0
120199,0
120200,0
120201,0
120202,0
120203,0
120204,2
120205,0
120206,0
120207,0
120208,0
120209,0
120210,0
120211,0
120212,3
120213,0
120214,0
120215,0
120216,0
120217,2
120218,2
120219,0
120220,0
120221,0
120222,0
120223,0
120224,3
120225,0
120226,2
120227,0
120228,0
120229,0
120230,0
120231,0
120232,0
120233,0
120234,0
120235,0
120236,0
120237,0
120238,0
120239,0
120240,0
120241,0
120242,0
120243,0
120244,0
120245,0
120246,0
120247,0
120248,0
120249,0
120250,0
120251,0
120252,0
120253,0
120254,4
120255,0
120256,0
120257,3
120258,0
120259,0
120260,3
120261,0
120262,0
120263,0
120264,0
120265,3
120266,0
120267,0
120268,0
120269,0
120270,0
120271,0
120272,0
120273,3
120274,0
120275,0
120276,0
120277,0
120278,0
120279,0
120280,0
120281,0
120282,0
120283,4
120284,0
120285,0
120286,0
120287,0
120288,0
120289,0
120290,0
120291,0
120292,0
120293,3
120294,0
120295,0
120296,0
120297,0
120298,0
120299,0
120300,0
120301,3
120302,0
120303,0
120304,3
120305,0
120306,0
120307,0
120308,0
120309,0
120310,0
120311,0
120312,0
120313,3
120314,0
120315,2
120316,0
120317,0
120318,0
120319,0
120320,0
120321,0
120322,0
120323,0
120324,0
120325,0
120326,0
120327,3
120328,0
120329,3
120330,0
120331,0
120332,0
120333,0
120334,0
120335,0
120336,0
120337,0
120338,0
120339,0
120340,2
120341,0
120342,0
120343,0
120344,0
120345,0
120346,0
120347,3
120348,0
120349,0
120350,0
120351,0
120352,0
120353,0
120354,0
120355,0
120356,4
120357,0
120358,0
120359,2
120360,0
120361,0
120362,0
120363,0
120364,0
120365,3
120366,0
120367,0
120368,0
120369,0
120370,0
120371,0
120372,0
120373,0
120374,0
120375,0
120376,0
120377,0
120378,0
120379,0
120380,0
120381,0
120382,0
120383,0
120384,0
120385,0
120386,0
120387,0
120388,0
120389,0
120390,0
120391,0
120392,0
120393,0
120394,0
120395,0
120396,0
120397,0
120398,0
120399,0
120400,0
120401,0
120402,0
120403,0
120404,3
120405,0
120406,0
120407,0
120408,0
120409,0
120410,0
120411,0
120412,0
120413,0
120414,0
120415,0
120416,0
120417,0
120418,2
120419,4
120420,0
120421,0
120422,0
120423,0
120424,0
120425,0
120426,0
120427,0
120428,0
120429,0
120430,1
120431,0
120432,0
120433,0
120434,0
120435,0
120436,0
120437,0
120438,0
120439,0
120440,0
120441,0
120442,0
120443,0
120444,0
120445,0
120446,0
120447,0
120448,1
120449,1
120450,1
120451,1
120452,0
120453,1
120454,0
120455,3
120456,0
120457,0
120458,0
120459,0
120460,0
120461,2
120462,0
120463,0
120464,3
120465,0
120466,0
120467,0
120468,0
120469,0
120470,0
120471,0
120472,0
120473,0
120474,0
120475,0
120476,2
120477,0
120478,0
120479,0
120480,0
120481,0
120482,0
120483,2
120484,2
120485,0
120486,0
120487,2
120488,0
120489,0
120490,0
120491,3
120492,3
120493,0
120494,0
120495,2
120496,3
120497,0
120498,0
120499,0
120500,3
120501,0
120502,0
120503,0
120504,0
120505,0
120506,0
120507,0
120508,0
120509,0
120510,3
120511,3
120512,0
120513,0
120514,0
120515,0
120516,0
120517,0
120518,0
120519,0
120520,1
120521,1
120522,1
120523,1
120524,1
120525,1
